,p1GameName,p1Tagline,p2GameName,p2Tagline,winrate
0,dowlucks,kr2,알파카엉덩이는탐스러워,2025,63.63636363636363
1,문힐시티,KR1,KataTopia,도봉KR1,84.61538461538461
2,리그오브양학게임,KR1,그냥 알아서 해라,차단하고함,75.0
3,불타는레몬,7942,똥쟁이 채민기,KR1,66.66666666666666
4,오리너구리 페리,2234,앰 넷,kr4,69.23076923076923
5,제우스,okok,빵굽는 유미,파티시에,50.0
6,GuarDian Tree,KR1,카타의단검,KR1,53.84615384615385
7,여정모,KR1,수능 수학 선생님,공부합시다,84.61538461538461
8,여정모,KR1,울산큐티남허재,KR1,58.333333333333336
9,이천수,Good,H I,KR17,66.66666666666666
10,SCNTST,RUST,Fungиs,13JM,76.0
11,붕어빵꼬리조아해,KR1,야밤의 상탈 러닝 현정환,친추주세요,56.00000000000001
12,이진랑,KR3,Vanilla,KR24,59.25925925925925
13,이온음료,SHD,치치야짖지마,KR2,50.0
14,hale bopp comet,KR1,정글에서살아남기,kr97,50.0
15,달려볼까,KR1,모 망,KR1,62.5
16,라비네,KR1,네이비,Maybe,54.54545454545454
17,눈이잘보임,KR1,MOST CARRY VAYNE,KR1,61.53846153846154
18,놀로노아 김동현,KR1,뭐하노 누나야,KR1,81.81818181818183
19,재란방구,KR1,원시인,7985,61.53846153846154
20,薄 紫,2222,신 정,신 정,66.66666666666666
21,薄 紫,2222,메가 정우,KR2,36.36363636363637
22,LPL AD,3333,단 검,6988,70.0
23,HwanHeeKR,KR1,말 랑,1837,56.666666666666664
24,RED CLOUD,KR1,뮤트 올,광 호,75.0
25,하 루,수 정,여르미,KR1,67.85714285714286
26,포르잔 air teeth,KR1,Rainbow,kr0,64.28571428571429
27,형보수지 찢재명,도련님,오리빵디,KR1,62.5
28,rudco,KR99,아인즈,KR1,27.27272727272727
29,경노까,KR2,몰탄고양임신구속훼재,KR333,56.666666666666664
30,박재윤,박재윤,Xiao pang,CN1,81.81818181818183
31,김유준,T1 06,Hurt,1210,62.06896551724138
32,점화 따가워요,아뜨뜨,네모메몸,EMONG,70.0
33,티아민질산염,KR1,해운대따따PC방,KRΙ,65.21739130434783
34,피해주기,쉽다쉬워,탑갱점,KR1,68.0
35,Sims,KR1,준형의 냥냥이,0419,78.94736842105263
36,명 근손실 ,KR1,렝 가,KR123,73.68421052631578
37,스크류바 먹방남,0821,섹시한곰팡이,KR1,66.66666666666666
38,꼬 마,0523,야채리,0000,61.904761904761905
39,히링야,Poro,뇌비우고겜하는중,KR1,61.904761904761905
40,라 톰,KR1,Taeven king,KR123,38.46153846153847
41,웃고있는 가면,KR1,비가 그치면 ,KR1,41.66666666666667
42,원채령,KR1,미친괴물원숭이,2토끼,68.75
43,맥그리거VS할머니500명,할머니압승,언제나 그랬듯 서있을 거야,좋아해,70.0
44,내가 김동현이다,KR1,곡물빵,맛있어요,53.84615384615385
45,미리죄송요,3912,묵직한 한방,4427,78.94736842105263
46,이승준,1228,WXYXYW,KR1,75.0
47,WXYXYW,KR1,이승준,1228,77.77777777777779
48,WXYXYW,KR1,승 준,2556,66.66666666666666
49,좀 접어라,KR1,내잘못은아닌듯,아무튼아님,66.66666666666666
50,청심정,1111,여 불,KR1,66.66666666666666
51,렝가 원픽,KR1,갱플랭크,청소년,47.61904761904761
52,상식적으로,토도미,토도미,상식이,59.09090909090909
53,모두를줘팰시간,KR1,뒷 돌 갱,KR1,66.66666666666666
54,차하야,구르트,Cola는 Coca콜라,KR1,73.33333333333333
55,의문의혜웨이,cex,kitagawa,ε з,75.0
56,처음만들어본부캐,KR1,애니똥챔인건나도알지만어쩔수없어,KR2,66.66666666666666
57,ADC Taeven,KR11,DE4N,KR1,53.333333333333336
58,ADC Taeven,KR11,안오면나도안함,KR18,81.81818181818183
59,피스타치오버블차,KR1,PaIm,KR1,60.86956521739131
60,εS2з,486,8 8,8 8 8,65.21739130434783
61,우에하라아이,JA1,고창모,KR1,68.75
62,나 비,바 보,lulu,234,56.52173913043478
63,동규형2,KR1,김범륜,0000,63.1578947368421
64,여름아넌너무추웡,KR1,도리도리대마왕,8461,70.0
65,반죽맨,KR1,섹시조커,KR1,62.5
66,소담보담,KR1,새 벽,GOD,63.63636363636363
67,가지맛물감,KR1,aksfjhaskjfhaosa,KR1,76.92307692307693
68,Master prisoner,KR1,음바제,KR1,72.72727272727273
69,권태식돌아왔구나,KR2,왕자를지켜라,KR2,72.72727272727273
70,같이가 멈춰,멈춰 같이,멈춰 같이가,KR1,56.666666666666664
71,멈춰 같이가,KR1,같이가 멈춰,멈춰 같이,56.666666666666664
72,흑 당,혐오자,나한테왜그래,KR222,60.0
73,thgink9z,KR1,뇌가수박이됨,KR1,82.35294117647058
74,괴물쥐,1866,쓰레쉬,HY99,75.0
75,Shin,10 10,뽀송뽀송한모포 ,KR1,80.0
76,이길줄모르는사람,0913,할수있어요서폿님,KR1,60.0
77,애교꾼,KR2,나랑랑이,KR3,90.0
78,이름없는호수,KR1,안죽는미드,KR3,70.0
79,탁구왕이강인,손흥민,즐라탄 이브라히모비치,GOAT,40.0
80,Hmmmm,404,늙은이,1121,65.21739130434783
81,feijidawang,pdx,복숭아,과일이,62.5
82,Warwick King,TPE,DouYu丶牛奶辅助,mkmk,54.54545454545454
83,지 니,정 탈,メンヘラ,kr3,66.66666666666666
84,Hearts2Hearts,214,さくや,りょう,66.66666666666666
85,مرحبا,kr11,29 라스트댄스,1997,58.333333333333336
86,Yuumi,0930,뚱 남,140kg,76.47058823529412
87,저희 곧 결혼해요,KR1,건들지마세요,KR5,77.77777777777779
88,심규제,바 텀,욕하기싫어요,KR33,46.15384615384615
89,사미라징크스제리,KR1,Denty,KR1,70.0
90,김대건1,KR1,애벌레통구이,KR1,84.61538461538461
91,말 랑,1837,HwanHeeKR,KR1,75.0
92,Error,Fatum,송제우,KR1,80.0
93,öッö,öッöヲヲ,야미 동희,KR1,72.72727272727273
94,T1 Clid,민정이,bring bring,KR2,50.0
95,아케보시,KR1,胜不骄 败不馁,zypp,52.94117647058824
96,머리박기,KR1,siin,kr99,63.63636363636363
97,쓰레기무단투기,0629,이상하게 생긴 기린,이생기,75.0
98,어떻게 이별까지 사랑하겠어,악동뮤지션,Hi Hi Z Z,KR1,61.53846153846154
99,꼬마차니,꼬마차니,짐승아메리카노,1리터,64.70588235294117
100,멘트줘봐,KR1,느낌좋고,KR1,72.72727272727273
101,그게 바로 나니까,KR1,롤박사 제도리,KR1,69.23076923076923
102,자몽아간식먹자,0607,Cover JG,6587,82.6086956521739
103,장전리,KR1,AD123,8098,50.0
104,똘 박,9703,연애하자승철아,KR1,66.66666666666666
105,Piungsin,KR1,살려쥬라기,0000,69.23076923076923
106,니달리거대한구멍,KR1,석승환,석승환,70.0
107,김갑환이,KR1,온천 가드맨,12321,71.42857142857143
108,예경누나이쁘다,1215,그릇 도 빛날 빈,KR0,66.66666666666666
109,나는야 이동춘,동춘리,오디세이 조이,KR1,57.14285714285714
110,Iziio,KR2,머리를 콩,KR1,62.5
111,월향량,연습계정,내이름이진우,KR1,83.33333333333334
112,시훈데용,KSH,53456436,KR1,62.06896551724138
113,xoot,KR1,만수무강,0101,65.0
114,1115555414,KR0,Bisu,1120,66.66666666666666
115,오은깃,0708,Coco,SCV,63.63636363636363
116,악어의 노란 우산,장맛비,KOA SOBORU,궁딩이딱대,57.14285714285714
117,아이브 리즈,동민전,rheldqhwl,kr123,66.66666666666666
118,광 어,참이슬,미드게임점,1234,80.0
119,재 구,KING,탑미드하는사람,KR2,65.21739130434783
120,준호는 못 말려요,KR1,MAEUM은 챌린저,KR1,66.66666666666666
121,볼보아이언,KR1,F니깐청춘이다,KR1,60.0
122,갱이누나이쁘다,천 사,아장아장 유미,1028,57.14285714285714
123,봉풀주 블리츠크랭크,홍보대사,신거미,KR3,61.53846153846154
124,113 2,1966,IlIlIIlIllIlIIll,1111,65.21739130434783
125,반고등,KR1,아가1리묵념,KR2,90.0
126,정모레,KR2,엉덩국 갱승제로,KR1,33.33333333333333
127,새벽에롤해요,퇴근후빡겜,뼝 씬,KR1,45.45454545454545
128,조용히좀해라,1111,イスリ,9999,60.0
129,육중한몸매,2837,구창도,1133,60.0
130,과로사 엄마,KR1,맹지훈,치매걸린노,78.57142857142857
131,지성이는 힘들어,KR1,적 적,1992,66.66666666666666
132,북 신,KR1,denie,KR1,66.66666666666666
133,Kaye,KR1,1종보통 신지드,Dock,76.92307692307693
134,이잉사랑해요,테스트전용,신 첸,KR1,81.81818181818183
135,헤 매,비디디팬,로아하라곰,남극곰,59.09090909090909
136,아오빠빨리싸줘,KR1,팀 운,goat,76.47058823529412
137,자J크G,KR1,제갈훈,KR1,40.0
138,I Dice I,KR1,천원짜리정글,KR1,57.692307692307686
139,High Water,개고수,군계일학,정 점,66.66666666666666
140,부아아아아아아악,KR1,鬪 神,KR3,45.45454545454545
141,리수연,리꿀벌,연시내,sine,45.45454545454545
142,동치미국물시원해,KR1,여봐라술과계집을,KR1,64.28571428571429
143,배중석,0602,유워니,KR1,68.42105263157895
144,소금새우,냥이가좋아,기사상시모집,KR1,91.66666666666666
145,61420265del,KR1,OOOO0OOO0O0,KR1,78.57142857142857
146,에이셔화성간다,2222,구마유시,6342,70.58823529411765
147,씨유박스화이팅,KR1,엔믹스 릴리,kr02,61.53846153846154
148,족삼리,KR1,제라스 장인 성,KR1,60.0
149,미 니 언,미 니 언,33이3,KR1,45.45454545454545
150,대한민국 천안시,KR1,Hi I am GA,teach,45.45454545454545
151,뽀삐사루 개추,KR2,김환성뱃살,113,50.0
152,비비빅,비비빅2,참는다는 마인드,KR1,71.42857142857143
153,WILD SHACO,KR1,망 구,입니다,40.0
154,티피언,KR1,AkikA,KR1,60.0
155,parliament1,KR1,쪼렙이다말로하자,8699,68.18181818181817
156,PaIm,KR1,일단짖고보는개,KR1,81.81818181818183
157,SoulCrow,KR1,Erysichthon,KR1,46.15384615384615
158,a멋쟁이a,KR1,sehoho,KR1,40.0
159,꽉지은,KR1,OAO,AAA1,53.333333333333336
160,저는요져도알빠노,7777,마라샹구리,하지마라,50.0
161,長壽天牛很帥,sichu,카즈하,주하하,23.52941176470588
162,도레미레오나,KR1,솔 민,KR1,26.31578947368421
163,미드 부캐,KR123,티모인뒈,KR1,45.45454545454545
164,이푸카,KR1,계속 한밤중이면 좋을 텐데,ZUUTO,57.14285714285714
165,인 연,0102,새벽산책,KR3,75.0
166,ssuya,KR1,포 로,0905,69.23076923076923
167,FEARNOT,KR3,이유석04,0703,46.15384615384615
168,3캠미드갱,123,subarasiman,KR1,73.07692307692307
169,감자탕과소주,KR1,어지러울 빈,KR1,38.46153846153847
170,감자탕과소주,KR1,J H,0315,54.54545454545454
171,식 인,KR1,병역기피,KR1,66.66666666666666
172,롤닉네임변경어떻게해요알려주세요,어떻게바꿔,요 정,KR1,26.666666666666668
173,과 니,gwan,트린버프좀,KR1,63.63636363636363
174,시야따개,KR1,모카초코칩프라페,KR1,50.0
175,후카다 띵근이,KR1,따거가든,KR1,50.0
176,평타빼고다피함,kr2,평타빼고다피함,KR1,56.666666666666664
177,우리바텀을응원해,KR1,마틸다님,KR1,68.18181818181817
178,똥맛카레맛똥맛,KR1,zac,jida,44.44444444444444
179,poongheol,KR1,우 쓰,KR01,50.0
180,부 표,KR1,누구양 나얌,KR1,72.22222222222221
181,도매니져,KR1,Karina,KR37,57.14285714285714
182,나는자연이야,KR1,투자로100억,KR1,40.0
183,안양의 멸치담당,KR1,몰라알수가없어,엄정화,66.66666666666666
184,play9123,1214,블라디미륵,vla,51.85185185185185
185,KSANTE KING,KR1,Arikured,666,75.0
186,jotaemin0722,eorjs,김미녕 노예,KR1,42.10526315789473
187,윤석열,5828,곰이곰곰하네,KR1,63.63636363636363
188,Poltan,KR1,상냥한 찬우씨,KR1,76.92307692307693
189,03팍순이,RK1,기훈기훈,12345,63.33333333333333
190,hhhkii,KR1,모은콩,KR1,50.0
191,Paella,피정현,은스케,KR2,52.94117647058824
192,Paella,피정현,king is back,wow,81.81818181818183
193,공 주,캐 리,그게 너야,1029,44.44444444444444
194,현재야욕하지말자,KR1,손정현,KR1,75.0
195,버니합,1234,STANDARD,0824,56.00000000000001
196,뱃살 충만 돼지,오잉크,냥바닥할짝,000,62.5
197,HLE Quad,KR1,GANGKINGKING,KR1,90.9090909090909
198,공익 전까지 챌감,KR1,하염없이팀운제로,KR1,42.857142857142854
199,슬치생,KR1,Carry or piss,KR1,69.23076923076923
200,퀘오타니,TANI,방학식,zzang,58.333333333333336
201,Aimyon,아이묭,혁이는못말려,0406,60.0
202,신난 야옹이 뀨꿍,KR1,QvtT,KR1,60.0
203,사 일 러 스,Pyke,계셰육,0315,65.0
204,P A,PAPA,주태현,4325,57.14285714285714
205,근 본 도 구,KR1,잠 잘 까,KR1,72.72727272727273
206,땡기는중,KR1,woxiangzhandou,2002,69.56521739130434
207,And pigs Can fly,KR1,Antimage,KR3,60.0
208,PTA,haeng,할꺼하고롤해,KCS,76.47058823529412
209,삐딱한 연우,KR1,Valstrax,VTEC,74.07407407407408
210,top l top,KR1,칭찬 격려 배려,KR1,69.23076923076923
211,top l top,KR1,영콩이,KR2,53.84615384615385
212,갓 독,0919,Nuguri,LMJ,60.0
213,즉   흥   곡,KR1,톤 이,kk1,83.33333333333334
214,Viper,0212,아이폰사용합니다,KR1,57.14285714285714
215,가나다 초콜렛,KR1,하 헬,hahel,59.25925925925925
216,미안 내 잘못,2187,好きだから,KR17,66.66666666666666
217,기분이조아오,KR1,반해써,0000,63.63636363636363
218,기분이조아오,KR1,Paul Blanco,KR00,60.0
219,스초생,444,포차코,지비츠,60.0
220,Cthe,KR1,사나이 이바다,KR1,63.33333333333333
221,최지웅,KR3,밴 베크만,나니모스루,34.78260869565217
222,허총무,KR1,애옹김,KR1,63.63636363636363
223,독도한라봉,KR1,얼음단비,KR1,70.58823529411765
224,사나이의묵직한주먹,Pray,TFT pro,4080,50.0
225,앞만보는 사나이,KR4,권 천,SKY,66.66666666666666
226,민초버터칩,KR1,금연2달남음,KR2,62.5
227,감 자,424,vnfmsk10,Zzzzz,80.0
228,감 자,424,슈퍼크랙이상호,KR1,30.0
229,잘하고싶다,7777,땅 두 닛,KR1,63.63636363636363
230,잘하고싶다,7777,이기고싶다,0000,50.0
231,비키니시티야생해파리보호협회,KR0,이겨봐,KR234,65.21739130434783
232,ヲヲヲヲヲヲヲヲヲヲ,0613,벼랑위의 분뇨,오줌발싸,70.0
233,롤은인생의활력소,KR1,노랑 피카츄,KR1,68.75
234,희망을주는구세주,KR1,베벱부,KR1,68.18181818181817
235,야 이기영,KR1,각시탈원딜러,KR1,69.56521739130434
236,16년생탑프로지망,KR1,히 또,Psken,43.75
237,이게임을열심히왜함,KR2,북풍이만든바이킹,KR1,50.0
238,두카티부가,KR2,괴물쥐 구조대 ,KR1,38.46153846153847
239,두카티부가,KR2,ホワイトノイズ,0111,50.0
240,스타킹팬티,0217,쉼쉼미역,KR1,41.66666666666667
241,조선왕조실룩샐룩,0608,Eraaaaa,KR1,38.88888888888889
242,simply lovely,top,내게의문을가지지말것,KR10,40.909090909090914
243,딱따구리,부리박치기,김 성 호,6974,58.620689655172406
244,롸킥스,KR1,빵붕이,KR1,62.5
245,윤유현조련사배상준,KR11,rkasdcoivkdlal,KR1,53.57142857142857
246,쩡호햄,KR1,단단운직,KR1,42.10526315789473
247,일리쉬,124,한키어x69,KR1,60.0
248,나유연,KR0,윤마치,KR2,69.23076923076923
249,일반인 미드,KR1,모자란련롬들,1234,65.51724137931035
250,lllIlllIIII1,KR1,게이트,KR1,52.63157894736842
251,후시구로 토우,0524,niwakaharu,1999,33.33333333333333
252,아요이키우기,KR3,시 로,666,55.55555555555556
253,코코아는 내꺼임,KR1,제드 일짱,KR1,70.0
254,타우타이 심바사,모투페투,쥐괴물,물괴쥐,47.05882352941176
255,첨지마요,KR1,김랜지,KR1,46.15384615384615
256,Marauder Olaf,KR1,탕수육찍먹,Yong,61.111111111111114
257,한뚝배기마스터,KR1,24년도전역입니다,KR1,64.70588235294117
258,저시나,KR1,뉴진스삼촌팬,KR312,51.85185185185185
259,개돼지,dgpg,lHluman,KR1,66.66666666666666
260,이석현 도구,KR1,boiled dumplings,KR1,71.42857142857143
261,마유치,Liyuu,식케이,권민식,42.857142857142854
262,95392551del,KR1,자기야라면좀,KR1,60.0
263,아이응맨,KR1,나도 잘하고 싶어,1111,41.66666666666667
264,아이응맨,KR1,23 July,KR1,60.0
265,즐겜용,탑바루스,갑각류fan,NOT,56.00000000000001
266,아침이싫어,KR1,격분유발협곡,KR1,60.0
267,花様年華,화양연화,별수호자까루,106,53.57142857142857
268,we lover,S 2,we loves,kr2,65.21739130434783
269,hejunfans,KR1,3an,KR1,46.15384615384615
270,유미장인 윰윰이,KR3,망고먹다왜망고징,KR1,56.00000000000001
271,조하트양말,KR1,미드품앗이,KR1,50.0
272,자치로운삶,KR1,너구리섭취중,KR1,48.148148148148145
273,또또또 까분당,확그냥,파디샤,1221,58.82352941176471
274,티 격,KR1,녹 번,KR1,66.66666666666666
275,곽팔돈,KR1,노갱시블루먹음,KR1,56.25
276,화 못참는 사람,KR1,정평게이밍,kr2,66.66666666666666
277,째미닝,KR1,씨몽키 초장 국밥,KR1,76.47058823529412
278,범인탐지견,KR1,벌써이십대,KR1,38.46153846153847
279,안녕바보들,KR1,꽃피느 봄날속의,1213,57.14285714285714
280,Wade Williams,KR1,화창한토요일,KR1,68.75
281,Übermensch,vida,勝ちたい,PLZ,52.17391304347826
282,exys,KR1,분노절망배신증오,KR1,71.42857142857143
283,Bobmukjja,KR1,클린한명예소환사,kr2,60.0
284,올 마이트,나히아KR,히키코모리김지환,KR2,57.14285714285714
285,따라하지말라고,εïз,Tei,Pill,81.81818181818183
286,봉 명 초,KR1,네 봄,KR1,56.666666666666664
287,되 냐,KR1,Advocate,KR1,30.0
288,어디든지갈게용,KR1,와드자판기,KR1,61.53846153846154
289,2창우,KR1,기우스엉,KR2,75.0
290,솔랭의제왕 석현,7790,jishiyu,hyu,66.66666666666666
291,강새에로이,KR1,러플광,KR1,60.0
292,나는 이 게임을 해봤어요,한 번 더,채팅안봄,K23,52.38095238095239
293,1apodo,KR1,신덕리,KR1,60.0
294,꽁 설,KR1,초록색,연 두,70.0
295,반짝반짝 최금쪽,KR1,류선생,KR1,72.0
296,낌찌원,KR1,너는쓰레기에요,0622,60.86956521739131
297,클라나스,KR1,26세황금동김민회,0000,64.28571428571429
298,태섭 제자1호,KR1,칼집꼬리 박쥐,KR1,66.66666666666666
299,너원딜재능없다고,정글가,탑가만히있자,KR1,86.66666666666667
300,5년늙은 구마유시,KR1,서울 명소 해운대,KR1,66.66666666666666
301,할수있다 나라면,1202,김밥처럼달콤해,두산베어스,35.0
302,고광윤,KR2,비싼참치,KR1,58.333333333333336
303,남자주인공,6207,Pachycephalosau,박치기공룡,70.0
304,내가 제일 잘낫찌,독재자,JUNHYEON,AHN,69.23076923076923
305,음악과,KR1,젊고병든,딩딩딩딩딩,84.21052631578947
306,웃긴웃긴,KR2,뚜크리따크리,KR1,50.0
307,캐치김,KR1,이기꼬야,아기맹수,58.333333333333336
308,캐치김,KR1,뚝배기 찍어버려,KR1,54.54545454545454
309,애니비왈,KR1,XiJinPingSexyBoy,KR1,69.23076923076923
310,똘망코,KR1,두부한모세,KR1,30.76923076923077
311,똘망코,KR1,민주 광배 쌈무,KR1,80.0
312,조코파이,KR1,마법공학문재인3,KR1,57.89473684210527
313,조코파이,KR1,Ocurt,KR1,63.63636363636363
314,윤현호,KR1,지나가던돌맹이,KR1,32.142857142857146
315,혹시삼국지좋아하시나요,三國志,똘망코,KR1,80.0
316,혹시삼국지좋아하시나요,三國志,포악한 도토리햄,KR1,70.0
317,Migung,KR1,다 운,0413,76.47058823529412
318,동탄센트럴정형외과,KR92,윤하찡사랑해윤,KR1,45.45454545454545
319,싱싱한배추,KR1,CELINE,55555,38.88888888888889
320,나를 꼭 지켜줘,DM해,길가다비비탄맞음,KR1,60.0
321,NIKE,NICE,공 주,LOVE,83.33333333333334
322,한밤에 한침대,KR1,김진섹,KR2,54.54545454545454
323,한밤에 한침대,KR1,원나블 디펜스,KR1,81.81818181818183
324,빈순이,KR0,Bepo,북극곰밍크,40.0
325,김창영,KR1,깡패민우,KR1,76.47058823529412
326,김창영,KR1,ghanyi,KR1,58.333333333333336
327,개 민 수,1559,김준석,9485,73.33333333333333
328,애국한양선봉공대,열혈에너지,태 쿡,KR1,40.0
329,지구는 네모다,각개전투,패왕 김찬,KR1,64.0
330,연 식빵,KR1,하 마,4639,58.82352941176471
331,냥멍냐냥,KR1,연 슬,εïз,60.0
332,제발핑좀들어제발,KR1,Born to be,Life,33.33333333333333
333,왜또뭐가문젠데,KR1,해적왕이된사나이,KR1,46.15384615384615
334,Vsync,KR1,Amnolys,KR1,70.0
335,단단묵직탄탄,KR1,아니진짜머해,kr25,68.75
336,유브2,KR2,심술두꺼비,건들이지마,66.66666666666666
337,김순혁,KR7,호호허허히히,KR1,52.94117647058824
338,kogie,KR1,DAK kogie,KR1,53.333333333333336
339,타워에서받아먹자,KR1,동탄 최재혁,KR2,57.14285714285714
340,쫏해피롱,KR1,T1 Keria,sk1,56.666666666666664
341,있긴있잖아,KR1,설탕닢,Maybe,46.15384615384615
342,태 양,KR111,장례식장에서윈드밀,kimch,44.827586206896555
343,볼베보다콜라잘빰,KR1,꽃 피면 돌아갈게,KR1,43.75
344,MelodySound,2853,아이스초코빵,5885,50.0
345,김대중,QWE,백 호,132,44.827586206896555
346,초코라떼먹고싶당,KR1,나 김지율 행동으로 보여주겠다,KR2,66.66666666666666
347,개구리 뽀글이,4700,김재힝,KR1,38.46153846153847
348,원조쎈놈,KR1,Looz,KR1,47.368421052631575
349,영도구 사포장인,138,공부접다,KR1,44.44444444444444
350,원하는게 없,KR1,쓸모없는서어폿,KR1,73.33333333333333
351,Rsyozu,0517,작 촌,KR1,20.0
352,한 통 속,KR2,뭐하냐ヲヲヲヲ,ヲヲヲ,65.0
353,저글링,5050,진해김승달,1111,81.81818181818183
354,힐써도 죽어,KR1,개변태,개변태,77.77777777777779
355,힐써도 죽어,KR1,연습용계정,7911,27.27272727272727
356,동생누나,0807,리산드라,kr71,85.0
357,동생누나,0807,첫 눈,kr33,40.0
358,장금순,KR1,Sh BIN,KR1,48.0
359,잣 야,랏 칸,오줌싸개,7744,48.148148148148145
360,소금이 죽으면,죽 염,송파구 치료사,0624,33.33333333333333
361,치즈카츠,돈카츠,927화요일,KR1,70.0
362,나뒤만보고갈래,KR2,환 희,폼미치따,70.0
363,경 민,0126,정신꽉잡아,KR1,70.83333333333334
364,베인허벅지핥짝핥,KR1,미션달성이벤트,KR1,47.05882352941176
365,찌앙크미,KR1,공3업시즈탱크,KR3,53.84615384615385
366,메 스,KR1,2종보통 누누운전,KR1,63.63636363636363
367,Jazz Standard,KR1,오버액션꼬마곰,KR1,40.0
368,가지무침,가지가지,방구뀌고싶다,0606,66.66666666666666
369,빵굽는 유미,블랑제,내가조련한야옹이,KR1,35.294117647058826
370,힘들게하지마렁,KR1,sorry my bad,0123,62.5
371,봄날의 햇살,smile,나이먹기싫다,3686,40.0
372,nniqp,KR1,천하무적양짐승,KR1,38.46153846153847
373,용감하지못한사람,KR1,절실하지못한사람,KR1,51.724137931034484
374,TGS NaRak,KR1,너만의겜을해,mute,64.0
375,메 리,KR11,ReturnZER0,KR1,61.53846153846154
376,메 리,KR11,죽기아님까무러치기,칠전팔기,50.0
377,이설아,GoetY,왕소금,니집가,60.0
378,blue,khkh,소름돋는일반인,KR1,55.172413793103445
379,천 사,42151,도이치 모터스 ,KR1,78.94736842105263
380,zkxh,KR1,坚固而沉重,鄭聖勳1,60.0
381,쑥쑥지느러미 멀록,111,MC武鉉,0523,45.45454545454545
382,징계 is my life,KR1,내잦이는황금잦이,KR1,76.92307692307693
383,초록내복트타,KR1,엄청 아픈 모기 ,KR1,62.96296296296296
384,Skitty,KR1,파카해적단,파카조아,56.25
385,qwerasdfzxfvhila,KR1,zI존최강재원S2,KR1,55.55555555555556
386,qwerasdfzxfvhila,KR1,젱 너,KR1,80.0
387,홍봉자,KR1,내가간다123,KR1,41.66666666666667
388,바 큥,KR1,이 서,022I,62.96296296296296
389,김다빈,BIN,정환이는 못말려,KR1,100.0
390,김다빈,BIN,포항양현서,KR1,72.72727272727273
391,street,vibe,오창섭,gang,54.54545454545454
392,유석킴,KR1,ELELELELE,KR1,53.84615384615385
393,인혁이달린당,KR1,김규민,RG20,44.0
394,문희영,KR1,vazirac carlcox,2027,53.333333333333336
395,장애인라이너들,2001,포기는배추셀때나하는말이다,kr2,36.36363636363637
396,도 구,망나니,매혹적인 구미호,KR1,70.0
397,종줍는 생쥐,KR1,あやふや,1100,60.0
398,빠담바담,KR1,bongjourlife,KR1,50.0
399,숙련도LEVEL5,KR1,오리옆구리,Duck,56.25
400,호야치,KR1,폐관수련하는사람,2457,66.66666666666666
401,도구는받들라,KR1,허 니,9905,82.35294117647058
402,아추워추어탕,5555,밤빵2,KR2,61.111111111111114
403,가나다마나,KR1,내가귀여워서미안,5870,58.333333333333336
404,혁수문,KR1,OI성주,KR1,91.66666666666666
405,똥 영,0418,오 때,오 때,72.72727272727273
406,화내는사람,화난다,에코넘어질때에코,KR1,54.54545454545454
407,CAPS,KR2,배뭉뭉댕,뭉냥뭉냥,76.92307692307693
408,애웅 김애웅,KR1,마라도복어,KR7,50.0
409,acme de Ia vie,KR1,夜 叉,Club,57.14285714285714
410,개잘죽,KR2,뜨거운고구마,1122,50.0
411,박 하,박 하,뽀 미,2007,46.15384615384615
412,비련시,KR1,나무숟가락,숟가락,60.0
413,일본인,KR3,oasis,1697,73.33333333333333
414,나는야현빈,KR1,LOLOch,KR1,64.70588235294117
415,꺾이는 탱커 ,KR1,The Crazy,애미아,60.0
416,방 크,KR1,i am jg,의 정,52.38095238095239
417,투리한유명구슬,8947,기무예준쿤,KR1,70.0
418,탑 노플 오면 킬,KR1,김x현,KR26,72.72727272727273
419,냉면은,물냉면,다영이는 듀아아아아,KR2,63.63636363636363
420,커버못가요,KR1,Amane Kanata,0422,65.21739130434783
421,아득한 밤,KR1,ting ring,KR1,80.0
422,나는 이 게임을 해봤어요,4560,어스름늑대,KR777,60.86956521739131
423,발 쿠 니,KR1,광명돌주먹,KR1,50.0
424,장원욱,KR1,앙노니,KR1,69.23076923076923
425,장원욱,KR1,박지원,KR8,30.0
426,대깨메,KR1,주하성똥냄새,6126,46.15384615384615
427,Streuselkuchen,KR1,Rest In Hope,KR1,53.333333333333336
428,정신과4범,올라프,Show n prv,KR1,57.692307692307686
429,めへめ,かわい,Lv 1 샨구리,KR1,73.33333333333333
430,고기고기물고기,KJY,宵崎奏,引きこもり,33.33333333333333
431,여왕새싹,KR1,캇 쨩,KR1,67.85714285714286
432,오로롱,오창창,OεO,0425,60.0
433,달려라흑순,KR1,251126,vvv,50.0
434,20260128만기전역,0128,O c O,XXXXX,30.76923076923077
435,자두에이슬,KR1,곤듀는탑갈래,KR1,68.42105263157895
436,아카네 리제,SANA,한 판 더,KR2,70.0
437,도깨비,gods,괴 물,무자비,70.0
438,철판무릎,KR1,박 통,0106,50.0
439,주다스,KR1,때리는 형태의 노진구,도태한남,46.666666666666664
440,고유성,KR2,손 1,KR1,23.076923076923077
441,우 건,2002,코끼리호랑이사자,KR1,58.333333333333336
442,태연이러버,KR1,매너채팅해,KR1,53.333333333333336
443,뿔테안경,KR1,coddl,KR1,37.03703703703704
444,망나니귀환,1112,불친절한정글러,KR1,50.0
445,AD GAP,2003,머리빠진 서포터,KR1,61.904761904761905
446,soldda,KR5,차 단,2025,71.42857142857143
447,차척병할아버지의쥐불놀이공중제비,MSC,z1z1z1,1234,38.46153846153847
448,한뚝배기597,KR1,청포도이육사,KR1,60.86956521739131
449,뭘꼬라봐,123,장협지,123,60.0
450,유덩덩,KR1,외눈검사 가츠,216,41.37931034482759
451,Melancholy Blues,KR1,고장난 백미러,KR1,61.53846153846154
452,1인2메뉴,2인분,츄라잇,KR1,43.75
453,1인2메뉴,2인분,쿠로롱,KR2,50.0
454,망나니 김주형,0223,주보리,귀여워,66.66666666666666
455,서강준박서준홍영준,3대대표준,넴 롱,KR1,46.666666666666664
456,제드살라고만듬,KR1,뜨그뜨,KR1,60.0
457,One For All,LeeTH,퍄퍄용,2094,59.09090909090909
458,샤 코,000,누르고,KR1,69.23076923076923
459,탑버리면난팀버림,KR1,erfwq,KR1,62.96296296296296
460,Kairas,KR1,Love,KR5,55.55555555555556
461,진돗개69호발령,KR5,조도너어마이,KR2,54.54545454545454
462,고 군,1227,타르타르쏘스,타타쏘,36.36363636363637
463,RangRang,KR1,천재kk,KR1,50.0
464,찬우야헤드쏴라,000,용굴기,KR1,61.111111111111114
465,찬우야헤드쏴라,000,골뱅이비빔국수,2437,75.0
466,Seoul,1004,무리는 하지마라,KR1,30.0
467,꾸우엉꾸엉,KR1,찬드풀,1004,53.333333333333336
468,깜찬이,KR1,공과 덕 ,KR1,91.66666666666666
469,Aocs,KR1,민초 카페라떼,KR1,64.70588235294117
470,Congratulation,KR100,96 JUGKING,KR96,66.66666666666666
471,Congratulation,KR100,메트로시카,KR1,66.66666666666666
472,ADC CARRYY,KR1,갱당하기장인,0908,64.28571428571429
473,컵라면,신라면,바지속에 룰루 궁,KR1,61.53846153846154
474,SuNg1L,KR1,띤 따,KR1,50.0
475,퐝라스,KR1,파란스님,KR96,76.92307692307693
476,삐 킹,KR1,바세린,글리세린,86.66666666666667
477,눈 꽃,내 린,Bourbon,KR11,47.82608695652174
478,아무무가 세상에서 제일 멋있어,우헤헤헤헤,버티고 싸워,KR1,60.0
479,떡잎방벙대,KR1,발베르데,KR03,58.82352941176471
480,2026 04 13,kr10,우치하 정스케,KR2,50.0
481,2535481706235200,KR1,내겐 겁은 없어,KR1,50.0
482,xiwangshu,KR1,6픽만 믿어요,KR1,64.28571428571429
483,안오면갖다박음,KR12,운이너무좋은사람,1120,39.130434782608695
484,볼비비,KR1,hwa zln cha,KR1,72.72727272727273
485,I밍 규I,KR1,원무새,3579,42.857142857142854
486,Aimyon,kor,승 원,KOR,50.0
487,김치현,8143,oasis,KR2,76.92307692307693
488,참을수있는남자,KR1,장미끝,KR1,76.92307692307693
489,육뽕 낙타,KR1,다니엘,MUC,61.904761904761905
490,로우랜드,KR1,인직하트만숙,KR1,66.66666666666666
491,사랑한다 이준영,KR1,순댕이,KR1,57.14285714285714
492,듀 옹,KR1,Linkin Park,0320,43.75
493,모 모,KR11,남 자,화싸남,60.0
494,Ga Lo Wu,KR1,我爱你爱宝,777,61.111111111111114
495,굿집갱,구찌갱,운동하기실타,KR1,37.5
496,군인이다능,KR1,크랙필,KR1,63.63636363636363
497,니가 정말 밉다,KR1,Rocket Racoon,KR1,85.0
498,쏩 뻬,KR1,WKWO,KR1,60.0
499,쏩 뻬,KR1,fengmi wei,1202,50.0
500,안경잡이여드름충,KR1,탑님제발힘내세요,KR1,100.0
501,Do not read chat,KR1,쩡 근,KR1,57.14285714285714
502,구본준이라는완벽,KR1,뽀로로,안경빨빨,61.111111111111114
503,장시혁,5479,내시반청남탓필패,KR1,77.27272727272727
504,내탓아님무조건남탓,1016,달의강림,KR1,61.53846153846154
505,인지해 생각해,KR1,행집욕부,KR777,38.095238095238095
506,우삼이,KR1,찰토체스,KR1,46.15384615384615
507,모찌피치,szsz,kitty,0 3,50.0
508,두리도치,도치단,그마갈여편네,잠이오냐,20.0
509,화강진는최,KR1,세젤예 송우기님,KR1,50.0
510,시 냥,0305,채 냥,1009,66.66666666666666
511,허거덩거덩스,KR33,天下無敵,123,41.66666666666667
512,일렌시아전사,KR1,알렌시아전사,KR1,46.666666666666664
513,소나만 할꼬야,KR1,냥 냥,폴 짝,36.84210526315789
514,ˇヘˇ,hayo,검은늑대단 폐급 백성대,잡아먹을게,58.82352941176471
515,미분딜러,KR1,방학전용계정,KR1,37.5
516,우스너클 ,KR1,얼랭이,KR1,65.21739130434783
517,Lamb 88,2582,차단하세요,5544,51.85185185185185
518,롸몽이,KR1,도 리,lee,70.0
519,또이킁킁,총총총총총,Prologue for you,YG97,62.96296296296296
520,원무새,3579,I밍 규I,KR1,42.857142857142854
521,원무새,3579,공 격,0828,18.181818181818183
522,zl존 왕zr님,KR8,좋다고 말해,KR1,42.857142857142854
523,Agoon,3492,bb2k,KR1,53.84615384615385
524,Agoon,3492,럴커는마린을찢어,KR1,36.36363636363637
525,별이는겁쟁이,star,윤공주한선월온리팬스가입한민경빈,yoon,64.28571428571429
526,살살해줄게요,KR1,Disfigure Blank,KR1,69.23076923076923
527,칼과 주먹 망치,KR1,강제집행 철거반,KR1,81.81818181818183
528,촉촉한마늘빵,KR1,경주이씨즈리얼,KR1,72.72727272727273
529,오도짜세기합해병,KR1,양성호,KR 1,64.70588235294117
530,안무서운사람,사실무섭지,Vanana,1021,48.275862068965516
531,탑만 감,2008,勇往邁進,2000,58.82352941176471
532,so1o,kr2,말랑야채,KR1,45.45454545454545
533,머멍이,KR1,뭉 치,kr7,70.0
534,윤석열,갱안오면계,질병게임1,123,69.23076923076923
535,갓구운닭꼬치,KR1,15GG,skrr,59.09090909090909
536,콩콩이금동이아리,486,10 JG,KR123,50.0
537,슈리마 광팬,KR1,yasuo й irelia,KR1,50.0
538,블라디레나 밀리제소령,핸들러 원,호두과자주세요,0000,27.27272727272727
539,I Need you here,KR77,이러다가30대까지롤하면어쩌지,2001,68.75
540,I Need you here,KR77,남자친구생기면롤접음,9999,40.0
541,호주머니짱돌대기,호짱대,김경태1234,KR1,63.63636363636363
542,잠재성장률,KR1,서마루주인,ISFP,66.66666666666666
543,냐 옹,ฅΟωΟฅ,곰 탱,까 미,41.66666666666667
544,우마무스메PD,KR1,혜지전문원딜조무사,3494,56.666666666666664
545,머진맨,123,사 샤,143,71.42857142857143
546,여우몬,KR1,빡치면짖느은개애,KR1,64.28571428571429
547,화성인,KR1,의료원폭격기,KR1,56.666666666666664
548,lhjdd,KR1,소름돋는일반인,KR1,66.66666666666666
549,강인하,죄송합니다,08김아린,고양이공듀,52.38095238095239
550,채팅끄는게답,KR1,1010101110111011,10101,68.18181818181817
551,짧게깎은손톱,KR1,키드밀리fan,KR1,40.0
552,공주는 밥,KR1,째 재,KR1,60.0
553,많이 피곤합니다,KR1,파카팀 원딜,PAKA,33.33333333333333
554,중단조자룡,KR1,無我之境,GAP,58.333333333333336
555,제이스못함,KR1,Korean favorite,KR1,63.63636363636363
556,아이돌문전규,KR1,윤원희,윤원희,75.0
557,yco,KR1,침묵의추적자,1138,60.0
558,세종시 이마트,KR1,세종시 한솔동,KR1,62.5
559,비 챤,고라니,여 울,Code,59.25925925925925
560,Enlightening,KR1,밥묵다배터진개구리,1009,64.70588235294117
561,역 전 틀 딱,KR1,쉥 호,KR1,73.33333333333333
562,연습용계정000,KR1,예가미데,KR1,42.857142857142854
563,니가 흰둥인거얌,KR1,xoix,KR1,40.0
564,니가 흰둥인거얌,KR1,Peyz,KR55,45.45454545454545
565,응봉산 무야호,KR2,지잘또,GOAT,69.23076923076923
566,퉁퉁이엄마모퉁이,만퉁퉁,The shy,smash,50.0
567,cscscscscscscscs,123,박치기공룡,입니당,60.0
568,십수딘,TFT용,박 초식이,KR1,53.84615384615385
569,시로히게,4784,HarmonicShield,kr2,50.0
570,서크몽,반역왕다리,szsz,1414,57.14285714285714
571,Royal HighNess,KR1,꽃령월,KR1,81.81818181818183
572,흙더덕,KR1,조형기의 소나타,KR1,89.47368421052632
573,촌 녀,KR1,게임수리사,KR1,53.333333333333336
574,장원영,KR21,영구와땡칠이띠리리리리리,KR1,73.33333333333333
575,쌍수달,KR1,기 어,KR1,64.0
576,감자마을연쇄케찹마,맥도날드,채헝숭,KR1,71.42857142857143
577,감자마을연쇄케찹마,맥도날드,HeavyMental,KOR1,63.63636363636363
578,Gras ipeksseu,KR1,어등산육두선인,dkqdk,55.172413793103445
579,죽기장인,9804,스물다섯번째 밤,9804,60.86956521739131
580,개 패 는 놈,KR1,나 여기까지 할게,KR2,46.15384615384615
581,죽는거는페이커,KR1,winters coming,KR1,56.25
582,죽는거는페이커,KR1,링 클,과레터,66.66666666666666
583,논불방,KR1,윰 윰,Ker10,50.0
584,양토끼,KR1,2민재,KR1,70.0
585,iwnoo020,KR1,DW Jaevy,KR1,50.0
586,2026년1월19일,전 역,산타난쟁이,요 정,52.63157894736842
587,뒹굴뒹굴판다,KR2,xnx,xxxxx,42.10526315789473
588,원딜 버프 시급,KR1,사회적악성재고,KR1,57.14285714285714
589,갱가면킬양보좀,KR1,유니꾸,지니꾸,30.76923076923077
590,갱가면킬양보좀,KR1,코카콜라공장,KR1,54.54545454545454
591,어짜피니못올라가,KR1,상상이현실이될때,KR1,72.72727272727273
592,훈남태근,KR1,배부르게먹는사람,KR1,69.23076923076923
593,프로미스나인 이채영,감자칩,두 영,0417,53.333333333333336
594,역법하면머리박음,KR1,하체절단 망나니,KR1,41.66666666666667
595,임하율,KR2,팔도꼬꼬면,KR1,50.0
596,딸기쌍쌍bar,1879,꿀 먹는 꼬뇨,KR2,58.82352941176471
597,Last Whisper,숨 결,RIzZ,929,52.17391304347826
598,Toon Zorc,KR1,Vol Jin,KR1,58.82352941176471
599,캡틴토끼,KR1,예쁜산,san,70.83333333333334
600,망 라,KR1,eazynew,o3o,57.14285714285714
601,돌진기 300초,가붕가붕,완전 맛있는,KR1,54.54545454545454
602,happy study,KR1,frozzen,KR1,81.81818181818183
603,반오십 룡,KR1,케익의 평화,AKMU,73.33333333333333
604,08원딜 잘부탁,KR1,담배 여자 술,KR12,56.25
605,08원딜 잘부탁,KR1,널 뱅,KR11,57.14285714285714
606,족가쉬바럼아,KR1,Kim Tae Hong,KR1,45.0
607,Gen G Chocovy,MID,Perrytheplatypus,KR1,45.45454545454545
608,바닐라셰이크,KR1,ol렐,KR1,66.66666666666666
609,노오오오오옥턴,KR1,히스이,일륜회,30.76923076923077
610,Chama,yaso,이타적인정글러,KR23,53.84615384615385
611,팬티안에 룰루궁,커져라,굳건한딜두,kr2,63.63636363636363
612,흔한건싫은솔의눈성애자엄준식,KR1,past master,BNH,43.75
613,죽어서집가는사람,9816,잠자기 좋은 날,KR1,64.28571428571429
614,혁주손,KR1,장군봉 어린이집,Arado,41.17647058823529
615,내 세상은 너였어,마지막으로,볼베상향해야됨,KR1,66.66666666666666
616,예의범털,5339,협곡 섬나라,KR1,55.00000000000001
617,예의범털,5339,내이름은진돗개,KR1,80.0
618,풍동나부랭이,KR1,전판 그년,범인은그놈,51.724137931034484
619,바보와또랑,KR1,WWVVWVVWW,KR1,33.33333333333333
620,lilillliiillll,KR1,외로운건영이,KR1,72.41379310344827
621,목표설정,KR1,찬 빈 최,KR1,73.33333333333333
622,Rest In Hope,KR1,Streuselkuchen,KR1,53.333333333333336
623,Rest In Hope,KR1,Jkxcd,KR1,50.0
624,어째서일까,KR1,쥐드뤠건,KR1,56.25
625,인화성 물질,KR2,동성고4년제,KR1,69.23076923076923
626,극복할 것,KR2,태극기,123,54.54545454545454
627,loseyongseok,KR1,yongyong1101,1101,58.620689655172406
628,독일산 유모차,BMW,채팅안봄,K23,66.66666666666666
629,핑보면빼라좀,KR1,何もなかった,KR98,47.368421052631575
630,우최서또삐,KR1,택블로드,KR1,63.1578947368421
631,달궈진 야구빠따,KR1,MD킹,KR2,56.00000000000001
632,도토센,KR1,우원재,wujae,55.00000000000001
633,백챵럴,KR1,태후스,KR1,60.0
634,수 니,아 들,멋진남자정세원,1cm,61.53846153846154
635,Deft mind,KR1,으쌰라으쌰,KR77,72.72727272727273
636,Deft mind,KR1,vicious,jhin,50.0
637,찰빙어,KR0,TRIPGUIDE,0628,72.72727272727273
638,늙기싫다,0927,dosisis,KR1,65.21739130434783
639,우진띠,KR1,GODS,NJZ,45.45454545454545
640,햇     반,3881,룰 루,눈 누,64.28571428571429
641,야포로,야포로,공              주,혜   지,100.0
642,너만보면 순보,KR1,리리훈,KR1,42.857142857142854
643,이석호,EHK,Radiohead,낭만정글러,56.25
644,바보같이,KR1,그르릉,0421,35.714285714285715
645,김치찌개라면사리,KR2,오트연유라떼,KR1,60.0
646,뚱마유시,배고파,나는 영후,KR1,43.75
647,뚱마유시,배고파,원딜가는 영후,KR1,50.0
648,냥바닥할짝,000,EQUETA,00000,41.17647058823529
649,외 걸,KR1,몰 매,KR2,62.5
650,잘넣는형,KR1,김희은,KR1,43.75
651,루 루,OvO,망나니 현집사,KR1,29.411764705882355
652,ANMB,KR1,용용이간다,6966,50.0
653,빠스달다,KR1,난아직젊다,KR1,46.666666666666664
654,아람뽀,KR1,qq11qq11,KR1,50.0
655,HERMIONEE,KR1,이승민05,KR1,68.18181818181817
656,주먹곰,KR1,왕꼬룡,KR1,53.333333333333336
657,지모취,나는지모취,Benz SLS63 AMG,KR1,55.55555555555556
658,놀러왔어요I,KR1,판 권,KR1,63.33333333333333
659,황지선,KR1,하다보니여기까지,KR1,63.1578947368421
660,늙고병든바나나,KR1,혼자살아남기,내로남불,70.58823529411765
661,Kim Ye Bin,KR1,원딜그루밍,U L,72.22222222222221
662,로모띠한콩조림,KR1,무서운똥,똥똥똥똥똥,91.66666666666666
663,온 세상이 리선족,Maple,투지를 불태우며,KR1,57.14285714285714
664,우띠룩,KR1,깨달은사람,0000,70.0
665,인생이 참 힘드네,KR1,격식있는사람,KR1,53.333333333333336
666,Nike,그냐앙해,ZAC,KR422,41.66666666666667
667,카시카서스니달리,KR1,바지속에 룰루 궁,KR1,62.5
668,거북거북거북2,1243,빠라바라빠라바랍,KR1,40.0
669,Kainney,PJG,원딜 기본기,KR1,50.0
670,김민붕,KR333,akaps,KR135,68.42105263157895
671,제sky,kr2,기본만해주자,KR1,68.42105263157895
672,08년생프로지망생,KR1,실버 정상길,KR1,53.84615384615385
673,산 푸,KR1,왔다춘식이,KR1,40.0
674,너가사람이긴하냐,KR1,COWKlNG,KR1,63.33333333333333
675,넌 웃는게 귀여워,KR1,전주유민서,KR2,55.55555555555556
676,넌 웃는게 귀여워,KR1,백 등,KR1,41.66666666666667
677,盲目冲锋,000,TOP,여수밤바다,80.0
678,양딱딱,KR1,2822423336076576,KR1,30.0
679,Expecto Patronum,KDF,돈이없어영,KR1,50.0
680,밤재우다,KR1,Jkxcd,KR1,54.54545454545454
681,막둥이의 다락방,KR1,김댐비,KR1,50.0
682,탕수육 부먹 최고,KR1,Xiao Xiamen,CN1,47.05882352941176
683,cex is sports,adc,화 색,KR1,45.0
684,사각척,KR1,대공처장강협지,KR2,42.857142857142854
685,Coppia,KR1,나투투,KR1,61.53846153846154
686,faker shockwave,what,just solokill,KR1,23.076923076923077
687,똔요니,KR1,양순식,KR1,63.1578947368421
688,똔요니,KR1,수호왕자,KR1,60.0
689,Aseado,7777,evolution,KR69,60.0
690,아냐는귀여워,KR1,22982590del,KR1,61.53846153846154
691,Quickly,KOR,йiйu,KR2,70.0
692,치와와,1008,라면양조절장인,KR1,60.0
693,thisiskim1e,KR1,침착하고여유롭게,카이팅,47.61904761904761
694,알면서물어보는놈,KR1,OmicronXBB,24819,73.33333333333333
695,꿈꾸는 마음으로,2018,꺄 항,꿀 넝,78.57142857142857
696,화끈한 도끼,axe,원딜장인 이지은,KR1,53.333333333333336
697,화끈한 도끼,axe,지학이,KR1,58.333333333333336
698,버러지 요릭,버 릭,우에하라 아리,우 아,40.0
699,버러지 요릭,버 릭,mid is Gyulking,KR1,46.15384615384615
700,blue,kr113,WE3KND,KR1,60.0
701,그때는 너도 나를,KR1,잘해드릴게요,화이팅,60.0
702,승 혁,0114,개포동 쵸비,쵸비상,90.0
703,도피성 수면장애,KR1,검은색크림,000,71.42857142857143
704,souls Absorption,KR1,Aileri,fan,78.57142857142857
705,건이못함,0213,준원서,KR2,57.692307692307686
706,대모기,KR1,버스가없는사람,1215,44.44444444444444
707,다소 늙음,kr111,Akaps,전설의심지,66.66666666666666
708,당 림,KR1,Daru,hay,50.0
709,De una vez,wish,고양이,ÒωÓ,59.25925925925925
710,나넨이오,KR1,박현민,간헐적폭발,50.0
711,친구꺼,KR1,개프리,CODE,56.52173913043478
712,구르 장,KR1,금 똥,금 뚱,66.66666666666666
713,크림파이제조장인,KR1,SEALSQ,1891,44.44444444444444
714,하나이치,KR1,예술가12,4671,76.92307692307693
715,k7037kr,KR1,빌지워터 박근혜,KR1,50.0
716,INFP,조 이,1212,1222,90.0
717,힐 끔,1129,헤 헤,바 보,60.0
718,Duo,2229,Enchanted,4299,57.14285714285714
719,Renxinyue,0708,dzzz,KR1,62.96296296296296
720,5라인중원딜이롤을개처못함반박처,하지마라,ynnxiao,6666,41.66666666666667
721,귀엽기만 한 게 아닌 시키모리,시키모리양,olzlonz,KR 1,58.333333333333336
722,약하게때릴게,미안해,불행한 아이,개식물련,80.0
723,Viper,4350,젖은뷰지,6974,69.23076923076923
724,이 누,woo,맵못보는아이,sry,56.52173913043478
725,퀴 호,KR1,guysworld,KR1,53.333333333333336
726,윈 터,남 친,Frosi,KR1,72.72727272727273
727,삼성고불도끼,KR1,하츄핑,츄 츄,55.55555555555556
728,빵굽는 유미,즐겜용,앵 무,앵 무,57.14285714285714
729,Qiyana,YYN,박갱치,KR1,53.333333333333336
730,달 문 곰,KR2,괴 물,AP1,62.5
731,트린을 알려주겠다,킁킁킁,외 교,KR1,53.84615384615385
732,Dplus KIA,쇼메쇼메,Won Ho,3484,47.368421052631575
733,판자촌 에이스,KR1,Aatrox,20312,61.904761904761905
734,ThreeCond,KR1,Kingyong2,KR1,70.0
735,준영3,KR1,화니뇽,KR11,63.63636363636363
736,느님1110,KR1,chessoccer,KR1,50.0
737,중딩녀,KR1,Secretus Man,KR1,55.55555555555556
738,폐 신장 건강해요,KR1,병장 이은빈,KR00,52.63157894736842
739,태아니짱,KR1,상냥한 찬우씨,KR1,75.0
740,이렐아칼리,1791,천둥새,0216,52.63157894736842
741,xx서원준xx,787,우유맛 알파카,0325,50.0
742,춘봉박,KR101,요네버프는 대체 뭐냐,요네밴,80.0
743,SiRiuS1976,KR1,연필9,KR1,33.33333333333333
744,공공년생,KR1,리코PC,KR1,75.0
745,파 니,2000,야 곱,야 곱,90.0
746,ADADADADAD,KR3,초코에몽123,KR1,61.53846153846154
747,간호하는남자,KR1,장종현,나상규,78.57142857142857
748,날아서갈게요,KR1,홀리나이츠,KR2,55.172413793103445
749,박뎀숌,KR1,Step to Platinum,KR1,64.0
750,요들의 왕,요 들 킹,물망초,poro,29.629629629629626
751,犧 牲,12345,캐리or죽음,KR1,33.33333333333333
752,대 잡,KR1,사나이 송준혁,KR1,60.0
753,시원시원한솔킬,1502,피들이 너무약해,KR1,76.92307692307693
754,soda82126,KR1,원 칭,KR1,45.0
755,이상범,0627,KHKTW05,KR1,51.724137931034484
756,슥 넨,KR1,S A C,KR24,50.0
757,하늘맛시나모롤,KR1,T1 Chovy,2208,53.84615384615385
758,FrozenCry,KR1,멋있는 ID,KR1,53.333333333333336
759,FrozenCry,KR1,온수동 ISTJ,KR1,53.84615384615385
760,뢰명진,KR1,jparkitrighthere,KR1,80.0
761,낙 진,KR1,게임을할때에는,KR1,46.666666666666664
762,나는야유진,KR1,부쉬 안 애쉬,KR1,30.0
763,형빈이따까리,KR1,3333333333333333,h1101,85.71428571428571
764,사랑해요이건영,KR1,리신장인 마준영,KR1,66.66666666666666
765,지리미,KR1,켈롤로,동그래미,71.42857142857143
766,강 늑,KR1,만 덕,만 덕,60.0
767,단단김묵직,KR1,유자비,MID,33.33333333333333
768,엽도리,KR1,홍난당,까불면,50.0
769,슨 엠,KR1,탑쿠키,KR1,77.77777777777779
770,김릴파의애완박쥐,KR1,혜지는똑땅해애,KR1,47.61904761904761
771,혬니가살려볼께,오빠차이,혬니랑함께라면,언니차이,88.88888888888889
772,14159265358,KR1,기달 고추,KR1,53.333333333333336
773,야 응 칠,KR1,쉽게쉽게,KR 1,76.47058823529412
774,복드라이브,VOK,초코라떼먹고싶당,KR1,58.333333333333336
775,귤 통,KR1,이준뽕,KR1,44.44444444444444
776,귤 통,KR1,레드두개먹을래요,KR1,66.66666666666666
777,추나카,KR1,새싹의세계,KR1,27.27272727272727
778,정 훈,0802,미드는 박튜브,KR1,40.0
779,피자나라수혁공주,JMT,김치치즈도리아,JMT,70.0
780,금 호,KR4,Daisy,coco,45.45454545454545
781,죽기직전,dustn,Peyz,100,44.44444444444444
782,티모버섯으로캐리,KR1,죄 송,죄 송,41.66666666666667
783,재성2,KR2,왕만두왕짬뽕,KR1,45.45454545454545
784,GaeSiBalNom,KR1,전상독,KR2,83.33333333333334
785,GaeSiBalNom,KR1,마루는 다이농,KR11,58.333333333333336
786,캐 리,KR465,이게팀게임인가,KR1,70.0
787,카리나타,KR1,쳐박는데 막오름,KR1,55.00000000000001
788,뽀정이,KR1,Blue,87967,42.857142857142854
789,이휘전하,KR1,팀운차이전망롤겜,KR2,43.75
790,뇽 뇽,1115,김빠진용조,KR1,63.1578947368421
791,뇽 뇽,1115,짜장빵,KR1,36.36363636363637
792,mohage,0 2,친칠라,명탐정,46.666666666666664
793,ADWARD,KR1,맹 현,hyeon,25.0
794,ADWARD,KR1,굳건맨,최후의명작,57.14285714285714
795,러버덕 꿍해쪄,KR1,LNG Kanavi,KR1,46.15384615384615
796,고건 미안하다,1234,다람쥐인간,KR33,60.0
797,전효원,KR1,라인꼬이면 져라,SJ1,53.333333333333336
798,ONZED,KR11,개망나니,KR 1,33.33333333333333
799,MP4,KR0,xkffldidnjscoa,123,69.23076923076923
800,내닉은끊어지지않,KR1,Light Green,KR1,52.17391304347826
801,이걸끈다구,KR1,곽 권,KR1,72.72727272727273
802,02 이창호,KR1,찐 민 띠,9194,45.45454545454545
803,김하성,CODE,힘들어도꼭버틸것,KR1,45.45454545454545
804,머리는차갑게맘은뜨겁게,KR2,정당자 고추,KR1,55.172413793103445
805,히로혜린,KR1,쥐포친구막포,친구여포,52.94117647058824
806,unknowns,kor1,바텀차이,GAP,53.84615384615385
807,한남 김민우,2568,설효림,별Ol삼샵,50.0
808,선모와 윌럼프,KR1,발목부스케츠,kr7,57.14285714285714
809,앞 태,KR1,상 티,2285,69.23076923076923
810,supergate,Korea,도란의 트포,KR1,36.84210526315789
811,rnlrnlrhlrhl,KR1,밝기조절내컴퓨터,3587,52.17391304347826
812,현 욱,5020,Cloud,5020,64.28571428571429
813,Last Dance,Team,심술두꺼비,KK1,76.92307692307693
814,Leaper1,최기명,김해빈,0220,51.724137931034484
815,엽 아,KR1,달콤tv,KR1,36.36363636363637
816,lol goddam,KR1,L P S,KR1,40.0
817,포 탑,자동사냥,헤드샷,자동조준,47.05882352941176
818,끄이끄이,2909,멘탈관리못해요,KR1,46.666666666666664
819,영암 원펀맨,KR1,Swanlx,KR1,66.66666666666666
820,DARIKING,5546,초코우유가진리라는사실,04120,50.0
821,창녕홍준표,KR1,스타대장김상엽,KR1,66.66666666666666
822,인지적부조화,KR1,사람이없네요,7307,58.333333333333336
823,민예서,KR1,Keria,8799,55.00000000000001
824,INK,KR2,재 현,kor,48.148148148148145
825,얼굴에싸주라,KR1,C0C0C0C0C0D,Kr2,50.0
826,공포의 쓴맛,aaa,검찰개혁공수처,KR1,63.63636363636363
827,망설임만 없는자,KR1,나랑하면필승임,KR1,64.70588235294117
828,숨이 죽은 배추,KR1,봉구스박보검,KR36,44.44444444444444
829,갱 와봐 당해주나,KR1,x3x,0070,83.33333333333334
830,금정신동현,KR1,예 니,777,16.666666666666664
831,각성 서경민,KR1,교피루,KR1,41.17647058823529
832,도 엠,KR1,매력능력,KR1,66.66666666666666
833,꼬우면닷지해라,123,Suyya,KR1,73.33333333333333
834,찰토끼,KR1,우소우소짱,111,57.14285714285714
835,타릭남친이즈,KR1,Oner,아니에요,80.0
836,App God,기억찾기,앞만보고판단,KR1,62.5
837,abc11,1111,허 아,kr99,58.333333333333336
838,채수민,kr2,유 령,arpeh,52.94117647058824
839,왕와아왕와아왕아,KR1,제바나나,KR1,52.94117647058824
840,왕와아왕와아왕아,KR1,킴바나나,KR1,81.81818181818183
841,아야츠노 유니,재 해,주인공에게 시련을,9999,60.0
842,미안하다 말로해라,KR2,시간지나면,KR1,66.66666666666666
843,꾸릉이빵댕이,KR1,87세나종우인생최후의어그로핑퐁,KR22,69.56521739130434
844,작 교,rk1,이긴 은혁,ROKMC,62.96296296296296
845,Afecto,2007,Shinomiya K,KR3,46.666666666666664
846,주유쿤,KR1,겜을접어야하는디,KR1,56.25
847,Q1776707802,KR1,십사검희,xxzz,91.30434782608695
848,六道仙人,CN3,Xxxxxxxxxkxxxxxx,xxxxX,38.095238095238095
849,간질오,KR1,최고순,kr777,62.5
850,내잘못이야미안해,KR1,sdase12k4a89sd,KR93,45.45454545454545
851,규쓰이,0427,つOωOつ,εïз,70.0
852,성아조,KR1,지돗개,KR1,52.94117647058824
853,성아조,KR1,뽀로포로,KR1,54.54545454545454
854,제 발,이겨줘,해 봐,지켜줄게,65.0
855,전우치님,KR1,노장은 죽지않는다,1999,61.53846153846154
856,LuLu,ffff,Fatal,KOR,60.0
857,잠지는공주의숲속,KR1,KHLee117,0117,40.0
858,바 밍,Bomb,늑대에게 선택받은 자 스웨인,KRI,55.00000000000001
859,정병멘헤라남,파오후뚱남,유기해봐죽을게,KR2,31.25
860,간절해 내게와줘,KR1,또 그 라인이야,2020,64.0
861,폐리카나,KR1,너 그러다 뒤져요,KR0,70.0
862,폐리카나,KR1,sup세라픽,KR1,70.0
863,제육잘볶는 룰루,맛 집,돈많은친구들이정이많아,1052,56.25
864,kokoala77,9339,옥동자,OK1,54.54545454545454
865,개감수,0101,Stey,KR1,77.27272727272727
866,동 민,03a,킹뱅크,KR 1,45.45454545454545
867,always sacrifice,KR1,흥미가 떨어졌어,KR1,68.18181818181817
868,주차전문가,kr0,돌아온탕아헌선생,KR1,51.85185185185185
869,로그보태기,KR1,91년생티모장인,KR2,60.0
870,장래희망 쵸비,KR2,선 우,0121,58.333333333333336
871,미안 던져볼게,KR1,Hensu,KR1,81.81818181818183
872,would of lol,KR1,hhggyy1206,1206,56.52173913043478
873,Call Ma Names,KR1,짱 구,19326,60.0
874,안전불감증,안전불감증,니게룽다요,구라띠,44.0
875,검   사,KR100,롤렉스는 안돼,KR1,60.0
876,밥 텅,KR1,12345678del,병 충,54.54545454545454
877,늙어 지친 남자,KR1,상한귤,KR2,50.0
878,Cog1LMo,Hello,190701,KR1,78.57142857142857
879,Wither Herb,KR1,우리는 아름다웠기에,KR2,63.1578947368421
880,세 연,KR2,똥지린예수,001,57.89473684210527
881,가장 큰 위험은 위험없는 삶,7771,메루시보구,롤접음,100.0
882,태풍 종다리,2024,우직하게전체차단,고추맨,64.0
883,김민지,저에요,가야동 페이커,KR1,70.0
884,샤이번,KR1,멸 준,KR2,69.23076923076923
885,간단한거야,so ez,오볼리,KR1,75.0
886,옹 자,KR2,귀여운양,평취주루,61.53846153846154
887,Panvale,KR1,그냥뺄걸,KR1,50.0
888,saddas,KR1,Letuda,KR1,67.85714285714286
889,oH 바,KR1,애교천재고양이우리아들이름은블랑,BLANC,54.54545454545454
890,브라키오사우르스,연무동,명탐정 코난,170,71.42857142857143
891,This is 야스오,KR1,봄 잉,0930,66.66666666666666
892,짱귀요미김철민,KR1,발부에나,KR2,57.14285714285714
893,화려한 솔로킬,하모예,오시돌이,KR1,31.57894736842105
894,왕자 지현태,Tae,不死大魔王,KR111,58.333333333333336
895,해킹좀처리해라,KR1,롤린이 현영,KR1,56.666666666666664
896,23범,KR1,오큐리,KR1,66.66666666666666
897,닥치고벨트차,KR1,로밍간다호응해라,KR1,60.0
898,감전철거드레이븐,k r,夢魔者,k r,53.84615384615385
899,이만큼소중해정말로,1120,IIIlllIIll,su1,60.0
900,GRF Sword,KR2,Temu Peyz,무료배송,42.857142857142854
901,정숙한용,KR1,케익의 평화,AKMU,57.14285714285714
902,하 율,hayul,유 담,hiyo,41.66666666666667
903,미움받을 아이,0000,chaeheejoon,KR1,66.66666666666666
904,무엇이 이 하늘에 닿을까,0409,baxk,KR1,27.27272727272727
905,무엇이 이 하늘에 닿을까,0409,초낙k,KR1,50.0
906,노란 Jay z,KR1,디태일 좀 살리자,디테일,80.0
907,잠자는 왕,KR2,Kuby,KR2,67.85714285714286
908,조화에요,조아해요,말 랑,0823,73.91304347826086
909,현상금 사냥꾼 렝가,KR1,Shalltear,KR1,50.0
910,칼리스타 오너,KR1,현수야놀자,KR1,50.0
911,말랑백구윈터,KR1,15s,KR1,38.46153846153847
912,EsjSmjJgh,KR1,잭스친구 JACKSON,KR1,52.94117647058824
913,EsjSmjJgh,KR1,정글차 딱 대X발,KR1,61.53846153846154
914,Fakre,KR4,이쁘니,KR123,64.28571428571429
915,Thisis50,KR1,파워서플라이,KR1,60.0
916,Thisis50,KR1,소담하다,1212,60.0
917,강민준,999,Rokudenashi,ただ声一つ,72.72727272727273
918,F점멸만 조저요,KR1,청와대문도박사,KR1,58.620689655172406
919,Xayah Luv,KR1,량 옹,ISFP,41.66666666666667
920,Hell Joseon,KR1,미 정,0423,54.54545454545454
921,애기버기,KR1,Jaedeok,KR1,20.0
922,뎃 킹,KR1,니도구쩔더라,TOOL,53.333333333333336
923,내잦이는황금잦이,KR1,이경딘,KR1,61.111111111111114
924,밍  여,KR1,de123,KR1,57.89473684210527
925,밍  여,KR1,씹떡맨,KR1,54.54545454545454
926,동이퍼,KR1,이게 힐링이지,KR1,45.45454545454545
927,트롤왕,KR10,인더북,KR1,66.66666666666666
928,뭉 가,KR1,하 늘,KR01,40.0
929,Winter,VHXG,Chama,Gr22,47.61904761904761
930,윤드로저,KR12,브랜드교과서,brand,64.0
931,사회적 두리거기,KR1,양벌통,KR1,95.83333333333334
932,먹구름,123,왜나만안돼,KR1,43.75
933,자이로스윙,KR1,망원동오너,KR1,51.85185185185185
934,뉴욕 거북이,KR1,배추가좋아요,KR1,68.96551724137932
935,벚 꽃,gosu,썬 콜,썬 콜,53.333333333333336
936,Jin Air TaNa,KR1,VicaL,5965,60.0
937,아갈장군,KR7,빵빵아 밥먹자,배고파,53.84615384615385
938,Akaps,전설의심지,다소 늙음,kr111,64.70588235294117
939,이유는있을거아냐,KR1,도구덕모,KR1,36.36363636363637
940,이유는있을거아냐,KR1,구원해주세요,guwon,60.0
941,공중에 뜸,상태이상,공중에 뜸,1SEC,70.0
942,th레sh,KR1,JDG gram,KR1,40.0
943,틸 모,KR1,Smile,miso,57.692307692307686
944,태 환,KR2,CELLENIQUE,KR1,85.71428571428571
945,미친만두,KR2,주어꾸억주이,KR1,56.25
946,어그레SIBAL,KR1,살려쥬라기,0000,50.0
947,밍 누,KR1,AD Carry,KR5,76.47058823529412
948,밍 누,KR1,늙은 원딜러,KR1,46.15384615384615
949,흙묻은칡먹은닭잡은삵,asd,으랍쇼,KR2,64.70588235294117
950,내이름이진딱,KR1,죽기장인,아제발,48.148148148148145
951,나와내이웃에게,KR1,월1000백수,KR1,42.30769230769231
952,5세현,KR1,양끼리3센치,양끼리,61.53846153846154
953,떡chill생각만 하는 김중호,칠가이,Selene,ch74,47.368421052631575
954,RPK 역행,1999,가 을,한가을,30.0
955,굵고단단한도끼,KR1,칼챔안해요,사실함,60.0
956,우리집도카카오바이크되게해주세요,kakao,현 우,kr22,71.42857142857143
957,x볼빨다 싼춘기x,KR1,쥐 여 워,KR1,54.54545454545454
958,쇠퇴기찬,KR1,vvint9r,888,60.0
959,آلة الجنس,KR69,대포알봉,KR1,56.666666666666664
960,포 로,2627,1픽얼굴내얼굴,KR1,76.92307692307693
961,후픽솔킬이범인,1111,순양맨진성준,KR1,57.14285714285714
962,zheuisa,KR1,백정의삶,7777,56.00000000000001
963,나졸리거든,KR1,YEOUK,KR1,40.0
964,전성하의오묘한발차기,전성하,한국대표백수,0423,46.15384615384615
965,아안먹,7468,Blue,kwb,63.63636363636363
966,간다따라온나,KR1,최지원,1999,58.620689655172406
967,Charlieputh,3064,칭찬 격려 배려,KR1,66.66666666666666
968,춘밑마,KR1,군 들,KR1,61.53846153846154
969,크레이님,9999,Xi7l,qqq,39.285714285714285
970,박경표,KR1,룰루랄라,작아져라,46.42857142857143
971,무시무시한복숭아,hmm,직스똥꾸멍에폭탄,KR1,47.05882352941176
972,게임못하는사람,kr2,Overcome7,KR1,66.66666666666666
973,Deft,KR0,Seum Dero,KR0,57.14285714285714
974,끼루룩끼루룩,3447,말걸지마세요,대꾸안함,80.0
975,Xi7l,qqq,크레이님,9999,43.333333333333336
976,鸡公煲鸡公煲经过我的胃,麦当劳,左手的锤子保护右手的花,斗罗大陆,69.23076923076923
977,주 밥,KR1,거 거,KR1,43.333333333333336
978,채팅치지말고겜하자,ddd,입열지말고겜하자,ddd,46.666666666666664
979,원딜폭주족,0112,아이스 아메리카노,5014,45.45454545454545
980,양홍열,KR1,가위든니달리,KR1,66.66666666666666
981,명반행동,blond,왕구리,kr2,31.25
982,어쩔수없잖아 세상은 잔혹하니깐,미카사,아무것도 버릴 수 없는 사람,1234,52.38095238095239
983,히  또,현숭이,火 影,004,37.5
984,Rocher,300,석 나가면 유준,0821,50.0
985,소나 vs 그라가스,5877,짙어진 R,KR1,83.33333333333334
986,qkrdhksgh,25th,크리스티아노메시와리오넬호날두,호메날시두,33.33333333333333
987,zl존다크재훈,KOR1,쪼 리,등 장,75.0
988,Tayod,ddd,Qian Xun,111,55.55555555555556
989,기 인,하 늘,채팅안칩니다 말 걸지마세요,3587,77.27272727272727
990,약점체크 드릴,7423,감자 껍질,KR1,62.96296296296296
991,only Tanking,0317,unforgivable,KR1,54.54545454545454
992,아동센터 대장,ljh,삭 기,tkrrl,31.25
993,LOFi,1024,정찬묵,KR1,57.14285714285714
994,Deft,小挽心,accccbbbbbaaaaaa,KR999,50.0
995,정글은 백정 서폿은 도구,2009,Die4Guy,0101,65.21739130434783
996,멍 멍,짖 어,주문은 토끼입니까,코코아쨘,43.333333333333336
997,은서콩,다주거써,일단나점프할테니까뒤좀봐줘,zac,56.666666666666664
998,대상혁팬티도둑,신상혁,HAPPY,데이식스,44.44444444444444
999,1game1ciga,jojo,Syndicate,KR3,61.111111111111114
1000,Motoyuusha,moto,기적논증,KR1,61.904761904761905
1001,뚜루루빵,KR1,바 둥,바둥단,66.66666666666666
1002,이원재,kr2,경상남도,666,40.0
1003,대한민국군대들지금까지뭐했노이기,stone,윤진성,kr2,52.94117647058824
1004,폴 포그바,충남대,영 진,КR1,63.63636363636363
1005,자라나는검은새싹,KR2,윤여환내이름석자걸고해,0000,27.27272727272727
1006,펭도리,포켓몬,꼬부기,0308,47.05882352941176
1007,오산 거주 롤대남,1206,광주 거주 롤대남,7777,56.666666666666664
1008,기 회,KR92,Emit,1234,40.0
1009,어린 시절의 꿈,0001,탑에사람살아요,88488,83.33333333333334
1010,아니1,jojo,Witch,857,42.857142857142854
1011,아니1,jojo,不要抓悦悦,1001,40.0
1012,광주 거주 롤대남,7777,오산 거주 롤대남,1206,50.0
1013,Flow,Just,Glyph,7040,41.66666666666667
1014,산나수,0607,늘 꺾인 마음,KR1,56.00000000000001
1015,엔터키뿌숨,K R,말 라 크,K R,50.0
1016,領域展開,MID,달 렛,KR1,58.82352941176471
1017,不要抓悦悦,1001,무봉중검,重剑无锋,65.51724137931035
1018,余命宣告,0830,푸림이아빠,김푸림,53.333333333333336
1019,Bhauer,2525,개구쟁이 노혈래,KR1,50.0
1020,프렌들리,9919,수준개bs,KR1,50.0
1021,나혼자만레벨업,나혼자,A heroic hero,KR1,61.904761904761905
1022,Nut Top,2002,hebi,0823,55.00000000000001
1023,레 렐,렐랠렐,건강한소환사님,KR1,54.54545454545454
1024,Artias12,KR1,크게꺾여버린마음,KR1,70.83333333333334
1025,찡얼찡얼 앵무새,찡얼찡얼,두데지 목장 주인,두데지렁이,72.72727272727273
1026,노정택,KR2,신 느,KR1,66.66666666666666
1027,Ong,wort,아 젱,KR1,57.14285714285714
1028,어제보다나은오늘,LIFE,김언호,KR12,55.55555555555556
1029,무봉중검,重剑无锋,不要抓悦悦,1001,66.66666666666666
1030,anheq,3326,JKL Fan,31117,54.54545454545454
1031,김뭉먕,뭉먕이,설효림,KR223,30.76923076923077
1032,한 번만 끌려줄래,그랩원툴,2024년7월1일전역,KR1,61.53846153846154
1033,빨간망토맛토스트,kr0,개패줄게,3626,60.0
1034,dopamine,33333,넌밑에있을때이뻐,인정받,65.0
1035,AyaseHaruka,KR2,胜不骄 败不馁,zypp,42.10526315789473
1036,lIIIIIIIIII,IlllI,박민주,귀여워,69.23076923076923
1037,TFE 트포이,KR1,나빵이,KR124,44.0
1038,오복련,0607,늘 꺾인 마음,KR1,51.724137931034484
1039,방 가 루,봉 봉,Mid xerath,제라스원챔,82.35294117647058
1040,준영영영영,KR1,도구말좀들어줘,KR1,43.75
1041,이상혁정지훈정상길남궁환렛츠고,kr999,굽네배달원,KR1,30.0
1042,Fury,SSG,광동귀환,KDF,57.14285714285714
1043,박치기공룡입니다,0000,쉬운것이라곤아쉬운것뿐,7777,50.0
1044,쉬운것이라곤아쉬운것뿐,7777,박치기공룡입니다,0000,50.0
1045,노 건 영,NGY08,披荆斩棘,JUJU,50.0
1046,코쿠시보우,9709,Thk about U,KR2,53.333333333333336
1047,patienceiskey,1253,옥 순,세최묘,80.0
1048,묵언수행,0925,묵언수행,0926,56.666666666666664
1049,섬모희,0607,늘 꺾인 마음,KR1,55.00000000000001
1050,박치기공룡,KR00,삼랑진,KR1,58.82352941176471
1051,박치기공룡,KR00,GODS,NJZ,60.0
1052,勸善懲惡,zypp,피 로,Day,100.0
1053,지우개,KRl,카와이레너드,0406,50.0
1054,광동귀환,KDF,Fury,SSG,56.52173913043478
1055,xiaoganguo,lll,acca,cca,61.111111111111114
1056,찡찡이mom bomb,kr2,Rookie,MID,64.70588235294117
1057,Kyrie Irving,kr10,강우민,0830,38.46153846153847
1058,새 우,mnn,걷다보니벌써,겨 울,55.00000000000001
1059,87세박옥춘할배인생최후의카이팅,KR2,김겨리06,KR1,38.88888888888889
1060,리 퍼,1004,king paca,KR1,60.0
1061,원 딜,아 기,ap most pick,KR1,92.85714285714286
1062,smile,yaha,フリーレン,猫猫qvq,52.38095238095239
1063,라이전의악마거리조절의,KR3,먹보 수길,KR1,73.33333333333333
1064,여 우,웅 수,Karina,331,72.72727272727273
1065,앵 두,КR1,コリラックマ,づへど,38.46153846153847
1066,아스팔트박치기공룡,kr2,뿌르뚜쥬르,KR1,64.70588235294117
1067,이즈리얼만하는계정,ezrl,跳梁跋扈,fleta,59.25925925925925
1068,Юми,냥  냥,운 명,4050,47.05882352941176
1069,무직백수배규이,스팸구이,무직백수김거녕,배규이,30.76923076923077
1070,무직백수배규이,스팸구이,김거녕 키우기,뚱냥이,30.0
1071,전민경,1234,아스널,KR11,57.14285714285714
1072,규창씨,KR1,           YSLLL,KR1,62.96296296296296
1073,티팬티스폰지밥,kr24,쥬돌이,KR1,21.428571428571427
1074,야생의목이버섯,5908,Shako,911,54.54545454545454
1075,러 브,S 2,Happy,A32,66.66666666666666
1076,미드가 지면 정글탓,1211,발이나먹어라,KR1,38.46153846153847
1077,돼지보이,132kg,민주바라기,KR722,66.66666666666666
1078,돼지보이,132kg,3miaohoushanile,lulu,81.81818181818183
1079,나무킹,우드득,운이 전부,0423,59.25925925925925
1080,純靈魂對話,bye,DOG4444,6106,61.53846153846154
1081,IllIllIlllll,qsaz,IllIllIllll,zczxc,50.0
1082,겜도못하면뭐잘해,돈잘버니,동구여중꽃미녀,KR1,57.14285714285714
1083,Lanos,KR5,곰젤리파두목,KR1,63.33333333333333
1084,스물다섯번째밤,KR3,sibarsegi77,KR1,66.66666666666666
1085,빙 하,둘 리,화기중대엄지원,KR1,74.07407407407408
1086,NAVERGIVEUP,WIN,미친과학 자직스,boom,72.41379310344827
1087,JustLikeThatKR,8629,한폴낙 도 낙이다,50000,64.28571428571429
1088,부천나라배달공주,라이더,아이에스티제이,KR1,60.0
1089,헤카림두개골덮밥,kr2,먹색그림자,KR1,54.54545454545454
1090,Emperor,KR4,yayk,STRBY,66.66666666666666
1091,나 이휘성 아니다,0113,머그호랭이,3121,40.0
1092,나 이휘성 아니다,0113,수 호,기 사,64.28571428571429
1093,scsd,wywqd,暹罗猫,baby,64.70588235294117
1094,맥날더블쿼파치장인,7777,화염독성학,KR1,46.15384615384615
1095,메피스토,펠레스,흥분돼서폿아,KR1,45.45454545454545
1096,메피스토,펠레스,으 앓,KR1,45.45454545454545
1097,qqqqq,wywq,tweetypie,2006,52.63157894736842
1098,요 미,0301,야 미,0301,53.333333333333336
1099,Zhitao,QAQ,딸타가먹고싶은이지형,완병철,80.0
1100,핫플짐,KR 1,괴물쥐,1277,66.66666666666666
1101,핫플짐,KR 1,졔드킹,KR1,46.666666666666664
1102,푸르미르,0420,꼬발이,KR1,47.368421052631575
1103,SESCO,벌레박멸,나는카정너는걱정,KR1,43.75
1104,임준휘,0821,킁킁이,킁 킁,50.0
1105,정예진따까리,잘할게,뜨 엥,1020,61.53846153846154
1106,단테 파우스트,KR1,완벽한 일격,우주류검술,46.666666666666664
1107,아이스아메리카노,카페라떼,프링글스,1234,56.25
1108,용현동 구마유시,KR1,도구와 백정 그 사이,KR01,50.0
1109,인성터진정신병자,rex,십사검희,xxzz,53.333333333333336
1110,저돌적,1892,엉큼한거북이,1234,28.57142857142857
1111,엄마밥줘여,KR1,霹靂一閃,네모네모,60.0
1112,백소월,백XX,피지컬 없는 플레,KR1,69.23076923076923
1113,커피한잔,123,응애애애애애애애,KR1,43.75
1114,한남심장폭격기,4241,얼 돼,KR1,50.0
1115,冬 眠,hao,CAQ神德,dadi,36.0
1116,전생의 업,건실하게,진찐찐찐진진,REAL,61.904761904761905
1117,リブンタロン,ITRYY,Black Hamster,KR1,47.82608695652174
1118,RNineT,0424,거품많이,KR1,58.333333333333336
1119,tianxiaweigong,0312,桜流し,101,45.45454545454545
1120,이리재미뗘재미뗘재미뗘,이터널리턴,장경철,1818,45.45454545454545
1121,你好1,你好 1,아이스팀 카서스,123,60.0
1122,hbinaaa1,0810,마딱이까지뮤트올,kr2,75.0
1123,자 크,kor11,이쁜가현,KR1,76.92307692307693
1124,오공자,KR1,엔 따,KR1,36.36363636363637
1125,beanoo,0331,LY june,KR1,68.96551724137932
1126,소년가장 원딜,7185,단무지 두 장,KR1,70.37037037037037
1127,자몽허니블랙티 벤티,스타벅스,아이들을 위해,KR0,60.0
1128,괴물쥐,sexy9,기석두,KR2,70.58823529411765
1129,Rando,777,암흑의별쓰레쉬봇,KR1,76.92307692307693
1130,Rando,777,새로운 나,치 우,76.92307692307693
1131,안녕 나는 주리미,미생물,오구리,GEN,58.620689655172406
1132,내가 다 미안해,SAD,여 자,계 집,83.33333333333334
1133,ice,yuy,wobutaijide,8822,46.15384615384615
1134,냥냥이,9918,집 사,1903,60.0
1135,집 사,1903,냥냥이,9918,60.0
1136,대 고 츄,TOP,카투차,KR1,50.0
1137,엔비 데마라,1111,S2erkoy,KR1,51.724137931034484
1138,무색무취,7853,받아친다,KR1,73.07692307692307
1139,깅동웅,2222,안녕하욤,KR1,63.63636363636363
1140,고양이두루치기,0109,Puff1129,KR1,44.44444444444444
1141,매너롤유저,KR1,숟가락제조,KR1,59.09090909090909
1142,서은뉴냐,0815,thisx2woo,KR1,81.81818181818183
1143,오늘도나혼자홀로,kr3,갱공구,KR1,63.63636363636363
1144,돌아온킹정석,KR1,침착하고여유롭게,카이팅,61.904761904761905
1145,본진기억이안나,look,바토쫄병,동그라미,50.0
1146,아뿔싸대마왕,KR1,자라도리,KR1,64.28571428571429
1147,아뿔싸대마왕,KR1,용찬우,Neo쎄용,38.46153846153847
1148,큰 실력 차이,asd,엄성호,KR1,69.56521739130434
1149,그대가그리운건지그때가그리운건지,KR1,알록달록 해커 아크샨,KR1,80.0
1150,조선제일검,owo,하나코 나나,KR2,43.47826086956522
1151,말랑카우 꼬집기 5단,비틀고싶네,바텀개,개서연,73.07692307692307
1152,즐겜용,0720,공협지,kr7,52.38095238095239
1153,엄성호,KR1,춘천남부초등학교,KR1,66.66666666666666
1154,가치없는사람,0209,이오덕과이말룡의도주,KR2,70.58823529411765
1155,uuu,bbb,Blue,UZG8,35.714285714285715
1156,Reichtum,企業家,Eye of Twilight,0805,70.0
1157,잘 지내자 우리,여름날 우,규 디,넷카마공주,60.71428571428571
1158,NEXUS,ADC01,재 리,KR125,56.00000000000001
1159,쵸천지,0303,나건드리면물거야,KR1,70.0
1160,깨비드릴조7777,KR1,김상혁,1207,40.0
1161,koi no yokan,1101,whatishurt,6883,80.0
1162,미움받을 용기,슈퍼크래액,이재우05,KR1,33.33333333333333
1163,세현공쥬,KR3,귀 주 출 천 방,KR1,55.55555555555556
1164,엉덩이미남홀란드,KR1,김통하,KR1,50.0
1165,DWG Nuguri,6666,gum1412,KR1,66.66666666666666
1166,DWG Nuguri,6666,Lucid,AKAA,27.27272727272727
1167,옷코츠 유욱타,111,T1 구마유신,KR1,66.66666666666666
1168,롤은 간단하게,KR1,어지러울 빈,KR1,52.17391304347826
1169,Mauve,연보라색,이지원,КR1,73.33333333333333
1170,Mauve,연보라색,원딜연습계정,KMK,76.92307692307693
1171,이화여대최순실,KR1,171323deI,KR2,54.54545454545454
1172,저 러,KR1,zelicateszephyr,1942,36.36363636363637
1173,Zegus,KR1,킴상추,KR1,78.57142857142857
1174,물렁2,KR1,Ilikepuxxy,wkdt5,14.285714285714285
1175,신시류,KR1,봉숭아학당,KR1,80.0
1176,김뭉먕,OwO,스마일,긍준이,40.0
1177,벌레정글은핑,4275,탐스제로,300,58.82352941176471
1178,힘빼기,KR1,YxxxDx,Kxx,75.0
1179,wohui changshi,CHN1,truck,0126,42.10526315789473
1180,롤스타 둘리,호이잇,일륜화,一輪花,20.0
1181,버니즈이시봉,버니즈,하양송이,KR1,61.111111111111114
1182,e4e5Nf3Nc6Bb5,KR1,대전역빵도둑,12136,68.18181818181817
1183,ごじょう さとる,KR22,오세바리,KR1,40.0
1184,건물주가될래요,KR1,0다람쥐0,다람쥐,55.00000000000001
1185,heude,9802,양구의 아들 소방,KR1,40.74074074074074
1186,민모데99,8388,이기적인놈,1017,63.63636363636363
1187,롤박사 성도리,KR2,롤박사 제도리,KR1,55.00000000000001
1188,기 사,0902,여자임,봐주세요,80.0
1189,DRTM136,KR1,타 닭,KR1,57.14285714285714
1190,스포츠파크,KR2,Drunk text,love,63.63636363636363
1191,민트초코샬코,공주님,하나회 전두광,KR062,65.51724137931035
1192,어젯밤에난니가싫어졌어으쌰라으쌰,소방차,FLY Quad,KR24,42.30769230769231
1193,이러시면곤란해요,말예쁘게해,aleaund,hide,76.47058823529412
1194,camilo,KR1,불꽃남자 윤석훈,1524,60.0
1195,징버거가짱센주제에너무신중하다,317,ZAYN,ZA4N,80.0
1196,백일청천,KR1,로 션,KR1,68.0
1197,대두레이븐,1234,jungIe zac,KR1,43.75
1198,시럽계,시럽계,원딜애기,KR1,71.42857142857143
1199,woof and meow,KR1,쿠 키,영도리,43.75
1200,미스터마켓1 ,KR1,바꾸라고하지마,9204,69.56521739130434
1201,구름 예쁘다,KR1,winter,kr145,61.904761904761905
1202,balli03,KR1,NevergiveuP,KR7,61.53846153846154
1203,GaoJinSay,KR1,문어아사랑해I,KR1,63.63636363636363
1204,애루러,2024,앱씨봉,2024,75.0
1205,애루러,2024,myisasbttg,MYIS,75.0
1206,정희범,KR2,IlIlIlIlIlIlIlII,KR99,56.25
1207,도토리대장,へヮへ,콩순이,へヮへ,60.0
1208,고양이박이,KR1,asdfaadas,KR1,40.0
1209,고추2개,KR1,왕누나,KR1,42.857142857142854
1210,asd1123,KR1,zxzxzxzxzx,111,79.16666666666666
1211,AlwaysPlanAhea,KR1,Pmang,KR1,50.0
1212,엄무무,KR1,윽 성,KR1,68.42105263157895
1213,엄무무,KR1,배 급,KR1,80.0
1214,qwerrew,KR1,시진핑핑,KR2,57.14285714285714
1215,대 파,paa,KHM Ghost,KR1,38.46153846153847
1216,0ll0llllll0l,KR1,일산약쟁이,KR1,63.63636363636363
1217,올뮤트하고빡겜,KR1,바텀안오면대가리박음,KR721,47.05882352941176
1218,올뮤트하고빡겜,KR1,0nerr00,KR1,69.23076923076923
1219,Res Novae,0430,づッづ,0430,72.72727272727273
1220,드랍세트,KR1,S5 foundry ,KR1,100.0
1221,시 바 콩,KR2,iiilililillll,123,50.0
1222,김범수똘추새기,2000,녹슨단검,KR1,50.0
1223,김범수똘추새기,2000,토크금지,KR1,58.333333333333336
1224,모기먹는도마뱀,KR1,파리먹는도마뱀,KR1,50.0
1225,Radiohead,Gods,2023년 겨울,KR1,37.03703703703704
1226,파리먹는도마뱀,KR1,모기먹는도마뱀,KR1,50.0
1227,성하니,1776,Ambitionem,KR1,44.44444444444444
1228,성하니,1776,kkkkk,kr3,66.66666666666666
1229,덤던크,KR1,맘에안들면던지기,KR2,64.28571428571429
1230,또유니,세젤귀,무조건잘한다,KR1,64.28571428571429
1231,20학번21군번22학번,KR1,zhu ding,CN1,71.42857142857143
1232,Aug,16th,대상현,shy,53.333333333333336
1233,つoωoつ,aaa,자꾸갓,KR3,54.54545454545454
1234,김현진,0424,더 간절한 상수냥,KR1,64.70588235294117
1235,黄梁梦,EKKO,否极泰来,Nova,23.076923076923077
1236,탑은탑일뿐,KR1,새객끼,4811,50.0
1237,고길동의길,KR1,성지나,차돌이,63.63636363636363
1238,Wing,0309,지 니,7230,41.66666666666667
1239,Daybreak,3527,채팅끄기,인게임집중,62.06896551724138
1240,Rn1705,9305,예리한편이야,KR1,68.18181818181817
1241,장래희망두이팅,0712,따 오,000,46.666666666666664
1242,굴룽쇠,KR1,부영아대학가자,KR1,57.14285714285714
1243,Shield,J g,동 대,KR1,60.0
1244,위드현,4783,풍암동며루치,KR1,40.0
1245,ggaevogue,KR1,ALCARD,4211,56.52173913043478
1246,0in,KR1,아펠리오스,KR124,51.85185185185185
1247,간절함의 부재,KR1,탁지지,KR1,61.53846153846154
1248,묵찍딴딴임씨,nnn,披荆斩棘,JUJU,53.333333333333336
1249,한창 키 클 나이,000,Bust It,KR1,84.21052631578947
1250,에렌 머플러를 둘러줘서 고마워,KR0,모래마을닌자,0806,63.1578947368421
1251,홍차맛 다람쥐,masha,아침포도햇살봉봉,KR1,60.0
1252,무지 개 같은날,1818,쁘띠뽀짝 거노,KR1,52.94117647058824
1253,TES mingyun,KR1,Thor,KR1,61.904761904761905
1254,피지컬연습쓰레기,KR1,람머스가조아요,KR1,70.58823529411765
1255,波西波伊亞,CN1,내란의힘윤석열,8639,90.9090909090909
1256,알록달록 해커 아크샨,KR1,그대가그리운건지그때가그리운건지,KR1,80.0
1257,은석초등학교,KR1,이가페,페쵸비쇼가,53.84615384615385
1258,Kalah Heigaari,KR1,아 담,김성경,62.5
1259,제리는 쓰러지지 않아,불의 의지,09SUP,cat,100.0
1260,찹딸썩,KR1,치지말라고 제발,KR1,57.89473684210527
1261,Colorlist,7715,웃으며 너를 만나,KR1,71.42857142857143
1262,원 딜,0404,서 폿,0404,63.33333333333333
1263,민 석,KR4,방찬혁,KR1,57.14285714285714
1264,POEM,43th,빨리뽑는연막탄,LEAN,72.22222222222221
1265,래서펜다,KR1,닭 목장,KR1,57.14285714285714
1266,iowerjpk,KR1,예 뭐 하면하죠,호로록,60.86956521739131
1267,사도 배드로,levi,연대최고미드,11111,91.66666666666666
1268,진이커진비진카,KR1,Sload,kr2,46.15384615384615
1269,바밤바,좋아하는람,이세진,8226,50.0
1270,버태주,KR1,다 그만,KR1,70.0
1271,cantile,KR1,llliillliiillil,KR1,76.92307692307693
1272,맥심커피조절장인,KR1,병기번호 533384,KR1,86.20689655172413
1273,oUo,KR12,Trust Heart,서 준,62.5
1274,TAEHYUN,KR2,민정용,9352,42.857142857142854
1275,Diana Best,KR1,길 짜오,KR1,60.71428571428571
1276,라캄파넬라,0000,팀운지리노,KR1,25.0
1277,Not noob,KR1,역삼그래플러,1111,60.0
1278,Not noob,KR1,모 켠,1111,61.53846153846154
1279,아맞다우산,KR2,엽떡핑,엽떡핑,56.25
1280,목소리의형태,마지막잎새,linfa,KR1,58.333333333333336
1281,환경파괴의주범을알아버린 북극곰,1111,전두환,반란군,60.0
1282,shuoiezaijiana,KR2,오우현성,KR1,52.17391304347826
1283,jax king1,KR1,민영예쁘다,kr2,68.75
1284,모르는데옹,KR1,황춘숙,검버섯,56.25
1285,노루멍,KR1,nyokw,KR1,64.28571428571429
1286,아바타 파괴자,파괴자자,Anonymous1,KR1,69.23076923076923
1287,12년생 유망주,KR1,임또정,KR1,42.857142857142854
1288,성 승 욱,유성구,영 진,КR1,46.15384615384615
1289,팥붕어빵,싸만코,cb걸면d짐12,KR11,75.86206896551724
1290,소밥아저씨,KR1,MasterpieceP,KR1,50.0
1291,보라색맛솜밍,미니진,dpi1000 40,1000,45.45454545454545
1292,루돌프의종말,KR1,트주아니,KR1,68.42105263157895
1293,거미원숭이,KR1,전기톱 악마,KR1,68.75
1294,설 윤,윤아사랑해,다 히,혜 지,63.63636363636363
1295,Jiho,0404,태양보다뜨거운,KR1,53.57142857142857
1296,팀운좀 줘,KR1,MetallicA,Kr11,63.63636363636363
1297,변함없는,KR2,요 밍,KR0,76.66666666666667
1298,전라탱크보이,KRI,zzc,KR1,50.0
1299,이채영,1008,마 롱,마 롱,60.0
1300,녹 차,7777,king paca,KR1,66.66666666666666
1301,알파카,8366,알파카똥꼬,8366,66.66666666666666
1302,82세김복동할배의개지리는플레이,3710,랖 시,KR1,38.46153846153847
1303,또깡이 힘들다,KR1,포도쮸,KR1,66.66666666666666
1304,이 순 신,거 북 선,jump king,ZAC,36.36363636363637
1305,김철근,KR1,로밍서폿 노양심,KR1,60.0
1306,리자몽,1642,XwwwwwwwwwwwwwwX,KR1,53.57142857142857
1307,니이모를 찾아서,1014,정미장인,버스승객,61.53846153846154
1308,니이모를 찾아서,1014,쑴바보,쑴바보,81.81818181818183
1309,나여 차태웅,03102,비바람바다,KR1,66.66666666666666
1310,허점을노린묘수,KR1,죽밀라,kr2,60.0
1311,니블루빼먹기,KR1,베이가김,KR1,72.0
1312,압박 요청,KR1,토끼우유,KR1,63.63636363636363
1313,KHAN,sexy,범백호,호랑이,58.333333333333336
1314,강조되고반복되는소리는강아지를,KR1,니가가면나도간다,KR1,66.66666666666666
1315,승훈아 내려가자,KR1,에있힙팔,KR1,50.0
1316,10asdfq,7140,개고기중독형욱이,KR1,42.857142857142854
1317,KAIST23이동헌,KR1,신비준,KR1,60.0
1318,용주냥이,KR1,Dosik,KR2,36.0
1319,카운트다운,0415,루디아 악어크림,KR1,66.66666666666666
1320,작은골렘,작은골렘,큰 골렘,큰 골렘,57.89473684210527
1321,떨어지는데날개는필요없다,KR0,봉태군,매발톱단,57.89473684210527
1322,떨어지는데날개는필요없다,KR0,철학과 윤리를 통달한 남자,0906,45.45454545454545
1323,나에게 무슨 짓을 하시는,111,스타 개복치,123,72.72727272727273
1324,양학 죄송합니다 빨리올라갈게요,양학러,코인박사 홍철이,DOGE,72.72727272727273
1325,소보로보소,KR2,Do Mom Die,KR1,69.23076923076923
1326,조아람,1110,기 토,KR2,70.58823529411765
1327,조아람,1110,PAVA,ROTI,81.81818181818183
1328,김채원,0524,몽 동,몽 동,63.63636363636363
1329,우리 눈나,KR1,사랑해영,KR1,72.0
1330,싱글벙글스크류바,싱글벙글,도선생,칼날부리,56.00000000000001
1331,별이캔따개,KR1,lonely,kr22,77.77777777777779
1332,괴물쥐 구조대 ,KR1,두카티부가,KR2,36.84210526315789
1333,좋은소식있는데들을거냐는이재용,2234,FA 수킹,훈수킹,66.66666666666666
1334,죠때뉴,KR1,초록맘모스,0725,52.17391304347826
1335,Huyatv advance,KR1,squirt,0212,66.66666666666666
1336,나는 없어,KR1,주희봄,0000,76.66666666666667
1337,랭크 계엄령,윤두창1,Tame Impala,11112,72.72727272727273
1338,Qwon,0118,뚜상필,Udyr,41.66666666666667
1339,baoxiangui,KR1,is1,1234,50.0
1340,내 위주로 안하면 갖다 박음,KR1,우리개는안물어요,1234,47.61904761904761
1341,맛있어서쏘리쏘리신당동떡볶이스낵,00000,전격 Z작전,12323,53.333333333333336
1342,Bon Jovi,John,막 만지셨잖아욧,KR1,63.1578947368421
1343,그차리에 그시칸에,0404,lady7,1212,68.42105263157895
1344,핵버튼,KR1,김수돌,KR1,63.63636363636363
1345,나구영,KR1,혀니비니모,0517,50.0
1346,IRELKLNG,25722,크앙 나는 상어다,KR1,70.0
1347,똥망갱,KR1,Shin,Sin6,62.5
1348,강홍구1,KR1,요조숙녀 이승준,KR1,73.33333333333333
1349,똥챔교수님,KR1,나야나재방이라구,KR2,53.333333333333336
1350,정수냥,S 2,中国造假者,造假者,50.0
1351,구마유시,116,한밭대 신입생,KR1,66.66666666666666
1352,호평인,KR1,uams,KR1,27.27272727272727
1353,소없방,GAS,파괴킹,KR1,61.53846153846154
1354,소없방,GAS,파괴킹,KR2,50.0
1355,만 월,이지금,つoωovつ,KR 1,57.14285714285714
1356,임시소환사명,1116,동녘동나타날현,KR1,56.25
1357,나는 비겁해,KR1,협 업,KR1,72.72727272727273
1358,나는 비겁해,KR1,미끼리뿌우,1234,80.0
1359,현소하,KR1,그 시절 LemonTree,0418,64.28571428571429
1360,꽃 뱀,돈 줘,金荣仁,中文学院,50.0
1361,일광욕,2005,윤 호,1127,53.333333333333336
1362,Haelly,KR1,李相燁,李相燁,44.0
1363,베켄v,KR1,다람쥐 도토리 뺏기,2627,64.70588235294117
1364,Evior,KR1,구다리,0929,64.70588235294117
1365,Evior,KR1,이니시는확실하게,KR1,76.92307692307693
1366,skslekfo,KR1,김건뻥,KR1,68.0
1367,08년생 Viper,KR1,EGONZO,KR1,73.33333333333333
1368,10l0l011011l0ll1,0101,날쌘이 김쌘돌,FA1,68.18181818181817
1369,Wave to Earth,웨이비,쿠릉쿠릉붕어빵,KR1,35.714285714285715
1370,왜들그리다운돼있어,KR3,아무노래나일단틀어,KR3,41.17647058823529
1371,hungrynono,KR1,haxiya,KR1,70.0
1372,월요일,일주일,IlIllIlIIllII,KR1,61.111111111111114
1373,고도의 집중력,KR1,공석우,KR1,53.333333333333336
1374,립스틱사죠,KOR1,IXIIIIIIIIIIIIII,KR1,45.45454545454545
1375,롤토체스,실력과 운,완전 진심,KR1,46.666666666666664
1376,디 아,FOCS,Pati,KR1,78.94736842105263
1377,빡나라,KR1,츄 엘,KR1,80.0
1378,강동캣맘카페지명수배자,KR2,YASKING,KR3,40.0
1379,무적튼튼백골용사,KR1,사주봐준다면서여자번호따는공관식,dm주세요,70.0
1380,나는 만두,따끈따끈,이승현,KR1,63.63636363636363
1381,바텀개,개서연,말랑카우 꼬집기 5단,비틀고싶네,73.07692307692307
1382,697,1999,쪼렙인디말로하자,KR1,50.0
1383,gnflzkzp,KR1,뽀현이,2002,64.28571428571429
1384,화내면 치매,KR1,우              흥,이재우일베,57.692307692307686
1385,강아지 뼈다귀뺏기 장인,강아지내꺼,카리나,사우르스,72.0
1386,就月將,111,김민지,222,30.76923076923077
1387,블라디라네,31KR1,짬뽕뮹,0917,53.84615384615385
1388,꼬집어죽여버리기,99999,화장실 청소당번,쓱싹쓱싹,40.0
1389,도구가숟가락으로,KR2,Lv 1 한구리,KR1,54.166666666666664
1390,더미친놈,019,변이하면그만이야,KR1,54.54545454545454
1391,세팍님,요아정,M24,KRl,83.33333333333334
1392,쓰레쉬꾼,KR1,GetSeaBallSheKey,KR1,53.333333333333336
1393,만개한 꽃잎,KR1,야옹서윤,지켜죠,58.333333333333336
1394,우리팀 하리보,KR1,꿀 모 노,KR1,50.0
1395,조끄튼거맛있네,KR1,스오쟁이,KR1,64.28571428571429
1396,Mahp,BD4,khw1126,khw,72.72727272727273
1397,고따이준,1594,운기조식,KR1,50.0
1398,레전드리우스,KR1,두부애용,KR1,56.666666666666664
1399,안경찾는안경,1001,엉부리,부리부리,63.33333333333333
1400,무중력 자유낙하,0725,원영적사고,Lzlvz,47.05882352941176
1401,무중력 자유낙하,0725,指挥世界,명바이,66.66666666666666
1402,말랑뚱돼지,KR1,요리조리오리궁디,KR1,52.63157894736842
1403,말랑뚱돼지,KR1,말랑뚱땡,KR1,0.0
1404,우짤까르곰,KR1,Neko,空の猫,100.0
1405,달곰창,KR1,수자재지,KR1,27.77777777777778
1406,공주대장님,KR1,즐거운편이야,KR1,68.0
1407,멍청이빠꾸,KR1,NoOwlRock,Unzi,45.45454545454545
1408,희저격,KR1,사당윈터,kr12,60.0
1409,얼려주지,KR1,니 내 키 아나,KR1,68.96551724137932
1410,충성스런댕댕이,KR1,모수 안성재,3STAR,70.58823529411765
1411,우채연,KR2,겨쩐떠,KR2,63.63636363636363
1412,많이심심한망고,KR1,유 예 진,ADHD,54.54545454545454
1413,나는아닐거아니야,00000,오직 나만 믿기,KR1,47.368421052631575
1414,인생살면뭐하지,KR1,인사해조,KR1,52.94117647058824
1415,거북이국물,KR1,열심히오스,KR1,36.36363636363637
1416,밥 공,KR1,세상귀여운재용이,KR1,65.38461538461539
1417,김묵직,묵직묵직,섹시슬림케피,KR1,75.0
1418,good peng,KR1,대 무 태,0523,40.0
1419,잠 많이 잘래,123,감자마룽,KR1,37.5
1420,돌아온찐사나이,KR1,Vave,KR1,25.0
1421,키키키키키키키키키키키키키키키키,3705,제 잘못 아님,KR1,46.666666666666664
1422,알파화이팅,KR1,앵간하게재수강,KR1,50.0
1423,공화국장,KR1,sakeal,KR1,41.66666666666667
1424,허서은1,KR1,마이정글플레이,KR1,77.27272727272727
1425,베네치아,8067,난너네안믿어,KR1,50.0
1426,소환사 돈마블,KR1,버스 좀,KR1,33.33333333333333
1427,벙 쓴,KR1,기기태,KR1,76.92307692307693
1428,쮸빠삐무녜뇨,두비두밥,성심당빵셔틀,명란바게트,36.36363636363637
1429,비둘기 관리자 ,KR1,봄엶갈결,KR 1,57.14285714285714
1430,찐막승,KR1,pnpm,1235,25.0
1431,찐막승,KR1,텔 탑니다,KR1,30.0
1432,롤노잼,123,혜연2,0911,69.23076923076923
1433,스콧 맥토미니,NO39,난 슬플때 제라스를 해,123,28.57142857142857
1434,진짜멘탈약함,KR2,삼팔광땡,한끗차이,36.36363636363637
1435,wkdgh1020,KR1,후시구로 토우지,4211,33.33333333333333
1436,뭐 얌,KR1,yayo7,KR1,30.0
1437,A D,H D1,블츠의기묘한모험,Blitz,63.1578947368421
1438,오만한 침팬지,KR1,목이버섯,KM2,42.10526315789473
1439,수전드,KR1,홍대겜소20,KR1,53.84615384615385
1440,Bloomy,KR1,엄티의 등껍질,kr7,53.84615384615385
1441,콩 떡,유애나,허 니,승 헌,52.94117647058824
1442,콩 떡,유애나,SRP우산도둑이승빈,도둑년,80.0
1443,영쭌오브레전드,KR1,나 왜 지는거임,KR1,73.33333333333333
1444,고전파,개고수,채수빈,사랑해,36.36363636363637
1445,거렁뱅이들,KR1,성악과 교수,마스께라,60.0
1446,천 마,914,지렷쥬,kr2,35.294117647058826
1447,검은콩,6606,넉넉할 유,KR1,50.0
1448,검은콩,6606,민 지,blue,53.84615384615385
1449,사미라,KR40,도태된 남자,KR1,46.15384615384615
1450,감수성 부족함,KR1,01066078155,KR1,72.72727272727273
1451,sadfaced,KR1,이거 어떡하지,KR1,62.5
1452,KE1TA,KR1,생강이는진저,KR1,40.0
1453,너의그대,KR1,BURBERRYHOON,KR1,85.71428571428571
1454,ieieieieieieieie,KR1,Kia in,9915,43.75
1455,ieieieieieieieie,KR1,Lv 1 악어장군,KR1,53.84615384615385
1456,천유빈,KR1,째째한튀김우동,KR1,60.0
1457,Proper Decorum,KR1,나는야전설의개초딩꼬우면DM문의,123,43.75
1458,Proper Decorum,KR1,모코 하와이,KR1,23.076923076923077
1459,딱따부리,구리박기,선규야 밥먹자,KR1,53.57142857142857
1460,상자야,KR1,내 폴더,KR1,43.47826086956522
1461,호 건,01234,달과별,5655,45.45454545454545
1462,망나니,Daily,天上天下 唯我独尊,shine,52.17391304347826
1463,꺾지마라 내마음,KR1,서포터,1686,55.55555555555556
1464,나효진인데,gldrn,gldrn,KR1,56.666666666666664
1465,성혜원,KR1,아따가맘마다,KR1,51.724137931034484
1466,망겜의매칭주작,KR2,티모애호가,KR2,41.17647058823529
1467,I BE LIKE,KR1,꿀 벌,양봉업자,60.0
1468,I BE LIKE,KR1,구레엥,KR1,80.0
1469,Damn Game,KR2,니말이다맞아,9452,70.0
1470,Damn Game,KR2,91z,1991,70.0
1471,가슴빨고싶다,마시따,난다시왔어,KR2,54.54545454545454
1472,가슴빨고싶다,마시따,난이제왔어,KR2,36.36363636363637
1473,일간베이가,디시도 함,정이년,0729,40.74074074074074
1474,아이린,5233,AS spell,KR1,43.75
1475,아이린,5233,수제새우깡,KR1,57.14285714285714
1476,잔나미안,KR1,아진짜제발,죠민기,50.0
1477,잭시무스,잭시무스,본 립 도 생,7881,50.0
1478,오픈 봇 2호기,혜지보면오,ガブンクン,Garen,50.0
1479,크리스범스테드,등운동,다강다강다가강,KR1,41.17647058823529
1480,바선생,KR3,침착하자현진아,KR1,50.0
1481,라영준이,KR1, 송강동 쩝쩝석사,KR1,45.45454545454545
1482,허버허버젤리먹기,KR0,냥줍장인,KR1,50.0
1483,허버허버젤리먹기,KR0,아쿠알라움,KR1,60.0
1484,뒤통수맞는아낙네,8520,그냥 이렐,KR1,70.0
1485,바닥미장,기리보이,Radiohead,1219,54.54545454545454
1486,파멸의국밥,KR1,CHOI,COYG,58.333333333333336
1487,럭키밍키,KR2,자르반간장반,KR1,55.172413793103445
1488,Lilpa,6702,다락다락다라락,kr2,47.05882352941176
1489,Y E,yzyzy,바텀머리부수기,007,60.0
1490,그만때려요I,KR1,춘 식,0106,41.66666666666667
1491,그만때려요I,KR1,김말연,KR1,54.54545454545454
1492,영박민,KR1,군 필 럭 스,KR1,52.17391304347826
1493,설래단,KR1,탑에사는괴물,kr3,40.0
1494,설래단,KR1,쿠아링,KR2,66.66666666666666
1495,LAON LEE,K R,피크닉 애플,KR1,22.22222222222222
1496,아름다울 휘,KR1,장건박,잘박음,75.86206896551724
1497,너무하다 하늘아,1323,한지맨,KR1,33.33333333333333
1498,15defeated,KR1,킴 현백,KR1,46.666666666666664
1499,JWG Miju,KR1,불안초조준용,KR2,57.89473684210527
1500,75830929del,KR1,응우옌 푸 쫑,4094,53.333333333333336
1501,잘하자,KR123,먹기만 하는 아이,KR1,60.0
1502,바람은 왱왱왱,맘은잉잉잉,김수현,kor,63.33333333333333
1503,로밍가기싫은사람,KR1,지네장로,KR1,27.27272727272727
1504,시종일관,777,굉장해엉청나,KR1,63.63636363636363
1505,급식 먹는 블츠,KR1,유노사우르스,0225,64.28571428571429
1506,감타니 쇼헤이,KR1,웃으면서 하자,KR99,23.52941176470588
1507,감타니 쇼헤이,KR1,Dunkel,3333,30.76923076923077
1508,mute all,입털지마,흰색마스크,KR1,50.0
1509,태 리,0519,릭트쇼,7806,45.45454545454545
1510,PzZZang,천하제일검,Glück,ESFP,57.692307692307686
1511,송아쥐,KR1,Rosé,김시환,52.38095238095239
1512,푸른방,KR1,앵벌이버드,KR1,69.23076923076923
1513,포도잼,토스트,임재하,얼간이,40.909090909090914
1514,Monkey D Luffy,밀짚모자,니코팅,KR01,58.333333333333336
1515,김7I덕,KR1,Azubu Zoong,KR1,59.09090909090909
1516,산드라,KR1,짧은 악연,KR1,41.17647058823529
1517,세계대백과사전,KR1,황금사막,KR1,50.0
1518,정민똥꼬에성식고이추,6974,Januarius,KR1,53.333333333333336
1519,정민똥꼬에성식고이추,6974,어둠에 빠진자들을 사냥해볼까,KR12,58.333333333333336
1520,박 민 주,고우심,섹시한승주니,섹시승준,48.275862068965516
1521,환경말끔이,KR1,쭌 서,KR1,21.73913043478261
1522,기침과 화는 참지 않는다,KR2,칠봉진,KR1,45.45454545454545
1523,민듄이,KR1,빈센트 훔바훔바,9697,53.333333333333336
1524,벽넘어가면 ,KR1,티라노와트리케라톱스,강력합니다,69.23076923076923
1525,티문죠끝네,KOREA,채뿡빵이,KR1,51.85185185185185
1526,징징이,달래보던가,호들짝,KR1,39.285714285714285
1527,밍긔뉴,KR1,옆집 과부,KR1,50.0
1528,룰루소라카나미,2732,예비군 배수빈,1234,43.75
1529,말차라떼샷추가,0824,야스오주세요,KR123,50.0
1530,행복한심마니,KR1,onexn,0000,46.15384615384615
1531,행복한심마니,KR1,투신명림,KR1,75.0
1532,Erica,heath,이거일곱글자임,KR1,40.909090909090914
1533,브론즈카이사장인,KR1,꽈추킹,5772,60.0
1534,새벽 빛,KR1,보복운전기사,KR1,67.85714285714286
1535,돈 명예 여자,892,못참는댜,KR55,37.5
1536,돈 명예 여자,892,외로운 빵빵이,KR1,30.76923076923077
1537,코코넛파우더,9485,한로로,KR7,65.21739130434783
1538,메디컬실무,KR1,긍정적인 에너지,KR1,45.0
1539,릴 파,헌이1,캡틴 안,KR1,31.57894736842105
1540,꿀 돼,KR1,큭큭웃음,KR1,61.111111111111114
1541,센슨모신,KR1,닉 추,KR1,72.22222222222221
1542,한화이글스국밥충,KR1,노근대,KR1,53.333333333333336
1543,구 구 몽,1715,쑤이이,KR1,52.63157894736842
1544,리 신,df2,Hades,2500,60.0
1545,해안선,coast,toki4,0000,70.0
1546,city1,jojo,명란젖짱구,KR1,87.5
1547,탑게이,gay,異世界アイドル,IDOL,80.0
1548,땅 콩,작 콩,작 콩,땅 콩,46.666666666666664
1549,porory,KR0,또 모,또 모,100.0
1550,조은지,조은지우,부산거주중인박정욱,111,38.095238095238095
1551,덩 한,KR1,무형큐브,KR1,37.03703703703704
1552,약쟁이문도,KR 1,Solarbacca,1234,60.0
1553,허벌거덩,헤으응,장독대05,KR1,56.25
1554,허벌거덩,헤으응,베이스의 악마,0113,40.0
1555,idontwannabeyou,0000,윤석열이문재인걸이재명확히안철수,1980,56.666666666666664
1556,소하장량한신,KR1,다른 것은 없소,KR1,46.666666666666664
1557,정삼각형,KR1,냐 하,009,63.1578947368421
1558,권모술수권태성,1234,매력꾸러기,KR1,43.75
1559,형만이는다말려,KR1,빙하국콜라대장,KR1,75.0
1560,제발카정오지마,KR1,원인은정글차이,KR1,42.10526315789473
1561,칼바람만할끼야,KR1,최우형,KR1,90.0
1562,이렇게,이렇게,닉값을못하는유저,KR1,61.111111111111114
1563,보꾸지녕zzang,KR123,U1MU2,KR1,52.0
1564,아가 충일,KR1,볼베 정글,KR1,60.0
1565,넌 나한테 죽는다,KR2,우기예요,KR1,58.333333333333336
1566,조민혁최고,KR1,죽게놔둘거냐,KR1,47.05882352941176
1567,봉 봉,KR4,dlaldwn,1004,23.076923076923077
1568,영미소설및영어교육,C00,종연 피날레,KR1,72.22222222222221
1569,별빛난세,KR1,우럭생선회,KR1,61.53846153846154
1570,김도근 01,KR1,김도근 01,KR2,32.142857142857146
1571,소년가장 한경훈부캐,롤로노아,귤은 영어로 긔을,KR1,45.45454545454545
1572,교민공,0000,공민짜짜이,02442,62.06896551724138
1573,1일1솔랭,KR1,siktak,2200,60.0
1574,응니새끼발가락,KR1,큐트아린,KR1,33.33333333333333
1575,빵속에 순우유,KR1,탱글탱그랩,SASY,66.66666666666666
1576,빵속에 순우유,KR1,KFC얼음도둑조수,KR1,42.857142857142854
1577,르블린,KR1,브라우니잠만보,KR3,46.42857142857143
1578,조빵도,0224,창더기,KR1,53.333333333333336
1579,2763561305122080,KR1,애기티벳여우,귀여움,80.0
1580,TMfahdjqtdma,KR1,wuwu,adc,43.47826086956522
1581,Bin비니,KR1,binbing,KR1,53.333333333333336
1582,3cm,내 길이,만수무강하세요,KP1,100.0
1583,어둠의인도자 야스오,KR11,피 즈,8287,54.54545454545454
1584,섹하윤,0406,김따정,0307,60.0
1585,호시노 아이,K R1,총기난사 경종기원,6974,58.82352941176471
1586,호시노 아이,K R1,사랑의정훈핑,하츄핑,69.23076923076923
1587,넌이런내마음몰라,KRDM,대가리박기공룡,벨로시랩터,63.63636363636363
1588,하 냥,KR4,민둥멜둥,0880,50.0
1589,카이팅 멈춰,KR1,딜이살길이다,KR1,64.0
1590,xingfu yu aiqing,KR1,Rose,11107,68.18181818181817
1591,김연우는그라가스,KR1,쓰레기,장원빈,50.0
1592,CallmeK,KR1,Youtube RT J,RT J,53.333333333333336
1593,Red,00120,ghwls,0608,68.42105263157895
1594,김중근형법총론,KR1,감 귤,5090,76.47058823529412
1595,멂 봐,KR1,방애란,ABC,64.28571428571429
1596,퇴물 백띵현,KR1,대훈이의쌈바교실,KR1,60.71428571428571
1597,시 현,syeon,47990997del,KR1,72.72727272727273
1598,가영이물조절장인,KR1,상 현,깽 미,58.333333333333336
1599,Afortunado,KR1,죽기장인,abcd,25.0
1600,강덕기,KR1,Viper,KOR2,59.09090909090909
1601,sinerse,KR1,황태덕장,KR1,66.66666666666666
1602,밀알스킨헤드,KR1,딩 굴 당 굴,기요미,46.15384615384615
1603,추나추나추나,KR1,고려대 무빙학과,KR1,52.38095238095239
1604,いいね ツ,あい ツ,순얼해자 백지헌,백지헌,46.15384615384615
1605,짱 구,KR4,푸바오,5965,40.0
1606,탈모교장선생님,KR1,센치맨,KR1,52.94117647058824
1607,그마노방종,빈이화이팅,쭌베이,KR1,57.14285714285714
1608,문신없는덱스,KR2,던파하는문성훈,moon,64.28571428571429
1609,빡추야말좀들어,KR1,독서실뿡뿡이,KR1,23.076923076923077
1610,뽀 해,KR1,만43세화곡동박옥순,자유부인,27.27272727272727
1611,아즈사가와 사쿠타,kr2,뉘거어,7777,64.28571428571429
1612,핫식스으으,KR1,의도리,KR1,40.0
1613,zkwkdlak,KR1,매순간 의심하라,방심한 죄,66.66666666666666
1614,변기통에고래밥풀고낚시하는김명진,KR2,손아라,KR1,46.666666666666664
1615,shawnsang,KR1,HayMaker,KR1,61.904761904761905
1616,건강한준엽이,KR1,태권도인생,KR1,64.70588235294117
1617,2023 05 21,KR1,패왕건욱,김건오너,50.0
1618,김태형,rlatp,인절미,999,42.857142857142854
1619,이예은,KR111,사연있는제리,KR1,58.82352941176471
1620,문준석,3324,우암동불화살,KR1,61.53846153846154
1621,송하영,fms9,겨울이돼서야지난여름이그립다,0818,20.0
1622,신재민,KR2,Tory Burch,KR1,61.53846153846154
1623,바 람,KR928,정 현,KR12,50.0
1624,경찰청장 양정규,KR1,잔망승민,KR1,56.25
1625,죽기장인,abcd,TBMGa,KR1,45.0
1626,죽기장인,abcd,Afortunado,KR1,30.0
1627,팀운이상한사람,KR1,팬티도둑김찬영,찬영킴,57.14285714285714
1628,깜시의분노,KR1,Flower SnaKe,比翼連理,45.0
1629,혈 마,혈 교,JUGKING,고 창,36.36363636363637
1630,준거북,KR1,삼천동물주먹,KR1,80.0
1631,여주불빠따,KR3,장상진1,KR1,53.84615384615385
1632,박뽀돌,KR1,나 지켜야지 뭐해,KR1,50.0
1633,박뽀돌,KR1,방귀인줄알았는데똥이였어,0518,30.0
1634,요즘젊은것들이란,KR1,애교천점,KR1,53.333333333333336
1635,Sinkeylaw00,Jjjj9,김민군,KR1,61.53846153846154
1636,내년에볼까,KR1,divine box,KR1,50.0
1637,시팅해줘,KR1,즉석계정,KR1,50.0
1638,시팅해줘,KR1,일 석,KR1,45.45454545454545
1639,제주감귤장인,KR1,번식탈락한남충,KR1,50.0
1640,눈노핑,5961,carry plz,mukk2,80.0
1641,조명훈의 자비스,KR1,NaRco,KR1,53.333333333333336
1642,소올트,KR1,Casablanca,1229,60.0
1643,illionare 빈지노,KR1,돈절래,7917,45.45454545454545
1644,무 뇌,brain,화려한 솔로킬,K0R1,72.72727272727273
1645,냉 동 문 어 ,KR1,ABCDE0426,Mika,56.00000000000001
1646,노걸래,1999,미 드,벤치프레스,40.0
1647,형서애오,KR1,jug,KR3,64.28571428571429
1648,김승연승연,KR1,정보문,KR1,72.72727272727273
1649,Weigang,KR1,GK Dragon,KR01,83.33333333333334
1650,Weigang,KR1,NewJeans 해린,kr3,50.0
1651,브실골양학용,KR1,犧 牲,12345,44.827586206896555
1652,SuperJan,KR1,수남이귀여워,KR1,53.57142857142857
1653,Shine TnT,KR1,바 람,555,46.666666666666664
1654,허거덩,6026,아지르서폿,못참잖아,50.0
1655,스고이와야메떼,KR1,이충민,5453,40.0
1656,영향력없는라인,KR2,노 력 파,2324,46.666666666666664
1657,영향력없는라인,KR2,KAKAO톡,KR1,60.0
1658,렝 가,염 창,호승이,2654,60.86956521739131
1659,SnowFlower,1019,정EH,KR2,52.17391304347826
1660,제모약,KR1,단맛뒤집개,KR1,58.333333333333336
1661,팥많이주세요,팜하니,뉴진스 혜인,유해진,58.82352941176471
1662,팥많이주세요,팜하니,뉴진스 해린,유해진,38.46153846153847
1663,天殺星,001,나건드리면물거야,KR1,60.0
1664,뀨뀨빙수,0104,끠끼냥,KR02,41.66666666666667
1665,미필중좌킴,KR1,Ksin,KR1,65.51724137931035
1666,다 처 썰어버린다,KR1,재혁꿍,KR1,70.83333333333334
1667,Sadman,KR1,면제장인,KR1,58.333333333333336
1668,고호수,KR1,급한사람,KR1,52.38095238095239
1669,언이부기,KR1,Skeleton,isaac,66.66666666666666
1670,언이부기,KR1,Creeper,isaac,40.0
1671,chlduddn1234,KR1,GG MID OPEN,KR1,58.82352941176471
1672,Identity,KR101,카리나,1100,45.45454545454545
1673,7H소리,KR1,늘베리,KR1,75.0
1674,서포터,ssup,탕탕후루후루,귤탕후루,66.66666666666666
1675,카미카제,2811,뽀송뽀송개뽀송,K R 1,63.63636363636363
1676,종부기,KR1,지갑에십원,KR2,40.74074074074074
1677,현 뭉,KR1,난 즐거워요,KR1,37.5
1678,라인전못하는원딜러지만시팅좀,1884,克己復禮,KR111,36.84210526315789
1679,마갈의노예,KR1,부시머리뽀글이,KR1,41.17647058823529
1680,보무띠,KR1,승 한,박 논,56.25
1681,귀 여 운 꽃 게,KR1,백점만점진붕이,KR2,33.33333333333333
1682,라이너가너무밉다,KR1,짖어도안들어요,KR1,46.15384615384615
1683,라이너가너무밉다,KR1,좋애홍,1212,41.66666666666667
1684,가주들,KR1,매라씨,KR1,46.666666666666664
1685,흑 당,핫빈님,김병만,KR46,91.66666666666666
1686,카이조쿠곽두팔,KR1,까 스,까 스,25.0
1687,류고85,KR1,dlwldls,KR1,76.0
1688,쓸 려,KR1,임대차,KR1,54.54545454545454
1689,프리렌,0827,카라멜,아이스크림,81.81818181818183
1690,프리렌,0827,칼끝에피어나는꽃,512k,63.63636363636363
1691,토니킹,kr3,쪼 율,fan,50.0
1692,wodbs9597,KR2gu,팬티사라짐,KR1,47.82608695652174
1693,주당포차,KR1,갱 그리고 카정,KR1,60.0
1694,클라우드템플러,KR7,Adele,Ref,37.5
1695,검은 질병,KR1,1인분도못하는우리팀,짐승들,78.57142857142857
1696,키작아지고싶다,7738,실력으로지자마자던지는척하지마요,역겨워요,66.66666666666666
1697,무교동 매운낙지,KR1,살기장인,122,52.0
1698,아우 솔,아우 솔,기호0번김범인,KR2,43.75
1699,유제모,KR1,렉사이,KR242,57.14285714285714
1700,청년농부 오세안,KR1,럭스를 한 것뿐인데,KRKR,40.0
1701,함상완의 오른팔,KR1,둡둡바둡,KR1,53.84615384615385
1702,DRX Deft,0804,아르데타인,KR1,45.45454545454545
1703,딱 기,KR1,여자울리기장인,KR1,46.15384615384615
1704,쿼카펭귄,KR96,시골펭귄,1313,54.54545454545454
1705,성옥 아쿠아마린,KR1,Vaundy,Ngawa,67.85714285714286
1706,묵자이대장,KR1,T1 Gumayusi,SR1,60.0
1707,물리치료사,가물치,jon나 꺾인마음,KR1,55.55555555555556
1708,please bus,KR1,McRaven,KR1,64.70588235294117
1709,please bus,KR1,강민혁,KR2,53.84615384615385
1710,sdsdsdz,KR1,와딩혁,KR1,30.76923076923077
1711,애기모코코쨩,KR1,노 인,피 1,47.61904761904761
1712,Baby새,KR1,아기bird,KR1,69.56521739130434
1713,류승진,KR1,류승원,KR1,50.0
1714,도륙의신,KR1,바르고 건전한 플레이어,KR2,64.28571428571429
1715,asume,KR1,지금은웃기지,KR1,50.0
1716,나는 시바견,KR1,Helvetica,00001,54.54545454545454
1717,책상밑그남자윤혁,KR1,람구공,KR1,55.55555555555556
1718,꺾이지않는편,KR1,앞비전이자식아,KR1,47.368421052631575
1719,비니킴,KR1,탑 장군 망나니,KR1,43.75
1720,비니킴,KR1,스폰지봡,KR1,58.333333333333336
1721,칠색조,KR2,짭규직,KR1,35.294117647058826
1722,겨울은 고독해,KR1,지짱シ,0812,78.57142857142857
1723,정치하면그만한다,KR1,전자레인지,15초,45.45454545454545
1724,IlllIIllllIIlII,KR1,판단중지,KR1,20.0
1725,비둘기를알현해라,KR1,Froggie,KR1,46.15384615384615
1726,햄찌냐옹,KR1,은 섭,KR1,50.0
1727,충청남도논산시연무읍득안대,123,아니근데이거잠깐진짜내말좀들어봐,강원김창섭,25.0
1728,태 연,εïз,εïз,내남편롤킹,88.88888888888889
1729,01075734828,KR1,잘하는미드가잘하는정글을만든다,KR3,40.0
1730,쑤시는취향,kr2,때리는 취향,KR1,47.368421052631575
1731,누룽지보신탕,kkkk,땃 쥐,9999,73.33333333333333
1732,누룽지보신탕,kkkk,이 륙,2626,90.0
1733,신은없다,KR1,양스맨,KR1,54.54545454545454
1734,뀨 나야 나 쩡뚜,KR1,Choi,블루칩,50.0
1735,진구도구도라에몽,KR1,허니버터칩,스윙칩,25.0
1736,할 수 있을지,KR1,익아가,KR1,80.0
1737,함지원,1108,묵언수행,KR13,52.38095238095239
1738,백아현,KR0,롤로노아 이소희,KR1,50.0
1739,고여뽀자,KR1,꼬여보자,KR12,48.148148148148145
1740,긋바이데이,KR1,졸렬킹,KR3,51.724137931034484
1741,가온해원딜,KR1,йika,KR1,53.84615384615385
1742,아쟁왕비,KR1,알겠어 넣을게,한입만,66.66666666666666
1743,아쟁왕비,KR1,멍멍이아님,KR1,63.63636363636363
1744,예람겅듀,KR2,cute,0229,35.294117647058826
1745,Let it be,0731,면제될뻔한김수민,미필김수민,58.333333333333336
1746,나라는빠따단,KR1,강해진,KR1,57.692307692307686
1747,Dbbanga,KR1,unIucky team,KR1,39.130434782608695
1748,너의 쉼표,1115,박태성공익,2713,41.66666666666667
1749,알면뭐함,KR2,Veritas,1435,68.18181818181817
1750,스마트에듀,kr11,사람같이만제발제발사람처럼만하자,INTER,53.84615384615385
1751,고구만 맛있구만,KR1,강문박,KR1,76.92307692307693
1752,로테이로,KR1,마불함부취바라,KR1,50.0
1753,피지컬이안좋아요,KR1,공업발업질럿,KR1,33.33333333333333
1754,Glotoos,1000,Sopo,KR1,60.0
1755,다삼이,KR1,버스출발한다잉,KR1,53.333333333333336
1756,부끄럼 많은 생애를 보냈습니다,KR511,김민교의 버섯,KR1,27.27272727272727
1757,말짱쭌루묵,KR1,쭌무룩,kr2,78.57142857142857
1758,eItriation,KR1,불멸의 군주,KR1,36.36363636363637
1759,겹 찡,KR1,바텀개2,2222,51.724137931034484
1760,갓세정찬양,KR1,잘했어요,9050,57.14285714285714
1761,까 망,고양이,성심당 배달원,대전홍보맨,54.54545454545454
1762,사랑의꽃chu,KR1,박형진,KR2,50.0
1763,KOMODODRAKE,KR1,삐이버,KR1,60.86956521739131
1764,jinseo1004,1004,백연슬,KR1,30.0
1765,타이와난,kr4,타이와난,KR1,46.15384615384615
1766,일찐 코딱지,KR1,세상아덤벼라,건강하자,61.111111111111114
1767,휘 견,KR1,겸손 한 겸,겸손함,44.44444444444444
1768,first love YZ,KR1,앙코믹띠,KR1,56.00000000000001
1769,문꿀팀 전한길,KR 1,문꿀팀 오소리,milli,50.0
1770,문꿀팀 전한길,KR 1,유 쬬,KR1,41.66666666666667
1771,금광동 쏘스윗,KR1,두둠칫 둠칫,KR1,56.52173913043478
1772,12103347del,KR1,피칠갑의혈투대장,KR2,57.14285714285714
1773,공주 정글 갈게,KR1,류 키,KR1,53.84615384615385
1774,컴퓨터수리기사,KR1,서폿그랩끌기장인,KR1,53.84615384615385
1775,Pain,KR2,씹DGA,KR1,61.53846153846154
1776,늙고 병든 23세,old,서폿은 항상 못해,0607,50.0
1777,아침돈까스,KR1,1210,0225,56.666666666666664
1778,심술두꺼비,도적감성,블루를사랑한미드,KR1,47.05882352941176
1779,extxfdw,KR1,every콩콩콩,KR1,44.44444444444444
1780,공략은 감동휘,KR1,Kamdong,KR1,63.1578947368421
1781,맥날슈니언버거,KR1,리버물티슈,KR1,72.72727272727273
1782,버럭금지,KR1,니 애,KR 2,60.0
1783,일봉동사무소,KR1,챠니챠니고라니,KR1,63.63636363636363
1784,창모Boyhood실화냐,KR1,관 저 남,9717,64.70588235294117
1785,재웅잉유튜브구독,KR2,묵직단단돌맹이,0102,53.84615384615385
1786,도파민,ddd,우리의 밤을 외워요,kr3,46.42857142857143
1787,뚱땡이나,KR1,DDoDDo,KR1,62.96296296296296
1788,하이드온T1괴물쥐저라뎃페이커,쵸비쇼메이,갱온다침착해,KR1,64.28571428571429
1789,가 이,그냥고수,TINO,KR2,50.0
1790,PLB Hozyma,KR1,뚜르개,KR2,63.63636363636363
1791,청 백,호 영,윽박이너마저,KR1,58.82352941176471
1792,정글이백정이냐,KR1,세상에서가장밝은별이되어,0829,60.0
1793,멈춰돌아가,KR1,잘박는 뽀삐,KR1,63.63636363636363
1794,Ambit 李,1983,갱플랭크,4517,27.27272727272727
1795,애기인절미,절미절미,예쁘니까 봐줘,여신강림,48.0
1796,아빠나저곰사줘,KR1,내가게이라니,6207,63.33333333333333
1797,HoRiX,KR1,혜롱메롱,재 롱,53.84615384615385
1798,블레쉬봇,KR1,자동문,1004,78.57142857142857
1799,배틀기적,KR1,야발 야스,KR1,90.0
1800,03년생가챠전문,KR2,03년생 박기전문,KR2,53.84615384615385
1801,03년생가챠전문,KR2,서운한걸어떡해,KR1,63.63636363636363
1802,빼는게죽음보다싫은남자,빼죽남,말파이트일라오이,말파일라,59.09090909090909
1803,모하메드 살라,fw11,Chelsea,SKT,45.0
1804,꼬오오오오오오올,KR1,슈우우우우우우읏,KR1,53.333333333333336
1805,지하철노약자패는담당일진은가누,123,파랑쿠키,KR1,38.46153846153847
1806,具滋永,1294,짐승 이준희,KR1,41.66666666666667
1807,나를찾지말아다오,mmm,Vlolet,KR1,67.85714285714286
1808,해킹했다,KR1,나나미,켄 토,27.27272727272727
1809,벙개머리,KR1,김병현,1228,53.84615384615385
1810,안 지 원,KR 1,안 지 효,ajh,64.70588235294117
1811,안 지 원,KR 1,aaan,3258,45.45454545454545
1812,태봉양평해장국,JUG, 난 알앙,KR1,64.28571428571429
1813,태봉양평해장국,JUG,양재부,KR1,60.0
1814,wertqwert,KR1,여름은너무뜨거워,hot,68.75
1815,잠수잠수,KR0,1616800del,KR1,41.17647058823529
1816,신비닻별,KR1,oxxxix,KR1,80.95238095238095
1817,응코미,KR1,5원도둑,1999,38.095238095238095
1818,호암초,KR1,차 니,7179,58.620689655172406
1819,더 핸드,KR1,깡펭귤,KR11,47.05882352941176
1820,꼬시다,KR1,velicaluna,7779,85.71428571428571
1821,식탐 많을 나이,7500,내 이름 주호,KIM,50.0
1822,치악산다람쥐,777,안졸리나난졸려,KR1,60.86956521739131
1823,강우에요,bkw1,조용히 차분히,KR1,46.666666666666664
1824,4ever,Star,져바바,KR2,56.52173913043478
1825,2898686739269056,KR1,애 옳,KR1,21.428571428571427
1826,Acacia,Scent,BRINGMETHEHORIZE,OLY,50.0
1827,1일 1일 깡,KR1,럭 스,럭포터유저,70.0
1828,브리트니 만수,KR1,몇 초,KR 1,50.0
1829,한국인,한국인12,강원랜드숙자누나,KR1,63.63636363636363
1830,Rhdrbtlr,공규식,소년가장 공규식,sleep,75.0
1831,Rhdrbtlr,공규식,taegyun07,김태균,45.45454545454545
1832,밥다먹었다,KR33,채 은,woo,53.84615384615385
1833,정글잘못아니라고,KR1,미드 담당일진,KR1,50.0
1834,강해린,0621,페리오 주피,KR1,30.76923076923077
1835,Ni Meiyou,KR1,SpaceVector,PWM,72.22222222222221
1836,정진수개잘생김,KR1,포 비,1234,81.81818181818183
1837,지루해요응,KR1,김롤붕이,김롤붕이,63.63636363636363
1838,tony1005,KR1,박준하하호호,KR2,57.14285714285714
1839,tony1005,KR1,박준하1,KR1,50.0
1840,나이스할인마트,KR1,Dowith4,tmdgu,43.47826086956522
1841,요네세네요,거꾸로해도,안싸워도캐리해줌,KR2,73.68421052631578
1842,거짓말쟁이길,구라킹,onebaragi,KR1,53.84615384615385
1843,llliillllilii,KR1,llllllllll,2974,44.44444444444444
1844,비행기조종수조종수,KR1,귀찮게하지마,T1ADC,66.66666666666666
1845,돈들어손내놔,LOVE,LZ Cpt Jack,KR9,45.45454545454545
1846,나심전형이다,0715,정정수짱짱맨,KR1,35.714285714285715
1847,나심전형이다,0715,철한틀린,KR1,53.84615384615385
1848,舞い散る桜,花びら,물려죽은 강형욱,KR1,70.0
1849,입닫고 박아,KR1,서폿충이,KR1,57.89473684210527
1850,망고최고,KR1,겨울엔 칼바람,Snow,91.66666666666666
1851,wvwvwwv,KR1,무정자증 김세현,0000,78.57142857142857
1852,두꺼운 가지,KR1,롤린이등자앙,KR1,37.5
1853,마나없오,KR1,리신꺼내지마라,실딱이,46.666666666666664
1854,물을자주마셔,KR1,이슴슴,0914,28.57142857142857
1855,프레이,KR11,T1 Keria,KRII,66.66666666666666
1856,녹 번,KR1,티 격,KR1,66.66666666666666
1857,Bacchus,9463,왕동욱,KR1,66.66666666666666
1858,수원시섹시가이,8854,단 트,KR1,36.36363636363637
1859,도 피,天竜人,gjar,KR1,66.66666666666666
1860,켕 신,KR1,갸 신,KR1,61.53846153846154
1861,기성용드림팀,KR1,Seokdong2,kr,52.38095238095239
1862,어리고싶다,응애애,쉬뱌나,KR1,52.38095238095239
1863,회계왕,KR1,근육돼지입니다,KR1,40.0
1864,냉동푸딩,2002,leaps,KR1,72.72727272727273
1865,음악선생 리신,KR1,자리봉,KR1,72.22222222222221
1866,DMAN,0000,97년생프제짱 두경킹,kr2,66.66666666666666
1867,강고양이,0709,꼬앵기,KR1,48.148148148148145
1868,캡틴캡틴캡틴,KR1,Viper,KR655,53.57142857142857
1869,서포터,2417,SADLY,KR1,61.53846153846154
1870,심종혁,KR1,해리 매과이어,134,64.28571428571429
1871,drill5,KR1,전주효자동와꾸의신킹짱임건우,KR1,54.54545454545454
1872,똥으로죽이는남자,KR1,jaquar,KR1,57.14285714285714
1873,최진석 교수,1111,신동민훈련병,KR1,25.0
1874,나는우사인볼트다,KR1,2018 11월24일,KR1,73.33333333333333
1875,긍정근,긍정왕,갱플탱귤,rbf,50.0
1876,헤유닝,KR1,발 뽀사삭,KR1,62.5
1877,Twice롤케익,KR1,PTT,PTT12,57.14285714285714
1878,리 티,1011,난 너를 죽이겠다,KR1,56.25
1879,조힘멜,2002,빡쫑건,KR1,30.0
1880,조힘멜,2002,Mercedes E Class,KR1,70.0
1881,김유메,YUME,땅 콩,뀨리령,76.47058823529412
1882,IIIIIIIIII,DH2,Anton Chigurh,6852,100.0
1883,귀욤이 등쟝,KR1,담원 연습생,KR1,30.76923076923077
1884,버리기 장이인,KR1,갑 이,0911,53.84615384615385
1885,애기원딜왕자님,KR1,돌아이 뽕돌이,KR1,61.904761904761905
1886,수리남한인교회,KR1,김갑용,KR2,70.37037037037037
1887,미드로는어디까지,MID,달님반 혜지,KR1,70.0
1888,반짝반짝 작은별,9999,도레미파솔,KR1,51.724137931034484
1889,아주 빠르게,갑니다,WF Black Sword,KR1,43.333333333333336
1890,Dapo,6935,리청쥔,KR1,36.36363636363637
1891,Dapo,6935,싱뿌싱,KR1,54.54545454545454
1892,칼 춤,KR2,처맞자,KR3,46.15384615384615
1893,우리 냥이 커엽죠,KR1,서브웨이한양대점,KR1,40.0
1894,우리 냥이 커엽죠,KR1,몰디브,KR3,66.66666666666666
1895,김윤댕,KR1,윤김성,KR1,66.66666666666666
1896,싸우지좀마라제발,0808,괜찮아,스웩0,60.0
1897,디오니소스,바쿠스,박 쭈,KR1,59.09090909090909
1898,혓바닥맛좀볼래,KR1,별 이,0320,60.0
1899,새언약요한계시록,KR1,코리안니꺼,1234,60.0
1900,이 즈 리 얼,QQQQQ,헤르미온느,헤르미온느,50.0
1901,이 즈 리 얼,QQQQQ,나는 망쇼,망 쇼,90.0
1902,윤효근,윤효근,QUEEN,SPEED,41.66666666666667
1903,치치피어,KR1,XOXDXOXDXOXOXO,KR1,70.83333333333334
1904,도비케이크,KR1,잘벌어보자,KR1,72.72727272727273
1905,무지성 빡빡이,KR1,귀살대 오주찬,5555,56.25
1906,배고픈징조,멋진징조,난너 너난,KR1,55.55555555555556
1907,해통달사우나,KR1,imp,KOR,72.72727272727273
1908,설거지훈,KR1,그 질병,000,41.66666666666667
1909,Yamooch1,YAm,기 문,0715,66.66666666666666
1910,원 딜,트위치,채서히,1108,61.111111111111114
1911,서 응,굥서옹,단 송,KR1,58.333333333333336
1912,별을 제패한 자,이클립스,DNSM,KR1,36.36363636363637
1913,개간수,KR1,자객동,0000,45.45454545454545
1914,개간수,KR1,wtdwad,KR1,50.0
1915,양심박살,KR1,김춘배52,KR2,52.17391304347826
1916,아미흐가,2001,오 팡 씨,KR1,50.0
1917,taek,0106,박보영팬,KR2,64.28571428571429
1918,taek,0106,대동고 굄우지,KR1,60.0
1919,과일싫어요,KR1,리롤덱만 합니다,KR1,76.92307692307693
1920,나퉁명,KR1,계 네,KR1,54.54545454545454
1921,아이오보소,KR1,대시현,KR1,50.0
1922,벡 종 선,KR1,짜치기맨,KR짜치기,84.61538461538461
1923,KaRma,0625,검은고양이,네 로,83.33333333333334
1924,예수의오른팔,KR1,날 사랑하긴 했는지,KR0,59.09090909090909
1925,나도 쉽게 이기자,KR1,바다의노래니달리,KR1,52.17391304347826
1926,길요미,KR1,죽 음,KR4,58.333333333333336
1927,길요미,KR1,괴인 가로우,KR1,72.72727272727273
1928,방탄 김석진 Jin,KR1,데채외않되지,KR1,50.0
1929,나는모세,5625,SJYSYJ,KR1,66.66666666666666
1930,김훈승,KR1,최카츠,KR1,47.61904761904761
1931,나는행보카다,KR1,매우정상인사람,KR1,54.54545454545454
1932,우주최강류서폿,KR1,금쪽같은섀끼,KR1,38.46153846153847
1933,맨 솔,1267,이중구,0112,36.666666666666664
1934,누리박,KR1,엄마 불러줄까,KR1,64.70588235294117
1935,다군대간사람,나는휴학,손똥닦,7777,45.45454545454545
1936,Hot Gochoo,KR1,자기야라면좀,KR1,45.45454545454545
1937,정 인,0001,끼이잉,KR2,75.0
1938,Ho00oH,KOR,김구민,KR1,38.46153846153847
1939,과 즙 무 현,돌아버린,전남혁,KR1,70.0
1940,람브르,5999,참꽃나무,KR1,66.66666666666666
1941,IlIllIIIII,KR1,SUP노답시안함,KR1,42.857142857142854
1942,뿔버섯,뿔버섯의갓,이순신,삼도수군통,50.0
1943,SMART SUPPORT,KR1,황지미,0108,40.74074074074074
1944,양말훔친 아리,KR2,DWG Glenn,KR1,36.36363636363637
1945,양말훔친 아리,KR2,다리 잘린 다리,KR1,50.0
1946,rnldudnj,여미새,rnldudnj,나이스,40.909090909090914
1947,낭만적인 피아노,KR1,이니시열어,KR1,42.857142857142854
1948,낭만적인 피아노,KR1,불꽃남자,93653,63.63636363636363
1949,메플유저,KR1,구원의마왕,김독자,75.0
1950,Viper,0406,River flows in u,0406,43.47826086956522
1951,Real shy,KR1,긴생머리태민,KR1,45.45454545454545
1952,설이주인,KR1,사천 당원우,1234,51.724137931034484
1953,어리고싶다,25살,바텀개,KR6,36.36363636363637
1954,제 간,RX0,내머리로딩중임,KR1,65.0
1955,창렬맞음,KR1,쫄깃쫄깃곱창,KR1,57.89473684210527
1956,생활백수,KR1,돈절래,KR082,60.0
1957,김종윤,top,아기의 안마,KR1,50.0
1958,이화령,KR0,뜨끈한국밥에공깃밥한그릇후루룩,KR1,8.333333333333332
1959,dizzy,VLRT,새 벽,0223,71.42857142857143
1960,dizzy,VLRT,세상을 원망해,멸망해라,66.66666666666666
1961,잠든호랭이,KR1,고냥있는고양이,KR1,69.23076923076923
1962,꽁지짱지,KR2,YCCY,KR1,30.0
1963,방디롤,KR1,불카민호우,KR1,71.42857142857143
1964,방디롤,KR1,너는모오르지이,KR1,41.66666666666667
1965,Colline,KR1,윤정섭,KR74,66.66666666666666
1966,본리동장희민,KR1,한박자늦는사람,KR1,51.85185185185185
1967,진광열,KR1,문양반,KR1,58.333333333333336
1968,통수왕김통수,KR1,조 련,KR1,29.166666666666668
1969,강효톨,KR1,탱푸리카,KR1,65.51724137931035
1970,kenmakix,KR1,교미여왕,KR1,57.14285714285714
1971,억까하지마소,KR1,himid,악 귀,27.77777777777778
1972,126584242del,KR2,려뎡지,KR1,41.17647058823529
1973,권한솔,KR1,입열면던지는계정,KR369,33.33333333333333
1974,류도현,KR1,코밑입위,KR1,41.66666666666667
1975,제리발바닥젤리,고양이,젤리발바닥제리,고양이,63.33333333333333
1976,Kill for Nothing,KR1,냄모찌,KR1,38.095238095238095
1977,펭구임,Mk1,포순이네고구마,KR1,60.0
1978,고혈을빨자하,KR1,아르테미스,숟가락,50.0
1979,롤로노아이해훈,KR1,Seven,JK1,81.81818181818183
1980,롤로노아이해훈,KR1,망나니 인생,KR1,45.45454545454545
1981,반오십이라니,세월이흘러,높을 상 어질 현,KR1,46.666666666666664
1982,반오십이라니,세월이흘러,로프반동 아크샨,KR1,75.0
1983,아침없는삶,KR1,짱돌1세,KR1,68.18181818181817
1984,만연산붉은곰,KR1,채팅그만 게임하자,0217,58.333333333333336
1985,이 학 송,정글혐오,의문의장인듀오,KR1,40.0
1986,생명소중,KR1,불가항력,111,54.54545454545454
1987,천임범,KR1,우리 좋았잖아,사랑했잖아,70.0
1988,서대환,KR1,학식다먹은나이,KR1,53.84615384615385
1989,미 크,kr2,누누누누누누,누누누,41.17647058823529
1990,미 크,kr2,파아란유자,KR1,58.333333333333336
1991,Viperr,2EZ,Owl,No1,48.275862068965516
1992,혜지를 버린 미누,KR1,I only love you,KR1,52.63157894736842
1993,깨뤼머찐,KR1,조댕이,열지마라,64.28571428571429
1994,alexshindong,KR1,사춘기초딩,KR1,64.70588235294117
1995,버스받고싶다,BUS,보검강준현준은우,KR1,35.714285714285715
1996,버스받고싶다,BUS,ddongjangyi,KR1,30.0
1997,조금만기다려좀,KR1,99년생프로지망,KR1,55.55555555555556
1998,봄꽃가슴,KR1,혜리쓰,KR1,75.0
1999,동힝힝,KR1,갱생킹,KR1,73.33333333333333
2000,douyinlefe15,Mundo,먼치킴,3743,93.33333333333333
2001,toki4,0000,해안선,coast,70.0
2002,질풍같이싼다,KR1,매혹점멸아리장인,KR1,61.53846153846154
2003,이 브,사랑해,백가인,GAIN,40.0
2004,각성한고슴도치,KR1,줄넘기 제리,KR11,63.33333333333333
2005,문왁굳,KR1,Doublelift,ROK,52.63157894736842
2006,깅종빙,KR1,95 서폿 유망주,1995,26.666666666666668
2007,llllIlIIllIlI,KR1,현무주작,KR1,40.0
2008,훈 남,3781,sigma boy,kr123,45.45454545454545
2009,180cm70kg17cm,KR1,뽀오오삐,KR2,66.66666666666666
2010,Player,NJZ,SNU eTL,KR1,41.66666666666667
2011,불멸의 쿼카,KR1,브랜드,000,46.42857142857143
2012,장난이상의행동,KR1,이주닝닝,111,53.333333333333336
2013,wsnowman,KR1,2812948795466976,KR1,56.25
2014,wsnowman,KR1,억울한 탑솔러,KR1,83.33333333333334
2015,광명파리바게뜨비닐봉지도둑이찬민,KR1,지금 당장 원딜을 버프해라,KR10,40.0
2016,문든든,KR1,진짜 송사리,KR1,63.1578947368421
2017,히터펑순기,하사박진영,전 별,0001,35.714285714285715
2018,zed,kkkkn,백현순,KR1,42.10526315789473
2019,zed,kkkkn,굴 신,KR1,70.0
2020,뿌까떵싸쪄,KR1,귀여운내가참는다,piron,50.0
2021,피지컬x,KR1,우량묵직,KR1,57.14285714285714
2022,피지컬x,KR1,개 똥,벌 래,45.45454545454545
2023,군대안에서 롤체하기,kr2,강해린,뉴딘스,68.75
2024,수하지롱,KR2,GyulKing,3118,53.84615384615385
2025,입털면5불신,KR1,blue,3355,28.000000000000004
2026,일 표,KR1,나 한테 몰아줘,KR1,64.28571428571429
2027,Kiklapess06,Pyke,김우선,KR1,58.333333333333336
2028,ヲヲヲヲヲヲヲヲヲヲヲヲヲヲヲヲ,3166,장규진,nm1x,50.0
2029,천제성주니,KR1,UVY1129,KR1,61.904761904761905
2030,1ock,KR1,모스야 왜 모스니,KR1,100.0
2031,남탓할시간에cs먹어,KR2,공대소모임 황토,KR1,53.84615384615385
2032,라용명,KR1,녹농균,KR1,42.857142857142854
2033,는태형,KR1,나에게만보이는각,KR1,65.0
2034,친구따라 강남간다,10331,녕택GOAT,11111,60.0
2035,단구동엄택완,KR1,복어왕,KR1,60.0
2036,유 미,기여움찌유,유 미,기여운찌유,56.666666666666664
2037,TaylorZero,KR3,Taylor1,KOR,75.0
2038,아오모리,KR1,구슬정,KR1,58.333333333333336
2039,기동력의 장화,KR1,박 재 현,1111,44.44444444444444
2040,FLR미드,KR1,다소 늙음,kr111,53.84615384615385
2041,롤토체스용1,KR1,곰발바닥여우,KR1,71.42857142857143
2042,이지현등장,KR1,error 1,KR00,81.81818181818183
2043,boiled dumplings,KR4,바텀의익힘정도,9397,30.0
2044,구수한된장찌개,KR1,어쩔둥이,KR1,36.36363636363637
2045,너무어려워요,3324,고베 율,KR1,55.172413793103445
2046,포등포등,KR1,댕댕처돌이,KR1,66.66666666666666
2047,DontDoThat,КR1,모쏠아다무직거지,KR100,57.89473684210527
2048,DontDoThat,КR1,Jangel,1004,60.0
2049,도구안해요이제,KR1,찬 챙,KR1,64.28571428571429
2050,기업도시 떡상중,KR1,All is well,0704,65.51724137931035
2051,기막힌 암살자,KR1,lllIIllIIlIlll,KR1,38.46153846153847
2052,찾았따 범인,KR1,기백철,KR1,81.25
2053,찾았따 범인,KR1,홍자지컬,KR1,20.0
2054,도구은동,KR1,우오아,KR1,60.0
2055,노는게멘솔,KR1,돌교북,809,52.63157894736842
2056,호다닥 가는중,123,아임슬퍼,KR1,41.66666666666667
2057,메라스승지레쉬,KR1,스오우 유키,HGR,25.0
2058,User 원딜,KR1,눈편지,1119,50.0
2059,까만 코 사나이,KR1,리 신 주먹밥,BRB,60.0
2060,그럴까 그럼,KR1,SccarIet,KR1,57.14285714285714
2061,가나다라마바사,아자차카,밤양갱,KR9,46.15384615384615
2062,유도흥칫뿡,KR1,재수강시러,5219,46.15384615384615
2063,잉이이이이이익,KR1,죽기장인,7373,70.0
2064,통큰짱짱맨,KR1,낭만전사 이승혁,KR1,64.70588235294117
2065,당뇨고혈압문신충,123,으니우니,KR1,45.83333333333333
2066,배틀그라운드,3310,콩코스pc방,KR1,55.55555555555556
2067,안타리우스,KR1,Krylov,KR1,45.45454545454545
2068,축구는 장비빨,KR1,31491029del,KR1,66.66666666666666
2069,지나가는버스,KR1,Thu shy,KR1,50.0
2070,지나가는버스,KR1,키아나 연습,1357,40.0
2071,망 고,CUTE,pig,0521,80.0
2072,홋 애,FINAL,BluePurples,KR1,50.0
2073,최수웅,KR1,작고 소중한 룰루,KR1,62.06896551724138
2074,console log,World,유 재 앙,1999,46.666666666666664
2075,아구몬,325,야 바이퍼,KR1,62.96296296296296
2076,저격수,2537,Nalrae,KR1,90.0
2077,53일의전사,5353,혼토니 크로스,0816,50.0
2078,정ssom,KR1,팀운차이전망롤겜,KR2,46.42857142857143
2079,Re건규,KR1,lIIIllIIll,KR27,60.0
2080,만렙이다주먹으로하자,1234,호갱과자,귀요미,71.42857142857143
2081,강지원 99,KR 1,봄마마,KR1,69.23076923076923
2082,큰꿈을꾸어라,KR2,하 이,4321,53.333333333333336
2083,낭만찾으로,낭만찾으로,남기정,남기정,36.36363636363637
2084,중꺽마 새끼들아,KR1,비속어사용금지,KR1,50.0
2085,IreliAtroxs,KR1,전지노,KR1,52.0
2086,robot 01,KR1,라일락꽃이피는날,KR1,66.66666666666666
2087,일단유성이가잘못,KR1,vwvwwvww,KR1,58.333333333333336
2088,일단유성이가잘못,KR1,자야원챔미드라이너,KR3,20.0
2089,오른손잡이는왼손잡이가될수없을까,KR716,우수철,KR2,53.333333333333336
2090,2024년 7월 입대,기술행정병,오뇽뇽,KR1,45.45454545454545
2091,음 괜찮은 맛이네,KR1,고달픈 인생,123,50.0
2092,DWG ShowMaker,0818,악 동,1996,50.0
2093,토끼달,KR1,바텀요리사,777,50.0
2094,Nidalee sup,KR1,무지성 캣맘,KR1,60.0
2095,66370825del,KR1,재미없는하늘,KR1,46.15384615384615
2096,Riven 쟁인,KR1,매달린 부엉이,야 르,44.44444444444444
2097,건들면그냥박아줌,KR11,영계뱃속,KR1,30.0
2098,이홍기,0000,용가리,0304,46.15384615384615
2099,따기아,KR1,torreki,KR1,50.0
2100,캐  티,KR1,배만덩,KR1,65.21739130434783
2101,깝죽거리지마라,ROCKS,항상겸손해라,ROCKS,45.45454545454545
2102,돈에 미띤 새끼,KR1,싸물어,231,76.92307692307693
2103,새우튀김용사,KR1,사르르탄 전문가,KR2,64.28571428571429
2104,숩다수워,スフえO,뭐하지저새끼,KR1,56.00000000000001
2105,준 뚜,KR1,나 푸바온데 중국싫어,kr11,66.66666666666666
2106,마음속강렬한비트,KR1,Piledriver Waltz,KR1,56.25
2107,완두콩,CAPEO,다른게임나와라,KR1,54.166666666666664
2108,Pioner,KR1,잔걸음밟지마라,KR1,43.333333333333336
2109,허접을보면우는소,KR1,벽플의 장인,KR1,60.0
2110,익 산,전라북도,패티장인박지훈,KR1,52.63157894736842
2111,나는 누구인가,FKLOL,내알아서함,KR1,72.72727272727273
2112,구마유시,KS1,다없부질,KR1,33.33333333333333
2113,감시자 돌돌이,KR1,JustLikeThatKR,ROKMC,30.0
2114,IDieanaI,KR1,소금후추간장,KR1,51.724137931034484
2115,봉고르,KR1,핀란드 휘바휘바,KR1,59.09090909090909
2116,페미니스트 김찬호,0125,볼빨간사나이,KR1,55.00000000000001
2117,가옹제빵,KR26,EDCA,KR1,43.75
2118,신용불량 원딜,KR1,유미는슈웅,KR1,64.70588235294117
2119,인생내맘대로안됨,KR1,제 쌤,4252,76.66666666666667
2120,최해동,0327,밥 먹을거야 밥,KR1,50.0
2121,의문의 피엔나,KR2,마라탕로제엽떡마카롱요아정,좋아함,64.28571428571429
2122,우리서폿왜이래,4303,정글SI발아오라고,1380,61.904761904761905
2123,TRATSER,리스타트,너맘대루해임마,KR1,75.0
2124,아이돌원탑엔믹스,KR1,잘해봐요다들,KR1,52.94117647058824
2125,노랑신드라,KR1,이름없다니깐,KR1,75.0
2126,배태한,KR2,커다아란,KR1,70.0
2127,장림 요시무라,KR1,소문난두오김지훈,KR123,53.333333333333336
2128,장림 요시무라,KR1,포말공연언제옴,KR1,80.0
2129,던지던가,꼬우면,badudong,KR1,56.25
2130,던지던가,꼬우면,X e,0328,76.92307692307693
2131,트위치 와디짖,KR2,빵울이,KR1,37.5
2132,트위치 와디짖,KR2,동생고양이,빵울이,64.28571428571429
2133,에렌 예거,2105,BEILA,KR05,50.0
2134,에렌 예거,2105,강해린,뉴진스0,64.28571428571429
2135,체임버살려내,제발요,기복심한원딜러,KR1,76.47058823529412
2136,그냥감탄만해,KR1,내꿈은민간인,KR1,53.84615384615385
2137,그냥감탄만해,KR1,NiMi,111,70.0
2138,박창현,2001,오고곡 엄매매,KR1,63.63636363636363
2139,전생하였더니슬라임이었던것에대해,KR1,dream walking,KR1,41.66666666666667
2140,부쉬 안 문도,KR1,원딜왕자닝,KR1,83.33333333333334
2141,미쳐버린것이냐,KR1,호철이주량세병,KR3,82.6086956521739
2142,나 혼자 여름,2121,종호빈,KR1,61.53846153846154
2143,안봐야그리운친구,KR1,월요일시작,신성함,55.55555555555556
2144,인생이 망했어요,KR1,logical king,KR1,63.63636363636363
2145,인생이 망했어요,KR1,후회하는중입니다,KR1,81.81818181818183
2146,야소로대리함,KR1,백승진,KR77,33.33333333333333
2147,네가 더 잘할게,KR1,Pnpm,탈영병,58.620689655172406
2148,좌우합작,KR1,국공합작,KR1,90.9090909090909
2149,차똘복,KR1,차 응우 니옌,KR1,75.0
2150,초코쉘치즈큐브딸기그래놀라,요아정,장애인분뇨처리에이스,특수학교,47.05882352941176
2151,마카오와 죠마,KR1,울팀싸우지말자,KR1,55.55555555555556
2152,91세 카이팅장인 황영옥,0814,너무속상한사람,KR1,52.94117647058824
2153,올차단시작임,KR1,난 세상과 싸운다,KR1,53.333333333333336
2154,입닫고귀막고,혼자할거야,녹 님,Mid,65.0
2155,Shen su ji,KR1,1월26일,1111,30.0
2156,귀검사의왈츠,KR2,나야 황제 Dong,KR3,48.0
2157,다이나믹메이즈2,KR1,강민석의 꾀주머니,1557,53.84615384615385
2158,Dovarhk,KR1,팔공산 쌍칼잡이 ,KR1,90.0
2159,zl존 멋쟁이 양세윤,0000,한남유충 백인우,100,45.45454545454545
2160,아리라떼S,KR1,혜지철거반,KR1,47.05882352941176
2161,Ditto,뉴진스민지,radiohead,7532,76.92307692307693
2162,꿈은없고요그냥놀고싶습니다,7777,어 쩌,8888,52.94117647058824
2163,일로깅,KR1,빵근몬,KOR,60.0
2164,Tei,Pill,따라하지말라고,εïз,63.63636363636363
2165,5티언데왜너프함,KR1,잘뚜들겨맞는남자,KR1,47.05882352941176
2166,SmileInTheMist,안 개,시원한눈사람,KR1,40.0
2167,SmileInTheMist,안 개,十月九日,KR2,80.0
2168,GCELL,KR1,새로키운아디,KR1,60.0
2169,어 도윤이형이야,0000,꼰대가르송,5695,28.57142857142857
2170,방 패,KR199,김코펠레,KR1,70.58823529411765
2171,띵똥따리땅똥,KR1,태호태호,KR1,66.66666666666666
2172,띵똥따리땅똥,KR1,백이군단,KR1,75.0
2173,xxckkdepz,KR1,분조장나르,KR3,52.38095238095239
2174,알빠카,KR1,Waterlilies,KR1,33.33333333333333
2175,난잘한다,영훈짱짱v,Gen G Ruler,허거덩,52.94117647058824
2176,세화는 개인주의,KR1,Harunohi,036,60.0
2177,파스구찌갱,KR1,갱갱수월래,KR0,60.0
2178,제잘못은아닌듯함,kr56,김기명,낭만수호자,81.81818181818183
2179,쇼후쿠 정대만,KR1,F1777,1777,60.0
2180,쇠사슬,KR1,protein,탄수화물,58.82352941176471
2181,아마네 카나타,へい民,Tamtokiller,KR1,73.33333333333333
2182,울산 미등록 특급,KR1,소방관,1247,27.77777777777778
2183,울산 미등록 특급,KR1,서렌안친다,KR1,75.0
2184,마법사 임동민,KR1,멋진 청년,농농이,81.81818181818183
2185,김순섭,KR1,기안42,KR42,75.0
2186,헨젤과가슴털,KR1,흑인정민,KR1,56.25
2187,헨젤과가슴털,KR1,택블로드,KR1,36.36363636363637
2188,아무무장인,아무무,심현보,KR1,53.333333333333336
2189,평화로운 바텀,KR1,낌준석,KR1,56.52173913043478
2190,스노우 화이트,순백의의지,血 刀,拔刀帝,54.54545454545454
2191,맛이 써,KR1,핫초코 한모금,KR1,56.25
2192,조꼬수,000,서폿 햇병아리,KR1,43.75
2193,wave,1218,어 정,KR1,61.904761904761905
2194,오민삭,KR1,꼼 뚜,KR1,76.47058823529412
2195,제일 약한 사람,최약체,챗X핑X,Mute,60.0
2196,디디동구리,4220,다주거라,KR1,62.06896551724138
2197,유명세,KR0,Old Player,8389,47.61904761904761
2198,치 건,KR1,유미는귀엽지않으면멸종했을것이다,KR11,61.53846153846154
2199,lstp 입니다,KR1,영등포레넥톤,KR1,57.89473684210527
2200,방탄유리멘탈,KR1,nyokw,KR1,72.41379310344827
2201,살찐빵떡,1577,05 자해린,4885,50.0
2202,미라클수면한다고8시간자는장민기,1234,제일예쁜고양이,KR1,39.130434782608695
2203,조금기른머리카락,KR1,010521,KR1,36.36363636363637
2204,조금기른머리카락,KR1,미소외과,KR1,45.45454545454545
2205,こくしぼう,8888,유연뽕,123,72.72727272727273
2206,IlIIIIlIIIIIIIII,KR1,아이러브석희,487,65.38461538461539
2207,dish neko,715,은가뉴,5415,50.0
2208,다음시즌챌못감,KR1,윤태주,윤태주,50.0
2209,Kim Sanggwon,KR1,대기기사,KR1,51.85185185185185
2210,지 삽,hanji,오른의웅장한이두박근,헬창오른,66.66666666666666
2211,지 삽,hanji,閃 雷,1121,70.0
2212,x범죄단체 구성죄,KR1,윤스봉,kr12,71.42857142857143
2213,말하는감자,KOR1,효자가 될래요,KR1,51.724137931034484
2214,김민혁 문피아,투베 1위,KHULionKing,9629,58.82352941176471
2215,김민혁 문피아,투베 1위,샴 푸,우다다,54.54545454545454
2216,안괜찮음,KR1,마당쓸기좋은날,KR1,78.57142857142857
2217,너를 구하리,KR2,0l걸,KR1,64.28571428571429
2218,너를 구하리,KR2,날아라 둘기,KR1,85.71428571428571
2219,쿠와앙쿠와앙,5605,거등어,KR1,59.09090909090909
2220,한덕한신,KR1,네 봄,KR1,42.857142857142854
2221,첫거짓,KR1,MaruNare,KR1,80.0
2222,귀염댕댕잉,KR1,조개줍는해적단,KR1,53.84615384615385
2223,마시마로,엽끼토끼,number99,KR1,60.0
2224,오오니시 아구리,KR2,Koizumi Moeka,CUTE,40.0
2225,초딩일짱,KR1,혜지라서 미안행 ,KR1,72.72727272727273
2226,맨 유,레전드,Juxxs,KR1,81.81818181818183
2227,협곡의 선지자,KR1,그랩 빼고 장인,KR1,53.57142857142857
2228,왕자님케어해줘,KR1,끠요미공듀,KR1,38.88888888888889
2229,테러리스트위치,KR3,이슬람머스,KR3,63.33333333333333
2230,망구가 사랑한,KR1,굿만외치는사람,KR1,58.333333333333336
2231,차니차니찬찬찬,KR1,By time,KR1,58.333333333333336
2232,갈증엔빌지워터,KR1,잠실송도화정,KR1,62.5
2233,라이나 씹 존12나 손해보험,운하하하,동 동,krl,60.0
2234,티버의 후손,KR1,PaDoP,KR1,61.53846153846154
2235,예tube,KR1,QnA,Why,58.333333333333336
2236,예tube,KR1,겸손한 제이지,sfe,80.0
2237,땅훈아공부하자,KR1,고양이살인마,예 디,42.10526315789473
2238,땅훈아공부하자,KR1,땜 찌,KR1,63.63636363636363
2239,안성 케리아,KR1,경익장군,KR1,55.55555555555556
2240,주르르고세구비챤징버거릴파아이네,1004,두구탄성,KR1,40.0
2241,솜 솜,Candy,벌꿀오소리,414,69.23076923076923
2242,이마트 폐지 도둑,KR1,doL0b7,KR1,50.0
2243,서 기,1976,이미 넌 속박이다,KR1,56.25
2244,311,KR1,기묘한 이앙빈,bin,41.66666666666667
2245,1인분만 할게요,goat,보여줄게,KR723,66.66666666666666
2246,allright24,pjh24,성냥파레,KR1,64.28571428571429
2247,야옹야야,KR1,빡 뻠,KR1,40.0
2248,70mm,KR1,ilililiilililili,건입동,55.55555555555556
2249,그냥죽여버릴걸그랬다,123,나는 나다워서 아름다워,KR00,40.0
2250,카서스,kar,석동팔,020,80.0
2251,머지스미스,KR1,정 밥,KR1,58.82352941176471
2252,내게명령하지마,KR1,역발산기개세,신주사기,88.88888888888889
2253,윤명섭,KR1,박두칼,KR1,42.10526315789473
2254,김상준,KR3,chocosori,KR1,61.53846153846154
2255,드라큐리나,KR1,사쿠라미코,KR6,63.63636363636363
2256,드라큐리나,KR1,유미는 야옹,1010,81.81818181818183
2257,요아정,KR3,정말울고싶다,KR1,52.17391304347826
2258,2skye,KR2,왕푸딩슴가,KR5,78.57142857142857
2259,원랜디악몽솔클,KR2,기여운 곰도리,KR11,62.5
2260,황태범,KR1,잘들리니,KR1,100.0
2261,겜지면정글갭,KR1,구의역1번출구,1234,47.61904761904761
2262,11월의 기억,KR1,칼날부리,123,45.45454545454545
2263,최고의 평타싸게,KR1,악시던트,KR1,50.0
2264,찐호빵젼이,5119,연 어,KR 1,81.25
2265,이 순 신,KR5,Kuro,КR1,45.45454545454545
2266,장 상,XXX,can i w1n,KR1,73.68421052631578
2267,장발의장발장,KR1,JustLikeTkatKR,KR1,75.86206896551724
2268,20250317입대해요,KR123,설효림,0503,46.666666666666664
2269,곰둘둘푸,KR1,지 현,RK1,28.000000000000004
2270,임시상태,KR1,상태개밥,KR1,46.15384615384615
2271,임시상태,KR1,평범한두루미,KR1,45.45454545454545
2272,프리잼,KR1,매니저,KR2,47.05882352941176
2273,osgdcsq,poi,동방예의지국대표꼰대,2836,60.0
2274,예쁘장하구만,KR1,구름같은 다정함,마리골드,59.09090909090909
2275,oDOLSOEo,KR1,종 핌,KR1,40.0
2276,강병삼,KR1,야스오 요네,111,71.42857142857143
2277,환스킴,KR1,DoG HardCarry,KR1,50.0
2278,오른손은왼손도오른손,0815,부발꾸러기,KR1,57.14285714285714
2279,이세돌 아마 1단,KR1,DK Huni,kr2,58.82352941176471
2280,이세돌 아마 1단,KR1,원할머니보go쌈,찌익스,41.66666666666667
2281,데비잇,KR1,맨붕온스틸,KR1,53.333333333333336
2282,달칵여보세요,KR1,NJS Famhanni,KR1,56.25
2283,유근영,KR1,두더지서폿,KR99,57.14285714285714
2284,보라색맛 벨코즈,KR1,너네정글버러지,KR1,53.333333333333336
2285,22년 4월 6일,KR1,2025 10 01,정정음,25.0
2286,GwangJu,KR1,시노카인 숑디,1120,40.0
2287,간 슨,KR1,소 강,Lull,60.0
2288,여드름싸움싫다,공허유충,롤이어렵니,skrrr,46.15384615384615
2289,루이는개백정,9999,타코왕,KR2,72.72727272727273
2290,온다 간다,KR1,학교옆아파트,KR1,70.0
2291,서 아,KR99,my man,KR1,53.84615384615385
2292,Akane Lize,사랑해요,Hakos 벨즈,KR1,42.857142857142854
2293,포항외노자,신효승,빈 첸,KR1,61.53846153846154
2294,프린스,kr99,왕 자,KR9,60.0
2295,케케넨케넨,KR1,푸지아노스키,KR1,45.45454545454545
2296,Archivermut,KR1,내가그랩해줄게,KR1,51.724137931034484
2297,김두세,KR1,내가 꼭 올린다,0728,52.63157894736842
2298,김두세,KR1,오명규 사장,KR2,60.0
2299,덩석현,DUNG,헌영이,KR1,63.1578947368421
2300,태용용,KR1,춘봉박,KR82,56.666666666666664
2301,꿇어라토끼들아,KR1,찐빵가게 땡사장,KR1,60.71428571428571
2302,회사불지르고싶다,KR141,도훈이사육사,KR1,63.63636363636363
2303,회사불지르고싶다,KR141,소음계,KR1,63.63636363636363
2304,간기능이상원딜,민우롤접어,빵빵앙옥지앙,KR2,55.00000000000001
2305,REMASTERED,DS1,Dark Souls lIl,KR1,61.53846153846154
2306,REMASTERED,DS1,황근출,KR9,53.84615384615385
2307,리처드크롬웰,KR1,Rosy Lumien,KR1,31.25
2308,독수리 명진,KR1,아차산 홍보대사,KR1,56.666666666666664
2309,에어라인 ace,KR1,쟈두두,0709,40.0
2310,IDNY,KR2,잘생긴남자가좋더라,0421,60.0
2311,목현동불주먹,1234,원딜의기둥,1111,65.38461538461539
2312,상 디,2001,승학산 김병만,0000,58.620689655172406
2313,칠색조,하트골드,오 난 멀쩡해,왜괜히걱정,56.25
2314,BongDrad,KR1,풀먹는강아지,KR1,66.66666666666666
2315,BongDrad,KR1,양념반손오반,KR1,50.0
2316,이성욱,KR2,서 치,korea,60.0
2317,8GP,KR1,레넥톤,VsV,29.629629629629626
2318,형제별,KR1,사과맛 자몽,KR1,45.45454545454545
2319,WIN Easily,KR1,햇살해쌀,KR1,46.666666666666664
2320,창자훈지,KR1,오지마라초보다,KR1,25.0
2321,렉서흡연실,KR1,조 유 리,1211,50.0
2322,챗칠시간에와딩해,KR1,유미해도 되냥,KR1,60.0
2323,챗칠시간에와딩해,KR1,eaaaasy,KR1,50.0
2324,장수곰,KR1,의문의 탑 장인,KR1,40.0
2325,비 디,qlel,너를위해준비한꽃한송이,ROSE,45.45454545454545
2326,해주짜나해주짜나,KR1,잘하면 내가있어,KR1,41.66666666666667
2327,해주짜나해주짜나,KR1,독보적인 강자,KR2,40.0
2328,신궁 주몽,KR1,섬바리헬프미이,KR1,46.15384615384615
2329,포항박준홍,KR1,포항 복숭아,KR1,50.0
2330,김치맨,1726,天災地變,1999,60.0
2331,떡잎방범데,KR1,김대욱,KR5,81.81818181818183
2332,요정봄이,겸둥이,낑 태 영,KR1,45.83333333333333
2333,조직폭력배송창호,KR1,두레마늘보쌈,8994,57.14285714285714
2334,HYLAC BYLAC,KR1,놀면 무환이,KR1,60.0
2335,짹 짹,포 메,휴머드,KR1,65.38461538461539
2336,공듀래오,KR1,붉은머리 샹크스,KR10,75.0
2337,lIllllIllIIIl,KR1,쁠 라 띵 미 르,KR1,70.58823529411765
2338,그날의우리,KR2,불끄는 소방관,0227,53.333333333333336
2339,쥬지2,0925,BOZI,0719,40.74074074074074
2340,진순이가좋아,KR1,당붕이,KR2,60.0
2341,예비군훈련시러요,fxxk,그거알빠노,KR1,69.23076923076923
2342,롤체만 하는 학생,KR1,KZ Cuzz,KR1,40.0
2343,Yundol,KR1,98 06 21,KR1,76.92307692307693
2344,Yundol,KR1,배차계,KR1,60.0
2345,김재고,추만지기,Oner,kr114,60.0
2346,꿈 을 꿈꾸는 꾼,KR1,키아나 엄마,KR1,55.172413793103445
2347,mof,KR1,유한민,유한민,50.0
2348,티모도 어려워,KR1,티모는어려워,KR1,66.66666666666666
2349,신 비,KR2,불닭볶음면중독자,hot,28.57142857142857
2350,희레쉬,KR1,강현효,5146,63.1578947368421
2351,귀여운 스페,KR1,응 내,롤착사,42.857142857142854
2352,롤로노아박종원,KR1,늦둥이 지훈아빠,KR1,66.66666666666666
2353,규 모,KR1,리타하,KR1,33.33333333333333
2354,으르차키트,KR1,抖音薄荷冰鸟,zyzp,90.47619047619048
2355,홍바동,KR1,김점구,KR1,71.42857142857143
2356,69700364del,KR1,빵디흔들어봐,KR119,70.0
2357,Pray,KR6,릴건우,KR1,62.5
2358,군밤낮,KR1,쉴드주는희지니,KR1,73.33333333333333
2359,1YearOiler,KR1,Airysm,KR1,63.63636363636363
2360,jin,0217,밤양갱,255,40.0
2361,gusidvhdskl,KR1,純愛z,027,73.33333333333333
2362,Zed,0222,로켓라쿤,КR1,70.0
2363,관세음보살님,KR1,AD Carry Maker,SUP,65.0
2364,닉변당했어요,KR1,IBK기업은행최대리,KR2,35.0
2365,박성비니,KR1,Crash and plash,KR1,65.0
2366,Fnc,0402,이게끌리네,KR1,42.10526315789473
2367,15646161,KR1,이 름,KR 1,37.5
2368,졔간둥이,KR1,히히성성,KR1,47.368421052631575
2369,90년생 프로지망,KR1,환상동물사전,KR1,68.18181818181817
2370,응애 나 애기멍멍,KR1,야디언식기우제,KR02,52.94117647058824
2371,MISTER FIzz,KR1,악어먹은맷돼지,KR1,42.857142857142854
2372,배강민,111,하 니,팜하니팜,58.82352941176471
2373,천녹용방,KR1,환희창,축수선수,58.620689655172406
2374,무자비한말세짱,무자비,이번시즌플레티넘,KR1,64.28571428571429
2375,존슨앤존슨욱,KR1,센스쩌렁,KR1,91.66666666666666
2376,개믕츠이,KR1,아펠리오스,6330,46.666666666666664
2377,해도앞구르기,KR1,주의 개조심,KR1,53.84615384615385
2378,동국신,KR1,스피너즈,KR1,80.0
2379,Sweet Score,KR1,Josjua,KR1,57.14285714285714
2380,다 오,3679,민 곤,보들보들,40.0
2381,3심 유죄 이재명,나 무죄야,파란드럼통 난타장인 이재명,3심무죄,50.0
2382,오소리,벌꾸울,도레미,꼬마마법사,53.57142857142857
2383,타살각,KR1,송도원탑김규원,KR1,56.25
2384,짬통계정,KR1,미 드,KR9,76.92307692307693
2385,흘러가는대로살기,KR2,하나도안미안해,KR3,50.0
2386,좌파탈출은지능순,정신병,おいしくなれ,좋아요,64.28571428571429
2387,팜하니,개귀엽,JustLikeThatKR,1259,50.0
2388,크리스티아누 호날두,SUUUU,21401238del,KR1,55.55555555555556
2389,2022년3월20일전역예정자임,KR1,열심히 살다보니 애가 셋,사십대,60.0
2390,2022년3월20일전역예정자임,KR1,이 차가 식기전에,헤카림,57.14285714285714
2391,TNT날나리,KR1,zerone,제론01,52.63157894736842
2392,생배 챌 도전기,KR1,йika,KR1,45.0
2393,라온눈나,0922,돼G1,KR1,58.333333333333336
2394,숟가락인권보장4,KR1,TOP,가락킹,66.66666666666666
2395,호 구 생 귤,KR1,tui xian plz,cat,62.5
2396,우리도언젠가흰수염고래처럼헤엄쳐,KR1,아니진짜머해,kr25,64.28571428571429
2397,우리도언젠가흰수염고래처럼헤엄쳐,KR1,패륜아 담당 일찐,KR1,63.63636363636363
2398,이탓저탓,주저리,섹시큐티종민,1004,71.42857142857143
2399,후니쨩,후니쨩,담배찌든연어초밥,kr2,46.666666666666664
2400,서폿으로캐리가능,KR1,암 살,75577,57.14285714285714
2401,서폿으로캐리가능,KR1,캐리머신이었던것,KR1,66.66666666666666
2402,무현과 노럼프,KR1,적신야,KR1,70.0
2403,コイカゼニノセテ,BSS,blue,ADC11,41.66666666666667
2404,회사원 현우,KR1,울팀 개모데,KR1,60.0
2405,코리아다이아몬드유미퀸,KR2,널저패겠다,0813,73.91304347826086
2406,송병규 권민준 전화 그만해,태우가,김 밥,KIM,30.0
2407,박성무,KR2,긴점박이올배미,owl,57.89473684210527
2408,아기똥덩어리,0604,O匸大O  从人巨大,KR2,38.88888888888889
2409,orca4,KR1,내가먼저사과하자,KR1,71.42857142857143
2410,harang0310,KR1,tnth ,KR1,61.53846153846154
2411,Hide on bush,08828,갈리오,갈리오선생,40.0
2412,내가만든쿠키,njs,머 리,kr3,76.19047619047619
2413,원샷 원킬 베이가,KR1,에라모르겠,GOAT,60.0
2414,Car the garden,KR33,박박시현,KR1,66.66666666666666
2415,Cini,KR1,나지보,KR1,46.42857142857143
2416,플레이리스트겨울,KR33,Rio,흘러가,43.75
2417,아현이는 잘해,KR1,백문대 정해인,KR1,59.09090909090909
2418,민규부계정,KR1,병장 박준석,KR1,63.33333333333333
2419,DRX SAN BY,KR1,수끼끼,KR1,73.07692307692307
2420,아이번,숲지기,깔 치,Angel,58.82352941176471
2421,팔춘식,sinan,one and zero,KR1,35.714285714285715
2422,으이구벌레양,0308,펭 구,7776,47.61904761904761
2423,빅현배 간이변기,KR1,필 상,KR1,61.904761904761905
2424,튀르키예서커스단원숭이,ukiki,마추픽추서커스단원숭이,UKIKI,73.33333333333333
2425,감자의공허,KR1,무시기불래,KOR,45.45454545454545
2426,얼다바람,KR1,ZlRAlMA,KR1,64.70588235294117
2427,리로이젠킨쓰,KR1,sdkfywqwe,KR1,66.66666666666666
2428,RyuDI,KR1,레전드바지,KR2,57.89473684210527
2429,할래말래,KR232,김허정,KR2,50.0
2430,다시 해보자,SSS,강해린,4544,73.33333333333333
2431,카서스못하는사람,본 계,탑에 몸이 베인,KR1,30.76923076923077
2432,나보셈 개오짐,KR1,나보셈 개잘함,KR1,43.75
2433,노무현,하나 회,이승만,하나회,50.0
2434,랭게임은정글,KR1,operationer,KR1,60.86956521739131
2435,2U35,2635,명찬팀 정글,라이한아지,50.0
2436,빵댕이는 귀여워,빵댕이,아인시에르,KR1,57.89473684210527
2437,영숙보이,KR1,만렙그지,KR1,40.0
2438,뚜따영웅,잘모해따,제거대상1순위,NOone,40.0
2439,오너 를좋아해,KR1,게임어떻게이겨,KR1,68.75
2440,에릭센,1201,돼 지,농 장,57.14285714285714
2441,에릭센,1201,해리 케인,1201,57.14285714285714
2442,woo v 2,KR1,정해인,9830,54.54545454545454
2443,woo v 2,KR1,Greenday,못년담피,50.0
2444,도레미파솔로시파,KR1,MIDKING,1013,55.172413793103445
2445,설 이,0716,ÈŽ용,1999,79.16666666666666
2446,윤명섭,KR2,윤명섭,KR1,57.14285714285714
2447,똥과햇반,마디뗘,미아생존핑찍으면안함,벌레들아,71.42857142857143
2448,채 댕,KR1,Lv99 혁구리,KR1,69.56521739130434
2449,용사맛 쿠키,혜킹덤,이용우,0728,53.84615384615385
2450,해먹에서꿀잠,KR1,으악도망가,KR2,66.66666666666666
2451,같이 가요,레츠고,무자비한 부엉이,KR1,60.0
2452,백마탄김태희,5644,2 광 ,KR1,63.63636363636363
2453,다정한부부,KR1,닉넴짓기쉬워,KR1,60.0
2454,Presence,KR1,Jxxdxxx,KR1,66.66666666666666
2455,뚱 이,2494,숑 숑,KR1,62.5
2456,봄을닮은,GH0,전설의파수꾼,Nuri,39.285714285714285
2457,자기야 제발 그만,츄르릅,자기야 제발 그만해,뀨루룩,53.333333333333336
2458,좋은 말로 해,KR1,화안냄,KR1,35.714285714285715
2459,선 우,MID,노윤서,예쁘다다,66.66666666666666
2460,이짬동,KR1,빅 브라더,BBRO,25.0
2461,슈펄티모,KR1,tato,KR1,66.66666666666666
2462,아스마토키 피스,0816,legens,KR1,70.0
2463,랩으로 인류의 절반을 죽이겠다,KR2,시  이  바,KR1,52.38095238095239
2464,周心语,99999,Warriors Riven,KR1,73.68421052631578
2465,周心语,99999,Lâm Triều Anh,99999,81.81818181818183
2466,KRLeejiwon,KR2,전투 기계 Zac,KR1,50.0
2467,kim ju whan,KR1,간시의 숲,KR1,60.0
2468,egamhcra,KR1,Dvlop,KR1,56.666666666666664
2469,금환영,KR1,석대 형,KR1,53.84615384615385
2470,허거덩,msms,묵언수행,MsMs,46.42857142857143
2471,나아가시오,KR0,Hide on buph ,KR1,30.0
2472,늘 슬 아,7600,오해원,top,70.83333333333334
2473,수저통 속 숟가락,KR1,도구함 속 핫도구,KR1,84.61538461538461
2474,수저통 속 숟가락,KR1,아도아,KR2,40.0
2475,온리팬스정기구독이민서,결제부탁,부발역수호신이민서,0909,20.0
2476,은 쌤,KR1,창 막던지면 막창,KR1,56.25
2477,나의부하범승,8089,이의동피자도둑,5784,48.275862068965516
2478,2073498,KR1,종 건,비가오면,40.0
2479,두부치기,KR1,Margiela,KR1,72.72727272727273
2480,Eden Hazard,KR2,하프물범,머그꺼야,41.66666666666667
2481,제발갱좀와주세요,1111,믿고 화합하다,KR1,47.05882352941176
2482,황카츠키,KR2,Ares10,KR2,50.0
2483,영웅한두,KR1,Akuma,rgr,36.36363636363637
2484,닐로오다,KR1,무지성사이드,망나니,43.47826086956522
2485,태영덩이,KR1,롤고수1호,KR1,25.0
2486,강철크레용,KR1,지 질,KR1,62.5
2487,쑹 징,KR1,창남하진,KR1,50.0
2488,쑹 징,KR1,네건의 방망이,루 실,50.0
2489,해병공수 254차,KR1,솔의눈,학살자,70.83333333333334
2490,뭐해 빠보야,뭐해빠보야,민수반수성공기원,KR1,64.28571428571429
2491,무 룡,313,요구르트보이,0305,58.333333333333336
2492,갓또냐,KR1,즌쯔흐즈믈르그,KR1,56.666666666666664
2493,서형형섭,서형섭섭,후추후추,소금소금,58.333333333333336
2494,프링프링해,KR1,클릭은할줄암,KR1,57.14285714285714
2495,소스없는탕수육,KR1,메이바흐,KR2,64.28571428571429
2496,소스없는탕수육,KR1,6급양대운전병,KR1,30.76923076923077
2497,떵토끼,KR1,잔망 규민,1652,50.0
2498,꿀 통,honey,진밖에못하는사람,KR1,46.15384615384615
2499,조은넉낌,KR1,넌모찌나간댜,KR1,46.15384615384615
2500,투띠원,KR1,맨날혼자먹음,KR1,58.333333333333336
2501,탑에 몸이 베인,KR1,카서스못하는사람,본 계,33.33333333333333
2502,Sacriyan,KR1,내가지면정글차,KR1,44.44444444444444
2503,우솝코,KR1,북 괴,AK47,71.42857142857143
2504,솔방울,KR7,멜 얍,5404,65.0
2505,3월29,KR1,31번환자,KR1,60.0
2506,JustLikeThatKR,AAA,분수파티,KR1,60.0
2507,조용준,KR1,감비아,KOR,52.94117647058824
2508,앙팡웅,KR0,단단한아이,KR1,46.15384615384615
2509,또 난 이 세계를,KR1,그브하면그브나감,KR1,64.28571428571429
2510,괜안찮지,KRR,제육볶음,김치찌개,66.66666666666666
2511,뭉 수,011,페미가 어때서,KR1,72.72727272727273
2512,뭉탱핑,1107,꽃 짐,준 형,54.166666666666664
2513,반항금지,KR1,용구라미,용구라미,47.61904761904761
2514,Rockin,KR1,피즈 판수 장인,KR1,38.46153846153847
2515,영재동명,ms영재,da CaPo,처음으로,70.0
2516,IlIIlllIIIllIIIl,0000,루이비봉,봉날드덕,70.58823529411765
2517,인내심많은우리탑,KR1,Vrit,KR1,72.72727272727273
2518,윤성이 롤체일기,KR1,밴지잉,KR1,60.0
2519,요봉이1,KR1,98st,KR1,57.14285714285714
2520,요봉이1,KR1,미누캉,KR1,50.0
2521,ジンメ,7166,우주먼지,우주속,50.0
2522,setting1,KR2,택배기사 최현진,0917,50.0
2523,부 활,0865,임착한,KR1,83.33333333333334
2524,부 활,0865,설리야,KR1,63.63636363636363
2525,불주먹땃쥐,KR1,제석천,eoiwy,70.0
2526,여탕안에 카메라,김성환,mnmnmmnmnnmmnmmn,mnmnn,41.66666666666667
2527,안참는계정,중국인,신경써주세요,KR1,60.0
2528,동해초입니다,KR1,고땅우양,KR1,50.0
2529,낙타와낙타몰이꾼,KR1,편영길,KR1,58.333333333333336
2530,EV3,OWNER,화나면던지는여자,KR1,62.5
2531,no81194,KR1,스페드구스,KR1,63.33333333333333
2532,건 주 임,서교공,mainof,kr,61.53846153846154
2533,호날두,11211,이나리,텐코시부키,57.89473684210527
2534,까만리무즨,KR1,어리고싶다,1130,73.33333333333333
2535,S3네잎클로버,KR1,네코무시,KR1,64.28571428571429
2536,S3네잎클로버,KR1,네꼬무시,KR1,58.333333333333336
2537,그마 정글 장한결,123,쵸파의녹용,jcd,35.714285714285715
2538,원숭이,japan,원숭이,king,60.0
2539,억까하지마요,KR1,liiillllllliilll,KR1,50.0
2540,せんぎょうしゅふ,0000,La Song,eee,44.44444444444444
2541,도대체뭐어쩌자고,KR1,한남대학교,KR2,59.25925925925925
2542,아니 외 않돼,KR1,열심히싸자,0411,61.904761904761905
2543,mjolnir0,KR1,산들산들바람바람,KR1,75.0
2544,왕반달,KR1,어쩌겠어요,KR1,64.28571428571429
2545,라이따이범,KR1,동그래미꼬,끼얏호우,70.0
2546,슬찬이,KR1,황태건,KR1,65.0
2547,말만 잘 들으면 예뻐해줄게요,노예님,정상윤,정상윤,40.909090909090914
2548,이상호 친추받아,1234,No1 Azir,KR1,47.82608695652174
2549,이게 팀운이지,KR1,ukd123,KR1,45.83333333333333
2550,이 희 선,검정고무신,역천괴,태무산,36.84210526315789
2551,미움 받을 용기,KR97,Dancingtuna,KR1,73.68421052631578
2552,세미온고수,KR1,핵침착,KR1,61.904761904761905
2553,춘자입니다만,KR1,신멩이,KR1,45.0
2554,춘자입니다만,KR1,신멩이에오,1008,90.0
2555,뾰로퉁,KR2,주홍색펭귄,KR1,52.17391304347826
2556,든든단단탄탄,KR12,τύραννος,kr01,61.111111111111114
2557,김현우도환,KR1,신출귀몰 양기탁,KR1,45.45454545454545
2558,노마나요,KR1,요것조것,KR1,44.44444444444444
2559,태평리,KR1,Myeong Song,KR1,63.63636363636363
2560,아귀자긔,KR1,이진종,대구1,60.0
2561,ejklwhkl,KR1,발목잡지마라,4498,56.00000000000001
2562,겨울 그녀와 만남,KR1,IQ148 JG,148,50.0
2563,롤리팝,크 러 쉬,젠지롤드컵우승,우승기원,46.666666666666664
2564,얄라리얄라리셩,KR1,주종민,KR1,53.84615384615385
2565,승자위에 상덕,KR1,불편하면박음,KR1,46.666666666666664
2566,끌어줄께기달려,KR1,굳건이뺑소니범,KR1,50.0
2567,너무 원망하지마,KR1,빡 통,KR1,47.368421052631575
2568,드러와 자기야,KR1,민이는 300원,KR1,55.55555555555556
2569,반달산지리곰,KR1,SKT T1 ZEROS,KR1,66.66666666666666
2570,새 마음 새 뜻,k r 1,업고튀어,kr12,53.333333333333336
2571,헤카림좀주세요,KR1,탕수육다이어트중,KR2,65.0
2572,자비롭지못한자,kr3,Stolichnaya,KR1,46.15384615384615
2573,냥냥펀치,츄 르,스스로일어나기,KR1,52.38095238095239
2574,끼리훈,KR1,쪼쪼형,KR1,50.0
2575,404,사상점,버디짐,KR12,48.275862068965516
2576,CTCK,KR1,원조취취발,KR1,41.17647058823529
2577,05정글프로지망생,KR1,설 윤,1060,65.51724137931035
2578,일사천리,KR1,육식공쥬,세렝게티,70.58823529411765
2579,하눌리,KR1,나상피리,6084,45.0
2580,연이루,KR1,보건교사정글러,kr2,50.0
2581,롱타임노씨,KOR,배형만님,KR1,90.9090909090909
2582,Ann bernice,KR1,죠르노 조바나,KR1,76.47058823529412
2583,Ann bernice,KR1,앤 버니스,KR1,60.0
2584,좋아요좋지요,KR1,adfadffad,KR1,90.0
2585,Top and LoL,KR1,혜 림,KR2,47.61904761904761
2586,미 호,아리함,Dopa,허거덩,50.0
2587,홍도산,KR0,홍프로,KW1,58.620689655172406
2588,흥 청 망 청,멍청2,실눈개구리,KR1,47.82608695652174
2589,dongae,KR1,돈개벌,KR1,58.620689655172406
2590,도련님거기는찢지말아주세요,0518,노무현,권양숙여님,84.61538461538461
2591,KORA,bruh2,갱오면 핥아요,KR1,58.333333333333336
2592,아기왕모,KR1,일품 르블랑,KR1,46.15384615384615
2593,항규선,kr2,정언우,0715,70.58823529411765
2594,김성빈병장,KR1,모하메드 살라,kop,56.666666666666664
2595,전생했더니슬라임이였던건에관하여,KR1,가부장맨,KR1,71.42857142857143
2596,호롤롤롤케잌,KR1,동욱쿤,KR1,50.0
2597,1의 마자영,KR1,너보다무조건잘함,KR1,64.28571428571429
2598,유가미야,KR1,엉금엉금,기어서가자,63.33333333333333
2599,쿨쿨띠,푸데푸데,딜 러,YUURI,68.96551724137932
2600,베인잡으면이김,KR1,바 다,물꼬기,72.72727272727273
2601,아이엠때죽,꼽 노,르 네 0,KR1,67.85714285714286
2602,팍고수,KR1,요리꾸,KR2,64.28571428571429
2603,팍고수,KR1,나믿고해보자,KR1,54.54545454545454
2604,돌아온 김춘배,KR1,재구리구리,KR1,45.45454545454545
2605,꿀꿀꿀s,KR1,Shidaoxian,KR123,71.42857142857143
2606,oro,JAE,Radiohead,clid5,27.27272727272727
2607,탑만우구장창,KR1,목승채,KR1,36.36363636363637
2608,M자탈모최재현,KR1,너 때문이야,0624,47.368421052631575
2609,지면내탓이요,KR1,하이디라오,kr97,84.21052631578947
2610,최애의 밍구,KR1,하찬민,하찬민,52.63157894736842
2611,우당탕탕 이희영,KR1,뚠뚠냠,야미이,52.94117647058824
2612,우당탕탕 이희영,KR1,내가커야이겨요,KR1,72.72727272727273
2613,후시구로 메구미,5555,잭 요,gyo,58.333333333333336
2614,채팅치면미드달림,KR408,역천개,0301,54.54545454545454
2615,sk뉴스쿨,KR1,숙대역 커물장,KR1,58.333333333333336
2616,수 달,조개1,저는이게임을해봤어요얼음가만히있,어요다죽어,50.0
2617,진인윤,진인윤,푸른악마크리스탈,KR1,63.63636363636363
2618,고양이집사할래,우지니,서연이엉덩이찰싹,0804,50.0
2619,ws4824,KR1,미사일연속발사시스템,0805,40.0
2620,GaGoSu,KR1,Red,KR165,36.84210526315789
2621,김성용,KR2,푸딩탱탱이,T 1,50.0
2622,김성용,KR2,물만두,2002,66.66666666666666
2623,강해린,KHR1,오현서,민간인,57.14285714285714
2624,건빵봉지,KR1,결국 진 게임,KR1,50.0
2625,14076209del,KR1,뱃살몬,KR0,64.28571428571429
2626,14076209del,KR1,징크스,KR 1,75.0
2627,새벽을 비추는 별,KR1,달 리,냐 옹,66.66666666666666
2628,왕고수,KR1,고라파,KR1,46.666666666666664
2629,Jantto,9997,절망 그리고 공포,KR1,27.27272727272727
2630,생각한대로,4794,고아원협곡분원,8732,41.66666666666667
2631,손여울,Son00,뇌진탕 유발자,KR1,70.58823529411765
2632,CGV 플로어마감,KR1,여름아 빨리가,KR1,50.0
2633,너이새킹일루왕,KR1,암덩으뤼,KR1,45.45454545454545
2634,젠장 석열 이 계엄은 대체뭐냐,내란수괴,샤이닝핑거,건담로봇,33.33333333333333
2635,T1 0ner,2001,우니서운해,KR1,58.333333333333336
2636,롤체 조꼬수 햄찌,KR1,cute,0229,57.14285714285714
2637,깨우면 릴리아한테 혼나,Rilli,신짱아,8143,36.36363636363637
2638,엘빈 스미스,신조사사게,우즈마키 김철수,나뭇잎마을,80.0
2639,엘빈 스미스,신조사사게,Pird,000,71.42857142857143
2640,띠띠딩,KR1,지하철노약자패는담당일진은가누,123,63.1578947368421
2641,듀 오,암덩어리,뿌뿌의 이중생활,kr2,70.58823529411765
2642,티라미수 마티니,KR1,몰랑말랭,KR1,66.66666666666666
2643,AKIRA,28호,2630005513053792,KR1,43.75
2644,XXXDXXX,KR1,치유감소효과,KR1,63.1578947368421
2645,서울에 가서,KR1,Oji,123,68.18181818181817
2646,궁극기 발사준비,kr2,어촌식당,오상민,68.75
2647,재능이없다재능이,KR1,SSALMONKEY,조정민,43.75
2648,앗아라라,1111,서래갈매기,KR1,78.57142857142857
2649,뽀 섹,KR1,동탄미시참교육,동미참,76.92307692307693
2650,lurch,KR1,지호센빠이,KR1,62.96296296296296
2651,라이푸,KR3,길동이,길동이,64.70588235294117
2652,dumplingsmandu,KR1,상처에 알보칠,KR1,55.55555555555556
2653,심신미안,KR1,씨씨개씨,KR1,35.294117647058826
2654,갱플랭크 쓰레쉬 노틸,현근의개,현근 송,KR1,61.111111111111114
2655,Greenday,RK1,타기쉬운탁이버스,002,61.53846153846154
2656,VANAA,KR1,클레드,KR131,42.857142857142854
2657,commony,KR1,강고등어,0809,70.58823529411765
2658,젤리먹게나와,KR1,왕만두조아,KR1,52.94117647058824
2659,뽀 또,로뽀겐,서알쓰,KR1,10.0
2660,개  정  팔,Q ω Q,바텀못하면바로던진다,kr2,41.66666666666667
2661,JustLikeThatKR,KR282,어렵다 롤,0118,58.620689655172406
2662,나는 보성,BOSSS,나꼴려쓰 춘식,JR AD,60.0
2663,하 잉,Hello,우주류레이크,KR1,54.54545454545454
2664,프라이데이지,KR1,건강행복숲공원,1999,61.111111111111114
2665,l WINTER l,KR1,장지환팬티도둑,괴불쥐,50.0
2666,l WINTER l,KR1,빅더아빠스몰더,1111,40.0
2667,전리품주세요,KR1,아 리,마법사,50.0
2668,HazeLove,Haze,UnstoppabIe,KR1,78.57142857142857
2669,HazeLove,Haze,Artemis,KR1,40.0
2670,상처투성,KR1,KKD,KR1,62.5
2671,김낙춘,KR1,도 뀌,KR1,45.45454545454545
2672,김낙춘,KR1,박살내자,KR1,36.36363636363637
2673,Nova Wy,KR1,괴물쥐,작민이,50.0
2674,통카스,KR1,야마자키 현수,역안의재능,45.0
2675,뉴비니까살살해줘,KR1,rkd맛멍,KR1,45.45454545454545
2676,쥬지가딱딱행,야스신,음파맞으면들감,KR1,72.72727272727273
2677,뒷산타잔,KR1,낑 챠,KR1,84.21052631578947
2678,mute my team,KR1,주봉기,KOR1,60.0
2679,휘릭휘릭픽,홀롤롤로,겸손하기,겸손하게,58.333333333333336
2680,휘릭휘릭픽,홀롤롤로,King ears yo,KR1,50.0
2681,600컵,KR1,동언짱짱맨,KR1,60.0
2682,토가사키 시게히라,초인의 시,실버ad,KR1,47.05882352941176
2683,오 크,족 장,S2나서스S2,KR1,46.42857142857143
2684,hidden on bosh,KR1,홍도경,KR1,55.00000000000001
2685,hdghdg1919,KR2,llllllll,1177,40.0
2686,고기집알바생,KR1,꼬북칩마시쪄,KR1,47.368421052631575
2687,죽부인말고영부인,1260,화날때는애인생각,KR1,58.333333333333336
2688,이게 니코야,리플릭스,GEN Chovy,KR39,75.0
2689,민둥버둥,KR1,Drowsy Day,KR1,35.0
2690,티모귀신,KR1,삭삭like김치,KR2,72.72727272727273
2691,하던진다,KR5,닥터감스트레인직,KR1,73.33333333333333
2692,뽀뚜르따띠,뽀뚜르따띠,이 두 곽,KR1,50.0
2693,듀 렬,KR1,벌꿀오소리의 깡,KR1,41.66666666666667
2694,듀 렬,KR1,하 얀,7726,80.0
2695,dimenticato,toall,나이트로새미,KR1,52.63157894736842
2696,응봉산 비단잉어,KR 1,하 빕,254,78.57142857142857
2697,응봉산 비단잉어,KR 1,너네집갸스끼,KR1,54.54545454545454
2698,깡통12,KR1,30렙을 향해,KR1,46.15384615384615
2699,강춘복,KR1,SKT Bibur,KR1,64.70588235294117
2700,choo1,KR1,RooКiе,KR 1,81.81818181818183
2701,신과의호는죽었다,KR1,이상호01,kr01,70.0
2702,공주님의충실한개,KR1,내이름조세진,난 두꺼비,20.0
2703,애꿀이,미니피그,빠른 발에 빠른 총,찌리릿,75.0
2704,애꿀이,미니피그,야 소,KR0,90.9090909090909
2705,꿈꾸는자라,KR1,새로운 탑의 왕,KR1,69.23076923076923
2706,꿈꾸는자라,KR1,집에불지른다,KR1,66.66666666666666
2707,코끼리찌찌,KR1,코끼리푸딩,KR1,60.0
2708,텔레뚜비,나나 뽀오,원숭이두창재성,KR1,34.61538461538461
2709,꼼이몽이,KR1,T7hy,KR1,63.1578947368421
2710,내가바라보는너,KR1,이 서,022I,60.0
2711,김정솔이다,정소리리리,동 건,동 건,60.0
2712,ΟυΟ,ΟωΟ,뀨 몽,뭘뽀노,75.0
2713,무니삐마,무니무니,볼통통이,KR1,40.0
2714,사진찍을때댄잉,KR3,호 이,호 이,36.36363636363637
2715,혼돈맛나쵸,KR1,유미는 귀여엉,KR1,50.0
2716,smthlikeyou11,TTT,서초동 피바라기,KR1,61.904761904761905
2717,날비추는빗까리,KR1,집 부서진 비버,KR1,69.23076923076923
2718,자기야오늘뭐해,KR1,태초무기주세요,23일차,73.33333333333333
2719,강호 대협,江湖大俠,구르기 원툴,KR1,44.44444444444444
2720,부부이상연인미만,KR1,Arcanum,7777,78.94736842105263
2721,갈마동 송강,kr0,양카쟈,KR0,72.72727272727273
2722,귀여운 하모,091,ねこちゃん,0403,60.0
2723,insular,KR1,Severino Makaio,Jung,72.72727272727273
2724,딱콩마려운사람,KR1,멘탈만 잡아도,KR1,30.76923076923077
2725,딱콩마려운사람,KR1,볼드모타,KR1,50.0
2726,이센스 이방인,KR1,멍 킹,KR1,50.0
2727,이센스 이방인,KR1,낭만있고화려하게,KR1,84.61538461538461
2728,디올옴므,KR1,유튜버억,KR1,65.51724137931035
2729,제라스서폿함,KR1,오리너궁댕이,KR1,60.0
2730,제라스서폿함,KR1,안유신,KR1,50.0
2731,아만타디움금강산호너클펀치허태욱,MUSAT,돌풍 기니피그,KR1,53.84615384615385
2732,목이4개면목포,7773,만취자,KR1,40.0
2733,백 화,수 복,Kendrick,KR1,41.66666666666667
2734,계모계모,KR1,카즈마,코노스바,73.33333333333333
2735,에코보단땅콩,KR1,Adventure type,KR2,27.27272727272727
2736,성준과윌럼프,KR1,대한민국해병대 군수단 상지대대,2512,68.96551724137932
2737,퇴사실패,KR1,치 킨,111,71.42857142857143
2738,사륜안,サスケ,김노스,9704,80.0
2739,Jo성배,KR1,사슬두개,KR1,36.36363636363637
2740,하거시픈거다해,KR1,현생집중문승종,111,50.0
2741,유니디온,디 온,뜨거운불꽃,FIRE,63.33333333333333
2742,이퀄길만걷자,KR1,메이킹 서포트,메이킹,36.36363636363637
2743,삼립꿀호떡,KR1,Discovery,112,45.83333333333333
2744,잘안참는사람,KR1,술과처녀를가져와,KR1,46.666666666666664
2745,쉿 몰컴중,KR3,만국공통어,KR1,40.0
2746,비 비,KR518,밤양갱,KR927,46.42857142857143
2747,밥똥딸,d12,화가주체가안되는사람,KR1,82.6086956521739
2748,벗방의귀재홍승표,KR1,Charry,3885,83.33333333333334
2749,마스테,0525,연우연우,연우연우,80.0
2750,승재승,KR1,감인수,KR1,76.92307692307693
2751,승재승,KR1,도마도 스빠게륑,KR1,54.54545454545454
2752,이재윤짱짱맨,짱짱맨,즌우즌우,KR1,39.130434782608695
2753,백지헌,kr11,Another Level,001,70.0
2754,라이또몽,KR1,야채퐁,KR1,63.63636363636363
2755,셜록홈즈님,KR1,Gen G Ohmme,KR1,63.63636363636363
2756,예측 못한킬각,KR1,입열면 팬다,real,35.714285714285715
2757,설인귀,대조영,걸사비우,대조영,53.84615384615385
2758,바밤바0111,KR1,丕闡大猷抑邪興正,PHY,66.66666666666666
2759,암덩어리1급,KR1,택 배,KR1,50.0
2760,카탈로니아 찬가,KR1,롤로노아,KR22,75.0
2761,병떠병떠,KR2,달타빈,0228,60.0
2762,펭구충,KR1,한챔프연습용,KR1,60.0
2763,별빛거북이,2121,빛바랜자,1234,68.75
2764,사이버거,KR1,카카오툭,KR1,40.0
2765,주님의주먹,KR2,인성조,KR2,50.0
2766,혈압올리기장인,KR1,긴암세포,KR1,37.93103448275862
2767,설응폭,KR1,예쁜모양의75D,1111,73.91304347826086
2768,민 가 을,KR1,인희미니마이니모,KR1,66.66666666666666
2769,황금독두꺼비,KR1,뿡뽕이맨,KR1,76.92307692307693
2770,황금독두꺼비,KR1,인생은원딜탓,KR1,69.23076923076923
2771,못한디,KR1,나는야변우,KR1,75.0
2772,영창가기싫어요,KR1,Seok,0407,76.47058823529412
2773,젖소다 무겁지,KR1,얼음보숭이,zi존엄몰,64.70588235294117
2774,aasd,d1a,고윤정,환 혼,42.857142857142854
2775,GENG Chouy,GENG,너만따라댕긴다,KR1,44.44444444444444
2776,가볼텨,KR1,Radiohead,8305,50.0
2777,태김우,KR2,Silica Gel,한로로,64.70588235294117
2778,비빔만두맛있어,KR1,kingjmjm,KR1,55.172413793103445
2779,프로잭스,KR1,잎새달서른날,8282,41.17647058823529
2780,나는 정상이야,KR1,민초펩시하와이안피자,9797,30.0
2781,칠전팔기의 록리,KR1,막장이잖아,KR1,50.0
2782,나뭇잎,아이번,수빈아 캐리해,벨베스,69.23076923076923
2783,패왕 고병준,다팬다,나 고병준,KR1,62.5
2784,패왕 고병준,다팬다,건국대 최민석,KR1,50.0
2785,쁘띠주영,KR1,죽기장인,Ker10,76.19047619047619
2786,카타리나르블랑,KR2,영건님의 충신,000,36.36363636363637
2787,경남체육임용,KR1,Lv 1 김동일,KR1,55.172413793103445
2788,경 광 호,KR1,다 붕,1999,64.28571428571429
2789,101413264del,KR1,왜그래빡치냐,KR1,52.63157894736842
2790,101413264del,KR1,초미드,KR1,36.36363636363637
2791,바위라구,KR1,고독한 승부사 장필우,7381,30.0
2792,라떼는용감해,KR1,왜너가젖고난리야,KR1,60.0
2793,내가캐리해,KR1,적 각,KR1,81.81818181818183
2794,알아서해,어쩌라고,llllIIIIlIlIlIlI,KR1,58.620689655172406
2795,배재석,KR1,나믿고바텀게임해캐리할게,1231,53.84615384615385
2796,T1 gaeguri,0727,volunteers,KR11,52.94117647058824
2797,INFP외동AB형공익,0727,주니하니,KR1,66.66666666666666
2798,하프짐,KR1,점점이,KR1,54.54545454545454
2799,springtime,0110,자석 펫,쫄래쫄래,63.63636363636363
2800,Zac,PVP,kyte,mmm,50.0
2801,뀨리닝,1234,미드에서 봅시다,KR1,41.17647058823529
2802,그냥 그거야,KR1,Konnatsu Nana ,KR1,69.23076923076923
2803,그냥 그거야,KR1,중간보스 조승현,KR1,54.54545454545454
2804,tigel,legit,앞방친구,KR1,58.82352941176471
2805,푸 들,뭉 치,지나가던 잠자리,KR1,60.0
2806,호켄파크로따라와,KR1,FNC정오,KR1,58.333333333333336
2807,뎅장찍앵,kr2,마크 아누,KR1,80.0
2808,또띠기,KR1,미드리신,KR1,64.70588235294117
2809,또띠기,KR1,꼽사리,KR1,40.0
2810,Fu킹,0932,깡 훈,내가 찐임,47.82608695652174
2811,왕 똥 꼬,냄 새,뉴진스,2187,50.0
2812,臥薪嘗膽,0424,순천향대24학번,stu,33.33333333333333
2813,타 요,리듬타,99kg수박녀김홍수,1620,50.0
2814,kig coo,KR1,원딜공듀,JP2,46.666666666666664
2815,인생망해볼까,KR1,zenbu,1호기,40.0
2816,김독슨,KR1,아쉬운데잉,KR3,56.52173913043478
2817,생기다 만 소환사,KR1,늑골 골절,KR1,52.38095238095239
2818,멍미랑 행복하기,0926,몰라 그냥즐겨,KR1,60.0
2819,zzkN,KR1,콩국수,KR3,73.33333333333333
2820,민지출동,KR1,근혁이롤개못함,KR1,36.36363636363637
2821,민지출동,KR1,다홍색이좋아,KR1,60.0
2822,Geuny,4251,Newblood,KR1,70.0
2823,del597136,431,강철 군단 럭스,강군럭,54.54545454545454
2824,칼바람죽순이,KR1,7x3r2bn,KR1,90.9090909090909
2825,칼바람죽순이,KR1,육아게임,응애애,72.72727272727273
2826,뾰족머리 삼돌이,탬 니,김핸소,KR1,50.0
2827,한국유학생츠바사,ひめです,한국유학생히나,ひめです,72.72727272727273
2828,기절 쌈바리,KR1,유니짱,1234,66.66666666666666
2829,타닥타닥쌩배정글,KR1,Captain America,0104,60.0
2830,ershi conglin,KR1,역시안군,KR2,50.0
2831,ershi conglin,KR1,영 코,KR1,60.0
2832,으아실수했다,KR1,컨시브,KR1,70.37037037037037
2833,메가령민,1203,루니가똥루니,KR1,56.666666666666664
2834,닉네임을어떻게지어야할지모르겠어,0000,흔해빠진 우르곳으로 세계최강,우르곳,64.70588235294117
2835,maldon salt,KR1,신 암행어사,KR1,38.88888888888889
2836,maldon salt,KR1,갤럭티카,KR1,66.66666666666666
2837,진지하게 게임함,KR1,밤하늘 눈,KR1,46.666666666666664
2838,이주미,변호사,테 디,진에어,57.14285714285714
2839,Blue,106,이름따위생각안나,KR1,33.33333333333333
2840,모로하,ji2,모 호,Korea,72.72727272727273
2841,쉐르비,KR1,암향소영,KR1,60.0
2842,xooxoxx,KR1,사과나무심자,KR2,50.0
2843,유천동독거노인,KR2,꾸 앙,KR1,40.0
2844,빡만이,KR1,원거리딜러,1373,81.81818181818183
2845,진귀필,KR1,뚜인뚜2,KR1,81.81818181818183
2846,파이리,Z Z,plzgetmeoutofit,kor,90.0
2847,SKT T1,Marve,Radiohead,멍장대,66.66666666666666
2848,품번대백과,KR1,60대 낭만원딜러,hello,53.333333333333336
2849,협곡의 스커지,LMS,착한말만해주세요,KR1,66.66666666666666
2850,timo코인,KR2,와따이거뫄야,KR1,63.63636363636363
2851,대응표,KR1,카이사,고양이,44.44444444444444
2852,굴러다니는공,KR3,젤멋쟁이,KR1,40.0
2853,굴러다니는공,KR3,천리로와,KR1,85.71428571428571
2854,P싸개,KR011,갱생떠기,떠 기,42.857142857142854
2855,몽둥구,KR1,제우스 차렷,KR1,50.0
2856,민익이곧휴가튼튼,매우튼튼,만기퇴소,1124,53.84615384615385
2857,칸니예에,KR1,윤아가그러티모,123,40.0
2858,아구몬,KR12,파닥몬,KR12,51.724137931034484
2859,진짜개열심히함,KR1,동후야,KR1,47.05882352941176
2860,돌려찾기,KR1,탑에겐 존댓말,KR1,27.27272727272727
2861,돌려찾기,KR1,콜라베어볼리베어,양뚜뚜,54.54545454545454
2862,민규야 이겨줘,KR1,임중석,KR1,44.44444444444444
2863,원조사시 이지훈,KR1,넌구제불능이야,KR1,41.66666666666667
2864,훈 룽,KR1,시신경절단기,KR1,48.148148148148145
2865,서폿무시하지멓,KR1,뭉쭈요,KR2,60.0
2866,사랑의 녹턴,KR1,THE ZD,KRI,60.0
2867,짭 프제,KR1,한애교,KR1,66.66666666666666
2868,힝혜지그런거몰랑,KR1,맛있우면 또먹지,KR1,21.052631578947366
2869,wvwvwwvv,KR1,크앙 뚜넌,KR1,53.84615384615385
2870,wvwvwwvv,KR1,엄갱균,KR1,70.0
2871,뭐야이게임,KR1,냥아치,1101,84.21052631578947
2872,뭐야이게임,KR1,고 요,0318,90.0
2873,파 도,U S,Kennedy,KR1,61.53846153846154
2874,시방창랍2,KR1,먹방유튜버김미진,2900,37.5
2875,Waltz,Evans,감다살,0000,36.36363636363637
2876,응급실새치기전문,KR1,지요츄,0000,94.44444444444444
2877,춘천박진솔,KR1,9rum,KR3,30.76923076923077
2878,바람의나라,kr2,쥐새끼,검거반,53.84615384615385
2879,밍밍한 귤은 뮬,КR1,LEE SIN KING,KR 1,64.28571428571429
2880,엄준식,KR555,io00oi,0306,10.0
2881,사 일,225,부캐로도망침,KR1,53.84615384615385
2882,PaStella,파스텔,바다노래 세라핀,KR1,21.428571428571427
2883,JustLik ThatKR,J G,365일종이비행기,KR1,54.54545454545454
2884,우리정글머함,정글차이,청양고추푸딩,KR1,65.0
2885,우리정글머함,정글차이,김한나,foxy,80.0
2886,누0누0누0누,KR1,김지원입니돠,KR1,47.368421052631575
2887,김혁규,KR11,따봉다니야고마워,KR1,64.70588235294117
2888,qzkdf,KR1,킬먹어라,KR1,53.84615384615385
2889,박박준준호호,KR1,가 경,KR1,63.1578947368421
2890,무리뉴,무버지,미스터짐,KR1,65.21739130434783
2891,이걸론부족해,KR1,보영사랑,KR1,69.23076923076923
2892,사과가 되지말고 도마도가 되라,좋은 글귀,Swopper,Chovy,53.84615384615385
2893,사과가 되지말고 도마도가 되라,좋은 글귀,펜타킬 냠냠,KR1,30.76923076923077
2894,16글자로닉네임을만들기어려워요,0000,어쩔티비맞짱뜰래,KR1,54.54545454545454
2895,하 니,뉴진스1,성쭈이,KR1,33.33333333333333
2896,하 니,뉴진스1,이시가미센쿠,KR1,80.0
2897,그것이당신의행복이라할지라도,KR1,오 리,애 용,72.22222222222221
2898,뚱 이,8660,Erilia,KR113,53.333333333333336
2899,교자클라스,KR1,주녕짱짱123,KR1,50.0
2900,교자클라스,KR1,스웨인,페이커맞밸,70.0
2901,호로록,kr4,되는닉네임머임,KR1,64.70588235294117
2902,인텔퀄컴암드애플,KR1,프렐요드서리방패,KR1,61.111111111111114
2903,반고흐4세,KR1,상은이,KR1,70.58823529411765
2904,심심하다아아아,KR1,순둥2,KR2,54.54545454545454
2905,미드핑안찍는사람,KR1,일형 벽력일섬,KR1,53.333333333333336
2906,굉장히화가난상태,KR1,제레미 도구,KR 1,68.75
2907,Sunklst,KR1,롤체로마스터감,KR1,55.55555555555556
2908,90141382del,KR1,결정적실수,KR1,60.0
2909,신채로이,0918,쥐순이람희,KR1,43.333333333333336
2910,뇌지컬 원툴,1117,Radiohead,124,41.66666666666667
2911,다드림바베큐치킨,KR1,고굼냥,OoO,50.0
2912,겜 쉽게 이기는법,KR1,딜말고도잘넣어요,へーん,68.18181818181817
2913,자윤주,KR2,연제훈,연제훈,60.0
2914,MDNbbogle,KR1,Scan000,KR1,40.0
2915,챠 랑,KR1,궁극기를 아끼면 안돼,KOR,55.55555555555556
2916,노트북으로정글연습하는계정,트롤아님,이즈리얼,5884,33.33333333333333
2917,노트북으로정글연습하는계정,트롤아님,미 드,과기대,63.63636363636363
2918,most one leblanc,KR1,다이어트 시작함,KR1,55.00000000000001
2919,원딜하는 멸치,KR1,다 솜,2000,70.0
2920,백정97,KR1,차가운사람,kr11,41.17647058823529
2921,마지막 부계정,last,정말사연이있어,KR1,46.15384615384615
2922,효 석,KR1,제라스잘하는사람,KR1,46.666666666666664
2923,김남길,8981,완정역 키즈,1234,56.25
2924,김남길,8981,yoopia,KR1,40.0
2925,바위마을의매생이,KR1,권한녀,KR1,70.83333333333334
2926,Teemother,KR1,탑안오면그냥미드에쳐박아버림,KR132,70.83333333333334
2927,제주유흥문의,주대20,연동9길38,이찌니,67.85714285714286
2928,탑하는규훈이,3666,남긴음식,KR1,46.15384615384615
2929,부타동먹고부타가된이재범,19874,0l현우,KR1,36.36363636363637
2930,트롤플레이어,KR1,녹 차,1095,61.53846153846154
2931,싸없새야,KR1,실내사정,해줄까,45.83333333333333
2932,스이긴토,KR2,차단하고캐리함,KR1,43.47826086956522
2933,소명문명,KR1,므히히히,KR1,53.333333333333336
2934,gamgyul,kr333,유토피아YC,KR1,33.33333333333333
2935,Snow Step,1234,다이아에갈사람,KR1,37.93103448275862
2936,발꾸락요정,KR1,다리가아파영,KR1,27.27272727272727
2937,워 익 이 다,KR1,무선반장,KR1,50.0
2938,Nerd Stupid,KR1,무쇠빠따복현진,kr2,45.45454545454545
2939,더 월드 오버헤븐,KR1,하츠라츠,KR1,50.0
2940,술 한 모금,KR1,역대급 천재 탑,KR1,40.0
2941,민규 심,KR1,고양이상얘쁜누나,KR1,50.0
2942,선화야색깔이어떻게울퉁불퉁하냐,울긋불긋,내무습다,KR1,68.75
2943,정글액,KR1,다홍이,KR1,70.0
2944,정글액,KR1,어떤 이의 꿈,KR12,70.0
2945,AKMID,KR1,쏘환사,KR1,53.333333333333336
2946,김은하,0126,Dvil,KR1,64.28571428571429
2947,xnoparasitisme,KR1,정글메뚜기,KR1,35.0
2948,OMEGA시티,KR1,목동토박이,KR1,66.66666666666666
2949,김준정,KR1,로밍 가지마,KR1,61.53846153846154
2950,야줌싸개,KR1,낭만파천태식,YSD,57.692307692307686
2951,아름다운아띠,KR1,곰세마리한집에,KR1,76.92307692307693
2952,나현공주,바보바보,조선제일총검,야스오원챔,66.66666666666666
2953,bami,0302,엿드세요,7895,66.66666666666666
2954,어떻게이게게임,KR1,Raina Esprit,KR1,46.15384615384615
2955,김D현,D의 의지,마 니,마 니,44.44444444444444
2956,핑핑이,핑핑이다,여기와드해줘,KR1,43.333333333333336
2957,김정밈,KR1,벌레팀운,KR1,81.81818181818183
2958,티므싱,KR1,시바이누,1111,43.333333333333336
2959,라두야 놀자,KR1,체뿡둥이,KR1,63.33333333333333
2960,마지막 로그아웃,한판만할까,죠지키우기,KR1,48.275862068965516
2961,도지마의 용,배그만탈거,구미불기둥,KR1,54.54545454545454
2962,후라이치퀸,KR1,아리스토탈났으,KR1,71.42857142857143
2963,바다꽃입,KR1,시가 현실적이면,시리얼,56.25
2964,CJ CornFrost,KR1,IKnowWhat U Want,KR0,40.0
2965,zl존무적성호,KR1,빈티지원딜,KR1,66.66666666666666
2966,abhorret,KR1,슈발섀기,KR1,58.82352941176471
2967,abhorret,KR1,우산초빵셔틀,KR1,41.66666666666667
2968,여응차아,KR1,연승하고싶어요,제발요,53.333333333333336
2969,오딱석,오딱석,차카타파,KR1,36.36363636363637
2970,파워 슬램,부 캐,giny216,giny2,59.09090909090909
2971,판수생배,KR2,02년생아칼리장인,KR1,57.14285714285714
2972,희끄희끄,KR1,블루나,2199,50.0
2973,아이묭티케팅실패한사람되팔이엄마,다죽어라,WWVWWWWVWWVWWVWW,KR1,40.0
2974,순식간에 현지 적응,팀운도실력,2593409391953184,KR1,93.33333333333333
2975,H2DE,8207,둔탁한 한방 딱대,KR1,60.0
2976,아 윤,0224,동덕여대 화이또,KR2,60.0
2977,괴물성현,KR1,토일월화수목금자,KOR,69.56521739130434
2978,성원의하루,KR1,スフ大O,从人巨大,50.0
2979,UNKNOWN,PB20,暢 揆,李 家,45.45454545454545
2980,작 콩,땅 콩,땅 콩,작 콩,44.827586206896555
2981,오용준용,KR1,별이주인,KR1,50.0
2982,이도류7088,KR1,01038280241,맞짱전화고,53.84615384615385
2983,AD연습전용,KR1,최   영   건,SNS,75.0
2984,인간콘돔김찬호,KR1,유현이,KR1,60.0
2985,고난과역경이가득,KR1,청 명,화산검협,30.0
2986,중앙초두목,KR1,기 슥,KR1,71.42857142857143
2987,물초롱,KR1,mulchorong,KR1,63.1578947368421
2988,물초롱,KR1,니코가니코속으로,KR1,30.0
2989,최초원딜안중근,대한독립,자 스 민 탕,KR1,62.5
2990,모지혜사랑꾼,황태규,손승현,0404,50.0
2991,채댕이,KR12,volkswagen,289,37.5
2992,안대쓰고자면안대,KR1,MonsTre,괴 물,61.53846153846154
2993,벽 느낄 때까지,KR1,암흑대군주,KR1,30.0
2994,그저평범한닉네임,KR1,제주납읍리감귤,KR1,55.55555555555556
2995,기무퍽춘,KR1,항공대 조춘식,KR1,55.55555555555556
2996,너희어머,CC기,알프레드 아들러,7777,41.17647058823529
2997,twin1,KR1,twin2,KR1,76.47058823529412
2998,구라링,KR1,칸쥐순,КR1,51.724137931034484
2999,망곰이,bear1,터지지좀마봐,KR1,61.111111111111114
3000,끄어어엄,KR1,글러먹은인간,KR1,61.53846153846154
3001,장관빌라,KR1,너희집에 모히또,KR1,66.66666666666666
3002,제라스뿅뿅,KR1,벨코즈뿅뿅,KR1,55.55555555555556
3003,라이꾸2,KR1,그럴려고 그런게,KR1,50.0
3004,떠뽀끼,맛있엉,2727423433147520,KR1,35.0
3005,박보영,1838,북조선인민로동당,KR1,35.714285714285715
3006,토마토에전기충격을주는기계,KR2,인생이모르겠다,KR1,68.42105263157895
3007,1분대상병권준하,KR2,김깽한,KR1,40.0
3008,sbbbbbbb,KR1,윈 터,6872,57.692307692307686
3009,무적해병기욱박,KR1,옆집할매폐지뺏기,KR1,40.0
3010,용성아름,KR1,Xiao zhiouu zang,KR1,70.0
3011,대전 박격포,KR1,한방에보내는남자,KR1,60.0
3012,대전 박격포,KR1,Steel Shadow,KR2,60.0
3013,Lv 1 최은찬,KR1,GEN canyon,KR 11,64.28571428571429
3014,너의최애가돼주마,KR1,언어장애핑구,KR1,64.28571428571429
3015,O0O0O0O00000O0O0,KR1,Angry seong,KR1,54.166666666666664
3016,자객의발톱사이온,KR1,신명철,KR1,40.0
3017,빵빵이,6220,아레나,모루장인,58.333333333333336
3018,빵빵이,6220,네이버,earsd,41.66666666666667
3019,개가튼내일,KR1,엿가튼내일,KR1,56.666666666666664
3020,돼 지,7777,한번만봐주세요,PLZ,52.94117647058824
3021,초코집과자,자과집코초,1RAOE,KR1,64.70588235294117
3022,너일루왕이새킹,0617,ObliviateO,KR1,58.620689655172406
3023,저도찾지마세요,KR2,dlsjkdisudwn,KR1,53.84615384615385
3024,영슈야,0502,몽토야,0502,64.28571428571429
3025,현지인이다살살해,KR1,수튜브구독자,KR1,53.84615384615385
3026,현지인이다살살해,KR1,무야 볼리베스,2352,40.0
3027,고양이키울래여,KR1,정글이왕이다,KING,50.0
3028,바위게그라탕,KR1,Aurora Reflex,무지개반사,46.666666666666664
3029,쑤미마셍,KR1,코딩의노예개발자,KR1,40.909090909090914
3030,뱀 탕,KR1,つoωoつ,愛してる,50.0
3031,메가트리움,KR1,박대춘,KR1,63.63636363636363
3032,으니우니,KR1,당뇨고혈압문신충,123,47.05882352941176
3033,솔랭 키아나,KR1,깡규얌,KR1,73.33333333333333
3034,RPG배틀짱,KR1,와플곰돌이,KR1,46.666666666666664
3035,맥도널드알바생,KR1,중요한순간딱한번,KR1,87.5
3036,홍민찬,0828,Protoss,KR11,69.23076923076923
3037,마오니대장,KR1,USINGKING,KR2,52.94117647058824
3038,삼겹살에 소주 한잔 먹고싶다,참이슬,Shieda Kayn,0112,50.0
3039,민수의왕자근,KR1,제가 지켜볼게용,KR1,66.66666666666666
3040,5ushi,KR1,THE블루스,KR1,57.14285714285714
3041,화나면울려요,KR1,초코와퍼,KR1,66.66666666666666
3042,늑대파대대장,KR1,이기는법을까먹음,못이길듯,41.66666666666667
3043,소환사0831,KR1,미쯔냠냠냠,KR1,71.42857142857143
3044,wakuwaku,oui,DOEUIZZANG,요로시쿠넹,50.0
3045,이게정성엽,KR2,최형우홈런,KR1,57.14285714285714
3046,못 이겨도 좋아요,KR1,가난한용사는오늘도히어로를꿈꾼다,030,50.0
3047,미스터하딘,KR1,Lutara,KR1,30.76923076923077
3048,Suvita,KR1,good5768,5942,60.0
3049,돈언제갚니,KR1,Zed,a3338,45.45454545454545
3050,Lions,blue,여유로운삶,KR2,40.0
3051,김세딕,KR1,FATE,KR22,57.14285714285714
3052,곽튜브,곽곽디라라,FIash Mochi,7942,60.0
3053,곽튜브,곽곽디라라,집에만있구싶다,KR1,60.0
3054,겨 울,0524,하츄핑,KR05,50.0
3055,귤 머 금,KR1,우주최강박솔,박 솔,61.53846153846154
3056,귤 머 금,KR1,미움받을 용기,1470,90.0
3057,져니몽,KR1,탈모문돼요실금환자 서성빈,KR3,57.14285714285714
3058,다패죽인다,십련들,Powder,JXNG,45.45454545454545
3059,열심히한다구요,KR1,기숙사 마피아,KR1,44.44444444444444
3060,김차뉘,KR1,범죄자인사람,KR1,60.0
3061,호롤롤로욜로,KR1,오늘살이,today,70.0
3062,영등포피바다,KR1,GET1,KR1,54.54545454545454
3063,싸이비 교주,KR1,하아리,KR1,50.0
3064,까꿍 ,발로란트,노망치,KR1,66.66666666666666
3065,포 위드 썬,KR1,다시한번처음처럼,KR1,41.66666666666667
3066,Aileri,정 품,채팅못보는사람,KR1,40.0
3067,아 수 라,1111,믿어요 정글러,KR1,47.05882352941176
3068,첼로신발주머니,KR1,메 르,KR1,60.0
3069,Center Forward,KJS,1티어 쉔서폿,KR1,41.66666666666667
3070,Center Forward,KJS,소호동데브라위너,KR1,60.0
3071,배뱁티,KR1,윤 씹 섭,KR1,70.0
3072,한자보,KR1,장인은도구탓한다,KR1,54.54545454545454
3073,한자보,KR1,톳트넘명예소방관,KR1,63.63636363636363
3074,피크닉민초맛,KR1,누가 막을건데,KR2,80.0
3075,Db다이너마이트,KR1,1학년8반체육부장,KR1,75.0
3076,귀찮을때짓는이름,KR1,멀고먼꿈,KR123,57.692307692307686
3077,샥샥푸슉,KR1,도망가는라쿤가족,1111,45.83333333333333
3078,IIIIII,lIllI,P0P0,KR1,90.0
3079,응애 나 태워줘,KR1,Ucalyptus,KOR,57.14285714285714
3080,요 한,2001,다이예나,형냐들,75.0
3081,Húndàn hánguó ré,CN1,공격횟수,KR1,50.0
3082,싹바가지,1111,비타헬스수건도둑,KR1,51.85185185185185
3083,섹시한 스테이크,8877,창 조,3949,53.333333333333336
3084,나는준비됐지,KR1,허성재따먹기,KR1,54.54545454545454
3085,사카밤바스피스,KRI,박다원존1나꼬집기,8691,65.0
3086,요구르트보이,0305,펄스 걸 게이틀린,KR1,33.33333333333333
3087,강 우 진,5453,강우진 사랑해요,KR1,70.0
3088,재밌는거할래,Tarzo,사이코,4685,80.0
3089,크리스티아누 임채민,siuu,Gaйg,KR1,54.54545454545454
3090,ym2003,KR1,1010,0723,50.0
3091,ym2003,KR1,명예5레벨도전한다,KR00,70.0
3092,강한여성상,KR1,1단카정을가,1010,60.0
3093,허니즈유지,zyuzi,쥐 후,KR1,66.66666666666666
3094,허니즈유지,zyuzi,용용이즈유지,zyuzi,66.66666666666666
3095,네모건달스폰지밥,KR1,뾰족머리삼도리,KR1,64.28571428571429
3096,네모건달스폰지밥,KR1,유지혁,유지혁,70.0
3097,두락두,RAKDU,22영,KR2,55.00000000000001
3098,노벨고혈상,스프링랄러,딸기맛 소농민,KR7,47.82608695652174
3099,Excusez moi,Adieu,ZCXF,KR1,56.00000000000001
3100,배고파요밥사줘,KR1,샤와프후,KR1,50.0
3101,그래서뭐어쩔건D,KR1,MANIAC,SSS,53.84615384615385
3102,그래서뭐어쩔건D,KR1,장군의 길,KR1,63.63636363636363
3103,메숭이,jh94,막기장인,KR1,36.36363636363637
3104,착하게살자니까,KR1,짜릿하게 해줘,KR1,40.0
3105,꽃처럼 아름답게,KR1,,,90.9090909090909
3106,김우G,KR1,밍 키,016,63.63636363636363
3107,은둔쌉고수,KR1,겟앰프드,KR 1,60.0
3108,세쿠시 남,VV1,코스모스,S10,54.54545454545454
3109,그거슨 모슨,KR1,도구수준,KR1,60.0
3110,모 밋,KR2,MiniM,kr99,75.0
3111,ヲ ヲ ヲ ヲ,KKKKK,내가 더 잘할게,KR30,61.904761904761905
3112,허허그럴수있지요,참을인,명문도가,도센세,74.07407407407408
3113,김국연,KR1,moonlight,W900,54.54545454545454
3114,Innocent fun,KR1,퓨즈다 도망쳐,KR1,63.1578947368421
3115,Innocent fun,KR1,Moon wol,KR1,36.36363636363637
3116,보라색맛나쏘,0000,15 gg open no,KR1,58.333333333333336
3117,지 늉,KR1,혜찬들,KR1,92.3076923076923
3118,지 늉,KR1,내머리로딩중임,KR1,25.0
3119,아응애에요,KR2,와드 아껴 집사기,KR1,70.0
3120,송기쁨,happy,못멍개,KR1,57.14285714285714
3121,kikiboy,KR1,강 깍,KR1,35.714285714285715
3122,kikiboy,KR1,비연질풍용신각,아아아,50.0
3123,태 환,KR태환,차민엽,KR1,60.0
3124,아가 포로,KR1,사 콩,KR1,72.41379310344827
3125,RS1999,KR1,벚꽃동화,KR1,83.33333333333334
3126,야속한 박스,KR1,야속한 팀원,KR1,61.904761904761905
3127,김인규02,맹맹맹,아이돈캐어,KR1,58.333333333333336
3128,아구바구,kr3,RaPi,SUP,80.0
3129,TKZ01,KR1,홍정섭,1231,53.333333333333336
3130,minqi,KR2,면뭔모,KR1,82.35294117647058
3131,hanuleric,KR1,cheche,KR1,61.53846153846154
3132,명띵교,KR1,I크로니D,KR1,57.14285714285714
3133,ThanksgivingDay,LG1,페이커식 전령 박치기,dino,80.0
3134,네오미아,kr2,뽀송연우,kr3,58.82352941176471
3135,A GOOD PLAYER,KR1,favorite winter ,KR1,46.666666666666664
3136,조산희,KR1,핀 겸,KR1,63.63636363636363
3137,창혁박,KR2,왜노력을아끼는가,KR1,70.0
3138,텐타시온,KR1,블루잭8,KR1,62.5
3139,나르조아119,KR1,파이크 인생,KR1,38.46153846153847
3140,내 지금 개빡칫다,KR1,믿기싫음믿지마걍,123,73.91304347826086
3141,석남동 쌍칼,KR1,스몰더 킹,펄럭펄럭,56.666666666666664
3142,꼬북칩사져,KR1,레 이,귀여워,63.33333333333333
3143,시크릿쥬쥬,9999,빅 맘,룰루해적단,63.33333333333333
3144,키 컸,KR1,선 린,KR1,50.0
3145,KATA FR,KR1,루시안,KR200,66.66666666666666
3146,KATA FR,KR1,신난다,skrrr,58.333333333333336
3147,낭 만,hys,YEEEEAAAAHHH,KR1,71.42857142857143
3148,大丈夫dingdingding,ding,구룡포임중사,KR1,92.0
3149,전인석,1999,소원아 정말 사랑해,0215,50.0
3150,고 수,KOR,급 으,KR1,51.85185185185185
3151,WakeupFi1thy,1106,칼과 방 창패,KR1,75.0
3152,WakeupFi1thy,1106,Jocelyn FIores,KR1,58.333333333333336
3153,탑가는사람,KR2,뚱땡지,태 성,65.0
3154,4차원 주머니,도라에몽,정 글 러,잘하는사람,45.45454545454545
3155,젠 장,KR2,술 마실 나이,KR1,58.82352941176471
3156,나희공주나희,KR2,포 포,소 연,56.52173913043478
3157,정글럽,KR1,폭싹 늙었수다,KR31,53.84615384615385
3158,정글럽,KR1,즉당히하소잉,KR1,54.54545454545454
3159,부주입니다,KR1,1220sjy,KR1,58.333333333333336
3160,마뭘쎄리보노,KR123,마인박는 벌쳐,KR1,46.666666666666664
3161,망나니전문,KR1,ヲヲヲヲヲヲヲ,KR12,50.0
3162,단단묵직,gmo,cous,KR1,64.28571428571429
3163,min3,min,연 필,KR7,46.15384615384615
3164,무서운밥,KR1,죽 섬,KR1,53.84615384615385
3165,사람아니면차단함,KR2,Beogi,KR1,50.0
3166,사람아니면차단함,KR2,예측완료,KR1,33.33333333333333
3167,고냥 좀 합시다,KR1,둠피슷으,KR1,60.0
3168,잼여우,KR2,깨꾹이,Post,59.09090909090909
3169,코끼리같은나,KR1,제페토 할아버지,피노키오,33.33333333333333
3170,큰 돌,KOREA,낭만베인,BR2,57.89473684210527
3171,리자몽,ZIU,우라하라 키스케,KR2,27.27272727272727
3172,쫑 운,KR1,최량이,KR1,58.333333333333336
3173,김범균,KR1,혜진2짱,KR1,66.66666666666666
3174,초보원딜,chobo,오른왼손도오른손,4906,63.63636363636363
3175,허준필,KR1,탐켄충,KR1,58.333333333333336
3176,틀딱정글,KR55,곱게 미친 사람,KR1,40.0
3177,드론부터들어가자제발,급발진멈춰,정수호,KR2,34.78260869565217
3178,피자찐빵,1104,와삭바만먹는이상준,111,57.89473684210527
3179,桜島麻衣,青春豚,beenj2004,rlawn,20.0
3180,자아가강한사람,KR2,천재정윤,인 히,60.0
3181,진로검사,KR1,뚱씨땡씨,KOR,71.42857142857143
3182,몰왕마최작쇼,KR1,진라면 매운맛 아,KR1,50.0
3183,빡 쭈,221,문어한테짐,KR1,40.0
3184,돈없고귀찮은백수,12345,IIIlllIIllIILlII,542,44.44444444444444
3185,Black,k0917,멘탈건들노노,KR1,63.63636363636363
3186,QWER,0806,co24,KR3,66.66666666666666
3187,zzcxc,KR1,XUUU,KR1,31.57894736842105
3188,장 너,KR2,땅다먹구,KR1,63.63636363636363
3189,현 꽃 민,KR1,탑선수,KR1,50.0
3190,Typhoon,태 풍,하나님은없다,KR1,41.17647058823529
3191,윤의준,KR1,이경한의제리타임,KR1,55.55555555555556
3192,멋이벤뚝배기,KR1,듕웅웡,ΚR1,60.86956521739131
3193,묘 식,KR1,Airplane Mode,7671,55.55555555555556
3194,날꺾이게만들지마,KR1,붕붐붐붕붐붕붕붐,KR1,37.5
3195,우기보이야,KR1,Doran,KR6,66.66666666666666
3196,골이따분,123,하위 게,123,73.33333333333333
3197,안녕수야,사랑해,쳐다보지마,KR0,50.0
3198,와꾸대장평준,KR1,재아야사랑해,KR1,63.33333333333333
3199,봉골레노틸러스,KR1,까르보나라사미라,KR1,55.55555555555556
3200,무 찬,KR2,Dooohe,KR1,20.0
3201,양덕동 부모폭격기,어망구박살,나 재용이,Wodyd,25.0
3202,적당히 빨 감,KR1,안녕승훈,KR1,28.57142857142857
3203,적당히 빨 감,KR1,늘E전용,kr99,70.0
3204,나주미의 긍지,KR1,이크에크박크,KR1,57.14285714285714
3205,민카르도,7013,Ravensong,송휘진,52.17391304347826
3206,모든길은나로통해,KR1,하얘지고싶다,KR1,45.45454545454545
3207,모 기,모비딕,똥 침,맵 핵,87.5
3208,면세담배,던힐6ml,나는벌레,다르다,64.28571428571429
3209,빵댕이,2909,재팡FC,KR1,68.75
3210,전나게 잘하네요,KR1,내가 누군지 왜 궁금해,KR100,50.0
3211,오르트 구름마,KR1,hide on mcheol,KR2,71.42857142857143
3212,bluelemonade,lemon,김루시,lucy0,55.55555555555556
3213,bluelemonade,lemon,구름치는파도,KR1,60.0
3214,검꼭지,KR1,AK55,KR1,58.620689655172406
3215,King Haeibo,KR1,택입니다,0000,80.0
3216,제발이겨줘요,1204,이민혁,이민혁,50.0
3217,롤은내원수,KR1,TTALON,KR1,50.0
3218,롤은내원수,KR1,금기를 겨눠,KR1,45.45454545454545
3219,소  갓 ,KR1,왕소라초코빵,KR2,40.0
3220,오주왕,KR1,기어오르지마1,KR1,70.0
3221,몰랑몰랑볼,KR1,빠른다램쥐,KR1,48.0
3222,원 딜,KR33,비 첼,KR1,31.57894736842105
3223,참된 젓가락,KR1,현태식이,KR0,58.333333333333336
3224,sung님,KR1,메이플로 오세요,KR1,57.14285714285714
3225,네네치즈볼개노맛,KR1,최 소 룡,KR1,68.18181818181817
3226,두루마리휴지,6974,빛이나는마이WAY,KR1,63.63636363636363
3227,동경C,KR1,녹턴제라스,001,64.70588235294117
3228,대강하자잉,KR1,만재랑롤하기,KR1,75.0
3229,주님의몸,KR1,Ho 도구,KR1,66.66666666666666
3230,악 마,KR112,리롤토체스,KR1,41.17647058823529
3231,악 마,KR112,인어공주,JYP,46.15384615384615
3232,돌격해 도구년아,cs2,덴티티,KR1,40.0
3233,베미맥,KR1,롤로노아 뽕순이,뽕순이,62.06896551724138
3234,ENTP그자체임,KR1,뉴현석,700,52.17391304347826
3235,정현서,씹혜지,손채성,조정훈,63.63636363636363
3236,가나다라마바사아자차카타파하,안녕하세요,탑가는 악어,KR1,42.857142857142854
3237,기옹아비,KR2,기옹아비,KR1,58.333333333333336
3238,임뽕빵,8090,SX티모XS,KR1,54.166666666666664
3239,밀크랙,1557,남친은어디에,KR1,53.333333333333336
3240,polymorphism,sdg,황제 창이,KR1,50.0
3241,브뤄컬리,KR1,한용훈,KR1,53.333333333333336
3242,Stop the Madness,KR1,승미곤듀,KR1,46.666666666666664
3243,치이카와,CR7,이찌리,kr3,40.0
3244,원딜감수성,1004,Zoolbbada,KR1,33.33333333333333
3245,박스타,111,외쳐 갓주일,kr11,64.70588235294117
3246,ysan1009,KR1,너희유미는어딨니,KR1,27.27272727272727
3247,명예브렌트1호기,KR2,persistent,KR1,50.0
3248,파랑파랑l,KR1,반갑습니다람쥐,2식이,69.23076923076923
3249,Farming,9999,전구핑,1104,55.55555555555556
3250,검고13,KR1,글덩이,KR1,50.0
3251,검고13,KR1,탱덩이,KR1,41.66666666666667
3252,이팀맘에드네,KR1,이팀맘에안드네,KR1,55.00000000000001
3253,이팀맘에드네,KR1,자기야왜그렙,일루왕,60.0
3254,로로로롤,6180,파리관절,KR1,40.74074074074074
3255,몰담황제,KR1,소도둑,KR1,50.0
3256,안정환,남자 4호,유 나,장카설유,57.14285714285714
3257,원딜차이,AD챔프,망나뇽,망나니에용,64.28571428571429
3258,Value,0126,Zezeee,KR1,46.666666666666664
3259,역대급 물거품,KR1,최     강,kang,52.94117647058824
3260,퐁퐁잉,KR1,뭘뽀노,nini2,65.51724137931035
3261,Chrome AD,KR1,3000k,KR1,58.82352941176471
3262,응응아잇,PR1,크산태,kst,44.0
3263,다이아달리기프로젝트,D 45,머리큰난쟁이,KR1,35.714285714285715
3264,아까부터던졌음,KR1,30대원딜러,5738,65.0
3265,여퐁듀,오공기여어,소년하다훌륭,KR1,20.0
3266,부먹펩시파인애플피자지코,KR123,한계돌파,8227,60.0
3267,수박씨우엑,KR1,odd future,111,70.0
3268,AngelPain,KR1,하나팀 미드,NO7,50.0
3269,IST타,KR1,재코파이,8717,50.0
3270,앙 크,KR0,fjldjklcj,KR1,81.81818181818183
3271,앙 크,KR0,바나나팜,KR0,60.0
3272,데프트될뻔,KR1,T1 Oner,world,56.666666666666664
3273,Creative self,KOR,잠자는공주민또,KR1,40.0
3274,김천 김무호,김무호,야메롱,КRI,84.61538461538461
3275,김천 김무호,김무호,곽도창,KR7,58.333333333333336
3276,BMW,MGmbH,Thank for you,KR1,56.25
3277,폭신한 최승완,KR1,남 혁,KOR,66.66666666666666
3278,정발산기슭곰발냄새타령부인사잘해,하이브리,레오크,KR1,66.66666666666666
3279,둘리는못말려,크랙의신,스테레오포니,5481,38.46153846153847
3280,DEGUL,KR1,프로틴먹는날,KR2,53.84615384615385
3281,DEGUL,KR1,춘천닭갈비,KR11,70.0
3282,지 펠,KR1,땅끝해기타분대장,KR1,45.45454545454545
3283,다롱디링,KR1,문서분서소,KR1,31.57894736842105
3284,않돼는건않되,KR1,장보벌,KR1,69.23076923076923
3285,파도링,KR1, 프로틴 두스푼,KR1,56.666666666666664
3286,너여야만되겠더라,KR1,어느화창한 봄날엔,1124,47.05882352941176
3287,해군가지마세요,691,상큼한 파인애플,KR1,62.5
3288,해군가지마세요,691,궁 예 찬,KR1,60.0
3289,마늘이 매워요,KR1,카징크,KR1,21.428571428571427
3290,돌랑랑랑,KR1,GWANGPRO,KR1,70.0
3291,ekwnrdu,다죽여,조선팔도박성호,PSH,52.38095238095239
3292,덩들스틱,KR1,원딜러찢기,KR1,55.55555555555556
3293,금잔디명예소방관,지후선배,라 윈,KR1,52.94117647058824
3294,grckso,굳굳이야,제라스장인이꿈,KR1,66.66666666666666
3295,왕자지훈,6011,박지훈 강림,KR1,52.94117647058824
3296,hide on push,KR74,닉값을못하는유저,KR1,50.0
3297,각성하다,Kr3,세 잘,KR1,33.33333333333333
3298,조이딱밤,KR1,연탄v,KR1,44.44444444444444
3299,재어닝,KR1,킹무대,KR1,42.857142857142854
3300,진 돌,진돌2,서희스타110동,7047,23.076923076923077
3301,별헤는구름,9882,도련2,KR1,21.73913043478261
3302,차해인,오른팔,설윤아몰라아몰라머시풀모드초각성,123,46.15384615384615
3303,윌럼프 버린 누누,KR1,너네엄마남자친구,뜨거운밤,54.54545454545454
3304,의정부꼬부기,KR1,갱슬쥐,KR1,52.63157894736842
3305,애견미용전공,4081,슈 화,0106,36.36363636363637
3306,다정용,KR1,롯데자이언츠,KR119,63.33333333333333
3307,ヲヲヲヲヲヲヲヲヲヲヲヲヲヲヲ,KR12,is real 잘함,KR1,33.33333333333333
3308,하나뿐인내알을깨지말아도,KR1,책상밑의여비서,KR1,53.333333333333336
3309,JeTT,제트기,강무데헌,쓰레기,64.0
3310,오성혁,1029,아리눈나,D250,61.53846153846154
3311,짱 구,1002c,녹번동 통통이,KR1,25.0
3312,삿갓이요,예삿갓이요,걱정하덜덜마러,KR1,58.333333333333336
3313,멍멍왈왈,그르르릉,블루투스샤워기,1234,33.33333333333333
3314,상어초밥,2656,Geese,9898,80.0
3315,닉변성공,xxx,이렐아칼리,KRS,58.333333333333336
3316,sh00tgd,shoot,나 화안낫어,KR1,63.63636363636363
3317,pimang,hater,대 영,0903,57.14285714285714
3318,Hide in,KR1,지고싶어안달났지,니미18,55.55555555555556
3319,야스오개쌉장인,KR1,야스오개쌉장애인,kr 2,36.36363636363637
3320,서포터만함,KR1,톡 시 도,KR1,90.0
3321,야무진 이름,KR1,신쫑욱,KR1,81.25
3322,재범이다,KR1,HAEJIKING,힐타강사,47.05882352941176
3323,나루레빗,KR1,맞기장인,kr 2,48.0
3324,라기상,KR1,자아성찰게임,KR1,67.85714285714286
3325,이거산거니,KR1,봉명동 황천길,KR1,58.333333333333336
3326,Eagle mind,KR1,엘리스하는다현이,KR1,64.70588235294117
3327,TianMing,KR1,EasyMountain,KR1,62.5
3328,닉 뭘로하냐고,KR1,안재민,KR1,52.94117647058824
3329,늙고아픔,1234,늙고병듬,6590,50.0
3330,늙고아픔,1234,롤하는 희진이,KR1,72.72727272727273
3331,모트독,77754,SCANDAL HARUNA,KR1,37.5
3332,알아서 할게,BLUE,전준범,1106,44.44444444444444
3333,도란스태틱도둑,안샀으니까,Ritooc,KR1,70.37037037037037
3334,파가 놀라면,KR1,주물럭,umai,20.0
3335,초심잡고처음부터,KR1,협곡의전땅크,KR2,61.111111111111114
3336,막을수 없는 분노,KR1,김민수,1115,38.88888888888889
3337,태연이형죄송해요,이태연,MSJ ILSUKK,KR11,78.57142857142857
3338,부와악,3238,압수당해버린틀니,KR1,58.333333333333336
3339,주 호,0000,붉바리,먹고싶다,45.0
3340,주 호,0000,1st or 8st,KR1,30.0
3341,소보로빵,제과점,모비디,KR1,44.44444444444444
3342,jaky jaky,KR1,jaky,KR1,33.33333333333333
3343,세찌닝,KR1,형 돌,초월자,23.52941176470588
3344,자살 브랜드,0001,검스다리,KR2,53.84615384615385
3345,자살 브랜드,0001,항상 남탓만 해,KR1,69.23076923076923
3346,바이도 봄이 오냐,KR1,경진사랑,8148,77.77777777777779
3347,바이도 봄이 오냐,KR1,경진사랑,니하형,50.0
3348,28서동우,KR1,풍 경,소 리,30.76923076923077
3349,28서동우,KR1,황 욱,KR1,27.27272727272727
3350,문도전문,KR1,생선아구창,KR1,70.0
3351,락발라드,KR1,오 공,KR0,57.89473684210527
3352,테 흥,KR1,저는 이게임을,해봤어요,70.0
3353,크러쉬퐁,KR1,쌉이tv,오우조타,41.66666666666667
3354,허니콤보 안먹어,KR1,꼬치튀김,KR1,63.63636363636363
3355,허니콤보 안먹어,KR1,김 주 환,KR02,70.0
3356,귀요미,7335,뱃살꿀떡꿀떡,KR2,46.15384615384615
3357,귀요미,7335,XXXdasa,KR1,60.0
3358,F5000171,88461,Spuma,KR0,35.714285714285715
3359,EESMOEY,KR1,나무늘보때리기,KR1,45.0
3360,개탈락,123,퐁 퐁,퐁 퐁,63.63636363636363
3361,해야 되는 각,KR1,규효미야,KR1,66.66666666666666
3362,해야 되는 각,KR1,우리 서폿 왜이래,169,60.0
3363,あいみょん,INFP,탈모엔안제모,123,58.620689655172406
3364,라 단,KR7,사랑해 김혁규,KR1,20.0
3365,황성연,good,범인때려잡는중,First,50.0
3366,세최걸,KR1,군영보G,6974,86.66666666666667
3367,분노의망치,kor,연습을해보자,1004,66.66666666666666
3368,럭키비키원영,0620,06 JUGKlNG,유엄민,28.57142857142857
3369,콘 혁,7393,한 국,8315,70.58823529411765
3370,25년11월20일,그날이올까,바텀 개,KR030,28.57142857142857
3371,GillzerO,KR1,수리수리섭술,KR1,40.0
3372,무조건1픽선,KR1,후픽내놔 10련아,KR1,37.5
3373,권일용,KR1,그냥그렇다고,이태영,75.0
3374,묵언수행중,말걸지마라,세균맨,하히후헤호,31.25
3375,습관성와드카이팅,3096,효찌당,KR1,66.66666666666666
3376,옹기장인 수제자,옹기마을,누나의분노,KR1,41.66666666666667
3377,유기하지마,앙태웅,쏭 진,KR1,58.333333333333336
3378,득듬이,KR1,구마유시속옷도둑,KR1,46.15384615384615
3379,삼 빠,9915,날치앤참치,KR1,65.21739130434783
3380,환데기장군,KR1,오늘같이먹자,KR1,40.0
3381,말이필요없는세계,KR1,파랑색,3231,64.0
3382,훨드지박령,KR1,Vide in hole,KR1,58.333333333333336
3383,안 태 선,KR1,초호기,NERV,27.27272727272727
3384,어OI쿠,KR1,카 리 나,sa92,47.05882352941176
3385,굉장히 긴 돌,KR1,이상한거할예정,KR1,53.84615384615385
3386,뉴메타발굴,KR1,동라핀,4845,73.33333333333333
3387,세체쁜,KR1,커닝시티바론도둑,KR1,63.1578947368421
3388,세체쁜,KR1,또띠띠,KR1,40.0
3389,탑솔요정손정욱,KR1,내맘대로사는사람,KR1,71.42857142857143
3390,튼튼한남자,KR1,현공주전속돌쇠,1153,53.84615384615385
3391,전병욱,KR1,원챔이 사람이냐,KR1,37.5
3392,신박한메타로이김,KR1,이왕이면이기는게좋지않겠나친구들,0000,66.66666666666666
3393,T1 Gyumayusi,KR999,강 둘,KR1,57.89473684210527
3394,T1 Gyumayusi,KR999,insomйia,KR1,50.0
3395,망가니,KR1,맥 킹,KR1,68.75
3396,망가니,KR1,영꽁이,KR1,54.54545454545454
3397,코르프스,KR1,자몽파파,KR2,45.0
3398,미고랭,KR1,포사도냥꾼,KR1,50.0
3399,상기다,KR1, 나는 학이,KR1,64.70588235294117
3400,죠스바,13216,cooKod7,KR1,28.57142857142857
3401,서폿유저,KR2,우리메리,KR2,61.111111111111114
3402,Causecelebre,KR1,리바이,KR사사게,76.66666666666667
3403,TrashBoy,KR1,YumJi,KR1,44.0
3404,밀로핵만들기,KR1,도구미,D9M,50.0
3405,구본좌,KR1,고양이냐옹냐옹,S2S2,52.94117647058824
3406,망나니거,목화재배,구라핑찍지마,KR1,70.0
3407,왕 자,순 대,전신문신녀,KR1,35.714285714285715
3408,덱성진,KR1,꽃채림,KR1,46.666666666666664
3409,블루스퀘늄,KR1,Deft2630,KR1,60.71428571428571
3410,토티예나,KR1,눈알이있었던리신,KR1,54.54545454545454
3411,Oh she it,KR1,김모르쇠,KR1,91.66666666666666
3412,REDI,3240,차다차다냉커피,KR1,46.666666666666664
3413,밴전에스왑요청할시겜망함,KR2,우민찬,망둥어,58.82352941176471
3414,ICanDoThisAllDay,하루종일,43년생 곽춘팔,KR2,36.36363636363637
3415,표창남,4885,다엽귀는루마,KR1,35.0
3416,이제는웃어주겠니,123,ニへωへニ,kr2,57.89473684210527
3417,ZANMANG LOOPY,2717,HLE ZEUS,fan,75.0
3418,내생일,0420,밤의길잡이,3421,76.92307692307693
3419,정글김병만,12345,이공득,1557,41.17647058823529
3420,SKT T1 Bang,GC1,색시피그,KR1,60.0
3421,미쳤다리,KR1,정 규예요,KR1,60.86956521739131
3422,쿠로미,공 주,마이멜로디,공 주,64.28571428571429
3423,롤로노아카타리나,KR1,세꼬시도다리,KR1,61.53846153846154
3424,나참갱점,KR1,우 유,MiIk,76.92307692307693
3425,나참갱점,KR1,A Cantata,KR1,30.0
3426,하영쿤,KR1,우주대트롤,KR1,63.33333333333333
3427,보내기싫어묵냈다,KR1,wilsonfisk,KR1,60.0
3428,편견과오만원,KR2,패색이 짙다,cn1,40.0
3429,울산남친구함,부산울산,혜나공주,KR1,50.0
3430,안은비엄승주,KR1,건국대 장애인,9999,60.0
3431,멸같이개망,KR1,정슬옹,KR2,40.0
3432,SURL,dry,리플레이,cex,32.0
3433,학살의현장에서,자 크,King Zac,KR111,25.0
3434,학살의현장에서,자 크,절대안진다,KRI,70.0
3435,밥먹고하는롤,KR1,웩정글웩최고,0704,48.275862068965516
3436,이새롬,0122,김현섭,0706,66.66666666666666
3437,99명의 어쩌고,KR1,돈까쓰요,KOR,41.37931034482759
3438,술에서 물맛 나,KR1,수 진,1996,41.66666666666667
3439,팜하니,KR675,송하영,1717,31.03448275862069
3440,아입닫아잣만아,KR1,챗 딕,KR1,18.75
3441,세종 키아나,0303,이윤우,000,61.53846153846154
3442,눈내리는 겨울이오면,지남매,미난쓰,KR1,93.75
3443,부먹민초맥콜진순,KR1,농심감자깡2,KR1,56.52173913043478
3444,Chill guy,바 다,정 돌,정 돌,61.904761904761905
3445,똥침한 동치미,KR1,adsfasdgasdga,dasd,83.33333333333334
3446,내가 지는 이유는 정글 잘못,kr112,롤로노아 조로,rollo,52.94117647058824
3447,퐁퐁남1,KR1,조 선,KR245,45.0
3448,人l凹卜乙卜口卜,12살,짐승왕 보노보노,KR1,30.0
3449,AP Rising star,KR1,후 방,KR1,52.94117647058824
3450,AP Rising star,KR1,FXXKING TOMBOY,KR1,61.53846153846154
3451,조현셕,KR1,정지일베,KR1,63.63636363636363
3452,춘 6,KR1,춘 형,천 사,35.714285714285715
3453,개초보,초보입니다,Poyoyo,ovo,38.46153846153847
3454,매화가져버린봄,0822,변 기,kr00,53.84615384615385
3455,우여닝,KR1,잘생긴유비왕댜님,유빈이,50.0
3456,복슬복슬 털멍멍이,0219,A GORIHEA,KR1,81.81818181818183
3457,복슬복슬 털멍멍이,0219,여러분 새해 복 많이받으세요,2025,60.0
3458,사과사라다,KR1,동익독수리,9115,63.33333333333333
3459,원섭s2,0001,Psycho,Bol4,50.0
3460,어차피무시,협곡미친개,모코코,2021,50.0
3461,월배재겸,KR1,나 으르렁 으르렁 으르렁 대,화난타마,66.66666666666666
3462,재 숭,123,숭 환,2519,35.714285714285715
3463,어 한잔해,그라가스,불타는소울,KR2,37.93103448275862
3464,삐 두,KR1,골드가는부계,KR1,27.27272727272727
3465,홍석현,hongs,김봉장,123,27.586206896551722
3466,개념원리,수학2,trip,릴러말즈,50.0
3467,바다에 이는 물결,KR1,실시간라이브,KR1,69.23076923076923
3468,권장군,권유빈,권돗개,권유빈,57.14285714285714
3469,귀여운 기원이,KR1,즐겜할래,KR1,33.33333333333333
3470,도구는무조건차단,KR1,Akaps,KR826,58.333333333333336
3471,후 너무쉽다,KR1,초롱애비,KR1,50.0
3472,그냥사라,KR1,dragggon,KR1,61.904761904761905
3473,이준수의 니플패치,앙젖꼭띠,긔루루루,KR1,57.14285714285714
3474,한국산리신장인,KR1,봉농봉농,9999,35.714285714285715
3475,ヲヲヲヲヲヲヲヲヲヲヲヲヲヲヲ,캬캬캬,너무컴컴해,KR1,40.909090909090914
3476,리서지오,KR1,현계정,KR1,40.0
3477,980420,KR1,242424,KR1,61.111111111111114
3478,980420,KR1,쉔치한놈,KR1,41.66666666666667
3479,조은날조은데이,KR1,갖다박으면안함,KR1,40.0
3480,타 리,NTAIL,BeAcD,KR1,70.58823529411765
3481,핸 뇨 ,KR1,DNF 호주,0624,53.84615384615385
3482,Kanye West,KR69,크리스티아누 호날두,GOAT9,46.15384615384615
3483,교량들던 헬창,6122,송우호,1012,38.88888888888889
3484,혜지하면여눈삼,KR1,거창한탑,12348,46.666666666666664
3485,홍수현,KR1,박정현짱멋져,KR1,30.76923076923077
3486,흘러가자,KR1,채팅안칠겨,KR1,27.27272727272727
3487,멘탈을지키는법,KR1,Min Kug Kim,올채팅차단,56.666666666666664
3488,쌀래 말래,애매하긴해,태 양,주계열성,60.0
3489,원필성진도운영현세윤식스레츠고,DAY6,빛장수비정세윤,6007,50.0
3490,척추꺾여도황원주,1002,퍼어어엉,콰아아앙,63.1578947368421
3491,Space,0213,Avocado,1016,57.14285714285714
3492,2024년12월04,KR1,이배추,KR1,40.0
3493,Youha팬,KR1,제천대성 원숭민,KR1,38.46153846153847
3494,이 겅 우,KR1,AmaZing Mid,KR1,64.28571428571429
3495,이 겅 우,KR1,소년 가장 원딜,KR123,50.0
3496,AEILO,KR1,설 화,W1nte,50.0
3497,서윤공주님,8385,AKA하울링,KR1,37.5
3498,딱다구리부리박기,2953,야슬오,KR1,64.28571428571429
3499,아싸되고싶은인싸,KR1,경험치만먹게해줘,KR1,20.0
3500,제이스의굵은망치,KR1,옥수수 징징이,징징이,53.333333333333336
3501,양심 잃은 사람,KR1,SeoRea,KR1,41.17647058823529
3502,02임찬호,KR1,퇴마더,럭키비키,69.23076923076923
3503,딸기맛승미,맛있어요,슈뢰딩거의 고먐미,나만없어,41.66666666666667
3504,땡구의파이크,KR1,마태민,6137,33.33333333333333
3505,이멀전씨,LA23,임호군밤,KR1,73.68421052631578
3506,준서 또바기,KR1,싱싱한귤은슐,제주감귤,33.33333333333333
3507,준서 또바기,KR1,Jiйhyeok,KR1,36.36363636363637
3508,gechobo,KR1,고기듬뿍된장찌개,KR1,48.0
3509,솜사탕,854,승주는 귀요미,1201,54.54545454545454
3510,붕의 반란 ,KR1,낭만 트롤 우용준,KR1,57.692307692307686
3511,닥피고롤,0305,Macallan,1926,47.61904761904761
3512,원딜하다불교입문,KR3,허벌성대 김승환,KR1,54.54545454545454
3513,입후보,KR1,중동회색늑대,KR1,34.78260869565217
3514,리얼캠퍼,KR7,전기통닭,KR8,68.42105263157895
3515,리얼캠퍼,KR7,치즈규동,0609,70.0
3516,킹오른,3849,아이들을위해,Daily,80.0
3517,죽이지마로라,KR1,포테이토,헤드1,63.63636363636363
3518,용운동 원딜러,KR1,대천방마유시,041,50.0
3519,용운동 원딜러,KR1,정준혁,0628,30.0
3520,사리면서파밍만해,KR1,De1eted,KR1,35.0
3521,탈론으로 암살중,KR1,O 학이 O,KR1,30.0
3522,남탓을할수도있다우리는남이니까,그만싸우자,이상원,3706,47.368421052631575
3523,탑 오공,돌숭이,사이다맛껌,KR1,56.25
3524,연그린,KR2,연그린,KR1,33.33333333333333
3525,골치가살짝아프네,KR1,발목잡는탑신병자,KR1,72.72727272727273
3526,예승이롤Z,KR1,인자강,KRN1,51.724137931034484
3527,도경이잉,KR1,한재선,KR1,30.76923076923077
3528,입털어봐 손해좀보자,KR2,겨울은흐빵이지,Huni,31.25
3529,입털어봐 손해좀보자,KR2,IIllIIIIIllIlIi,KR1,76.92307692307693
3530,용인 Oner,KR1,4818652del,KR1,60.0
3531,이태리습하게띠,KR1,먹태의감칠맛,taste,26.666666666666668
3532,블러드 더 덕준,KR1,닝냐닝뇨,KR1,45.45454545454545
3533,ClarkJungler,KR1,그럴수도있지,3133,54.166666666666664
3534,Allof2and1,9821,연 우,ΚR1,44.44444444444444
3535,깨비야,GG0,부끄러운 ID,KR1,53.84615384615385
3536,얼그레이스콘,1234,근육서폿,KR1,57.89473684210527
3537,한국제약 황사장,king,브 베,댕장꿍,25.0
3538,에효효효효효효효,KR1,민 깨,112,50.0
3539,쟝지한,KR1,건들면느껴요,kr2,52.94117647058824
3540,쟝지한,KR1,준수는서폿을너무못해요,22222,54.54545454545454
3541,숟 탉,KR1,사소한것도못참아,KR1,54.54545454545454
3542,숟 탉,KR1,짝지라고,KR1,70.0
3543,박복자,KR1,의미부여,KR1,47.368421052631575
3544,박복자,KR1,못생긴년패기장인,KR1,20.0
3545,mokun1,KR1,MOKUN,6598,66.66666666666666
3546,unwer,KR1,못참는다5,KR1,56.52173913043478
3547,전두광,gh11,넌뒤졌따,KR1,50.0
3548,피시중임,KR1,Boy지않는검,KR1,47.05882352941176
3549,Zenith,KRMID,Liberation,해방이당,63.1578947368421
3550,LVNDMARK TV,KR1,잔인한귀신,49213,50.0
3551,카 르 마,KR22,구름덕춘,KR1,43.333333333333336
3552,콩스프,KR1,가족의소중함,KR1,69.23076923076923
3553,하버아빠,KR1,왓더퍽은헬,KR1,75.0
3554,HLE Zeka,1204,캐 륜,KR1,40.0
3555,눈물날것같아요,kr2,현무무,KR1,27.27272727272727
3556,lllIIlIIIlllll,KR1,레어닉인데여,KR1,88.23529411764706
3557,박춘배할아버지의기적의돌려차기,KR3,공룡익룡,KR1,73.33333333333333
3558,Only Tabi,야랄금지,lililililiil,123,45.83333333333333
3559,tpdusrhdwn,KR1,성 저,KR1,56.25
3560,은돔벨레의 탈압박,1111,GOA T,좀 내지마,75.0
3561,컹스말라이쿰,KR1,나지수정수리,jsjsr,57.14285714285714
3562,찬바람이 슝슝 ,KR1,대구 길치,KR1,61.111111111111114
3563,조 건,kr2,고통속에서,6974,31.57894736842105
3564,냥냥거리는지원씨,KR1,Aura,99944,27.27272727272727
3565,탐 배,마니머거,경순공주,KR1,38.46153846153847
3566,Marid,1024,에엥우,KR1,48.275862068965516
3567,열심히해봐요,KR3,앤주성,KR1,54.54545454545454
3568,열심히해봐요,KR3,참는다는 마인드,KR1,50.0
3569,Clutch,클러치,멘헤라쿠로미지뢰계애정결핍집착녀,1111,90.9090909090909
3570,털찐앵무,KR1,털찡앵무,KR1,40.0
3571,술먹는진글,KR1,용수아들,KR1,59.09090909090909
3572,Nlcodemus,KR1,한눈팔지마,012,50.0
3573,킁킁퉤,KR1,사미라협회위원장,KR1,37.03703703703704
3574,화염룡,KR1,정문앞귤한박스,1614,30.0
3575,킹콩콩콩콩,KR1,코 코,KR11,56.00000000000001
3576,나는 이런거 그냥 들어가버려,KR정욱,태 산,KR현수,45.0
3577,김머중롤체전용계정,123,엮은이는 아는데요,김경식1,84.21052631578947
3578,물기냥보리,KR1,7373737,KR1,58.333333333333336
3579,과일은 멜론,KR1,양심무능력자,KR1,50.0
3580,과일은 멜론,KR1,신짜오엘리스리신,Zhao,66.66666666666666
3581,Chill함,909,서폿 개X끼,KR1,77.77777777777779
3582,Psychopomp,VIIX,S rang,Srang,18.181818181818183
3583,고경빈2,KR1,OneTopMoving,KR1,76.92307692307693
3584,고경빈2,KR1,진로사이다,KR1,66.66666666666666
3585,언제 강등되노,KR1,chill gay의 하루,KR2,61.53846153846154
3586,행복한협곡전도사,0603,빈대떡,떡빈대,43.333333333333336
3587,느그딸래미탐켄치,KR1,문가붕가,KR1,78.26086956521739
3588,게스트하우스,KR1,돌아온 북프트,KR1,56.25
3589,잡 스,KR1,데 고자르,KR1,66.66666666666666
3590,응수빠진피오라,KR1,KSANTE,텟카이,53.84615384615385
3591,박계감,KR03,감동란노른자,KR1,45.45454545454545
3592,박계감,KR03,20250423전역,6307,30.0
3593,산타실제로본사람,KR1,빅 뱅,1017,47.368421052631575
3594,산타실제로본사람,KR1,You H,KR1,45.45454545454545
3595,Mouck,Mouck,lllIlIlIlllllllI,KR1,45.45454545454545
3596,6월8일입대,KR1,좋은날은꼭올거야,KR1,56.00000000000001
3597,연속함수의최솟값,KR1,づooづ 귀신,KR100,87.5
3598,TOPTOP탑TOPTOP,KR1,황야의 이리,KR99,57.89473684210527
3599,xia xiao fei,KR1,wohunxiafei,0000,27.27272727272727
3600,KOR Sexy Pig,KR1,EunMan,2468,38.46153846153847
3601,kyrokami1111,5177,Easyhoon,두번째태양,57.14285714285714
3602,숟가락의발악,7150,naist,kr99,45.0
3603,편안한드럼통,KR1,굉이씨,KR1,41.66666666666667
3604,김헤수,KR1,춘자내꺼,KR1,70.0
3605,airprotrc,kr2,cocoFarn,KR1,63.63636363636363
3606,봉곡동황태자,KR1,기병술사,KR1,62.5
3607,너무힘들어요,KR1,가나다,KR18,45.83333333333333
3608,동나잔희,KR1,제발말걸지말아주세요,KR2,35.294117647058826
3609,노동자 우석,KR1,주그맨,KR0,60.0
3610,네다음민찬,KR1,한 울,KR0,62.5
3611,つΟωΟつ,고양이,Uma to Shika,KR1,38.46153846153847
3612,미친개,1233,끠끼다리털,끠 추,66.66666666666666
3613,나는고래다,KR1,NightCain,KR1,47.368421052631575
3614,가 을,1120,황산도,KR1,41.66666666666667
3615,41100490del,KR1,나히쓰,KR1,63.33333333333333
3616,Mr SunW,KR1,9u 9u,KR1,50.0
3617,감삼동 구마유시,KR1,핑크덤벨,krI,33.33333333333333
3618,칼에 손을 베이가,KR1,16기통 소라카,KR1,37.5
3619,규카츠,3661,noob,88848,61.904761904761905
3620,혜리 이뻐요,KR1,민 지,여 신,45.45454545454545
3621,그대진정억울한가,KR1,브론즈행비행기,KR1,71.42857142857143
3622,비트코인 도사,KR1,긍정적 마인드,KR1,33.33333333333333
3623,애 선,KR1,물 맛,KR1,60.0
3624,오레오레먹을오레,KR1,이강필,KR2,60.86956521739131
3625,박 보 영,pan,심윤선,KR1,91.66666666666666
3626,솜수건,KR1,니난디라,KR1,60.0
3627,1픽 미드감,KR1,젤리먹어,KR1,53.333333333333336
3628,웰시동준,0531,Bdd Hunting Dog,1111,41.17647058823529
3629,warus,8080,k1sker,KR1,54.54545454545454
3630,개백정백범준,KR1,친절한민수씨,4957,37.5
3631,느 엥,1001,미드왕 웅이,KR1,51.85185185185185
3632,정글 싸일러스,KR1,Gucci Flip Flops,KR1,63.33333333333333
3633,그릇된 신념,성 석,재훈이다이아간다,KR1,40.0
3634,중근사마,KR1,잣같은게임이네,KR1,58.333333333333336
3635,난곡숟가락,KR1,한성시크릿쥬쥬,KR1,47.05882352941176
3636,난곡숟가락,KR1,가 께,KR1,30.0
3637,걸어다니는 충전형 물약,150,가짠뎅,Nise,76.92307692307693
3638,아주 제법이십니다,123,takeiteasyong,KR1,65.51724137931035
3639,이상혁,TGK,굴먹고 귤먹고,KR1,72.22222222222221
3640,망나니이씨,KR1,망나니황씨,1111,50.0
3641,kanbujian,KR1,박그녕,KR1,52.94117647058824
3642,매드맨,MDM,속도전,0000,53.333333333333336
3643,엑소오빠들사랑해요,사생팬,양 지 훈,korea,20.0
3644,옥천대대,KR1,언양1번이재민,김재현,9.090909090909092
3645,의사는누가살려,KR1,상어는개발은못해,KR1,55.55555555555556
3646,가보자 가보자,1234,씨얄반응,1111,42.857142857142854
3647,Pantheon,2013,숨겨둔 플래 계정,KR1,38.88888888888889
3648,풍운승려,KR2,꾸꾸호떡,KR2,60.0
3649,손요미,KR1,버섯나라,KR1,66.66666666666666
3650,별수호젤리자크,KR1,정먕호,KR1,53.84615384615385
3651,이러시면곤란해요,KR1,원 딜,gosu,68.0
3652,Terri,1119,boycold,KR82,66.66666666666666
3653,Terri,1119,우 태,KR82,70.0
3654,갱플랭크로하층민들학살하는계정,화약통이다,Gyulation,KR1,46.15384615384615
3655,규웅현,KR1,Jinxs,KR1,36.0
3656,집이 사라진 기사,KR1,집이 사라진 쿼카,쿼 카,56.25
3657,집이 사라진 기사,KR1,집이사라진나피리,KR1,57.14285714285714
3658,봉명동살인사건,KR1,왕 댜,공 듀,46.666666666666664
3659,괘씸보이,KR1,Q Flash Darious,KR1,75.0
3660,구마유시,99999,광주대표걸레94 김세진,1212,80.0
3661,사막여우상,3351,oner,546,50.0
3662,미동박,KR1,lolololol,1134,50.0
3663,갓볶은김치,KR1,덩덩이,1347,59.09090909090909
3664,땅유링,KR1,Yone,5392,52.94117647058824
3665,근본미드다,KR1,gjwnsgur,KR1,60.0
3666,오연투척검,Mk2,럭셔리 스킨충,KR1,27.77777777777778
3667,멀로하면,KR1,환상신이,KR1,33.33333333333333
3668,수연야,KR1,플로버,0514,40.0
3669,제라스OP,KR1,챔프연구소,0131,84.61538461538461
3670,제라스OP,KR1,돼상지민,KR1,75.0
3671,47년생 임춘득,KR1,춘봉맨,KR1,31.818181818181817
3672,6강의실,KR1,경계선인격장애,JMU,90.9090909090909
3673,바구미,KR1,Bald Min,KR1,55.55555555555556
3674,검은것은 항상 큰 것을 지녔다,코코볼,ILYSB,KB1,40.0
3675,야야숨쉬어,KR2,불 행,윤희망,62.5
3676,지나가도좋습니까,KR1,Sweet Cannon CS,KR1,75.0
3677,지나가도좋습니까,KR1,에코 박,KR1,54.54545454545454
3678,서포터캐리좀,KR1,냥이 Lengar,KR1,63.63636363636363
3679,서강욱,KR1,Hide on bush,K44,52.94117647058824
3680,쵸 비,GenGG,치과보존과전문의,KR1,85.71428571428571
3681,왱알웽알,9293,쉽다쉬워,8859,59.09090909090909
3682,응애고양이이,3773,Cuddly,KRI,66.66666666666666
3683,응애고양이이,3773,준 표,0001,50.0
3684,graysaekkiya,KR1,아 뀌,KR1,77.77777777777779
3685,앙병석,KR1,카타리나 행님,KR1,57.14285714285714
3686,성화씨진짜여,kr2,장애인카운터,3215,54.54545454545454
3687,시비걸면대포강타,KR3,꿈의끝,KR1,64.28571428571429
3688,술 담배 도박 계집,7526,08년생슈퍼zr지,kr123,43.75
3689,서울에살아,KR1,다까키 마사오,KR1,64.28571428571429
3690,김판용,KR1,시체꽃 셰라진,KR1,62.5
3691,서폿장인,0521,박수치는까마귀,0220,33.33333333333333
3692,안녕쏘현,KR1,JOTSOO,KR1,40.0
3693,정동철,목운중8짱,98년생 황윤태,80kg,60.86956521739131
3694,호석핑,KR2,국밥민,KR1,62.5
3695,대흉근이란,KR1,IIIIIIIIII,채희수,52.0
3696,아니재현아,KR1,Jong20,KR1,42.857142857142854
3697,가오리아나,KR1,황금색 능구렁이,www,51.724137931034484
3698,엥에에엥엥,KR1,엥에엥엥엥,KR1,56.666666666666664
3699,종화나무,두부2,원 딜 성 조,KR1,56.666666666666664
3700,qwer1234,4554,윤봉길선생님,KR1,60.0
3701,첼린저갈남자,KR1,이렐아칼리,HAN,53.333333333333336
3702,임꺽정,괴력맨,못하면,져야지,66.66666666666666
3703,3691572del,KR1,지나보이,JNP,64.28571428571429
3704,쿠주릐,KR1,상체 꼬라지보소,KR1,58.333333333333336
3705,치즈김뱝,KR1,치즈깁뱝,KR1,30.0
3706,GoId Ahri,KR1,백 이,1234,50.0
3707,총대장,대도검,효으응,1111,68.75
3708,이졍빈,0709,빈졍이,0709,73.33333333333333
3709,The shy,KR01,AWAWAWAWAWAWA,KR1,50.0
3710,Bento,Saiko,호갸끼,KR419,66.66666666666666
3711,큰 칼,1KR,이주언,유아독존,41.66666666666667
3712,DARIUSiuuuuu,KR1,팀운 X발 진짜,KR1,38.095238095238095
3713,포항대지,KR1,외로운 독수리,Eagle,38.88888888888889
3714,믓쨍이,토마토,5272429del,KR1,73.68421052631578
3715,요다당,KR2,코가큽니다,KR1,40.909090909090914
3716,고요한 고양이,KR1,빠 따,1234,31.25
3717,owl rock 지욱,KR1,경 녕 이,KR1,64.28571428571429
3718,논 챗,KR1,미움받기,KR0,50.0
3719,강철같은바람처럼,KR1,레미마흐뗑,KR1,84.61538461538461
3720,죽쓰기장인,KR1,말라뮤트간지,KR12,57.89473684210527
3721,무미무미무미,KR1,시작해요,KR1,45.0
3722,너 사용법,에디킴,기무버무진,0518,50.0
3723,견강부회,KOR,함은하,SD2,23.076923076923077
3724,08프로지망생슈웃,KR1,duende,KR1,73.68421052631578
3725,무네링,KR1,거북왕 구공이,KR1,52.0
3726,갈짜오,신리오,애딤뀨뀨,KR1,68.18181818181817
3727,민붕이,KR3,네잎클로버,KR1,54.54545454545454
3728,lllIIlIllIllII,1112,네엑슨망해라,KR1,64.28571428571429
3729,경기도미드,KR1,경기조합쟁이,KR1,36.36363636363637
3730,경기도미드,KR1,묵방리올라운더,1996,36.36363636363637
3731,애니비아,9119,도련님짖지말아주세요,제발제발,50.0
3732,일승태,안경잡이,비빔밥 사이다,1111,33.33333333333333
3733,안녕하세요,스위트걸,왕투안 그리즈만,1027,57.89473684210527
3734,한 울,1111,김나공,김나공,66.66666666666666
3735,바이뚜,KR1,쓰꿀아,KR1,64.28571428571429
3736,야생숭이,KR1,이잔넹,KR1,36.36363636363637
3737,ThreeOneSix,7444,꽃을 보듯 너를 본다,AK47,72.72727272727273
3738,Christina Perri,KR01,대충할게,1111,53.84615384615385
3739,Christina Perri,KR01,경태는 못말려,2004,33.33333333333333
3740,시이나 마히루,Angel,내가가장좋아하는해산물은해삼창자,jtong,27.27272727272727
3741,무버러지,KR1,FC만찐두빵,KR1,61.904761904761905
3742,liq1,KR1,아군정글냠냠,KR2,59.09090909090909
3743,현타온 놈,KR1,원리합계,KR1,47.368421052631575
3744,현타온 놈,KR1,소환사 넷마블,KR1,70.0
3745,근두광,1203,자 야,저리가요,76.92307692307693
3746,초딩검객,KR1,곽순방,3838,50.0
3747,호 두,KR5,Anonymous L,KR1,62.5
3748,요키몬,KR1,꼬라박아,KR1,50.0
3749,권선동아이유,권선방범대,권선동범죄자,권선방범대,53.333333333333336
3750,야생동물 에호가,어흥어흥,레넥톤,6297,28.57142857142857
3751,우우우우아이,KR1,검은콩세계,KR1,58.333333333333336
3752,우우우우아이,KR1,Donavi,KR1,80.0
3753,금요일공강,KR2,행복한 사람이 되자,aespa,50.0
3754,핑준X지,드흐드흐,닝 닝,KR19,53.333333333333336
3755,하 얀,우 유,어둠의 제왕 다크니스,2522,50.0
3756,하 얀,우 유,GNU PE 22,KR1,70.0
3757,Haku and Mata,KR1,박오붕,Steel,53.84615384615385
3758,지나쳐온행복은그대에게전해져,SK1,목거리,klace,52.17391304347826
3759,할래 말래,얘매하긴해,쌀래 말래,애매하긴해,60.0
3760,올 한,KR1,브실은 나의 고향,KR1,54.54545454545454
3761,올 한,KR1,쌍문동한제현,KR1,54.54545454545454
3762,진짜너무하네,KR2,마 뮬,KR1,53.84615384615385
3763,뭘 째래보니,KR1,승 바,KR1,56.25
3764,하남자,krkr,후잉킹,KR1,38.46153846153847
3765,김재우1224,KR1,나는 준일하다,zek,38.88888888888889
3766,뿡뿡빵빵삥뽕,KR1,괴물쥐,KR  3,75.0
3767,지 맹,0205,지 맹,0412,61.111111111111114
3768,슈슝빠바방,Cu2,발목잡지마라,4498,45.45454545454545
3769,슈슝빠바방,Cu2,Seoultech S,KR1,45.45454545454545
3770,신입 원딜러,KR1,나만억까하는게임,KR1,52.63157894736842
3771,한라봉 김준수,KR1,준 범,111,54.54545454545454
3772,지퍼내려갔다,KR1,떡 장사,오메기,38.095238095238095
3773,빠때루자세,KR1,쩡 임,KR1,70.58823529411765
3774,빠때루자세,KR1,로로씌,KR1,80.0
3775,정 왕,031,안 산,031,56.666666666666664
3776,unknown is,KR1,شيطان,sxuxj,60.0
3777,1999 10 02,KR1,미드따이면탈주,KR1,50.0
3778,뉴진스차기혁,KR1,wvwwvvwvvwv,KR1,61.53846153846154
3779,물만두에초간장,KR1,고라니,3009,72.72727272727273
3780,람머스,1233,루 루,4458,60.0
3781,주 작,4444,변호사고명주법률사무소,K1R,55.00000000000001
3782,브라움,1990,키시키,1990,42.857142857142854
3783,노력을 못하네,KR1,원 관 호,KR1,59.09090909090909
3784,new someone,KR1,누구나할로인,KR1,64.28571428571429
3785,우울한쿠키씨,KR1,인성tlqkf,w같다,47.61904761904761
3786,일등입니다,KR1,행복사랑이해,0305,46.15384615384615
3787,아이정말미지근해,KR1,gumayusi,괴 물,40.0
3788,아이정말미지근해,KR1,Canyon,KR111,60.0
3789,gyblue,KR1,뽀스기사,KR1,50.0
3790,강지훈,KOR1,이홍현,55555,33.33333333333333
3791,강지훈,KOR1,patata espantosa,KR1,61.53846153846154
3792,더치생맥,DSM,강아지도세상을구한다,강세구,62.5
3793,花無十日紅,KR2,롤대남의 부계정,001,30.0
3794,한방전도사,KR1,봄 바람이 불면,KR1,65.21739130434783
3795,우람한그곳이보여,KR1,한대만때릴게,KR1,73.68421052631578
3796,우람한그곳이보여,KR1,겨 울,1109,54.54545454545454
3797,코무영담당일찐,KR1,바텀c8,KR1,57.14285714285714
3798,blug,KR1,피라미드석탑,KR1,34.61538461538461
3799,도궁초등학교,KR1,휴 무,0000,57.14285714285714
3800,내가슈우웅해줄갱,KR1,우물우물오물,KR1,35.714285714285715
3801,내가슈우웅해줄갱,KR1,강하게박아,KR1,40.0
3802,승패보다값진우정,KR1,성진이의발냄새,아야무치다,46.666666666666664
3803,호날두,SSIUU,하베르츠,KAI,46.42857142857143
3804,1지수,1234,철 수,7777,61.53846153846154
3805,1지수,1234,SKhynix,SKT,50.0
3806,수웨이진란,KR1,쵸 로,KR1,36.36363636363637
3807,수웨이진란,KR1,우리 안한게 모가이찌,웅 마자,70.0
3808,캐러비안베이가,KR1,에비츄전용듀오,KR1,62.5
3809,t1 제리,KR2,성현이구른다,KR1,63.63636363636363
3810,쟤는 왜 또 굴러,KR1,매애루,KR1,56.25
3811,쟤는 왜 또 굴러,KR1,짠 쭝,KR1,72.72727272727273
3812,私が愛した波,wave,Red,shs,68.75
3813,best of RYZE,KR1,감자캐는 최우식,KR1,66.66666666666666
3814,텍풀까마귀,JUST,김밍굴,1230,50.0
3815,XLIM,9094,트롤방범대,KR1,54.54545454545454
3816,세상에서 제일 빠른 달팽이,KR12,윌슨35세,KR1,65.38461538461539
3817,땅이울면흙흙,1234,빡성원,123,50.0
3818,땅이울면흙흙,1234,이쁘게말하기1일차,123,33.33333333333333
3819,릭옵레,KR1,화끈한게좋아,3895,69.23076923076923
3820,OoVin,KR1,지갑아 아프지마,KR1,70.0
3821,OoVin,KR1,모래꽃,KR1,50.0
3822,OoVin,KR1,lliiililillilil,KR1,30.0
3823,레드베리카카오,KR1,Paixão,ROKAF,54.54545454545454
3824,두들겨맞는중,KR1,행복한형종,KR1,66.66666666666666
3825,슬피우는소쩍새,KR1,돌아온 솔라바카,KR1,53.333333333333336
3826,하린이3세,김내하,연 약,뉴 비,61.53846153846154
3827,T1 Gumayusi,AD99,섹시한웰코,이 콩,51.724137931034484
3828,ONNGII,KR1,NO 지성정글,KR1,61.53846153846154
3829,알라딘항문,KR1,사과나무밑유턴,KR1,47.61904761904761
3830,개마띠츠맞고질질짤진팡이,0430,개마띠츠맞고질질짤봉팡이,0430,50.0
3831,멘탈담당유리,KR1,김끔껌,KR1,53.333333333333336
3832,Andra Ragoon,KR1,노숭늉,KR1,54.54545454545454
3833,상호입니다,KR1,1백원,8337,79.16666666666666
3834,누 러,KR1,경찰장구,KR1,45.0
3835,용인뚝배기살인마,KR1,신기방,KR1,36.84210526315789
3836,영 규,1234,넥서스가깨져도평타쳐라,KR3,87.5
3837,정현빈,4299,새로운시작,태초마을,65.51724137931035
3838,미드대학교,KR1,푸른요미,KR1,57.14285714285714
3839,비엔나커피하우스,KR1,춘six,KR1,55.55555555555556
3840,핑퐁핑퐁,6745,핑퐁핑퐁,0301,84.61538461538461
3841,탑 유미 장인이요,KR1,닭의부인은닥처,KR1,68.18181818181817
3842,llliliiillliii,KR1,ISFP,침대조아,78.94736842105263
3843,OnOvO,KR1,2024 04 10,4560,40.0
3844,가로우,kr12,해달로,KR1,51.724137931034484
3845,osskiz,KR1,QQIQ,KR1,66.66666666666666
3846,든든한국밥요정,KR1,950,1111,66.66666666666666
3847,바닐라쌤,KR1,창출되네,KR1,54.166666666666664
3848,송하빵,100,아련한 하루,KR1,60.0
3849,송하빵,100,대나꼬,사랑해,84.61538461538461
3850,jax cex,KR1,쾌락은삶의원천,KR1,25.0
3851,jax cex,KR1,PureWhiteSugar,INE,54.54545454545454
3852,울혈이,KR1,깨끗한롤린이,KR1,52.94117647058824
3853,륜지똥,KR1,유미하면정신병옴,KR1,72.72727272727273
3854,Darlian,KR1,좀잘해봐제발,KR1,58.333333333333336
3855,0 0,KR112,ISTP,0202,54.54545454545454
3856,노가다오장갑,KR1,권영오랑우탄,0505,53.84615384615385
3857,노가다오장갑,KR1,오장이돌머리,KR1,36.36363636363637
3858,카리나윈터장원영원희해린민지,11111,승 현,HYUN,76.92307692307693
3859,틀 니 맨,KR1,Kcexd,KR1,61.53846153846154
3860,틀 니 맨,KR1,전치28주,KR1,40.0
3861,사연이있었다니까진짜,KR10,응애아기상후,전상후,84.61538461538461
3862,깡촌SWAG,KR1,명동돼지두마리,KR1,38.46153846153847
3863,나랑드티즐순두부,치지직,아가곰V,KR1,83.33333333333334
3864,두넉은왜두넉,KR1,유진짜야,KR5,48.0
3865,666,kr6,데 둉,KR1,50.0
3866,젠지 트윈스,KR1,플  로  버,kr123,46.15384615384615
3867,오기공주,KR1,탑원딜합니다,p35,70.58823529411765
3868,스껄롬,스껄롬,분석과예측,KR1,66.66666666666666
3869,착 중 뒤 중,KR1,매 혹,S2S2,66.66666666666666
3870,심 현 뷰,KR1,Wintt,KR1,71.42857142857143
3871,Zhenhao,KR1,남한산성지킴이,삼십살,45.0
3872,잼민혐오주의자,KR1,중요한건 어떻게 끝으로 가는가,SANAB,72.22222222222221
3873,입닫고하는계정1,KR1,ByeolGa,KR1,43.75
3874,어쩌라고,3967,Robbort,KR1,62.5
3875,문신진,4444,쭌케이,1234,41.17647058823529
3876,남극바다코끼리,KR1,작은 요정 룰루,KR1,64.70588235294117
3877,윤 석 열,수구리당,에메없는에메랄드,KR1,57.14285714285714
3878,사연많은 원딜러,KR2,빅행주,KR1,66.66666666666666
3879,qoT오Top,KR1,Lihildol,KR1,63.63636363636363
3880,별에서온김영훈,KR1,홍도그,KR1,73.33333333333333
3881,제이스 월식,KR1,Moonjeemin,KR1,52.17391304347826
3882,감자의반란,헿헿헿,Code Name Storm,CNS,63.33333333333333
3883,저러꿍,KR1,김스윙,KR1,81.81818181818183
3884,이래도 될까요,9999,내가다해,9999,66.66666666666666
3885,모네냥,찬도그,정글차이극혐,8826,70.0
3886,성심당베이글스,11111,담배없인못살아,2360,39.130434782608695
3887,슬픈한남자,KR1,미켈란젤로의천지창조,미켈란젤로,46.15384615384615
3888,겜 생,KR1,망고코코넛라떼,이즈홀스,56.666666666666664
3889,T T,sad,난 운이 없어,pjm,46.666666666666664
3890,그입술을막아본다,KR1,보영씨,KR1,62.5
3891,그입술을막아본다,KR1,성인조F,KR1,50.0
3892,나는야청담동갑부,KR1,72세박춘식할머니의마지막한발,ak47,55.55555555555556
3893,DESEMPLEADOS,KR1,난 나미야,KR1,45.83333333333333
3894,LAST DANCE 04,KR1,legofigure,lego,40.0
3895,비눗방울따가워,KR1,빛나는아가야,KR1,66.66666666666666
3896,안 산,4257,재 건,4257,61.904761904761905
3897,리 바,UMP45,캬 루,PRCN,54.54545454545454
3898,탑에원거리들고오는젠첩들머갈부숨,88848,Tricky Rabbit,TFT1,55.55555555555556
3899,전라도프로패드립퍼,가나다라,마 따꼼하쟤,KR1,54.54545454545454
3900,탑골공원훈수할배,KR1,산보다바다,KR1,66.66666666666666
3901,유망주 금쪽이,KR1,배장훈롤못함,KR1,53.333333333333336
3902,탱탱두,KR1,울부짓는버섯주인,KR2,60.0
3903,핫식스 중독자,KR1,킁 킁,КR1,60.0
3904,서 똥 욱,KR1,예롱롱,JJANG,65.51724137931035
3905,왼손잡이다,KR1,ftan,KR1,52.63157894736842
3906,아가리파이터,KR1,바라바라카피바라,카피바라,60.86956521739131
3907,쥐쉑기,KR1,Hiten Style,KR1,70.0
3908,力不終心,0703,쩡구기,KR1,61.53846153846154
3909,나는악마김연진,KR1,T1 taemins,KR1,64.70588235294117
3910,박앵웅,KR1,박서연,123,33.33333333333333
3911,붕실붕,KR1,EGD Onion,EGD2,48.275862068965516
3912,화이팅 우리탑,KR1,피곤한나무늘보,KR1,50.0
3913,버섯빼주세요,KR1,꼬라LI,KR1,57.89473684210527
3914,각성알파메일빵빵이,옥지얌,티 모,소악마,66.66666666666666
3915,illliliiiliiiii,KR1,라쿠데큐,KR1,37.5
3916,RNG Xiaobai,KR1,행복한소식,KR1,50.0
3917,9832590del,KR1,차니형님캐리좀요,KR1,83.33333333333334
3918,양치질을잘합시다,kr2,방구끼다똥싼사람,KR1,70.0
3919,dsafafea,KR11,축구왕올챙이,KR1,40.0
3920,ITZY 유나,sjh,행임이,KR1,35.714285714285715
3921,ALL라,IN더,1735339del,KR1,78.94736842105263
3922,바삭바삭한,0000,아시타비,我是他非,36.666666666666664
3923,볼 록,KR2,doran in ga,0323,70.0
3924,리버틴 MD,KR1,주링링,KR1,54.54545454545454
3925,뚝딱망치,KR1,동탄알파남,1234,69.23076923076923
3926,범준식,KRA,탑 너구리 처럼,KR1,61.111111111111114
3927,롤한척,KR1,일곱번째 행운,KR1,50.0
3928,작은love,KR1,퍼플냥,1003,31.25
3929,롤로노아,5009,육덕김광민,KR1,46.666666666666664
3930,롤로노아,5009,발7l하고너네집으로,KR2,72.72727272727273
3931,Bonsior,KR1,나약바니,KR1,66.66666666666666
3932,l of l player,KR1,친절한이웃진혁씨,0427,68.18181818181817
3933,초비현,KR1,시bal,0417,52.63157894736842
3934,롤체인생,1234,스트라이커,3210,40.0
3935,미드장인용사,KR1,천상천하 유아독존,0117,46.666666666666664
3936,시크릿쥬쥬,언콩123,효돌이네,KR1,66.66666666666666
3937,빵빵이,603,뛰어  난,KR1,45.45454545454545
3938,온수정해인,KR1,시빈정,KR1,50.0
3939,딱희뭘,KR1,84세박두철의마지막이니시에이팅,1941,46.666666666666664
3940,Llolv,zzz,서시은,000,45.83333333333333
3941,SAM,BS1,쓸쓸한감자,KR1,80.0
3942,LoL,pkkk,오현우,csy,61.53846153846154
3943,Fantastic Youth,KR1,계속 한밤중이면 좋을텐데,ZUTO,42.857142857142854
3944,천아름,KR1,사죄하라,KR1,61.53846153846154
3945,햐햐햐햐햐햐햐,KR2,야마둠,KR1,40.0
3946,냥냥펀치,0224,싸우지말자,제발요,50.0
3947,급발진손떨림,00000,네가 사는 거라면 나도 끼지,0000,10.0
3948,IIIIIIIIIIIIIIlI,Ko1,초코딸기블루베리,Ko1,65.38461538461539
3949,작은햄토리,이다희,다 혜,KR2,38.46153846153847
3950,둔탁한 칼,KR1,inha,KR26,66.66666666666666
3951,바텀노견,KR1,미쳤따도랏따마시따,7900,50.0
3952,원숭이,2345,어이업셔,KR1,56.25
3953,두비두밥비둘기밥,KR1,탑 너굴맨,KR1,41.17647058823529
3954,차가놀라면카놀라유,KR2,쳐 잡아줄까,KR1,55.00000000000001
3955,강한량A,KR1,네온친구시온,1234,54.54545454545454
3956,살 료,KR1,짭짤이,hhh,63.1578947368421
3957,나만나면탈주해라,KR1,행복을찾아서,lee,64.0
3958,건 빵,우마이,넘칠 연,KR1,48.148148148148145
3959,괴물쥐,전민동,BaikSY,KR1,55.00000000000001
3960,마 루,0506,노력하는중입니다,KR1,70.0
3961,케민첩준,KR1,김해 김민준,KR2,57.692307692307686
3962,albgj,KR1,웅산테,KR1,53.333333333333336
3963,albgj,KR1,누나 me die,KR1,73.33333333333333
3964,편견에사로잡히지마,1235,F0rsakènツ,0905,44.827586206896555
3965,잘느끼는서폿,KR1,해 적,사냥꾼,64.70588235294117
3966,정비조교,KR2,사정없이돌리는애,KR1,64.28571428571429
3967,남촌 아주스,4971,청호아파트,KR1,60.0
3968,꾸시오페아,KR2,PENTAT0NIX,KR1,64.28571428571429
3969,암별냥,KR2,암별냥,KR1,55.00000000000001
3970,바닥의삶,8789,신한110366904874,KR1,47.61904761904761
3971,얼룩돼이지,0728,상남자식 라인전,KR1,80.0
3972,디치기장인,KR1,가스주입기,KR1,60.0
3973,봉 근 석,KR1,섹시헌,123,41.66666666666667
3974,xhite,KR1,곱 셈 공 식,KR1,62.5
3975,baked potatoes,KR1,내전역은삼일절,KR1,53.84615384615385
3976,정자목,KR1,포로년,KR1,64.28571428571429
3977,개오짐,KR1,사미라장인,입니다,58.82352941176471
3978,엉덩국물,KR1,포 비,1234,80.0
3979,하명옥,KR1,콩순이,나는류나,30.76923076923077
3980,응OI겼어,KR1,응안Lr와,KR1,61.111111111111114
3981,나만하는연애,KR1,WildFlower,Eilis,10.0
3982,환타오렌지혐오자,KR1,겨수교드랑이,KR1,84.21052631578947
3983,황금고추,0509,대왕돌문어잡기,KR1,56.666666666666664
3984,송 쫑,KR1,에이피정글러,KR1,63.1578947368421
3985,네모대가리,KR1,인생모토 살크업,KR1,64.28571428571429
3986,네모대가리,KR1,마테오코바치치,KR1,30.0
3987,선박우,KR1,조훈희,조훈희,45.0
3988,정글은 미움받을 용기있는 위인,정글의눈물,박현빈주인,KR1,63.63636363636363
3989,Blue,KR201,오빠 어제 어땠어,KR1,27.27272727272727
3990,김 상 칠,KR1,초코호엔하임,KR1,58.333333333333336
3991,해 방,kr11,Regulator Tp,KR1,52.94117647058824
3992,선서빠,KR1,빨라빨라뿌,KR1,43.75
3993,파스텔 카라,KR1,씹련아 컷,KR1,56.52173913043478
3994,솜사탕신,KR1,99빈,99대장,62.96296296296296
3995,하암졸려,kr3,어쩔티비저쩔티비,12345,60.0
3996,내계정돌리도,3577,마음만은청춘원딜,KR1,31.57894736842105
3997,온시코기,멍몽이,LIve together,KR1,9.090909090909092
3998,레인보우 샤베트,ice,건강현,1216,48.275862068965516
3999,음경까,KR1,comcer,KR1,63.1578947368421
4000,ナニモナッカー,4379,범중이따까리정빈,kr1,63.33333333333333
4001,gomath,2693,이찬영,184,68.75
4002,오빠들아야해,KR1,팀운굉장히나쁜놈,KR1,46.666666666666664
4003,del000000000,KR1,자도자도부족해,KR1,70.0
4004,기도중인 망나니,KR1,거제도 슈퍼보이,병1290,44.0
4005,HornyFemboy,KR1,어색할 땐 일단 웃어보세요,0514,60.0
4006,버섯 캐는 농부,KR1,꿀렁우렁이,KR1,50.0
4007,갱플랭크,征服者門主,참을수없는사람,KR1,35.714285714285715
4008,유채령,KR2,조유리즈시절,KR1,40.0
4009,CRT NO WARNINGS,KR1,Terrashape,키아나,50.0
4010,창원의 태양,KR1,말랑랑말이,KR1,58.82352941176471
4011,멍뭉이내꺼임,KR1,부우허,KR1,36.36363636363637
4012,멍뭉이내꺼임,KR1,Barvare,7732,40.0
4013,건실하게살자,jsm,늙고병든,피지컬,57.14285714285714
4014,김태형꼬치,KR1,조선제일활잡이,헤으응,32.0
4015,KT HyBriD,KR1,GodZenji,KR2,58.333333333333336
4016,KT HyBriD,KR1,GeNmem,gen,60.0
4017,짱 구,제발말려,팜하니,KPOP,60.0
4018,lllilliiiilllll,KR1,Or칼리,KR704,52.63157894736842
4019,xi ni de pigu,KR1,발짜국,0091,57.692307692307686
4020,첼cs,KR1,현피승률50퍼,물주먹,71.42857142857143
4021,귄성민,KR1,이유없,KR1,45.45454545454545
4022,이기고싶다,plz,신을 죽이는 법,KR1,45.45454545454545
4023,허거덩,6921,오구의모험,KR1,76.92307692307693
4024,와플곰,1122,장대호,8176,56.25
4025,너내용없어,KR123,Hide on bush,KR 2,31.57894736842105
4026,해냈다해냈어버거가해냈어,띠용띠용용,Vaundy,SDR,65.0
4027,버섯이빨딱,KR1,기가 죽었어요,KR1,60.0
4028,변비왕자,sexy,니엄마랑잭스중,KR1,46.15384615384615
4029,변비왕자,sexy,호식OI,KR1,69.23076923076923
4030,동대문백수,KR1,앙GetSome,KR1,46.666666666666664
4031,동대문백수,KR1,추운게더좋아,Cold,60.0
4032,펭귄크면팽도리,KR1,독도오리,KR1,45.0
4033,평온 공연한 물개,KR2,낭만베인,BR2,56.00000000000001
4034,7931517del,KR1,비 상,선 언,46.666666666666664
4035,그만둬,KR3,똥과진지한대화,9419,54.54545454545454
4036,창현이,KR1,호남신학대학교,KR1,70.58823529411765
4037,어메이징잠자리맨,AZ1,칼과 총 귤,총귤쇠,41.66666666666667
4038,채연이,0710,The ad perfect,KR1,80.0
4039,박쥐용사,KR1,촉촉한남자,sexy,70.0
4040,웃음자판기,jug,쵸비교목사,chovy,78.57142857142857
4041,계양의 드럼통은 푸르다,Drum,구해줘용,KR1,25.0
4042,부자나라필립공주,KR1,김 중 필,KR1,60.0
4043,Hide on bush,31810,juwon러버,kr2,38.46153846153847
4044,나한테이러지마,KR1,과즙진영,KR1,60.0
4045,petty,kr903,두 행,KR1,40.0
4046,YORDLEKING,요들킹,역천괴,박보영,52.17391304347826
4047,신도림동,kkkkk,혀 니,KR2,45.0
4048,거제정글킹,KR1,99박준철,KR1,57.14285714285714
4049,쳐맞은병국,asd,도파민중독자,skrr,60.0
4050,근 황,KR1,라코가트롤안잡네나두해야징,탑신병자,40.0
4051,루루똥,1682,내가제일잘나다,KR1,50.0
4052,Choco emongs,KR1,더스케,KR1,57.14285714285714
4053,불성실한 놈,KR1,아우렐리웅 솔,KR1,55.55555555555556
4054,LeevGod,KR1,귀여븐템템,KR1,68.75
4055,미안합니탓,KR1,순풍산부인과의찬,KR1,61.904761904761905
4056,말없이 탑만갈게,KR1,Qkek,KR1,42.857142857142854
4057,IRSE,806,그만예뻐김민지,kr99,64.70588235294117
4058,킹혜웅,KR1,강태욱,입니다,50.0
4059,킹혜웅,KR1,노승인,1103,27.27272727272727
4060,지비비,KR1,김지비,KR1,52.94117647058824
4061,재원티비,KR1,공권이,ch1,63.1578947368421
4062,몬스터광현,KR1,렝가재밌어,KR1,54.54545454545454
4063,피슈케,KR1,jungup,KR1,81.81818181818183
4064,콜 파머,0325,노알라,5885,64.28571428571429
4065,일해회VVIP이도규,KR1,나버리면나도버린다분명히경고했어,123,66.66666666666666
4066,임진강고라니,KR1,myonxy,qwer,57.14285714285714
4067,탱 구,snsd0,꿀잼닉,KR1,42.857142857142854
4068,꿀밤체리,KR1,서폿가는 구름이,KR1,72.72727272727273
4069,강휴지,KR1,대전전민고탑솔러,KR1,62.5
4070,08수진이,KR1,큰여우,KR1,81.81818181818183
4071,이상현이상현,KR1,X발팀운,KR1,89.28571428571429
4072,짹짹찡,KR1,삼원아파트,KR1,64.28571428571429
4073,CG memories,001,궁쓰고들어간다,KR1,66.66666666666666
4074,Was Permitted by,KR1,emptinessMachine,KR2,73.33333333333333
4075,바텀개,원딜왕자,근본Supporter,KR1,62.5
4076,Aster Koraiensis,KR1,인두겁의 개들,KR1,44.827586206896555
4077,손일기,KR손,전라남도,여수시,61.53846153846154
4078,뚜두둥좡,KR1,DDHH,0308,55.00000000000001
4079,맛 우,KR1,파란색흰둥이,111,62.5
4080,무뇌kim,KR1,msekem,9630,63.63636363636363
4081,괴복치 ,KR1,우즈이 텐겐,악보완성,50.0
4082,믹스오라썸,KR7,Notre,KR1,36.36363636363637
4083,산타크로즈,KR1,lllllllll,aaa,83.33333333333334
4084,오버이트,KR1,두노따효니,KR1,52.63157894736842
4085,매 화,king,영 웅,KR3,59.25925925925925
4086,top grave,csgod,운이 없군,KR97,36.36363636363637
4087,역천핵,KR1,ฅΟωΟฅ,야   옹,60.0
4088,트라케라톱스,백악기,브라키오사우루스,쥐라기,46.666666666666664
4089,트라케라톱스,백악기,디플로도쿠스,중생대,50.0
4090,탱탱볼이,KR1,멍뭉이다,KR1,68.75
4091,사냥꾼의야메테,0000,Dear Keinwiz,KR1,53.57142857142857
4092,뿌니비아,KR1,오과장,곧 차장,62.5
4093,JY MS,KR1,Korea Zinc,칭찬맨,60.0
4094,낮잠자는 짹짹이,KR1,보낙이가캐리한다,KR1,72.22222222222221
4095,칼라홍삼,999,오킹포킹,KR999,51.724137931034484
4096,응애 나 악의티모,KR3,최강원딜이될거야,1800,63.1578947368421
4097,미움받을용기,5CCNW,멍댕구리,KR1,72.0
4098,Hide on push,hionp,송중기아니에요,KR1,75.0
4099,1년차 롤룽이,KR1,니없어서다행이다,KR1,66.66666666666666
4100,니엄마와사바리,KR2,조선의상남자,시라오니,70.83333333333334
4101,anjgkfRk,123,꼬북칩콘스프,KR1,62.96296296296296
4102,태건이야,KR1,붉은하늘위의 달,123,50.0
4103,A891,KR1,루이30세끼,777,50.0
4104,사랑꾼,KR3,닌먼데,1122,63.1578947368421
4105,이재명,jail,은 수,KR2,53.333333333333336
4106,テンニンカ,kr2,VvzxzvV,KR1,68.75
4107,テンニンカ,kr2,소마지롱,KR1,41.66666666666667
4108,늙고병든혜그랑땡,KR1,은가뉴,프제쨩,60.0
4109,웃긴걸보면짖는개,KR1,유예h,KR1,50.0
4110,새순유치원,111,고냥이,82528,57.14285714285714
4111,맑은수,KR1,수리나무잎,KR1,33.33333333333333
4112,GloryKR ,KR1,wutevergosaround,11111,42.857142857142854
4113,HenaK,KR1,써리원 박진,31살,69.23076923076923
4114,탑 개,0534,부 냥,KR0,30.0
4115,안녕안녕,반가워,xi quz,0322,50.0
4116,인생은 빨간색,KR1,닥치고게임을해,1234,72.22222222222221
4117,인생은 빨간색,KR1,AD Carry,연수은,50.0
4118,도리도리 돌돌이,심청이,Azass,band,57.89473684210527
4119,준현이의작은아이,귀요미,louisean,KR1,40.909090909090914
4120,꿈을 이룰 남자,KR1,illit,njzs,63.63636363636363
4121,물똥벌레,KR1,김치 미식가,ky77,36.84210526315789
4122,젭이  젭젭이 ,KR1,벌레의삶을산쌍베,KR1,53.333333333333336
4123,탈공탈토,KR1,행복벌레,KR1,50.0
4124,뽕 글,KR1,파카는아가아,KR1,36.84210526315789
4125,JustLikeThatKR,WHY,웅비포병,315,76.92307692307693
4126,뿌행행행,KR12,라인전의왕교전의신,박광용,38.46153846153847
4127,Aindo,KR1,나꼬사랑,KR1,63.33333333333333
4128,한재싱,KR1,진 키,진 키,36.666666666666664
4129,마이픔,KR1,루비루,루비루,50.0
4130,암스트롱물고기,KR1,전투식량도둑,무작위,40.909090909090914
4131,지구최강종쮸,4271,할수있다아자아자,KR1,61.53846153846154
4132,슬라이스치즈,슬라이스,감 자,7057,33.33333333333333
4133,저지능지체아,이상완,돼지토끼,KR7,73.91304347826086
4134,g0rAni,동물의왕국,나만지켜봐,KR3,42.857142857142854
4135,g0rAni,동물의왕국,김선응,핫소스,40.0
4136,아쉐르,KR1,여이그,KR1,56.52173913043478
4137,쮜쮜훈,KR2,조호법,해동밀교,66.66666666666666
4138,여름인데요,KR1,단아해,KR1,30.0
4139,ZARD,ker10,skdd,KR1,40.0
4140,임성빈바보,KR1,비슴비아아도,KR1,41.66666666666667
4141,Mid side,KR1,WOOZA87,KR2,46.666666666666664
4142,Mid side,KR1,정상인인척하기,KR1,26.666666666666668
4143,제 이 카,리즈이사,주 작,0806,57.692307692307686
4144,한 퉤 원,KR1,메가장꾸,KR1,61.53846153846154
4145,문이열리네요,KR3,무사 나왔다게,KR1,43.333333333333336
4146,INFJ,2142,해킹하지마라디진다,1818,40.909090909090914
4147,무학여고 최린,KR432,임앵웅,KR1,68.0
4148,정 열 조,KR1,물리데미지,KR1,57.14285714285714
4149,고영 도당 창족,KR1,왓따잉,KR1,60.0
4150,내 남편 볼리베어,KR1,펩시제로슈거라임향최고,KR2,46.15384615384615
4151,완전무력화3초전,3210,소리나는다오,리 신,50.0
4152,게임좀하는편이야,KR1,이해가안되면외워,KR1,62.5
4153,게임좀하는편이야,KR1,옆동네에서왔어요,KR1,36.36363636363637
4154,폭탄처리반,8282,화려한솔로킬KOR,KR1,55.55555555555556
4155,민트초코 크로플,KR1,쿠츠츠,KR1,47.82608695652174
4156,기벼진,KR1,가렌그자체,KR1,57.14285714285714
4157,애국보수다리우스,KR1,부패산신령,KR1,60.0
4158,뉴진스나가,KR1,숭 늉,1227,38.88888888888889
4159,뉴진스나가,KR1,롤로노아 장승주,KR1,81.81818181818183
4160,강 건,0323,강해빈,0323,64.70588235294117
4161,타워가부서졌어요,KR1,지제 동삭동,KR1,43.75
4162,TAKOCHI,KR1,TAKOCHI,KRI,54.54545454545454
4163,꿀 LifeHack 꿀,KR1,곰발바닥쿵쿵,곰3마리,45.45454545454545
4164,핵츤욱,KR1,모오쪼로라고모,KR2,46.666666666666664
4165,기대하지않는사람,KR523,선 민,KR2,81.25
4166,정목이가젤멋져,KR1,최후의쓰랄,KR1,42.857142857142854
4167,철강의 심장,KR1,노 답,1282,78.57142857142857
4168,24200586del,KR1,본캐우디르장인,KR1,63.1578947368421
4169,임채벌,KR1,윤오노,KR1,55.00000000000001
4170,Hide on bush,UM1,Roasted  Coffee,KR1,57.14285714285714
4171,Hide on bush,UM1,흥청망청사는놈,KR2,50.0
4172,뉴벨즈,KR1,이미 늦었지,KR1,50.0
4173,요르치,KR1,승쿤갓,KR1,55.00000000000001
4174,정상화의신,우리팀을,2급공돌이,PhD,69.23076923076923
4175,DeviLFuRy,KR1,monstersup2,KR1,50.0
4176,운리단길,KR1,믿드갈게,KR1,45.45454545454545
4177,아톰아 물어,KR1,로이야 물어,KR1,55.55555555555556
4178,노동착취협박살인,조선족,50일정지된본캐,KR1,40.0
4179,xiaIu mei,KR1,우쪽이,KR123,42.857142857142854
4180,알리가내맘을알리,KR1,인생편하게살기,KR1,66.66666666666666
4181,알리가내맘을알리,KR1,오류수정,KR1,73.33333333333333
4182,산기슭토깽이,KR1,Bad villain,KR1,46.666666666666664
4183,산기슭토깽이,KR1,수리진,KR1,71.42857142857143
4184,구 체,GEN,SUP FOR YOU,KR1,45.45454545454545
4185,긴세월에변하지않는사랑은없겠지만,오래전부터,듀란드의 방패,KR1,33.33333333333333
4186,BIN,KR0,최룡륭,왜죽였어,50.0
4187,대한독립만세,KR2,베이가원챔,KR3,40.0
4188,탱글성욱,KR1,KDF Leaper,KR04,56.25
4189,탱글성욱,KR1,아이라,0505,70.0
4190,경 슨,KR1,하남신말,KR1,61.111111111111114
4191,영빈아다탈출기원,26년째,정글연습,123,50.0
4192,느 좋,1234,믿기 싫음 믿지 마,SON,47.61904761904761
4193,우리팀정글은어디,KR1,티모는어려워,KR1,80.0
4194,미한남,KR1,분신의마음으로,SSU,63.63636363636363
4195,미한남,KR1,chobo1028,KR1,36.36363636363637
4196,박수엽,KR1,하늘에서공차기,KR1,50.0
4197,2025년12월16일,1234,부이우드,FRAME,60.0
4198,갱민Yee,KR1,갱은2,KR1,56.52173913043478
4199,원딜마빡딱대,KR1,까 앵,1004,62.5
4200,그럴까나,KR1,멕시까나,KR1,64.28571428571429
4201,정글고아라박아요,jgmom,이상한청년,KOR,53.84615384615385
4202,몸통믹서기,head0,POWER레인저 레드,KR1,69.23076923076923
4203,HHope,KR3,참 빛,KR1,83.33333333333334
4204,저를막만지셨잖아요,1122,장현진,KR1,36.84210526315789
4205,최강멸공박정환,KR1,고구마무스시,1230,50.0
4206,최강멸공박정환,KR1,찢원민,china,70.0
4207,도끼병,8543,산다는것그것은치열한전투이다,로망로랑,66.66666666666666
4208,김꽃비,KR1,만까이,KR1,42.857142857142854
4209,明 星,JSH,배고픈데뭐먹지5,KR1,57.14285714285714
4210,이게원딜이쥐,KR1,Sandevistan,싼데비슷,41.66666666666667
4211,T1 Faker,96057,하얀히소,KR1,77.77777777777779
4212,질 리 언,KR34,꽁치소금구이,KR1,76.47058823529412
4213,NIA feLix,KOR,Spltze,KR1,75.0
4214,녕 안,2308,kazuhot,kr3,66.66666666666666
4215,녕 안,2308,빵빵이의미친일상,KR1,50.0
4216,Kellani,KR1,김지원,하이지음,57.14285714285714
4217,햐안색한지,KR1,돛단배,HC1,50.0
4218,IlIIlIIIIlllIl,KR1,Top Makes Man,KR1,69.23076923076923
4219,IlIIlIIIIlllIl,KR1,JDG Guler,kr619,70.0
4220,비뚤어진 대나무,KR1,서정방,KR1,50.0
4221,박정희,계엄선포,노정엄글,KR2,53.333333333333336
4222,事 必 歸 正,1111,Babbby,KR1,33.33333333333333
4223,事 必 歸 正,1111,New Astaxanthin,KR1,60.0
4224,XunJie,KR1,TangPaoFan,KR1,72.72727272727273
4225,XunJie,KR1,수도공수닝,KR1,63.63636363636363
4226,럭 스,원 챔,귀 신,창 귀,72.72727272727273
4227,오낳괴,KR1,버섯과자,KR1,66.66666666666666
4228,수정구망나니,KR1,레전드오브운타라,KR1,20.0
4229,소통이어려운사람,KR1,잭슨피자석촌점,KR1,72.72727272727273
4230,찻집스텔라와,KR1,T1 애완동물,KR777,60.0
4231,찻집스텔라와,KR1,오뚜기3분나비탕,KR1,80.0
4232,용인 양아치,KR1,북극곰 슈트,KR1,64.70588235294117
4233,dyundyun,KR1,일단사려봐봐,KR1,55.55555555555556
4234,지코바정자2호점,KR1,착하게살기,죄송합니다,47.368421052631575
4235,희워늬,0212,힐 왜 안 썼냐,KR1,58.333333333333336
4236,군산대표덤벙이,하나님사랑,여자찾아 삼만리,디엠주세요,84.61538461538461
4237,함박웃응,15681,Assayy,KR1,73.33333333333333
4238,권아윤,공쥬사랑,핑뚝이,결 밴,45.45454545454545
4239,경성대다리털미남최태영,개꿀따라시,이기자 제발,none,50.0
4240,민들찌,KR1,울비링,KR1,30.0
4241,Ruler,KR100,이승진왔다,KR1,52.94117647058824
4242,atapel,KR1,미친낙기견,1247,57.692307692307686
4243,뒷구녕조심해,KR1,채팅다차단하고합니다,KR666,63.63636363636363
4244,1류준열,KR1,떡볶이는먹고싶어,KR1,57.14285714285714
4245,사랑체리,KR1,혼 팡,KR1,83.33333333333334
4246,꼬마무너,KR1,동글원,KR1,78.57142857142857
4247,박 조 헉,KR1,호야핑,수돌핑,40.0
4248,02 07 08,KR1,명찌똥,KR1,57.14285714285714
4249,yc그리너,001,콧수염해적단,KR1,54.54545454545454
4250,통감자코너,KR1,김박석동이,KR1,57.14285714285714
4251,카트라이더라이,KR1,뽀영뀨,KR1,46.15384615384615
4252,매우 깊은 구덩이,KR1,미친나무꾼,KR1,52.94117647058824
4253,익자현지,KR1,최태환,2222,60.0
4254,잘조여,KR1,혜 왕,ฅΟωΟฅ,68.75
4255,iSginM,KR1,진흙반소다반,KR1,54.54545454545454
4256,나는개도물어,1999,JYUNMAI,KR1,66.66666666666666
4257,l 김아름 l,KR1,내서폿건들면죽임,KR1,88.23529411764706
4258,좋나 좋같다,KR1,aoamg,KR1,44.44444444444444
4259,핑핑이눈찌르기,KR1,다람이헬멧깨기,KR1,41.66666666666667
4260,Master Darren,KR1,오션앞 예쁜누나,KR1,45.0
4261,공주의품격,9999,왕자의품격,2036,46.666666666666664
4262,추두애,KR1,매여고,KR1,70.83333333333334
4263,망겜모임,KR1,79세 박옥분,1942,57.89473684210527
4264,퓨슈유융,KR1,건물주아저씨,KR1,57.14285714285714
4265,제라스만사랑할래,KR1,링쟈오밍,KR1,90.9090909090909
4266,꽁즈리얼,KR1,Ol발소,KR1,70.58823529411765
4267,Garald,KR1,낭만찾아요,KR1,80.0
4268,저으교,KR1,독산동 딸기공주,KR1,75.0
4269,다이아찍어보자고,KR1,ReatEna,KR1,41.66666666666667
4270,TaeDu,KR1,비주야,KR1,46.15384615384615
4271,p1zl,KR1,NOvelium,KR1,53.333333333333336
4272,ktstorm,KR1,승트록스,KR1,91.66666666666666
4273,73세박점례,KR1,오합지졸 서폿,KR1,63.63636363636363
4274,키야 나 쩔지,KR1,Raric,KR1,76.47058823529412
4275,岐 炫,0520,기무태훈,CN1,44.44444444444444
4276,눈 내린 겨울날,KR1,올차단핑안들음,KR1,57.14285714285714
4277,4번타자트런들,KR1,5번타자트런들,KR1,55.55555555555556
4278,딤태암,KR1,Olleh111,KR1,36.36363636363637
4279,안산섹시가이,KR1,박달호,KR1,53.57142857142857
4280,명동고라니,KR1,          a VIBE,KR1,60.86956521739131
4281,개구쟁이병진,588,처제의일기장,KR2,36.36363636363637
4282,스타콘덤나이트,KR1,Samira Rose,KR1,56.666666666666664
4283,지  욤,KR1,귀욤지욤,KR1,66.66666666666666
4284,민예나,KR1,123겸,KR1,64.0
4285,르블랑요네제드,KR99,동천동 이동욱,KR1,42.857142857142854
4286,어려워 롤은,KR1,화염저항포션,KR1,60.0
4287,Helper 이즈나,KR1,혀 무,KR1,66.66666666666666
4288,경남 사천시,KR1,Zl존 상훈,KR1,50.0
4289,LeoNautiluS,KR1,안녕하세요들썩,KR1,72.72727272727273
4290,호석자,KR1,몰락한 정상수,카피바라,60.0
4291,엑소익소,KR1,정신분열환자,KR1,60.0
4292,실수할까 두렵다,KR1,역천괴,KR712,41.17647058823529
4293,만원짜리지페,KR1,원딜갖다버리기,KR2,68.75
4294,만원짜리지페,KR1,울팀서폿목졸라죽이기,KR2,61.53846153846154
4295,광쥐팥쥐,KR1,김매력,KR3,30.0
4296,거울로 보는 얼굴,KR1,82세 독거노인,KR1,66.66666666666666
4297,멘탈가출아이디,KR1,THE 스몰The,스몰더,73.07692307692307
4298,WangDdu,KR1,니손가락탓,KR1,57.14285714285714
4299,명란젓쿠키,KR1,wjm1212,01212,64.0
4300,트리오브세이비어,KR1,사토리,NK1,66.66666666666666
4301,orco,KR0,갓구피,KR1,70.0
4302,협곡유치원 흰둥,KR1,협곡유치원 짱구,KR1,43.47826086956522
4303,암호론,KR1,또미니다,KR1,70.0
4304,암호론,KR1,기준아너존야있다,KR1,60.0
4305,New트윈,KR1,양학동장,KR1,50.0
4306,M Perro94,KR1,정글도는깜보,KR1,45.45454545454545
4307,빠또맨짱짱123,KR1,의문의복귀유저,2132,71.42857142857143
4308,Byms,KR1,나잖아 주호,KR1,66.66666666666666
4309,유기농 포도잼,KR1,LL Stailish,KR1,46.15384615384615
4310,아메리한잔,KR2,싫슴돠,KR1,61.111111111111114
4311,부러우면지는거야,KR1,유 찬,대유찬,60.0
4312,부러우면지는거야,KR1,루주라,9098,83.33333333333334
4313,민 영 2,7874,스쿨존광란의레이서엄준식,KR1,40.0
4314,딸긔공주,KR1,플레부터 탱폿함,KR1,58.333333333333336
4315,계엄의택,999,여기도한발,KR1,53.333333333333336
4316,먼 슴,KR1,최재권,KR2,61.53846153846154
4317,재선리,KR1,백혈음지,KR1,66.66666666666666
4318,can not win,KR1,박종민,KR1,41.66666666666667
4319,장작패기장인,장패장,Hide on Push,3001,50.0
4320,우니아이,KR1,The Suply,KR1,57.89473684210527
4321,알고있냐,모르는데,오 리,아나그란데,60.0
4322,상큼한너굴씨,KR1,나만의흠뻑쇼,KR2,42.857142857142854
4323,상큼한너굴씨,KR1,경기도민,123,80.0
4324,니 꽃,앵 두,비 상 계 엄,12345,55.55555555555556
4325,평리동불도저,KR1,신조차질투하는재능의소유자고다운,1233,60.0
4326,호영동생,KR1,junesi,준 식,52.17391304347826
4327,마라탕 먹구 시퍼,KR1,인프피 인간,KR1,72.22222222222221
4328,마라탕 먹구 시퍼,KR1,비공개소환사0,KR1,70.0
4329,바이탈부스터,0366,살인유망주,KR1,65.0
4330,농축밀크맘마통,BOZI,원툴제라스,KR1,58.333333333333336
4331,죽기장인,12322,뚜쉬따쉬,빵뚜기,63.63636363636363
4332,1234,효 찬,김록헌,0001,55.172413793103445
4333,이기구시펑,KR1,누나는끌릴만해,KR1,63.1578947368421
4334,2윤재,KR1,홍대흑인,KR1,31.25
4335,하 이,there,치질연고바른면봉,1234,55.55555555555556
4336,모기모깅,KR1,춘 배,행복한,45.45454545454545
4337,감자국의망나니,KR1,슈마초,KR1,60.0
4338,감자국의망나니,KR1,슈퍼마켓초코퍼지,KR1,45.45454545454545
4339,부천역 노숙자 신문도둑,마계부천,독거노인 원딜,KR0,30.76923076923077
4340,taeyeon8903,KR1,해도해도너무하네,5832,45.45454545454545
4341,모모는 무지게,KR1,안아조,1012,30.76923076923077
4342,파키티,KR1,우리집개또또,dog,68.75
4343,닷지해라,KR1,인생의분노,KR1,30.0
4344,환석봉,KR1,김치년이므니다,KR1,42.857142857142854
4345,Yoonkid,KR1,방퉁수,KR1,56.666666666666664
4346,꼬쿼러취,KR1,Tiny bug,KR1,52.0
4347,우리들은소중해요,KR1,천사소녀 네티,정의로운,72.22222222222221
4348,위기를 기회로,1111,못하는데자아갖으면박음,KR2,36.36363636363637
4349,정준호,KR1,쉴 드,KR1,76.92307692307693
4350,나미나미오나미,KR1,햄포니퐁,KR1,59.09090909090909
4351,참 빛,KR1,HHope,KR3,83.33333333333334
4352,왕자님,1118,가라 혜린몬,KR1,81.81818181818183
4353,Übermensch,KR9,닝겐장미,KR1,45.83333333333333
4354,과니어디과니,KR1,여 름,0808,45.83333333333333
4355,심해의공포쓰레기,KR1,가껴가껴,KR1,50.0
4356,호 성,HS0,Bug 입니다만,KR1,78.57142857142857
4357,또각또각신부입장,KR1,허민혁,KR111,61.53846153846154
4358,11972035del,KR1,징크소,KR1,61.53846153846154
4359,롤하면3수함,KR1,겨울동화 장지환,KR1,33.33333333333333
4360,롤하면3수함,KR1,Aerernus,KR3,50.0
4361,컴퓨터쌤,KR1,삼겹살볶음밥,KR1,50.0
4362,강절래,KR1,이쁜네꺼,1234,68.0
4363,인생은한여자,KR1,안되겠냐고그게,KR1,93.33333333333333
4364,윤성남,KR1,Fezite,1005,63.63636363636363
4365,물렸다 멍멍,KR1,시라유키 히메,KR1,40.0
4366,김명종교수동생,1234,김건묵극곰,KR1,36.36363636363637
4367,박정우,미 남,미 드,0878,60.0
4368,kllax,KR1,패배자,KR3,54.54545454545454
4369,무법자근희,KR1,내시계어딨노무현,KR1,54.54545454545454
4370,무법자근희,KR1,Xiaodelanhu,7902,40.0
4371,탑 건이,KR1,재 민 언 니,KR1,75.0
4372,이 별,KR5,잠실 냥펀치,KR1,25.0
4373,영혼의 꽃,Yone,다재무능,1011,73.33333333333333
4374,AkshanNo1,KR12,성실한공익요원,0303,64.28571428571429
4375,조지긴하네,KR1,창구는못말려,KR1,66.66666666666666
4376,hivanmipkanda,KR1,너에게 못했던 내 마지막 말은,4486,64.70588235294117
4377,탑신병자가되었다,KR1,erenyday,qwer,52.94117647058824
4378,달의 호흡 이지러지는 달 암월,KR1,Coeus,KR1,68.75
4379,2618205580707488,KR1,드립3대,00000,70.0
4380,돼지피카츄,KR1,ehddn 주현,KR1,60.0
4381,수면입니당,KR1,밀림의왕손승현,KR1,50.0
4382,수면입니당,KR1,God Bless you,bless,45.45454545454545
4383,01022936255,KR1,성민이발가락사이핥기장인,츄베릅,73.33333333333333
4384,Cloud Strife AC,KR1,시빵집,KR1,66.66666666666666
4385,민지꿍꿍,KR1,GUMADEFTVIPER,T1 wi,63.63636363636363
4386,낌영민,KR1,못참는사람,5226,25.0
4387,괴 군,조 연,Mega Storm,KR1,60.0
4388,귀뚤뚜기,4214,배창연,KR1,48.0
4389,April Freesia,KR2,벽넘는 병만,KR1,61.53846153846154
4390,April Freesia,KR2,니캉내캉고기묵자,KR2,66.66666666666666
4391,꾸 딩,0906,칵테일삼겹살,KR1,35.294117647058826
4392,고독한 금쪽이,0331,Hollow Knight,6310,57.14285714285714
4393,말벌벌꿀오소리,KR1,01053183866,KR1,50.0
4394,카와라기 모모카,걸밴크,브금버튼,KR1,44.44444444444444
4395,카와라기 모모카,걸밴크,신지호,8409,75.0
4396,롤로노아 김재경,KR1,킹갓엠페럴밍밍이,KR1,53.84615384615385
4397,뽁뽁이 터뜨리기,KR1,official oppa,KR1,36.36363636363637
4398,rOgy,KR1,즐겜용버리는용,KR3,61.53846153846154
4399,중간이 없는 자,KR1,구미효,KR2,68.0
4400,강가네 손만두,KR1,밝은유채꽃,KR1,50.0
4401,염우스,9176,삼대오백그램,KR1,64.70588235294117
4402,금강불괴지신,6666,은승이,0000,50.0
4403,T모티모,KR1,노운현무지잘한다,2672,50.0
4404,구맹덕,KR1,밤만되면라마,KR1,57.692307692307686
4405,도라이사이코,KR1,사람샬럿,KR777,54.54545454545454
4406,너네아싸인날너무좋아하는거아니냐,이세계,그저 지키라고만 하였거늘,읍참마속,50.0
4407,너네아싸인날너무좋아하는거아니냐,이세계,바다미꾸라지,KR1,40.0
4408,아직차다,KR1,심각하다게임수준,KR1,61.53846153846154
4409,미쿡드립,KR1,금붕어,0115,54.166666666666664
4410,태백산흑곰,5656,릴리사랑해,KR1,57.14285714285714
4411,천 안 전 민 성,KR1,황규찬,KR1,52.38095238095239
4412,호양놈,KR1,루피뽀로로,KR1,56.52173913043478
4413,Yellow 5,KR1,곽명은짱,KR1,61.53846153846154
4414,준 의,KR1,지눈이,KR1,56.666666666666664
4415,Lumen,033,사우스웨스트,0310,64.70588235294117
4416,진의 리신,0328,만남이별,KR1,46.666666666666664
4417,된장찌개끓여온나,KR1,이딱골,KR1,51.85185185185185
4418,pain agony,KR1,Isella,KR1,61.53846153846154
4419,펭귄대장,Siba,김강산 굉장하다,KR1,61.53846153846154
4420,외쳐원석갓,KR2,박찬원,모란2길,64.0
4421,KaiSa,KRl,땡전이,KR1,55.00000000000001
4422,절도사공파27세손,KR1,빈유는 정의,KR1,75.0
4423,Dr Kiss,KR1,bshkilad,KR1,47.05882352941176
4424,즐겜용,김덕배, 난 갈 길이 먼데,KR1,64.28571428571429
4425,즐겜용,김덕배,너구리 팬티,KR1,63.63636363636363
4426,T1 DORAN,세최탑가자,의창구 물주먹,KR1,43.75
4427,통무마무,KR3,CarroII,5639,66.66666666666666
4428,문어빵,KR1,까 5,KR1,65.38461538461539
4429,집가고시퍼여,KR1,인생망한팟수,KR1,55.00000000000001
4430,제왕 킨키,KR1,최진범,KR2,60.0
4431,다변수함수삼중적분,KR2,아해아해구물구물,0917,63.33333333333333
4432,장 췐,KR1,cxzhaiusd,KR1,42.857142857142854
4433,백덩렁덜렁,KR1,Q13E2W4R,KR1,70.0
4434,402호,KR1,깨소금,KR1,54.54545454545454
4435,KKang,KR01,유즈하 리코,0313,45.45454545454545
4436,roll back go,KR1,조 오,KR1,50.0
4437,삐지기장인출신,매우 수줍,그웬 스킨 좀내줘,KR1,52.17391304347826
4438,사과나무귤냄새,KR1,쪼꼬와 포비,KR1,66.66666666666666
4439,삐롱기,삐롱기,총각울린유부녀,KR1,56.666666666666664
4440,롤이란것때문,KR1,말그대로카직스,KR1,65.0
4441,펄기아,KR22,최고의엉덩이,JP2,50.0
4442,롱터우,8312,세리자와 정재,백수의 왕,53.84615384615385
4443,웅 황,kr777,Rain,I D,70.58823529411765
4444,노코스트,KR1,누가와서먹나요,0216,63.63636363636363
4445,정 글,01년생,재 원,0206,63.63636363636363
4446,黒 棺,9 0,인 물,KR1,75.0
4447,하이머딩석,KR1,ace,daddd,57.14285714285714
4448,시오미호,4096,렝가합니,KR1,52.94117647058824
4449,탑이지는건정글차이,JGgap,keon won 2,KR1,58.333333333333336
4450,실시간원딜꿀챔,KR1,Sitk,KR1,69.23076923076923
4451,머야미신사,KR1,한남버스기사,KR1,64.0
4452,zxcasdsa,KR1,두부김치다내놔,Drama,52.17391304347826
4453,닉네임을잊은사람,KR1,에 몽,성준이안녕,46.15384615384615
4454,IllIIlllIIIllIl,KR1,도일각,KR1,71.42857142857143
4455,화려한솔로킬,0825,터벅터벅,0803,31.57894736842105
4456,화려한솔로킬,0825,박병재,KR1,80.0
4457,미니언잡는게어렵나,어렵더라,킬리즈,KR1,72.72727272727273
4458,Dicky MD,KR1,한계직면,KR1,50.0
4459,Dicky MD,KR1,추가람 팬티도둑,KR1,70.0
4460,박치기공룡,2012,Eternity Pellet,KR1,60.0
4461,15151561,KR1,살찐포동포동포동,KR1,59.09090909090909
4462,몽광연필,KR1,오동통나무,KR1,46.15384615384615
4463,포슬포슬,계란찜,페르시안,KR2,35.294117647058826
4464,상하차맨,BOX,Nahida,PoP,80.0
4465,뷔 치,KR1,희연씨,KR1,62.5
4466,뷔 치,KR1,정희연,KR1,75.0
4467,97세백경인할아버지마지막점멸,KR2,따귀폭풍볼리베어,KR1,68.75
4468,97세백경인할아버지마지막점멸,KR2,학식먹을나이,2101,60.0
4469,BWB,0222,햄버거소믈리에,1128,47.82608695652174
4470,98373680del,KR1,崔 珉 綺,2315,68.96551724137932
4471,민지렁이에요,KR1,제주도주말농장,KR1,81.81818181818183
4472,JMK9999,KR1,SCENARI0,KR1,50.0
4473,spicy한시키,KR1,농고의 전설 이준규,밭갈기만렙,60.0
4474,spicy한시키,KR1,흰 헛,KR1,63.63636363636363
4475,개가치죽음,4444,슈 뢰,KR1,60.0
4476,칼날부리 소매치기,chick,코카가짬,KR1,53.57142857142857
4477,고등어등고,0713,김줍인,KR1,60.0
4478,말걸지마 혼자해,KR1,안 승,USA1,58.333333333333336
4479,말걸지마 혼자해,KR1,모코코씨았,KR1,45.45454545454545
4480,Mangddung,KR1,포항남구연합파,KR1,66.66666666666666
4481,회초리압수,1262,만19세장난감,KR1,52.38095238095239
4482,박현준은곧휴가철,KR1,조용훈,456,47.05882352941176
4483,귀찬희즘,LCH,야옹해바보,KR1,62.5
4484,콜라를까놓고안먹었네,조직먹방,맞다이로들어와,OOO,63.1578947368421
4485,토게나시토게아리,새끼손가락,Hot버터Slayer,Hot,60.0
4486,jsurl,srm02,ShowMaker,중꺽마,50.0
4487,공주김강민,KR2,핑찍으면오라는뜻,KR2,70.58823529411765
4488,백만볼트,KR3,SaveStyle,KR1,57.89473684210527
4489,king 0526,KR1,원할머니보go쌈,찌익스,64.28571428571429
4490,내 인생은 참 특별해 히히,1016,초탄명중일발필살,정예포반,84.61538461538461
4491,PandaTV88270,KR1,시동겁니다,KR1,9.090909090909092
4492,PandaTV88270,KR1,맛도리닭도리탕,KR1,30.0
4493,Mad Runaway,KR1,대충바코드닉넴,KR1,76.92307692307693
4494,배달비 너무 비싸,KR1,닷지절대안하는계정,DODGE,44.0
4495,주악구옥주이녁,1234,옹 란,KR1,70.0
4496,신안염전노Yeah,pyke,모르어,KR1,57.89473684210527
4497,오패산 족발당수,KR1,티 꿀,KR1,33.33333333333333
4498,윤 성,4691,난형규,KR1,64.28571428571429
4499,윤 성,4691,아이로로,KR1,70.0
4500,효02,KR1,규힝이,KR1,50.0
4501,방깐만,똥깐만,람깐만,6638,50.0
4502,하와이검은모래,2077,Huizz,KR1,60.0
4503,남 꺼누,7876,시영치,KR1,60.0
4504,Sense E,KR1,굽는집,KR1,72.72727272727273
4505,주악구 옥주휘,KR01,렉사이요,kr123,36.36363636363637
4506,나는 이장희,KR1,박구켠보고시펑,KR1,66.66666666666666
4507,살살해줄래요,KR1,강약약강미드,KR1,52.17391304347826
4508,양혁승,KR12,이준서,KR12,65.21739130434783
4509,절정 창술,KR1,노윤서 fan,팬이에요,53.84615384615385
4510,초신성,kr4,갓밸리,KR1,50.0
4511,25년9월전역,살려줘,오 월,1516,33.33333333333333
4512,한 줄기 강의 왕,KR1,야도란띠부실오너,KR1,64.70588235294117
4513,이기고싶으면개처럼짖어바,왈왈왈,El에서넘어옴,KR1,53.84615384615385
4514,다 희,1234,샘 핸드위치,KR1,66.66666666666666
4515,한 지,한 지,흑쌉꿀,KR1,63.63636363636363
4516,바다위의성3,KR1,Wanna Bee,Honey,56.25
4517,낭만 런갑조,autoQ,주찬영,0709,46.15384615384615
4518,건보 방와와,KR1,박장새,KR1,54.54545454545454
4519,남쌀롱,KR1,바라바라카피바라,카피바라,53.333333333333336
4520,Jorok,KR1,토깽이 조련사,KR1,62.96296296296296
4521,만만콩떡,KR1,유물론적변증법,KR1,80.0
4522,Ama et fac quod,V1s,야스오,발로 어려,60.0
4523,운문댐,KR1,그건법적으로금지,KR1,44.827586206896555
4524,아무래도,좀 그렇지,파란강타애용자,SKT,55.00000000000001
4525,Van Cleef,조다은,찬 재,입니다,60.86956521739131
4526,신승호똥손,KR1,징크스,0916,66.66666666666666
4527,고양이택시기사,목적지바텀,고양이 선생,YUUMI,66.66666666666666
4528,젠지 묘비,zhang,KT Smeb,6837,56.25
4529,Aria della Luna,KR1,정적이 흐르면,kr2,81.81818181818183
4530,국악인 송소희,KR1, 려졸려졸려졸려졸려졸려졸려졸,KR1,70.58823529411765
4531,YOUNGMAN,ZERO,쩌리짱,MOKPO,81.81818181818183
4532,포비 서준,KR1,중앙대 간호학과 지망생,살려주세요,21.428571428571427
4533,쿨 쿨,zoe,FXXKING TOMBOY,KR1,61.904761904761905
4534,신속배달 빡빡이,KR1,스타더스트,LIGHT,50.0
4535,연초록빵,KR1,이동우,1127,60.0
4536,연초록빵,KR1,하 멋,0918,60.0
4537,문 주 디,KR1,크리문 ,KR1,62.5
4538,정확하게보셨어요,KR24,메숭이,123,35.714285714285715
4539,이옹디,KR1,종민이형,GOOD,40.909090909090914
4540,니가 보고싶을 때,겨울을그려,Peyz,라고할뻔,60.0
4541,홍차니,1027,민 뀨르가즘,KR1,30.0
4542,솬솬이의하루,KR1,서지호님,KR1,36.84210526315789
4543,휘 치,마요네즈,똥 침,8147,50.0
4544,단검줍는꼬마,KR1,The Frost Mourne,KR1,57.14285714285714
4545,Bitten Bullet,KR0,AllMuteGaming,mute,60.0
4546,이놈아저씨가이놈,KR1,도제인,도제인,60.0
4547,야스오전용부캐,KR1,술통에빠지고싶다,KR1,40.0
4548,다진이,다진이,정신병자최소은,KR124,63.63636363636363
4549,영준한,KR1,NEW보루방,KR1,60.0
4550,장수Ya,KR1,오늘플레간다,오늘플레간,66.66666666666666
4551,차도남솔이,KR1,78943233,KR1,45.45454545454545
4552,trem,45644,안산에 안산다,123,60.0
4553,고통받는 가붕이,KR1,씹가린,KR1,23.076923076923077
4554,고통받는 가붕이,KR1,좋은 추억,KR1,60.0
4555,공치료,KR1,해경에이스시훈이,KR1,53.84615384615385
4556,전두환,5180,ヤリステ,518,56.00000000000001
4557,SkyPc2,KR1,ghddmltjr1,KR1,50.0
4558,타락파워성욱,KR1,여명소파고부장,KR1,47.05882352941176
4559,개따슥,KR1,하림맥시칸치킨,KR1,61.904761904761905
4560,동공듀,4918,별별별,9705,61.53846153846154
4561,익스올라잇턴라잇압도정진,1005,iililiililiiili,ilili,57.89473684210527
4562,익스올라잇턴라잇압도정진,1005,이기는 법을 까먹은 사람,4760,36.36363636363637
4563,보라색오렌지,9319,끌리면자살각,KR1,70.58823529411765
4564,아 똥 joonna 마렵네,DDONG,최밝음,KR1,55.55555555555556
4565,연례행사,KR1,67270685del,KR1,47.368421052631575
4566,국밥미새,KR1,국밥무새,KR1,76.19047619047619
4567,이강재붕신,KR1,김민곤붕신,KR1,56.25
4568,한마음정육식당,충북청주,상어밥,1621,64.70588235294117
4569,한마음정육식당,충북청주,고속도로달리는펭귄,Lakka,54.54545454545454
4570,One Ezreal,EZ1,헌 제,KR1,40.0
4571,햄찌방구뿡,KR1,모찌이이이잉,KR1,50.0
4572,아트원챔아니다,KR1,나아트원챔아니다,KR1,100.0
4573,유하사루,KR1,기회주의자,6789,60.0
4574,똥싼지얼마오렌지,KR1,두부집효녀정민,KR1,57.14285714285714
4575,Redpantiess,KR1,슈퍼카리스마용휘,KR1,42.857142857142854
4576,깊고어두운락커룸,KR1,돌거부기,부기부기,44.0
4577,Last Destination,KR1,영신박,KR1,72.72727272727273
4578,저지 원챔,저지 조아,팀붕이,KR1,46.15384615384615
4579,저지 원챔,저지 조아,차나핑,귀차남,20.0
4580,딸기맛 순하리,KR1,SEOner,KR1,50.0
4581,너구리궁댕이,KR1,동근lol,KR1,45.83333333333333
4582,포포이,1126,포기가 빠른 인간,KR1,38.88888888888889
4583,post meridiem,nonam,착하고이쁜말만하기,kr11,52.17391304347826
4584,금연성공하면닉변,KR1,혜지냥,KR1,50.0
4585,짱아가울어,KR1,Radiohead,dal9,66.66666666666666
4586,할머니지팡이도둑,지팡이,욕하지마열심히함,KR1,50.0
4587,석 호 준,나는썩씨야,xtova,0712,57.14285714285714
4588,비비빅자zi,KR1,4eva,2006,52.94117647058824
4589,W c r a z y 주,KR1,졸귀탱우주,KR1,57.14285714285714
4590,개땡Seven,KR1,하이드온부시,amen,50.0
4591,개땡Seven,KR1,주머시깽이,KR1,61.53846153846154
4592,Dangerouslyyy,KR1,후부니아,KR1,26.666666666666668
4593,Dangerouslyyy,KR1,똥독 오른 오른,KR1,80.0
4594,나는신이니라,KR1,매 료,soo,46.666666666666664
4595,팥찌콩찌,KR1,QATS,2024,40.0
4596,사미라 할꺼야,KR1,머리박기고수,0000,38.46153846153847
4597,사미라 할꺼야,KR1,인천 사미라 ,KR1,50.0
4598,여민구,KR1,맹구아들,KR1,14.285714285714285
4599,HyunD0,KR1,승우형왔다,KR1,47.368421052631575
4600,JOE연습용계정,KR1,방화범,KR45,62.5
4601,설이사촌형,KR1,혜 선 G O D,KR1,36.84210526315789
4602,한대치면두대,KR1,던진다,2013년,58.82352941176471
4603,이쁜가오나시,KR1,우리원딜게임왜함,KR1,60.0
4604,신짱구 5살,부리부리,서 이,KR0,57.692307692307686
4605,끌리면자살각,KR1,보라색오렌지,9319,63.1578947368421
4606,Black ggochu,KR1,물은영어로샐프,KR1,46.15384615384615
4607,벌써 에이징커브,KR1,구운가래떡,방앗간,76.47058823529412
4608,똑단발 김채원,KR1,청주금천고1짱,KR1,46.666666666666664
4609,앙 성무띠,KR1,안공현,KR2,33.33333333333333
4610,앙 성무띠,KR1,유난아아아,KR1,58.333333333333336
4611,오공춘,KR1,나락쓰,KR1,50.0
4612,아리송아리쏭,544,원딜 계정,KR1,61.53846153846154
4613,구름덕춘,KR1,카 르 마,KR22,43.333333333333336
4614,병영생활룰토의,KR1,유 희,sexy,46.666666666666664
4615,허거덩,0408,프로포폴,123,55.172413793103445
4616,작은전쟁,KR1,덜비빈비빔면,팔도1,61.53846153846154
4617,말랑자두,KR1,유찬깜찍,KR1,50.0
4618,주 인,6016,김두둥,훈쪽이,43.47826086956522
4619,고독한 명사수,5580,어둠의지배자이영호,3139,46.666666666666664
4620,Seong Bum,KR1,숟민하,KR1,52.38095238095239
4621,기므지서그,KR1,일단동석이형한테맞자,나 동석,53.84615384615385
4622,스노우플레이,KR1,17살,희망사항,66.66666666666666
4623,열라이 뽕따야,지 원,WISH,WIN,63.1578947368421
4624,열라이 뽕따야,지 원,distressing,KR1,40.0
4625,리영훈,KR1,happy롤,KR1,40.0
4626,토코몬 주인,KR1,강신주,9989,50.0
4627,integrity verify,111,lllIlIIllII,KR1,60.0
4628,integrity verify,111,뇌없는 프레이,KR2,70.0
4629,콩존맛,0901,콩극혐,KR1,63.63636363636363
4630,건우야 정신차려,KR1,DarkAK,KR1,54.54545454545454
4631,김뽀롱,김뽀식,혜영이존맛탱,KR1,60.0
4632,롸우짱짱짱,KR1,켜 니,3269,58.333333333333336
4633,이태림c8련,3937,종호가 트로리야,KR1,53.84615384615385
4634,엉 큰,KR1,승모근,KR7,56.25
4635,CorgiAudi,KR1,티모6,KR1,58.620689655172406
4636,동천동 테디,KR1,최재혁,7410,50.0
4637,학연혈연지연,KR1,Zawa,KR1,79.16666666666666
4638,JXX김수현,KR1,잊고살아,KR1,44.827586206896555
4639,찬히차니,KR1,하 니,8767,80.0
4640,DaCapo,Korea,Ynck,KR1,75.0
4641,FLY Inspired,JGL,때리면 잇뽕,KR1,66.66666666666666
4642,말랑가뿐복슬몽글,1366,샤를 르클레르,페라리,47.05882352941176
4643,안씨집안,KR1,Yuki,0255,63.1578947368421
4644,산이 주인 민이,KR1,계란후라이,에라이,81.81818181818183
4645,김규헌긴급구조대,119,김규헌,1111,54.54545454545454
4646,모노폴리즘,KR1,추억의밤만쥬,KR106,50.0
4647,협곡여행기,KR1,언 짢,KR1,60.0
4648,대전롱스톤,KR1,Mc Godzilla,KR1,42.10526315789473
4649,강성욱,KR2,오빠쫌,KR1,46.666666666666664
4650,Ongbum,KR1,홍세기천재,KR1,58.333333333333336
4651,Peyz,1209,문선웅,0303,64.70588235294117
4652,엑셀렌C,KR1,리대하,KR1,76.92307692307693
4653,기인기인,3595,에브이,700,80.0
4654,장난똥빠냐,KR1,제발 운동좀하자 수일아,kr2,66.66666666666666
4655,Stellar,1020,Starry,Kor1,61.53846153846154
4656,천리만개,KR1,룰루는 혜지야,KR1,46.666666666666664
4657,황혼의Shen,KR1,관악구관악로1,KR1,18.181818181818183
4658,Radiohead,꼭조쿠상걸,탈랜드,KR1,40.0
4659,조우제,마편박시온,VerLike,KR1,45.83333333333333
4660,렝 가,신상훈,애호박구이,KR1,40.0
4661,하니팜,푸른산호초,비에고 남편,KR1,60.0
4662,어떻게대머리가사람,머머리,늙고병든청년,KR2,62.5
4663,candy of me,KR1,연어의 모천회귀,KR1,71.42857142857143
4664,일찍일어나는새,KR123,탑티모,518,58.620689655172406
4665,안프로,KR986,불법유턴차,KR1,50.0
4666,잊지말자고기리,KR1,아트제이스몰더,탑신병자,50.0
4667,녹은버섯,KR1,YuJunCheol,KR2,56.666666666666664
4668,힝핑퐁,KR1,묵직묵직,KR2,76.92307692307693
4669,5초에 한 마디,KR1,주영건,KR1,53.84615384615385
4670,5초에 한 마디,KR1,나는쌀찬편,KR1,80.0
4671,underamo,KR1,대한민국최고의치아발치전문엠씨몽,어금니전문,56.666666666666664
4672,숲속에서방귀소리,KR1,잠 넛,KR3,33.33333333333333
4673,골로감다,KR1,딱따구리,알코올소독,41.66666666666667
4674,정 글 러,KR99,Qnis,KR1,60.0
4675,1111100,KR1,불합리해,KR1,66.66666666666666
4676,1111100,KR1,실덩이,골드보내줘,72.72727272727273
4677,나라시,포실핑,팥앙금크림빵,KR1,66.66666666666666
4678,나라시,포실핑,팀운JOT망겜,KR4,58.333333333333336
4679,야스머신상빈,KR1,한국인,항궁말자람,41.66666666666667
4680,코칼콘,KR2,롤링밤바,KR1,46.666666666666664
4681,코칼콘,KR2,GFI LEESIN,KR1,20.0
4682,감승엽,KR313,구지세모,KR1,30.0
4683,이상호 따라잡기,KR1,나르시스즘,KR1,52.0
4684,노언랭,KR1,다이아5,KR1,45.45454545454545
4685,구운고구마수미칩,KR1,thghk소환사밥,KR1,53.84615384615385
4686,던질깡말깡,KR1,만수동선짓국,0304,66.66666666666666
4687,쩡민이 불륜남,KR1,つOωOつ,OYO,60.0
4688,비 삘,KR1,재 웅,KR777,50.0
4689,몽글몽글 솜사탕,KR1,핑으로만CH화,KR1,60.0
4690,리븐충,KR12,전설의 숟가락,6619,61.53846153846154
4691,원 딜 러,8138,문희성,KR1,80.0
4692,95년생,KR2,아 꿍,김현아,48.275862068965516
4693,권씨가둘째아들,권부용,인중점에쪽쪽쪽,KR1,71.42857142857143
4694,Zhang Qian,KR1,스미야코바코,KR1,58.333333333333336
4695,3DaePants,KR1,꽃과 같은 너,KR1,50.0
4696,배정선,4444,호조찡,KR1,61.53846153846154
4697,포천 비둘기,KR1,코오구멍,KR1,81.81818181818183
4698,Tian Xiao,KR01,곽근후,KR1,20.0
4699,미드만하는 새끼,KR1,뚱인데여,KR2,50.0
4700,옷코츠 윤타,KR1,쬐경슈,최경수,79.16666666666666
4701,광주재벌3세,KR1,베 인,KR 베인,45.45454545454545
4702,봄의소리,KR1,씹다가 뱉은껌,씹뱉껌,62.5
4703,정정진,KR2,SENCE,KR2,50.0
4704,나진 찡,KR1,강동 귀염이,KR1,60.0
4705,탱공주,KR1,도라에농,1004,50.0
4706,원해소원해,KR1,이익배당전환청구는안된다고,1000주,66.66666666666666
4707,애니망가,KR1,서프 아는사람,KR1,52.94117647058824
4708,スフえの,KR2,정글부르면근손실,KR1,50.0
4709,형님저에요,KR1,Sword,0127,60.0
4710,단숨노트,KR1,JB언제니,KR1,47.82608695652174
4711,ktaps159,KR1,죽기장인,54968,51.85185185185185
4712,서폿어머니살아계심,7753,치요기,KR1,50.0
4713,그만하자,plz,왜나한테만이래,KR1,63.63636363636363
4714,lsmel,KR1,댕기등장,KR1,42.10526315789473
4715,노I가 녹아버린 병록,뇌녹병,소상혁중상혁대상혁,이상혁,50.0
4716,에메랄드주차계정,KR1,유신호,1004,58.333333333333336
4717,쉔앙인,KR1,쿨렁이,KR1,50.0
4718,전주 오윤희,KR1,고구마고양이,0000,36.84210526315789
4719,MoeYS,8145,抖音Rh4uOuO,6166,94.73684210526315
4720,인다 카라네,9월9일,다크 플레임 마스터,0001,63.33333333333333
4721,Black,P2nk,논산 보도삼촌,KR1,78.57142857142857
4722,Black,P2nk,페이커,abcd,61.53846153846154
4723,콜라는펩시,pepsi,자르반,1111,50.0
4724,신용불량자,4444,알루얄랴,KR1,63.63636363636363
4725,전현민,KR0,블루버스데이,KR1,43.333333333333336
4726,3월 13일 오후1시,3333,4월 27일 새벽3시,KR1,71.42857142857143
4727,3월 13일 오후1시,3333,비제이 박바깅,KR1,61.53846153846154
4728,탁한소주,KR1,민병관,8770,50.0
4729,쿄 히,2122,빠 부,KR1,42.857142857142854
4730,흐긴송,1698,궁중에서신전으로,KR1,60.0
4731,문학소녀,KR2,next chovy,7777,60.71428571428571
4732,라이너랑대화안함,euly,정글러랑대화안함,1818,56.25
4733,예뻐서게임못함,KR1,이리누,176,62.5
4734,예뻐서게임못함,KR1,이찌융,KR1,35.714285714285715
4735,승 하,오승하,신인수분해,리버풀,50.0
4736,FoSheanXiQiao,KR1,세나픽하면미드뜀,KR1,50.0
4737,FoSheanXiQiao,KR1,다리잘린아트록스,1670,45.45454545454545
4738,LoNGTIMENoSHoWER,KR1,adsfasdgasdga,dasd,54.54545454545454
4739,마 라 싫 어,KR1,탑은정글차이,KR11,75.0
4740,한우지,KR1,롯데자이언츠,V 3,53.333333333333336
4741,이허언증말기환자,KR1,젠틀한 사과즙,KR1,72.72727272727273
4742,20021106,KR1,셰 훈,KR1,88.23529411764706
4743,thats real life,kr7,MarcusRashford,1632,52.94117647058824
4744,존중배려믿음,kr2,브라이어,FISH,57.692307692307686
4745,Emili4,KR1,습관성 더블킬,KR1,58.82352941176471
4746,Emili4,KR1,비켜 구질구질해,KR1,50.0
4747,도와줘도라에모옹,KR1,하늘다람쥐의여행,KR1,53.84615384615385
4748,쨈이 없다,KR1,쿨 한,KR1,69.23076923076923
4749,넘추웡,KR2,느으려어,KR1,50.0
4750,탑승모드,KR1,아리유,KR1,60.0
4751,Jong20,KR1,버스도착합니다,KR1,46.15384615384615
4752,Jong20,KR1,아니재현아,KR1,40.0
4753,송파구대미장식,KR1,돌아온진절래,9587,59.25925925925925
4754,인류정점,KR1,M I D,0110,73.33333333333333
4755,유지민,KING,김민정,29293,62.96296296296296
4756,엠제이와이,KR1,김용th,KR1,40.0
4757,양산형휴면계정,KR1,다시는안그럴게이젠제발그만해줘,다죽어라씨,66.66666666666666
4758,fishwishsushi,KR1,pigwishpork,KR1,54.54545454545454
4759,레벨업대신벌크업,KR1,sword72,KR1,65.38461538461539
4760,돼지국밥라떼,KR1,禹智善大統領,CN1,60.0
4761,돼지국밥라떼,KR1,마스터이로마스터,KR1,30.0
4762,임동혁,보고배움,두바이임동혁,KR11,53.333333333333336
4763,우 겸,0925,상 비,6974,45.45454545454545
4764,냉철한 상황판단,KR1,고독이원동력,KR1,40.0
4765,진묭이,KR1,서폿아가리파이터,KR1,40.0
4766,행 신,krl,CFS,KR1,52.17391304347826
4767,아기인찍,KR1,거제 불빠따,KR1,56.25
4768,열심히 죽일생각,KR1,문제돈나많은사람,KR1,61.53846153846154
4769,pnpm,KR333,리오넬 메시,테니스선수,75.0
4770,フレイア ヴィオン,ごりごり,천민은 차단이 답이다,9598,64.70588235294117
4771,이새빈,KR1,차인범,KR1,45.83333333333333
4772,김미호,KR1,O마이GoD,KR1,75.0
4773,섹시초콜릿보이,KR1,sadniffle,KR1,66.66666666666666
4774,배고니,9720,우 뱅,KR1,80.0
4775,메쉬마리골드,KR1,지 르,KR2,73.07692307692307
4776,프로하고쉽다,KR1,괴물쥐,qwer1,41.66666666666667
4777,행복한수비니하루,KR2,원 영,11111,46.42857142857143
4778,Flair,또먹혔네,카 르 마,erqw,52.63157894736842
4779,SKT T1 ZEROS,KR1,반달산지리곰,KR1,66.66666666666666
4780,착착감기네,KR1,일곡클라쓰,KR1,41.66666666666667
4781,오지원,KR1,Vezl,KR1,40.0
4782,원숭이찌릿내,1178,뽀짝겅듀,31314,50.0
4783,아직어린크롱,KR원,Slippin Jimmy,KR1,44.44444444444444
4784,형섭머리네개,KR1,내가다잡아,KR1,58.620689655172406
4785,소환사재미업음,KR1,개백정원징징망나니라인싸개,kr12,42.10526315789473
4786,mo로할까,KR1,확인테스트,KR1,63.33333333333333
4787,고구마정글러,kr2,누누의모험,KR1,46.15384615384615
4788,날좀 구하소서,KR1,손목삔세트,KR1,61.53846153846154
4789,공건과오진성의팬티,KR01,Neckoste,KR1,40.0
4790,발준하,4046,미 드 핑,하츄핑,53.333333333333336
4791,마계인천의레전드지옥불마왕홍우빈,666,싸이온충격기,KR1,70.0
4792,커피요정,o0o,커피요정,KR1,65.0
4793,살인전차 장득춘,KR1,베르누이 한정식,KR1,18.181818181818183
4794,요네 야스오 르블랑,4757,게르아웃,KR1,73.91304347826086
4795,수촌대장빡구,KR1,항상뚱뚱한잠맘보,KR1,64.28571428571429
4796,롤체하는 돌아이,창남노,요이땅,0425,54.54545454545454
4797,여친생기면ID바꿈,KR0,쬬라카,KR1,64.28571428571429
4798,노무현,7577,라인전은등가교환,KR1,41.66666666666667
4799,Espresso,Lungo,짱구의매직팬티,KR1,46.666666666666664
4800,건강한씨앗,KR1,2 4,241,63.63636363636363
4801,Top Rengar Give,KR1,낭 인,최후의숨결,58.333333333333336
4802,초시동차,KR1,잉걸불에태운도토리,mosu,81.25
4803,장규진,NMIX,호주머니쥐,KR1,38.46153846153847
4804,장규진,NMIX,백지헌,jh9,60.0
4805,약블리,KR1,이상한 나라의 솜사탕,맛있엉,84.61538461538461
4806,약블리,KR1,너C야T발러마,KR1,60.0
4807,김덕타,여수빈,김태엽,김태엽,40.74074074074074
4808,시진핑원숭이두창,KR1,방구꼈더니똥나옴,KR1,58.333333333333336
4809,세글장,KR1,s4na,1215,48.0
4810,짜증나면 던져,KR1,T1 Smash,KR I,63.63636363636363
4811,방 법,HOW,탱븐이,KR1,71.42857142857143
4812,ThanksForThat,KR1,긴밤의똘똘이,KR1,42.857142857142854
4813,민0솔,KR1,그건안되겠는데,KRlsm,58.82352941176471
4814,세탁기,KR1,Moguro,kr2,50.0
4815,알파메일 뚝딱이,빡병단,뚝딱이,3581,53.84615384615385
4816,조 개 폭 격 기,KR1,가평청년 조성욱,KR1,60.0
4817,신의로태어나,KR1,MONTBLANC,kr3,54.54545454545454
4818,케동이,KR1,HW1,KR1,50.0
4819,미 도 리,하루S2,정돌꽃,KR1,66.66666666666666
4820,18500136del,KR1,어인아펠리오스,KR1,58.620689655172406
4821,기사너무어렵다,KR1,미눗방울,0000,30.76923076923077
4822,승광민,KR1,청북김치녀,KR1,57.14285714285714
4823,거 제,KR2,마스터이 비에고 릴리아 오공,KR12,56.666666666666664
4824,레오나올때메로나,KR1,관세사,KR407,52.0
4825,나는 늙었다,KR2,팽돌아,KR1,57.14285714285714
4826,KenZo,KR1,나는원래트롤이였던것,KR10,51.724137931034484
4827,김둔딕,KR1,삼청교육대,주님곁으로,31.57894736842105
4828,김둔딕,KR1,구마유승열,KR1,81.81818181818183
4829,김뱅장,KR1,눔사람,KR1,50.0
4830,김뱅장,KR1,개쓰레기벌레,KR1,42.857142857142854
4831,HLE JihaN,2008,언데드정글,0303,81.81818181818183
4832,미스포츈미스포츈미스포츈미스포츈,4444,진진진진진진진진진진진진진진진진,4444,53.333333333333336
4833,규니는 대식가,KR1,kuzz,까 잔,50.0
4834,ASD ZZZ WWW,KR1,hide on bush,fifa,46.15384615384615
4835,TakeCakeFake,888,신월류린,KR1,75.0
4836,SD건담캡슐파이,KR123,Wire,123,36.36363636363637
4837,SD건담캡슐파이,KR123,복실복실 서우석,KR1,54.54545454545454
4838,얏쓰호,KR1,Abraxas,0327,85.71428571428571
4839,Rathmines,KR1,쉐코타임,KR1,65.21739130434783
4840,롤처음하는22살,0315,굴러라 홍춘삼,KR1,76.47058823529412
4841,롤처음하는22살,0315,롤두번째하는22살,KR1,27.27272727272727
4842,옹졸한 옹골참,HP1,김평수,이철득,53.57142857142857
4843,무지신무지,프레첼,춘식이냐미,KR1,57.14285714285714
4844,Nichjou,KR1,1203비상계엄,8721,41.66666666666667
4845,Nichjou,KR1,마포뚱땡이,KR1,66.66666666666666
4846,씅부사,0ha,천계학원 방송부,KR1,50.0
4847,마녀 블츠,KR1,낭만표도,KR1,82.14285714285714
4848,lii1lil11liil,KR1,관 설,KR1,60.0
4849,햄짜쓰,KR1,방 국,KR1,46.666666666666664
4850,노현우의베프원준영,둘이 베프,열심히할게용,123,73.68421052631578
4851,양념 chicken,KR1,이렐리신,어라랏,50.0
4852,30렙빨리좀,2899,88kg든든남,888,41.17647058823529
4853,NutionE네버다이,KR1,송온부,KR1,46.15384615384615
4854,괘종시계,째깍째깍,야스오개쌉장애인,kr 2,50.0
4855,송천동방범대장,KR1,4타의 미학,4444,60.86956521739131
4856,그거방탄분신이야,KR1,Blue,SJ11,68.18181818181817
4857,ฅÒωÓฅ,OuO,P T,체조8번,81.25
4858,ฅÒωÓฅ,OuO,젖소부인,9001,54.54545454545454
4859,haze,KR3,바 다,1999,70.0
4860,탈모최강,원펀맨,스켈로스,KR1,75.0
4861,t1 김길규,11211,이애떠띠,KR1,50.0
4862,뿌직현,KR1,나쁘지엑스,KR1,57.14285714285714
4863,미국갔다돌아왔다,KR1,팜하니,애기하니,56.52173913043478
4864,돔 황 청,KR1,BamBeeCo,KR1,58.620689655172406
4865,전빈네세차장,KR1,태양조,KR1,72.72727272727273
4866,전빈네세차장,KR1,켕켕이오,KR1,40.0
4867,송파구 사미라,KR1,장성윤,0419,47.82608695652174
4868,할머니,KR10,신난 밥둥이,KR1,80.0
4869,순 방,KR32,해해해,kr7,20.0
4870,뀨대리기사,KR1,제발죽지만마세요,KR1,66.66666666666666
4871,호떡깨,KR2,남의현,KR1,58.82352941176471
4872,02동헝잉,KR2,이날로그,KR1,53.333333333333336
4873,CUCCI Charles,KR1,루키미아,KR1,47.368421052631575
4874,AnaPunch,KR1,채 미,채 미,43.333333333333336
4875,야스오형은야스육,KR1,rlaoo,KR1,64.28571428571429
4876,야스오형은야스육,KR1,찬자룡,KR1,60.0
4877,KOROKO코로코,KR1,레몬백작,레몬왕국,60.0
4878,zHeadshotz,KR1,알빠노,0123,61.904761904761905
4879,Pyke,KR991,코오즈,KR1,33.33333333333333
4880,망치컷,KR1,producer,ETCH,58.333333333333336
4881,자야는잠 자야돼,KR1,평일잠잠,KR1,55.55555555555556
4882,새콤달콤 너구리,KR1,イェジュン,2003,83.33333333333334
4883,Happy 리븐,KR1,네모난멈무,KR1,43.333333333333336
4884,ฅΟωΟฅ,냐 옹,계산기,KR12,68.18181818181817
4885,예림콩,2494,통닭인가치킨인가,KR1,72.72727272727273
4886,몸사리는손흥민,KR1,TES,0713,36.36363636363637
4887,몸사리는손흥민,KR1,이재용,713,60.0
4888,손이굳었다,KR1,KDK스타일,KR1,63.63636363636363
4889,원딜좀줘라,KR1,티모는외계인,KR1,53.84615384615385
4890,강승상이보이지않,KR1,청년다방고대안암,KR1,51.85185185185185
4891,Risicha,1111,lilililili,1122,53.333333333333336
4892,Apdo,c0900,9ine7even,KR1,62.06896551724138
4893,운명의 랜턴,KR1,big1wdee2nut,KR1,42.857142857142854
4894,맛좋나,KR1,31세무직백수박광식,여친구함,54.54545454545454
4895,호 쟝,KR1,인간사냥꾼윤석열,이재명,56.666666666666664
4896,심플한 흑누나,KR1,천운을지닌자,KR1,69.23076923076923
4897,앙염전띠,1945,주님 한놈 또 보냅니다,힌두교,80.0
4898,어지러운 곰팡이,KR1,Kotoha,ことは,52.63157894736842
4899,난여기까지인가봐,KR1,내가지우라했지,KR1,43.75
4900,아르마딜호,KR1,서코모도왕도마뱀,KR1,61.53846153846154
4901,홍구갓,KR01,서정욱,KR1,57.89473684210527
4902,잠들지 못하는 밤,KR1,카이사,KR9,61.111111111111114
4903,부쉬속맹수모모,1818,견문색 찐우,KR1,44.827586206896555
4904,리련지,KR2,One and only,ik1,51.85185185185185
4905,수상구조,KR 1,연쉐살인범,KR1,50.0
4906,정복왕,KR1,윤호철도999,8686,69.23076923076923
4907,정복왕,KR1,현란한손재간,KR1,66.66666666666666
4908,으아싼다,KR1,보뎅볶음,KR88,44.44444444444444
4909,죽기장인,prray,우리집 다리 밑,KR1,68.75
4910,죽기장인,prray,소신을 다할것,KR1,21.428571428571427
4911,엄봉민,KR1,학점분쇄기,KR1,70.58823529411765
4912,엄봉민,KR1,아스날짱짱맨,KR1,61.53846153846154
4913,루            간,KR1,강북구인간문화재,진짜임,40.0
4914,부캐즐겜용계정,KR1,줴이기호,KR1,55.55555555555556
4915,부캐즐겜용계정,KR1,헤르페스의 발걸음,0817,70.0
4916,흡딱빡,KR1,허딱빡,smlab,66.66666666666666
4917,주챔프가없는사람,KR1,소코초라빵,KR1,69.23076923076923
4918,사랑꾼빵야,KR1,밥처먹을게,KR1,60.0
4919,조원초등학교,KR1,조개물조절장인,KR1,59.09090909090909
4920,봉 혼,KR1,단단묵찍,0425,81.81818181818183
4921,몰루는몰루,KR1,MIDQING,KR1,81.81818181818183
4922,우 반,호랑이,有志者事竟成,185,45.45454545454545
4923,애봉이집사,KR1,빵빵앙 빅맥앙,KR1,50.0
4924,몬스터 중독자,망고 로코,인디고내팀,KR1,39.130434782608695
4925,아그작아그작,KR2,허평무,KR1,57.89473684210527
4926,ZED98,KOR,불꽃남자김연철,KR1,60.0
4927,너어는진짜못됐다,KR1,못 할 때도 있지,8944,33.33333333333333
4928,텔레포트쿨,KR1,칼바람 미남,7787,60.0
4929,전투대장멀록,KR1,눈앞의 하나부터,KR1,43.75
4930,Dreamland,KR1,01087430064,전화데이트,76.92307692307693
4931,Dreamland,KR1,시미켄치,KR9,53.84615384615385
4932,콧물로간맞추기,KR1,괴물아이,KR1,40.909090909090914
4933,seethatimicy,KR1,푸하하,SK1,44.0
4934,양천구 힙스터,KR1,코딱지파다 피남,KR1,41.66666666666667
4935,아도라,KRI,제발주댕이열지말고항상겸손,KR1,38.46153846153847
4936,최강뽀또,SUP,옹골참,9368,81.81818181818183
4937,딩구리,데이즈,꿀처럼 달디단 귤은 뀰,웃기당,53.57142857142857
4938,미역다시마톳파래,8922,죠리퐁라떼,솔 짱,56.666666666666664
4939,니어머이,5877,우직하게 머리 박기,우머박,83.33333333333334
4940,Pnpm,KR74,트런들고추,KR1,41.66666666666667
4941,강민석,울산동구,스오만조지는부캐,KR1,61.111111111111114
4942,타 협,1227,키자루,코와이네,21.052631578947366
4943,너가해보던가,1201,원딜은 내 자리,KR1,70.0
4944,뚜꾸또꾸,kr12,Bluemoonsw,KR1,56.52173913043478
4945,면민소욱슈,gidle,홍진아항상건강하고성실하게지내라,yes,33.33333333333333
4946,KING,UFC,미야자키무야호,KR1,64.28571428571429
4947,정지먹은 박란둘,KR1,민간인 박란둘,KR1,41.66666666666667
4948,PD수첩,1990,상체게임역겹네,KR1,46.15384615384615
4949,보라보랑해,KR1,칼이 정색하면,검정색,57.14285714285714
4950,Blue,KR76,평타싸주세요,KR1,50.0
4951,znxm,KR1,26372505del,KR1,57.14285714285714
4952,왕곳휫털보아재,KR2,강주하,2754,57.14285714285714
4953,테헤란로맨티스트,KR1,zhong,2104,60.86956521739131
4954,초해상도,KR1,아모고또못하쥬,KR1,45.45454545454545
4955,김도영,DY05,도현핑,KR2,47.61904761904761
4956,지금니입냄새,KR1,검혼제황,KR1,72.22222222222221
4957,넌강해졌어돌격해,KR1,삐약삐약,롤린이,40.0
4958,로밍가는쓰래쉬,KR1,지요츄,0000,60.0
4959,캔 비,KR1,goldentable,KR1,33.33333333333333
4960,미 하,KR1,상큼한 사과즙,KR1,42.10526315789473
4961,봉조리카,KR1,반 득,KR1,57.14285714285714
4962,一3一,KR9,성경은 비치용,KR2,57.14285714285714
4963,똥만싸고레벨업,KR1,Twilight Carry,KR1,70.0
4964,sfr12345,KR1,sfr123,KR1,75.0
4965,인코코,KR1,Sahranghae,KR1,65.0
4966,노원 전설의 딸배,KR1,정글모험가,KR11,61.111111111111114
4967,2020계정,KR1,풉 킥 메롱,KR1,78.57142857142857
4968,2020계정,KR1,내 매력은 딥해,KR1,83.33333333333334
4969,마태복음서,KR1,미친개,건들면뭄,42.10526315789473
4970,부산북구 김종민,3407,교통공사 김종민,9739,50.0
4971,고도리,123,김시호,name1,40.0
4972,cheonac,KR1,Coin,이지은,69.23076923076923
4973,미 소,미미미,벡 스,준 휘,46.666666666666664
4974,미 소,미미미,ang gi moring,cceex,63.63636363636363
4975,호날두,KR888,고독한정의의승부사장필우,내부자들,41.66666666666667
4976,윤 슬,물 결,Sherry,KR22,81.48148148148148
4977,아침은먹어야지,1737,bunnies,플로버,50.0
4978,아파잉때리지마잉,KR1,핑크하트 시호,KR1,64.28571428571429
4979,물오징어덮밥,KR1,유 연,sup,70.58823529411765
4980,물오징어덮밥,KR1,정민재,1004,36.36363636363637
4981,하라면하겠어요,KR1,토미오까 기유,KR1,66.66666666666666
4982,KBAO,에버랜드,Bejack,KR1,58.82352941176471
4983,KBAO,에버랜드,cozyboye,KR1,53.84615384615385
4984,마법공학 점화,KR1,난 다 죽여,KR1,71.42857142857143
4985,공쥬가간다,KR1,공듀가간다,KR1,56.52173913043478
4986,유기묘,이다냥,갱 못가는 정글,7777,61.904761904761905
4987,한밤두밤세밤,KR1,전북대의예과24학번,123,50.0
4988,zi존검맥z,KR1,김창봉,4444,46.666666666666664
4989,뱅가드 오류 VAN 68,좁BUG,불광동 리신,KR1,52.94117647058824
4990,conatif,KR1,데빌구,Cute,38.88888888888889
4991,Snowing With You,KR1,조정호,123,46.15384615384615
4992,나주 꿀배 9900원,KR1,Tom Aspinall,1111,31.25
4993,가렌의크고딱딱한,KR1,윤 성,4691,70.0
4994,가렌의크고딱딱한,KR1,난한놈만패,KR333,40.0
4995,시럽킹,KR1,Chimpanzee,ADHD,30.0
4996,Iron 도우,KR1,Poro in the Box,KR1,66.66666666666666
4997,whdnrms,KR1,루이케빈,1717,36.84210526315789
4998,고기킹만두,KR1,애꾸닭,KR1,65.51724137931035
4999,연쇄삽입중,김숙희,연쇄삽입범,김숙희,63.33333333333333
5000,칼챔혐오증4기,KR1,고아왕 킹아고,고아나라,64.28571428571429
5001,로무세,KR1,로리퍼리최면타락절정,옆집아저씨,45.45454545454545
5002,5Dark,KR1,맛없는개복치,7482,60.0
5003,T1 Zeus,대한민국,쉽게 생각해,무념무상,45.45454545454545
5004,원숭이딜러,원딜챠,주댕이 봉인 on,KR1,78.57142857142857
5005,원숭이딜러,원딜챠,휴학한 틀니,KR1,46.15384615384615
5006,bdbdbd,kr2,데빌구,Cute,86.66666666666667
5007,맨날지는평타,KR1,대겸둥이,KR2,57.692307692307686
5008,ASHY1027,KR1,산나비,마리골드,64.70588235294117
5009,자 크,파 란,수박이박수,박수박,41.66666666666667
5010,Bishu,KR1,Raon Daily,KR1,60.86956521739131
5011,다람쥐맛두유,KR1,하얀장미의저주,KR11,71.42857142857143
5012,이선우123,KR1,무해한 허수아비,7367,51.724137931034484
5013,귀찮게하지마,A D,고파고파배고파,pftma,53.84615384615385
5014,종북좌빨 김연승,KR1,마시마로토끼,KR1,57.14285714285714
5015,누나는 핑 보면돼,KR1,정글은 일베충,KR543,57.14285714285714
5016,뽀삐대장,KR1,즉시지급,KR1,85.71428571428571
5017,롤토체스재미있다,2023,톰 아스피날,IHC,52.38095238095239
5018,신견o,KR1,호 견,KR1,41.17647058823529
5019,화 절대 안냅니다,KR1,시fire놈들,KR1,45.45454545454545
5020,기범재용사빈영민채민,KR2,정당포,KR112,33.33333333333333
5021,경계선,호날두,넛 북,KR1,31.57894736842105
5022,를 류,KR1,TOP 탐 켄치,KR1,91.66666666666666
5023,대신맨주상철,KR1,Elvely,로체로하,53.84615384615385
5024,빛나핑,핑핑단,야나미 안나,156,25.0
5025,도도한 나꼬,nakko,꼭틀어비비고,정글은 꼭,47.82608695652174
5026,야동보는계백같이보는관창,광개토대왕,흐 음,뭐 임,66.66666666666666
5027,엉금희,KR1,곰민지 사랑해,KR1,76.92307692307693
5028,3637948del,KR1,불댕이,KR1,58.82352941176471
5029,운전면허소지자,KR1,Ivy,아이비,70.0
5030,ofpower,KR1,성민아왜칭얼거려,KR1,50.0
5031,파스타 랍스타,KR1,E루기,KR1,66.66666666666666
5032,도롱미린,KR1,심술두꺼비,심두1,50.0
5033,o2o2믿고있었다구,KR1,두요비,KR1,58.333333333333336
5034,table leg,KR1,럼묵묵,KR1,59.09090909090909
5035,귤혜향,KR2,개냥이구조대,KR1,47.82608695652174
5036,이해했습니다,4NA2,죽기장인,살려줘,51.724137931034484
5037,나 너 좋아해,KR2,출사표,KR3,63.63636363636363
5038,김하누,KR1,미야모토 류사시,죽 인 다,30.76923076923077
5039,너는 달밤에 빛나고,나가노메이,케로로원사,KR1,60.0
5040,너는 달밤에 빛나고,나가노메이,마이는 마스터,KR1,40.0
5041,봄 의 달 빛,KR1,살아있는그림자,KR1,66.66666666666666
5042,Archie,5172,awerfw,KR1,54.54545454545454
5043,JeUS,태산테,가락은3코어부터,KR1,50.0
5044,梅花劍尊,1111,김마리,1010,36.36363636363637
5045,flowoo,KR1,Elara,4110,46.666666666666664
5046,ATHLETE OTTER,KR1,정말재밌는팀게임,KR1,31.57894736842105
5047,귀아꽃,KR1,박엉미,KR11,41.66666666666667
5048,폭격기해미,0516,동운맨,KR1,78.57142857142857
5049,곽로로,KR2,Jung Min Su,KR1,70.0
5050,곽로로,KR2,Mira Fides,KR1,30.0
5051,전역을 찾아서,KR1,이상형은오해원,KR1,58.82352941176471
5052,The Blackward,KR1,참치뱃사알,KR1,53.333333333333336
5053,갈겨라,KR1,Teker,KR1,50.0
5054,세리엠,KR1,초떼츄,KR1,46.666666666666664
5055,zl존간지S2,KR1,이요옭,KR1,63.63636363636363
5056,왕고추이상석,KR1,썩 썩,KR1,50.0
5057,KDF Taeyoon,1557,소리질러봐 라라라,312,63.63636363636363
5058,Kisea J Nah,KR1,2요누,KR1,50.0
5059,뭉 치,김선욱,크만해이눔시꺄,KR1,33.33333333333333
5060,썸녀와따묵꾼,따묵꾼,나랑깐부어때,KR1,42.10526315789473
5061,징쿠수,KR1,Cat Dacldy,KR1,43.75
5062,징쿠수,KR1,김순섭,KR1,50.0
5063,깍 둑,i992,불타는 멍멍이,돌돌이,58.333333333333336
5064,암살왕닌자박,KR1,찬츄잉,KR1,66.66666666666666
5065,빡ehowl,KR1,평화로운롤,KR1,56.25
5066,마약 방구차,KR1,랭글리,9217,40.0
5067,lIllIllllIlllIll,lIlIl,쏠종개,KR1,58.333333333333336
5068,민초맛없음,KR1,feliz desgraza,4578,53.333333333333336
5069,제궁극기포인트얼마인지궁금하시죠,가려버리기,일자무식 박가놈,0000,90.9090909090909
5070,짠 쭝,KR1,몽준이으쌰으쌰,KR1,41.66666666666667
5071,윈 터,524,짖는개,KR90,60.0
5072,윈 터,524,스콘 잼 버터,0611,46.15384615384615
5073,BoHEM CARibe,KR2,또까핑,KR1,66.66666666666666
5074,서니러버,1758,йallo,KR1,55.55555555555556
5075,한국형 실업부조,KR1,혼쭐내줄게,KR1,46.42857142857143
5076,Q웅cho,KR1,고죠더위사냥담당복마주어자박호현,1999,69.23076923076923
5077,촌 씨,KR1,폼오른 장인오른,폼장오,61.53846153846154
5078,촌 씨,KR1,수정씨,KR1,60.0
5079,물방울꽃,2688,키키는츄르를좋아해,mew,50.0
5080,우리손자건제,KR2,최순실or근손실,KR1,44.0
5081,3시20분,KR1,양학 해야징,KR1,53.84615384615385
5082,4시30분 퇴근,KR1,victeem,KR1,66.66666666666666
5083,삼전화,KR1,골리앗,6969,55.172413793103445
5084,u S2 me,KR1,모구모구뎨뎬녜,KR1,45.45454545454545
5085,김녕김가,KR1,C벨럼,kr2,76.92307692307693
5086,말걸면템팔음,KR1,박원재,KR2,56.25
5087,말걸면템팔음,KR1,DRX Teddy,테 딩,40.0
5088,Premia Partners,KR1,귤에붙어있는하얀거이름은귤락,KR11,62.5
5089,반인반수인간,KR1,짱구는목이목말라,KR1,50.0
5090,우식이존잘,9487,은철핑,KOR,46.15384615384615
5091,트페보다 잘 춤,KR1,대보한지,zzz,72.72727272727273
5092,ItJiMaYo,KR1,87세곽춘자할배인생끝자락인섹킥,아 뵤,38.46153846153847
5093,Akaps,박영식,Brain fade,0000,60.0
5094,134679134679,KR1,으 언,KR1,58.333333333333336
5095,파 멸,충동적파괴,Direm e3,KR1,47.05882352941176
5096,킹갓제너럴슈퍼울트라지영,앙기모띠,강석훈,1110,76.92307692307693
5097,오빠나야일라오이,KR1,임현재,KR3,46.666666666666664
5098,오빠나야일라오이,KR1,눈덩이조심하세요,KR2,50.0
5099,이스라엘 아데산야,0619,Cbum,KR0,71.42857142857143
5100,최악이야,김원주,emson,KR1,71.42857142857143
5101,너를 소중하게,KR1,사과 먹는 벙벙팟,KR1,72.22222222222221
5102,불난집에부챗살,KR1,바르고 고운말,4996,62.5
5103,김민재,고윤정,육군병장만기전역,징계X,63.63636363636363
5104,간절한 신수민,KR1,포도맛포포로,KR1,77.77777777777779
5105,연애가어려운남자,KR1,다시는야스오안해,KR1,80.0
5106,Lv1너구리,KR31,아산시 서포터,KR1,80.0
5107,Lv1너구리,KR31,어이가 없네,NOP,61.53846153846154
5108,유튜브하이,KR2,반반충 탑,KR1,30.0
5109,레 고,0000,jiyoung,12374,42.10526315789473
5110,뿌삐뽀삐,KR1,고양이는 냐옹냐옹,KR 1,66.66666666666666
5111,watchbug,KR1,냐옹2집사,KR1,31.25
5112,Flex의 대명사,KR1,두머민,이게나야,50.0
5113,봉 셋,KR1,염라대왕,민혀기,47.368421052631575
5114,뜨거운슬러시,KR1,우라늄맛꽁치,KR1,66.66666666666666
5115,기본차단,KR1,82세 림광철,아오지탄광,61.904761904761905
5116,고초란,KR1,산악대장유학영,4067,57.14285714285714
5117,진 키,진 키,한재싱,KR1,36.666666666666664
5118,롱 터 우,5252,govbin94,KR1,53.84615384615385
5119,골이요,KR1,nandog,KR1,62.5
5120,킁킁이님,KR1,배고픈아기상어,MAD,45.45454545454545
5121,주드 벨링엄,hey,임 설,SH7,69.23076923076923
5122,부산 영도 이시현,KR1,고양이는귀여워,KR33,64.0
5123,바텀유기,불광동,어쩌라고,999,39.130434782608695
5124,Mega JJ,KR1,BABNANA,KR1,63.1578947368421
5125,AD Carry,15GG,killmao,KR1,66.66666666666666
5126,광주병호형이야,3637,전시즌다이아이번시즌마스터갈거임,너넹어머니,40.0
5127,홍길동파이크 ,KR1,곤약젤리맛나다,YRYR,48.275862068965516
5128,연습량은페이커,KR1,공부는힘들어,KR1,66.66666666666666
5129,연습량은페이커,KR1,까막스웨인,KR1,58.333333333333336
5130,시비걸면이게임은패배,KR7,김나박이구,KR1,66.66666666666666
5131,음 쪽,KR1,이불레,KR1,51.85185185185185
5132,밀양 박로로,KR1,풍 춘,KR1,72.72727272727273
5133,베르망,edge,프레이한입,KRl,60.0
5134,찰리와단무지공장,KR1,죄와형벌,KR1,30.0
5135,부족함을인정하다,KR1,유이가좋은시짱,0618,73.33333333333333
5136,버섯학과티모선생,KR1,SM어어어,KR1,50.0
5137,소젖쭉쫘,KR1,형수찢어이재명,KR1,55.55555555555556
5138,saffari,KR1,부들부들해버리기,KR1,65.38461538461539
5139,베게로널배개,KR1,아리유,KR1,58.333333333333336
5140,합류좀해라,라이너들아,작두타는처녀귀신,박수무당,61.53846153846154
5141,killamurder,KR1,볼베연구소장,KR1,26.31578947368421
5142,맹금수,KR1,크레이님,9999,82.6086956521739
5143,킴메이,KR1,동미닉 경의 인사,123,70.58823529411765
5144,몽쓰으,31530,송돼지냉면,건대맛집,50.0
