,0,1
0,파아앙호,KR1
1,엥 키,KR1
2,윤정일,KR1
3,능남 윤대협,kr4
4,还有什么可以送给你,致明日的舞
5,잊어버리,KR1
6,으이구 빡빡앙,song
7,페이지원,kr2
8,dowlucks,kr2
9,YOASOBI,ぐんじょう
10,공성 미니언,홍식E
11,차가워진이바람엔,KR1
12,동 욱,1118
13,무신사와라퍼지는하나다,OFAD
14,잭스 깎는 노인네,Jax
15,16레벨후반캐리형티모버섯깔게요,이걸당해줘
16,qudtlsrpdlazz,KR1
17,안노옹,kr0
18,목장의신선함이살아있는저지방우유,KR1
19,290,1121
20,poppy,рорру
21,不可阻挡,zen
22,미드로챌찍고접기,박으진
23,하고싶은픽해요,KR1
24,쌍쌍호,KR1
25,쉽게쉽게,KR 1
26,혹시간절하시나요,KR1
27,wqred,2150
28,조 용,KR쉿
29,롤이어려운나이,KR1
30,생갈치1호의행방불명,2003
31,서이커,KR1
32,비몽사몽,KOR1
33,문힐시티,KR1
34,아카아이,1004
35,소문난 개냥이,QWER
36,김민제,123
37,The Fire Must Go,KR1
38,둘 리,금쪽이
39,다비치,KR82
40,오늘만큼은,KR1
41,불명예 유저,777
42,어그래유기해봐,탑차이
43,김 근,1008
44,널죽이고나도Die,KR1
45,Gnha,KR1
46,끌림끌림,KR1
47,Karches,KR7
48,й 빛 й,KR1
49,거드라,KR1
50,근자열원자래래,sage
51,CrazyyBoy,KR1
52,Blue,되고싶은람
53,주목해야할소환사,KR1
54,우당탕탕,0308
55,소년탐졍김전일,7171
56,조이로챌린저,kr2
57,나는 강하지 않다,KR3
58,민깡패,KR1
59,칭찬만주는나무,KR1
60,어쩔 춘식이,KR1
61,원딜똥,0822
62,SUP HOOLIGAN,KR1
63,으으으으으앙,KR1
64,Lemon seed,KR1
65,창원사신,KR1
66,Kata xx,kr5
67,작전지역문단속,8188
68,sea son,羊尼克韩服
69,kevinnn,KR2
70,걔 말고 나만 보라고,06년생
71,oh happy day,2355
72,guowangwenrou,0128
73,Chory,30000
74,High Elo,하이엘로
75,똥싸개,KR3
76,Kreis,KR1
77,솜사탕포메라니안,KR1
78,몽수참,KR1
79,KaiSa,F82
80,전병력 장군님께 경례,쇼군반자이
81,kzi,k r
82,Dont Lose Hope,KR1
83,자크 예거,KR1
84,몽 니,몽 니
85,언제나비,KR1
86,Oner,0330
87,Squid Game,77777
88,낭자여나도꿈이있었오,명상가
89,JangKnight,Might
90,봉운혁,KR1
91,Vvia,1211
92,대포미니언,머 포
93,like Chovy,aaa
94,weihao11100221,KR1
95,Winner,KR 1
96,Jarvis,0628
97,조선제일몸종,싱크홀
98,강해율,KR1
99,EQFR,KR2
100,그마부캐니코장인,KR2
101,신세경,KOR
102,닉 와일드,주디 홉스
103,노 텐,KR1
104,김재쨩,KR1
105,고 소,KR1
106,하아아암마암,KR1
107,Finale,1030
108,MVP ZaC,KR1
109,분노관리장인,KR1
110,너무나도 찬란했던 그 날,0499
111,askal,KR1
112,남해 샤코,Shaco
113,지던가붙던가,KR1
114,동네악동,KR99
115,我要全部殺掉,CN1
116,Ward is my life,KR1
117,Boyzllmenz,KR1
118,푸푸린,안졸려zZ
119,Peanut,한화땅콩팬
120,괴력난신,금강불괴
121,불멸전사단,GPT
122,리오넬 메시,역사상최고
123,바나나애송이,KR1
124,난지금이전성기다,nanjj
125,어린이해방군1기,KR1
126,Linum,Linum
127,협곡의 고래상어,0122
128,인간 이덕팔,KR1
129,멍게먹자,KR1
130,잊지말자 그세월,KR1
131,스카피온,No1
132,보석핑,1557
133,쏜정현,KR1
134,HXUXH,SUP
135,Chigurh,KR1
136,별이되는날,KR1
137,140220,KR1
138,유난히 오늘따라,KR3
139,verykuai,11111
140,让我们微笑着生活,我不想失去
141,커피는 연하게,C0FF2
142,beikaku1,KR1
143,사이드 맨,민수홍
144,야 옹,9999
145,3030538140829632,KR1
146,윤두준나멋있어,KR1
147,콜라병,KR1
148,lpbprp,kr124
149,애니조련사 티버,KR1
150,에이븐리,KR1
151,chanO2,KR1
152,모 찡,모 찌
153,돈절래,КR1
154,KNONSLIP,KR1
155,eaJ,Jaa
156,2020 07일04월,KR1
157,Azir,chovy
158,Savoryeast,KR1
159,나는 이 게임을 해봤어요,2007
160,1234fa2345,KR1
161,냠 쿰,냠냠쿰척
162,청주대 권혁수,KR1
163,애니로마스터가기,KR1
164,도로롱,도 로
165,오정구,KR1
166,모란이,7125
167,엄티의마지막발악,8568
168,more greedy,KR1
169,용 용,9505
170,심술난늑대,KR1
171,노갱원하면입털어,KR1
172,밀앵이,KR1
173,문주영,01년생
174,잘하는놈이잘한다,잘놈잘
175,Sigma Boy,알파메일
176,yoopia,KR1
177,무직백슨,KR1
178,깍두기맨,KR1
179,뽀송이들,배그팟모집
180,딱딱한 딱풀핑,1000원
181,5975,KR1
182,FEARNOT,319
183,거대한 초코칩,KR1
184,살찐 손석구,1201
185,불 성 실,절 망
186,Never Say No,KR1
187,한타짱,KR1
188,자 개 자 락,KR1
189,멍멍근,6434
190,할로윈파티,KR1
191,리그오브양학게임,KR1
192,1004L,KR1
193,エコマ,KR12
194,대학교 5학년,졸 업
195,벨코즈원딜해요,KR1
196,왜요무요뭐요,KR1
197,ICI PR TWOLL,KOR
198,Anata no Tenshi,000
199,요아정쳐먹,기요1
200,다시초심,KR2
201,쌉우진의분노,쌉우진
202,떼껄룩,애용이
203,LizBcc,가브릴
204,불타는레몬,7942
205,깨백가자,11144
206,일인칭,Areum
207,남태뿡,KR1
208,사려1,KR1
209,Laksa1,KR1
210,수 인,0 3
211,엄득만,KR1
212,으아앍,KR1
213,인덱션,123
214,뮤트올 노갱 도움핑 차단,막들어간다
215,애 니,1112
216,오리너구리 페리,2234
217,아직조금더,KR1
218,망 람,KR1
219,속 떡 속 떡,KR001
220,Peyz,Park
221,응 너거미,kr2
222,바 줴,KR1
223,바지속 소세지,KR1
224,낭만이 있잖아,KR1
225,제우스,okok
226,찌우늬,KR1
227,DripTip,SUP
228,정원사,나주다
229,알아할게핑찍지마,1111
230,스윙스윙,1126
231,아이브 리즈,11 21
232,도아줘응애,KR1
233,GuarDian Tree,KR1
234,광 기,악 몽
235,YummyGAY,KR1
236,서폿님cs다드세요,8328
237,김 대 중,김머중
238,교집합,KR1
239,ADHD,KR03
240,2Hyuk,КR1
241,남하민,KR1
242,벨명박,9999
243,Lead off,KR1
244,여정모,KR1
245,긍정긍정긍정,9201
246,노망난사람,KR1
247,오 무서웡,KR11
248,인겸스오,KR1
249,해상전신,KR1
250,톡 사,KR1
251,딜서폿합니다,KR2
252,쳐버료,KR1
253,Patient,KR1
254,호 잇,777
255,갈때 가더라도 캠프 하나정도는,괜찮잖아
256,Yam2,1019
257,brainbreakers,KR1
258,초보rlaqudans,KR1
259,낮도77H비,KR1
260,오빤항상그런식,KR1
261,절대이길수없는팀운,KR11
262,아보카도,KR3
263,냅두면터짐,KR1
264,페이코,PAYCO
265,Mickey,KR2
266,고 정,파이크
267,메가구돌,바 텀
268,MACCHIC,갱플랭크
269,Just Believe Me,KR1
270,이천수,Good
271,올차단유저,약오르지
272,재 원,777
273,Viktoria Luise,KR1
274,Temu Peyz,무료배송
275,블 류,블 류
276,Kotori,KR1
277,열바닭,0010
278,망양보뢰,KR1
279,General EZ,KR1
280,홍대 어썸,kr2
281,chillguys,3772
282,어루리,arkk
283,겨 울,0411
284,xiaoyuzzz,术士糕手
285,에메호,KR1
286,SCNTST,RUST
287,양 학 용,KR1
288,다오더,0805
289,스타 미드,0819
290,잔치국수 조아,KR1
291,Pica serica,0000
292,김잡초,KR1
293,Belief,0221
294,창희댜,KR1
295,논현동,7777
296,IIIIIlIIIIlllII,KR1
297,타 잔,bro
298,강병현,3671
299,젤 리,슬라임
300,경험치 도둑,KR3
301,answer,reply
302,짱 구,KR212
303,소금맛,7574
304,그러게요 어머,KR1
305,진스터,아이코
306,이고든,KR1
307,xia mo zhi shing,5337
308,Settking,2009
309,푸딩마니먹기,003
310,인간 실격,IMGOD
311,Coffee,커 피
312,와라이오니이재우,111
313,친환경베이글,유기농
314,La Campanella,KR0
315,신은비,비 빅
316,광분키면 주체 못하는 브라이어,브라이어
317,해일로,kr2
318,하 늘,올려다봐
319,JUST LANCER,KR1
320,simata,KR1
321,12년생의묵직한한방,6006
322,놀거야,KR1
323,잊으리얼,KR1
324,가끔탈주합니다,KR1
325,IG Jun,KR1
326,요시미츠 장인,KR1
327,나무돌이,킹왕짱
328,석스타,KR7
329,62살 람보르기니,KR1
330,Oracle,0208
331,원 딜,KR16
332,치 코,0728
333,Min,Jang
334,Rupture,KR2
335,꾸 득,KR1
336,그랩하면나야,KR1
337,엄 살,123
338,hide on bush,KR481
339,ks3835,KR1
340,용호야,하이빵가루
341,하늘소붙잇과,4885
342,인간답게 하자,777
343,Iron Revenant,KR1
344,동물만함,KR1
345,누누베베,KR1
346,같이놀아줄게,KR1
347,집중포화올클리어유저,또만들어죠
348,내가뭘잘못했어뭘,KR1
349,관전특화리모컨,KR1
350,소주한잔막걸리한잔,재껴버려
351,윤석열3시간의이판사판계엄령,국민의힘
352,llIIIllIIlI,KR1
353,돼지국밥좋아요,KR1
354,둉 희,kr33
355,신동현,03년생
356,天 上 天 下 唯 我 獨 尊,CN7
357,볼스피드71,KR1
358,소주가 싫어요,참이슬
359,죽 격,델롱잉
360,대갈박는탑,KR1
361,廻光返照,1214
362,모짜렐나,KR1
363,귤존1나빨리먹기,KR1
364,leporem,0817
365,가 선,KR5
366,인생미드유저,KR1
367,25년 리플 8000원,XRP
368,엄마나한테왜이렐,KR1
369,죄대연,KR1
370,세환에몽2,KR1
371,차가워지기,0240
372,04 rivenking,KR2
373,내 꿈은 너야,kr0
374,박기동,박기동
375,바 쨩,KR1
376,붕어빵꼬리조아해,KR1
377,생성선수,KR1
378,서 폽,KR1
379,말랑이,발바닥
380,혼또니스고이,KR1
381,얜그냥잘함,최준하
382,주혜지,123
383,소년가장 원딜,5720
384,Hornet,2000
385,돌돌거북,KR1
386,대구1등,KR1
387,왕 태,king
388,포드머스탱오너,KOR01
389,연세대불도저,Y23
390,조금 늙음,kr3
391,박정현,KR97
392,보증서,KR1
393,타 잔,정글의신
394,한 일,KR1
395,그대눈물겹다,KR1
396,갱찬이봇,kr2
397,Dia Escaped,KR1
398,리오레창,KR1
399,경북대최고아웃풋우정잉반박불가,경북대
400,김콩이8살,KR0
401,팔팔한낙지,1994
402,Zac,3381
403,nable,22fa
404,낭만서포터,KR34
405,최선있티,싸게해드림
406,너는다좋은데벽이있는것같아 완벽,KR1
407,xiaoo1,kr12
408,Like Canyon,KR1
409,Lv 1 은구리,KR2
410,프렌치오,KR1
411,이진랑,KR3
412,Gang오지마Pls,KR1
413,검정코비,KR2
414,멘탈잡고다시하자,KR1
415,비트코인,3296
416,zenbukorosu,zypp
417,알 파,푸들푸들
418,Melcy,520
419,애니똥챔인건나도알지만어쩔수없어,KR2
420,沒有運氣 那試試勇氣吧,KR2
421,sea,kr2
422,ISFP서포터,0004
423,whtntkfkdalsgo,0927
424,하와이안 머맨,KR1
425,퍼블만주지말자,KR1
426,게임은질병이래,KR1
427,이온음료,SHD
428,므 억,KR1
429,유산하,KR2
430,wplwplwpl,5882
431,꿀열매,1101
432,대아쟁,KR1
433,진혐오증,KR1
434,원 딜,1009
435,망나니싹다죽어,KR1
436,반 윰,반유민
437,Just Like Heaven,Cure
438,hale bopp comet,KR1
439,己 卜,KR2
440,꽈꿀배기,KR1
441,재 성,mid
442,몇 동 몇 호,KR1
443,Fate,KR1
444,己Oヲヲ人立大O,ヲヲヲヲ
445,Lucirim,KR1
446,문쭈니,KR1
447,마이 쓰레기,KR1
448,갓킁이,김재진
449,차 력 쇼,차력쇼
450,파란색코끼리,KR1
451,달려볼까,KR1
452,뭉 치,3330
453,브라움질리언왁싱,kr69
454,untitle,8888
455,신동우기,KR1
456,T L,KR1
457,불철주야,kr 1
458,구마유시 계승자,KR1
459,Xinxinxin,金三宝
460,긍정캐리,1464
461,몽스털,KR1
462,내친구는코코,KR1
463,멍때리면서하는중,KR1
464,지기지기장장,KR1
465,xsxscss,KR1
466,Do йot Hit,KDF
467,라비네,KR1
468,헐 무섭다,111
469,겨 울,춥더라
470,붐뱁킹 오왼,KR1
471,혜지사랑,0419
472,anch0vy,KR1
473,풍 인,KR1
474,녹색벌레,KR1
475,발자국 없는 범,KJG
476,핫바먹자,456
477,궁 니 르,Noc
478,둘이 합쳐 600원,KR1
479,Super EZ,KR1
480,사 키,たそがれ
481,미끼장인,ADC90
482,눈이잘보임,KR1
483,히 또,2771
484,공영근,7265
485,판다가 코를 판다,KR1
486,복숭아칼리,KRI
487,SDJFHKLJDSHFV,DSFC
488,꿀사과남,KR1
489,놀로노아 김동현,KR1
490,재란방구,KR1
491,WT vkdnj,KR1
492,야빡치냐,KR1
493,다마쿠스,l105
494,leems,KR1
495,고덕삼성데빌윙즈9번,S T
496,팔꿈치손목무릎,KR12
497,럼블 이퀄라이저,KR1
498,락스타 김성진,KR1
499,피망혐오자,KR1
500,jjm,unn21
501,롤접을거라니까,거짓말
502,比心搜Ming,Lilyw
503,이성환,1044
504,ApdopaXX,KR1
505,一ω一,xxx
506,이수길,KR2
507,간호학과외모원탑,KR1
508,왈루 왈루,강아지
509,프로미스나인,fan
510,오늘도무지성,KR1
511,꼭조준일격,비틀즈
512,큰 탑,KR1
513,냥이의올바른선택,KR1
514,긴장해라윤도담,Korea
515,aefomo13,KR5
516,낙화유수,지야요
517,귀찮아,12345
518,말  궁,KR1
519,정재이스,617
520,잠이오면잠을자자,KR1
521,nochatezwin,KR1
522,shinigami,KR2
523,라임티모,Lime
524,kkkkkkr,KR1
525,귀엽고섹시한나야,KR1
526,우우창창,KR1
527,ZZEETT,KR1
528,태보미,OwO
529,알파몽,1024
530,저 왕귀챔 할게요,KR1
531,소금등,소금등
532,오떡순 좋아요,KR1
533,미 르,4146
534,김경덕,1557
535,Morgana mid,Troll
536,냐 루,냐 루
537,죠 팡,KR1
538,레나타 글라스크,kr10
539,서러워도잘살아,KR1
540,모르는게 약이야,1111
541,러브러브 파라다이스,КR1
542,満島ひかり,Gakki
543,薄 紫,2222
544,지네 qt,helen
545,eazynew,o3o
546,애플망고맛있어,0212
547,JackeyLove,wenbo
548,콜라를좋아해용,2203
549,밤가이 준비하는 록리 이도규,이도규맞다
550,박새롭이,KR1
551,斗鱼LWX521437,1111
552,구 름,KR0
553,카서스의 3단고음,KR1
554,뿌 꾸,바 보
555,炎天13,炎天13
556,폭발한야옹이,KR2
557,눈치없긴,너그거알아
558,Thnks Fr Th Mmrs,ZPK
559,미드 잘함,KR1
560,Rend,KR1
561,하루 한 컵 레드,KR0
562,LPL AD,3333
563,토 무,KR1
564,세 안,백 산
565,코 지,1202
566,귀여운 한빈이,KR1
567,군 바,0819
568,Kaizu,KR1
569,손땟쯤남꼇,KR1
570,개굴개굴 개구리,개골개골
571,k z W,KR1
572,Orca,0713
573,KD fan,KR1
574,신뢰 성실 겸손,KR3
575,asdfzf,aaa
576,보 충,KR1
577,시장가,jojo
578,두부 크림이,KR1
579,뜨거운아이스라떼,HIL
580,엘프 새끼,KR1
581,져 즈,1998
582,미 인,미 인
583,HwanHeeKR,KR1
584,시골시골시골쥐,KR1
585,goro,0517
586,장 군,빅 빅
587,쇼메이커,korea
588,Peaky,444
589,무면허 라이더,C급히어로
590,에엣취,0221
591,Lucid,AKAA
592,여 불,KR1
593,이서진06,2006
594,What do you know,001
595,뚠 띠,공습경보
596,neeko666,KR12
597,낙화놀이,KR1
598,RED CLOUD,KR1
599,RADWIMPS,jug
600,가붕킹,123
601,정글서폿게임,KR1
602,재밍단비,KR1
603,Elastin,kr2
604,매질꾼,KR1
605,수 환,KR1
606,으뜸기사,KR1
607,가 을,2025
608,이건어떰,KR1
609,산세베리앙,KR1
610,HOTBA,1130
611,wave3유저,KR1
612,clarhfhto,KR1
613,ruru berry,KR1
614,KT Sonstar,KR1
615,Doll하르방,KR1
616,Enkidu,KR1
617,Voldemort,Loord
618,갱승사자 갱갱슥,KR1
619,Garen Specialist,KR1
620,포틀랜드,777
621,MEA CULPA,KR11
622,암 살,XXX
623,사람답게만,KR1
624,윈 터,imwin
625,가수 김나영,KR11
626,날먹아닙니다,1115
627,T1 Oner,KR 1
628,준 혁,한준혁
629,니 실력부터 키워,203
630,Legend Never Die,KR0
631,챙이 사랑냥,0818
632,Hsnq uo epIH,KR1
633,재 준,재 준
634,하 루,수 정
635,햐 앙,KR1
636,히로인,111
637,camo fan,KR1
638,포르잔 air teeth,KR1
639,제 월,KOR
640,재 훈,0126
641,스우리다 인장,KR1
642,잘하고싶다,5329
643,다니냥냥펀치,KR01
644,두짐해,KR1
645,Dexter Player,KR1
646,꾸 랩,KR1
647,싱글벙글현지니,KR1
648,사스케,KR8
649,주민식,KR1
650,이종찬,KR133
651,제드도사,KR1
652,하루 물 1리터,KR1
653,전 설,77777
654,완벽한 코디,wdsk
655,뿡블린,rex
656,04첫번째챌린저,kr2
657,honorcamille2,KR1
658,뽀뽀할때혀낼름,9354
659,vvpp,KR1
660,개미부하직원,KR1
661,월량대표아적심,0608
662,Leejoohoon,1120
663,랭게생중,000
664,바보대장,이나경
665,딱뽁 Fan,0108
666,빡빡이,KING
667,BasketB4ll,KR1
668,뿌 느,KR2
669,스트레칭요정,허리피자
670,참새요리먹는산적,KR1
671,태 원,0709
672,당도높은토마토,KR1
673,SweetChildOMine,jax
674,리선족척결다섯글자환호성,신창섭
675,크으리,cree
676,Lavender,1224L
677,야 마,람 쥐
678,아모르겠다,몰라요
679,매혹적인 문어,KR1
680,I M U ,KR1
681,mingo,KR12
682,라따뚜이,KR9
683,한우불고기버거,KR1
684,룰루 처음이라서,KR1
685,형보수지 찢재명,도련님
686,강 퉁,KR1
687,꾸붕이,culer
688,rudco,KR99
689,Day of the day,KR1
690,너싫어찰거야,KR1
691,나라라래,kr3
692,용자호랑이,KR1
693,경노까,KR2
694,강형욱도 때린 개,보듬컴퍼니
695,mercury,yaha
696,wenxuan,JUG
697,1 Second Kill,1sec
698,똥              선,KR1
699,청명한 가을,K0000
700,미라미라,인프제
701,크리스티아누 호날두,CR7kr
702,분 노,1008
703,Kayle needs buff,KR3
704,헉붕스,KR 1
705,이더하기별은이별,KR1
706,역천괴,Duk
707,Indexy,KR1
708,니랑절대안한다,KR1
709,기억찾기,0112
710,지금상황에최선을다하자,화이팅
711,머리는 헤드샷,KR1
712,Izio,KR1
713,GSJ,KR1
714,먼저잘못했잖아요사과해요나한테,KR2
715,너프해라,KR1
716,니빵내가먹었다,bread
717,아하항핫스팟,KR1
718,깊은 밤을 보내줘요,오 왠
719,IlIIlIIlIIIIII,KR1
720,유락임,KR1
721,박재윤,박재윤
722,실버에 산다,KR1
723,혜 교,KR1
724,마 베,KR1
725,너같은애찾음,KR1
726,삼 성,이재용
727,White수근,KR1
728,미친즐겜맨,KR1
729,현 승,KR1
730,1999 08 20,KR9
731,딸기에몽좋아,KR1
732,Notting Hill,1999
733,형 태,form
734,양찬욱,KR1
735,슈퍼스타입니다,KR1
736,김유준,T1 06
737,THE Xin,ccnu1
738,점화 따가워요,아뜨뜨
739,kitty,야 옹
740,아 칼부를 왜먹어,KR1
741,한줄요약충,KR1
742,연 진,부 캐
743,hadaengkawaii,o3o
744,그나사,KR03
745,hhazmemf,KR1
746,미에로 화이바,2001
747,나는공익입니다,KR1
748,winter3,КR1
749,별빛이 내리는 밤,0707
750,허사피피,KR1
751,하리맛,KR1
752,Lightning Crash,0000
753,티아민질산염,KR1
754,Pentaless,KR1
755,잘못하는챔피언,KR1
756,sfgrtyh,xcvd
757,vzxcasdq,7113
758,옥탑방라이프,0210
759,허거덩,0196
760,스턴 달린 혜지,KR1
761,htnom eno,KR1
762,피해주기,쉽다쉬워
763,04년생원숭이띠,0323
764,DinDanDin,KR1
765,늬78놈아,KR1
766,무랑가배,KR1
767,Sims,KR1
768,전지적 수확 시점,KR1
769,하고싶은거할거임,KR11
770,소년가장황제,0413
771,전혀외롭지않아,어쩌라고
772,닉물어보면박음,원거리탑
773,명 근손실 ,KR1
774,스크류바 먹방남,0821
775,어흥 무섭징,1007
776,Way Back Home,CN1
777,니달리,達城徐
778,니옆에덫잇음,KR1
779,꼬 마,0523
780,JEON,KR01
781,루루비데,DDDD
782,수퍼셀,뇌 우
783,다람이와 도토리,5564
784,파르돈,KR1
785,황성윤,kr2
786,GGraB,KR1
787,구피구버,KR1
788,제발봐주세염,KR1
789,xufengnian,16888
790,Be the best,KR1
791,一人一,모 찌
792,몬스터화이트1300원,KR1
793,하이지,999
794,그거 어떻게 하는건데,WON
795,den va2tar,evigt
796,명진e,KR1
797,4rpm,3245
798,티모수육한접시,4147
799,히링야,Poro
800,저혈압 치료해주세요,6368
801,사랑을주세요,KR1
802,부 글 라,KR1
803,라 톰,KR1
804,웃고있는 가면,KR1
805,27m,KR1
806,가나다라마바텀,KR1
807,원채령,KR1
808,야가다꾼 김씨,KR1
809,29 라스트댄스,1997
810,Looking likeThis,KR1
811,그래우리정글잔다,KR1
812,비일상,KRI
813,하새기쫌하네,KR1
814,오거덩,IC1
815,unnatural,7209
816,익쨔응,KR1
817,부캐다아아,KR1
818,KR죵엉,KR죵엉
819,와드쟁이가될꺼야,KR1
820,송현석,1028
821,띠로리,띠로링
822,Witt,2025
823,신창사람,KR1
824,류천이,KR1
825,노루야캐양,KR1
826,화월포월,KR1
827,버섯연구가,765
828,BoM 루돌프,KR1
829,Cloud City,KR0
830,다이애나 카서스,KR1
831,맥그리거VS할머니500명,할머니압승
832,홍대 전전 창창창,KR1
833,팀 구해요,KR2
834,야옹이궁디,777
835,역천괴,7 2
836,CruisePeninsula,KR1
837,뼈 맞았어 x발,KR1
838,소는누가키우냐고,KR1
839,Col1in,K R
840,pnpm,831
841,햄부기,온부기
842,묵묵한,랭크게임
843,내용만땅정글,kr2
844,판 테 온,솔 킬
845,ACAね,ring
846,빵 뚜,삥뚜뺑뚜
847,내가 김동현이다,KR1
848,와꾸뭉개지는남자,kr2
849,급할수록신중하게,0323
850,신 神,전지전능
851,화공보면무는미친개,으르렁
852,암 길,0119
853,qmcpcaksdw,KR1
854,오바의제왕은상,2001
855,미리죄송요,3912
856,Pomni,помни
857,이오몽,fan
858,이승준,1228
859,米津玄師,하 치
860,WXYXYW,KR1
861,좀 접어라,KR1
862,송송카,KR1
863,Fave,1124
864,멘탈쓰레기임,KR99
865,일루와잇,HuTao
866,붕어야짖어바,KR1
867,김승화,KR1
868,짹짹 참새,0622
869,짜아크,짜아크
870,포 쫑,1222
871,whgusaud,KR1
872,청심정,1111
873,렝가 원픽,KR1
874,승리가간절한사람,KR0
875,지니의요술램프,KR1
876,빨리끝내자,6440
877,o3o,KR3
878,야만적인야돈,KR1
879,흉내쟁이,KR1
880,상식적으로,토도미
881,Le Corbusier,CAU
882,새로운마음새로운출발,KR08
883,RyuMinSeok,bus
884,karai,123
885,이사대학,이사문의
886,OverLoad,111
887,Quit You,KR1
888,2una 一人一,0826
889,Qui,4325
890,도오페구케꼬톰마,5916
891,Nathanael,12사도
892,박무자비,2004
893,뚱뚱한사람,뭐먹지
894,voWiWov,KR1
895,KT Smeb,춘봉박
896,엄마사랑해요,KR7
897,fsdaf1w,12141
898,일산 이동재,7777
899,탈론하면이김,KR1
900,혀를뽑거라,KR1
901,WG Aphelios,0717
902,슝숭슝,KR3
903,aatrx,0511
904,방화범,뜨겁다
905,박브실,KR1
906,중요한건꺾이지않는마음,1088
907,살살해 나 개못해,1028
908,뽀록참치,KR1
909,야수윤재,KR1
910,모두를줘팰시간,KR1
911,핑점회,KR333
912,vlaking,KR1
913,강아지,박치기
914,김치톡,KR1
915,고래상어,KR3
916,5ign,KR1
917,차하야,구르트
918,ZAHDNX,KR1
919,랄로야방송켜,랄로야방송
920,우주를달리는다운,KR1
921,여름이좋다,KR1
922,성이루,0610
923,안녕하세유,잘가세유
924,방귓물,KR1
925,초강력 펭귄,KR1
926,안매운보끔밥,KR1
927,그녀의 허리가 활처럼 휘었다,kr2
928,Liberty,24708
929,소녀가장 최효정,2005
930,미드의정상화,신창섭
931,7 7 7,0 0
932,고마워,thx
933,배잘알부캐,kr2
934,의문의혜웨이,cex
935,남 둥,kr7
936,카레 고로께,KR1
937,케냐죽돌이,KR2
938,Critical,0226
939,히히 정글 맛있다,두껍이
940,은채원쀼캐,은채원
941,GEN Chovy,대황비
942,qwerasdf,КR1
943,템포따라오세요,죽기싫으면
944,진순댕뜬뜬오늘도뜬뜬,KR2
945,처음만들어본부캐,KR1
946,인디언 보조개,9218
947,노년가장원딜,가부장제
948,애아빠0909,찰떡이
949,AD OR SUP,bot13
950,김민재04,arts
951,김상추,짐형악
952,너굴루,KR1
953,지구정복진행중,KR1
954,스 물 하 나,정 글
955,무시무시한 유달,KR1
956,동물만합니다,KR1
957,NAN Pray,kr 1
958,뭉치핑,026
959,부산수벤공원,KR1
960,화가들이 타는 버스는,캔버스
961,엄청난포도,KR1
962,재헌인데용,KR1
963,광안동 주민,KR1
964,마인크래프트,0523
965,Hug Me,Luv
966,05 JUGLANER,KR1
967,푸들스키,KR1
968,4기암환자의라스트댄스,살려줘
969,인게임채팅OFF,핑으로대화
970,파라디섬의 악마,미카사
971,솥뚜껑 묵은지 닭갈비,尹成根
972,솔 콩,0726
973,키만 천상계,KR1
974,볶음밥 맛있어,498
975,조또 의미없는 롤,KR1
976,겨울풍경,1234
977,프레스티지전설의용사파자마이호준,이호준
978,吾鼻三尺,123
979,一人一,0203
980,태 킨,2002
981,7993455del,KR1
982,새 미,777
983,llllllllllllllI,lllI
984,송 맨,KR1
985,갱후픽솔킬채팅핑오픈,1592
986,Koharui,123
987,가 은,지호야
988,여주사람들,KR1
989,Monster Love,KR1
990,티 없이 맑은 눈,KR2
991,정글싫은사람,KR1
992,Avans,KR1
993,내가좋아하는사람,그게 너야
994,ADC Taeven,KR11
995,94923646del,KR1
996,이끌림,0804
997,널 사랑하지 않아,KR1
998,긍정적인마인드,HSH
999,피스타치오버블차,KR1
1000,나는 준일하다,MID
1001,어느날호르가등장했다,호르다
1002,Blinding Lights,KR98
1003,노래하는재호,KR1
1004,잇몸만개,푸하하
1005,바텀갖고와,KR1
1006,잭스외길인생중국잭스장인을꿈꾸다,jax
1007,용용선생,sol
1008,디아모,KOR
1009,예쁠 주,0517
1010,나 좀 쳐,KR1
1011,도 언,0707
1012,이쑤신장군,거북목
1013,내친구빈지노,KR1
1014,건들면문다,1212
1015,낙타가나타났따,KR1
1016,H4BIT,KR1
1017,최수민,0000
1018,우리팀화나게하기,KR1
1019,단발 안유진,KR1
1020,Ringer,KR1
1021,마스터가면흑인7만원,KR2
1022,착하고매너있게,KR1
1023,최약무패김떠리,KR1
1024,인생은버그투성이,KR1
1025,규 피,KR1
1026,큰 대  가운데 중,KR1
1027,시작하면뮤탈박음,KR1
1028,솔리야,KR1
1029,언성 언성을 높이지마라,KR99
1030,언어는당신의인격,KR1
1031,팀운남탓극악,살려줘
1032,一3一,つΟωΟつ
1033,코즈벨,KR1
1034,호랭이구울,KR1
1035,음파킹,KR1
1036,아이로니,KR0
1037,연고수,KR1
1038,알파카,KR77
1039,우리팀만항상못해,KR2
1040,티즐 제로 자몽블랙티,5282
1041,εS2з,486
1042,전역하고 재활치료 중인 사람,KR2
1043,치지직 원딜하는남자,KOR
1044,타 잔,02타잔
1045,퇴물균,KR1
1046,SUPKlNG,KR1
1047,graeviojmpjhg,1531
1048,ばじょ,SUP
1049,김운성,KR1
1050,점소이최강현,kr2
1051,中國未開化,TTT
1052,늙고썩고병든원딜,1996
1053,한로로,966
1054,로얄 패스 ,KR1
1055,DRX zeka,8228
1056,모르겠다람쥐,KR1
1057,도구는장인탓한다,SUP
1058,41489,KR1
1059,우에하라아이,JA1
1060,나의 쉼표,KR1
1061,Positive life,KR 1
1062,나 비,바 보
1063,동규형2,KR1
1064,너로 채울게,123
1065,여름아넌너무추웡,KR1
1066,SHERLOCK,sub
1067,BSU고돌,변순대
1068,efphy1118,KR2
1069,출석이,KR1
1070,메뚝씨,KR1
1071,형털이,hello
1072,불법유턴범이성계,KR1
1073,숟원딜,KR1
1074,행 구,Hang9
1075,마에다 리쿠,1003
1076,반죽맨,KR1
1077,붉은노을과붉은해,KR1
1078,No chat plz,1111
1079,바텀은 이길 수 없어,1478
1080,Ddongmayusi,CEX
1081,시계왕,KR1
1082,Hannah,1024
1083,adede,KR1
1084,추억속의추억,JUN
1085,또 훈,또 훈
1086,늙고 낡은 탑,8280
1087,하늘다비,luv
1088,careful,0401
1089,빼 꼼,0416
1090,十八佳,zypp
1091,CrazyDriver,KR4
1092,おやすみ,잘 자
1093,2008 05 23,2008
1094,지훈서희안녕사마,지훈서희
1095,소담보담,KR1
1096,FA devil,세계제패
1097,늙어버린피지컬,KR1
1098,이집원딜좀잘하네,KR1
1099,초코소라빵,zzz
1100,lllunca,KR1
1101,북 쫑,KR1
1102,유지경성,有志竟成
1103,예 빈,910
1104,시간은 매번 날,KR1
1105,똥파리,상현 1
1106,버즈스타일,KR1
1107,물에 떠있는 달,수 월
1108,소름 돋았어,KR1
1109,아무것도 아니야,0817
1110,Ryza,KR2
1111,장작태우는아이,KR1
1112,IG EDP,KR1
1113,재명재인재현 ,KR1
1114,Asphaleia,KR1
1115,초 조 호 ,KR1
1116,우기야,0124
1117,ff99,6666
1118,메가승범,KR1
1119,18살,KR1
1120,옥명자,123
1121,통키캔따개,1111
1122,Joven,KR2
1123,가지맛물감,KR1
1124,Master prisoner,KR1
1125,원할머니똥쌈,뿌지직
1126,개장수,이센스
1127,신이버리신계정,KR1
1128,Radiohead,4578
1129,권태식돌아왔구나,KR2
1130,좋냐 이 모레시개,KR1
1131,막지어봄,9335
1132,죽을때마다근손실,KR1
1133,超爱我的笨蛋主人,0123
1134,hyobin,sda
1135,신은나를버렸다,ャﾒャ
1136,许原风,0703
1137,민들레,happy
1138,민폐를끼치는놈,KR1
1139,같이가 멈춰,멈춰 같이
1140,Lilboy fan,KR1
1141,주원09,1031
1142,M1D,AP1
1143,happy game,KR3
1144,고장난냉장고,КR1
1145,과 학,BODA
1146,조신스럽개,닉보지마
1147,해 장 군,KR1
1148,머하시냐구요,KR1
1149,김태민,KR1
1150,열받넹,1234
1151,UDT,공익2
1152,재 능,능 제
1153,Challie,OSLI
1154,간 디,7210
1155,제비회,KR1
1156,IIIllllIIIIIIll,KR1
1157,제식 교련,kr2
1158,TT J TT,KR1
1159,정글님유충좀,단팥빵냄새
1160,하고싶은대로할게,알았지
1161,끝까지 간다,6471
1162,오 성 운,KR1
1163,절정석,KR1
1164,The Last Leaf,KR1
1165,삽데이리,0101
1166,Lunaboy,KR1
1167,비밀투성2,KR1
1168,ψ        ψ,zed
1169,기한형,KR1
1170,Cợp Bình Dương,VN00
1171,체 리,ΟεΟ
1172,attoo,KR1
1173,쿠 사,KR1
1174,젊고건강,KR93
1175,CrazyDriver,KR2
1176,대머리,KR22
1177,하루한캔초록매실,999
1178,척호갑사대,KR3
1179,ЩЩЩЩЩЩЩЩ,Piano
1180,sxxte,aaa
1181,무딜링호흡머신,123
1182,김성우,KR08
1183,헤으응가,K T
1184,포뇨의 지느러미,KR 1
1185,Keki,KR1
1186,원딜은버리고시작,KR1
1187,나도이제그런사람,1746
1188,좐 잉,KR1
1189,멈춰 같이가,KR1
1190,Azgalor,korea
1191,흑발백종원,KR2
1192,냥뇽녕냥,3108
1193,석승환,석승환
1194,권요랭,1713
1195,메이플랜드,KR123
1196,のへの,5877
1197,도봉구 김수환,KR1
1198,leeppuppu,0302
1199,흑 당,혐오자
1200,벚꽃은 예쁘다,0531
1201,신희준웅4,신희준웅
1202,DoRan,ran
1203,mangoorang,KR93
1204,마 인,111
1205,thgink9z,KR1
1206,다씐믄느지므요,kr2
1207,SDLL,KR1
1208,팀운벌레,KR 1
1209,킹갓핑크,KR1
1210,뭘보냐 디질래,KR23
1211,괴물쥐,1866
1212,ゆ き,ふ ゆ
1213,ryusw9316,KR1
1214,다이애나빼고잘함,KR1
1215,꿀열매톡톡,KR1
1216,미남호소인,KR2
1217,GGWP,Kat
1218,YOEL E,KR1
1219,3월17일 홍세현 롤 접음,왜하노
1220,Shin,10 10
1221,모 카,0604
1222,시간이 들겠지,KR1
1223,이길줄모르는사람,0913
1224,백수의왕,야 생
1225,샤프트식 목꺾기,KR1
1226,하고싶지가않아,KR1
1227,피코a,KR1
1228,특이점,rumon
1229,안광철,KR1
1230,Radiohead,1002
1231,GODS,DK1
1232,항상밝아요,KR1
1233,일귀격,2887
1234,굿바이 굿나잇,2019
1235,석다이진,KR1
1236,꼬꼬댁박근혜,KR1
1237,콩콩주,KR1
1238,김범수전주환이연욱김준수,zzzzz
1239,민 지,KR12
1240,폭딜 브랜드,KR1
1241,어릿광대,7682
1242,점보에감자추가,부리또인
1243,애교꾼,KR2
1244,오도토,KR1
1245,데빌클로,KR1
1246,87세 박찬수 할아버지,마지막일격
1247,쌍문동무법자,KR1
1248,협곡의 드라켄,도쿄만지회
1249,하쿠나마타타,2957
1250,해피해피긍정재형,KR1
1251,참새크면비둘기,krI
1252,우리집앞스터디카페약과도둑,너무맛있다
1253,서 농,ÒωÓ
1254,재미닛,KR1
1255,가라나운동한다,KR1
1256,xobin,KR2
1257,우 주,0814
1258,Lilow,KR1
1259,IIIIIIIIIiiI,43282
1260,Adellais,KR1
1261,물고짖어요,KR1
1262,준 호,8886
1263,관 익,KR1
1264,젤루조아 자몽맛,KR1
1265,아 그꿈뭐였지,KR1
1266,Silbet,KR1
1267,20250309,0308
1268,건승하세요,KR1
1269,이름없는호수,KR1
1270,침투탐상검사,KR1
1271,망나니,kr망나니
1272,eooeo,凸ÒωÓ凸
1273,포 도,1696
1274,도파민중독,KR10
1275,la pulga,000
1276,Luka Dončic 77,KR3
1277,chuckyy,KR123
1278,치 즈,εïз
1279,안녕 안녕 안녕,진짜 안녕
1280,꽃잘못먹어요,KR33
1281,EUBEST,KR2
1282,ziaqu,123
1283,암세포개발자,KR1
1284,한나비,한나비
1285,페이커,76058
1286,MAXI,KR2
1287,절박성 요실금,kr3
1288,白鹿my,2222
1289,JG Physical,1st
1290,T 1,TOP
1291,WISHMKR,0385
1292,시작한지 얼마 안됐어요,77777
1293,구찌맨,GUCCI
1294,인생답뭔지ii,KR11
1295,맥스웰피부과의원,KR2
1296,HoneyWorks,mid
1297,32세 한량무직백수,111
1298,roookie,IGG
1299,德莱厄斯,GGG
1300,puppy,slog
1301,민둥몬,KR1
1302,lahm,0601
1303,dpfqlstmaltm,KR0
1304,Brush Eye,KR2
1305,cha,are
1306,필리핀망고오빠,9336
1307,원딜 백크,2000
1308,Runouo,0411
1309,광장미가,여수맛집
1310,qwrqdsad,111
1311,维特吉乌斯,ベテルギウ
1312,KIC8462852,12345
1313,지난안읽다,yyy
1314,지 유,0812
1315,주말 플레이어,HSN
1316,잔잔한평화,이길수있어
1317,wodexinhaoleng,511
1318,southsky,123
1319,겨 울,011
1320,롤너무어려워요잘하고싶어요,8278
1321,ad트레이닝,KR2
1322,JbIAI,QQQ
1323,호 건,8888
1324,모구바바,0418
1325,해적왕,8989
1326,yyy,apt
1327,AmmJJuni,KR2
1328,20241204,4008
1329,後起之秀,2009
1330,Yannick,羊尼克韩服
1331,抖音pikachu,pkq
1332,ligh,ovo
1333,지건잉,0917
1334,07 fly he,厚积薄发
1335,언리미티드,lll
1336,FA노망주,KHT
1337,늙고병든썩은물,고인물
1338,BJ빵빵이,o3o
1339,城镇中学,好学生
1340,o9o9,000
1341,Hide on bush,Inoob
1342,Be quiet,0625
1343,AM PM 12,1212
1344,Becomewhoyouare,2006
1345,A소녀시대,DDD
1346,샤가넘버원,k123
1347,수틀리면오픈,다음판
1348,chuxianyoulikai,Ansup
1349,pullet m,02187
1350,John Doe,whim
1351,青木潤吾,愛愛愛
1352,헤 헿,5959
1353,20250317,bye
1354,Inner Peace,1108
1355,Knify,奇异的
1356,方嘉树,0922
1357,조은상 제자,RYZE
1358,YoshinoDesu,kcc
1359,Deep Island,沉睡冰川
1360,굼뇽근육몬,KR1
1361,정신병말기야스오,KR1
1362,Fang,ifang
1363,wddhg,123
1364,켠왕실패,kr09
1365,F LaTer,xtt
1366,asdasd123,qqq
1367,Jingle Bells,Lin
1368,Deft,1324
1369,패트와 매트,매 트
1370,Tesdj01,opds
1371,머각머각,KR2
1372,만 번의 슬픔,AhZoe
1373,김유빈,666
1374,奶香包,真好吃
1375,lastchance,nmsl
1376,sound palette,zzyp
1377,골드찹찹,mss1
1378,Emo  mail,0327
1379,ttrr,wywq
1380,청우청우,0000
1381,douyin Hugh,小光1
1382,이게 탑이다,КR1
1383,uxu fans,KR45
1384,虎将军,羊尼克韩服
1385,나는 늘 배고프다,CS주세요
1386,kiokp,KR33
1387,야스임,KR1
1388,중국 틱톡더우인 청신,wywq
1389,다리 털을 뽑다C,666
1390,훌러덩,JUG
1391,gold tiger,666
1392,나른한담비,따스함
1393,Suzy,7897
1394,P1ng,1010
1395,神秘emo男,CHAOS
1396,죵말니마음을말해줘,0000
1397,탁구왕이강인,손흥민
1398,구리빛 빨강 눈빛,bee
1399,냥 숭,1205
1400,ayu,sup1
1401,ntioo,1111
1402,Aumuha,1122
1403,GG Bond,0530
1404,인생여전,666
1405,xiaoxi,OuO
1406,52Hzzzz,0319
1407,苦盡甘來,0113
1408,l3aby Cat,權韓憲
1409,xiaolanqiao,227
1410,backToThepast,xmm
1411,독고만수,kr2
1412,zyp hanfu26,zypp
1413,죽기장인,1223
1414,azrard,kr2
1415,那就飞往巴拿马,懒洋洋
1416,집 사,냐옹냐옹냐
1417,like,abc
1418,Ethan,zypp
1419,Capta1n Em Lạc,2112
1420,그립다,보고싶다
1421,lztovo,zypp
1422,小狮子King,DYxsz
1423,백도찬식 찌르기,파이톤
1424,dr guu,미미미
1425,梦露宝宝,520
1426,88년생 미드,KR2
1427,tfr,sss
1428,탕 국,9610
1429,리춘화,kr01
1430,gyd2,xmm
1431,Roselia,SUMS2
1432,죽기장인,0001
1433,개똥벌레,DDD
1434,zzz3,333
1435,혁명가,HAN
1436,Stranger,KR17
1437,이걸 보면 행복하길,smile
1438,花有重开日,lmy
1439,BeiQI,1003
1440,V I,KR3
1441,ksss,jojo
1442,Normal05,human
1443,치치대왕,0402
1444,강혜솔,kr2
1445,Faker,KO1
1446,주인없는개,Dog
1447,lassy,2003
1448,비위맞추면서게임하기싫음,서렌침나도
1449,즐겜용계정,qal
1450,자이언트 치킨 너겟,987
1451,danshuihaibian,0728
1452,Yia89,111
1453,5ghr,555
1454,bujiaobuzao,慢慢慢
1455,콧물이나네요,snot
1456,좋밥처럼굴지마,너가최고야
1457,해신작쇼람머스,1111
1458,Block chat,2003
1459,므흣한 사고방식,hmm
1460,Nana7mi37zz,山之风月岚
1461,난게임포기안해,2900
1462,hzh,sup
1463,헐떡벌레,KR3
1464,MID,C 1
1465,판단은실력,나만잘하자
1466,闲野人间,zypp
1467,haihe,TOP
1468,더는참지않아,123
1469,no1 일라오이킹,KR1
1470,ss99,123
1471,침 전,8964
1472,eaunleaun,hide
1473,Asuka,爱鲤鲤
1474,dung nhin tao,2004
1475,am amazing,123
1476,kai,59666
1477,dkrur,111
1478,비티에스봉주노소능민이준우레스고,0729
1479,남겼다 나중에 먹을 수 있어요,1111
1480,Best Top,kr11
1481,Deft,KR836
1482,스타 반짜기,1017
1483,抖音小鼠打野,xjq
1484,초코물떡,asdf
1485,가대여신채예린,εïз
1486,병아리,귀여워
1487,T1 Keria,GODS
1488,현민아 올려줘,KR1
1489,I L,KR2
1490,梅花開謝,班淚1
1491,Yannick1201,777
1492,zvxcafsdqrwe,KR1
1493,아리사,무용이
1494,ーへー,123
1495,마 고,KR1
1496,mgfad,666
1497,douyinlongze,zypp
1498,W4ND,167
1499,Hmmmm,404
1500,MVKESta1ker,FRVN
1501,Douyin清寒jug,kamui
1502,온천 가드맨,12321
1503,Yannnick,羊尼克韩服
1504,子秋丶,1011
1505,抖音聂风ovo,羊尼克韩服
1506,달빛술사 쿠키의 꿈을 담는 병,행복한 꿈
1507,IBKer,IBK
1508,긍정적사고방식,이기적인
1509,내 건담 건들지 마라,KR2
1510,小余神天天开心,余の의지
1511,玉面手雷王,zypp
1512,봇똥으로 텔못듬,6720
1513,SlowQ Fanboy,yebit
1514,영 일,0924
1515,dylhmid,0708
1516,Blade Witch,1949
1517,sunset,yaha
1518,중요한건따로있지,K0730
1519,심심해요,천천히
1520,feijidawang,pdx
1521,Feng,gf666
1522,gcity,kr11
1523,cqaac,321
1524,yuanyuan,1112
1525,봇 치,더 록
1526,바람의호흡 제6의 형 흑풍연람,야스오인생
1527,maomin,9527
1528,니 엄,노팬티
1529,王权富贵,nan
1530,Aurorally,zypp
1531,Raf,KR3
1532,dy丶格格top,18前韩王
1533,miss you,ovo
1534,나는 제일 귀여운 여자,meow
1535,afdsf,11111
1536,winkbabe,5200
1537,서포터개잘함,KR3
1538,가공품,KRI
1539,데굴데굴루루카,65143
1540,Lynx,zypp
1541,07ump5afhov,KR2
1542,내가죽으면게임끝,말이되냐
1543,2737771350886080,KR1
1544,sharkzzz,hui
1545,Nagahama,0001
1546,iuji,1234
1547,bsz,jsk
1548,Siwon,1202
1549,Day,0106
1550,花曜日,CBX
1551,조총수,KR2
1552,윈드소울,feng
1553,술과 여자와 노래,KR11
1554,xiaonanshan,666
1555,洪元植,zypp
1556,yan,ghovo
1557,05yasuo,Jiaha
1558,뚜시뚜시,KR33
1559,Hilary,zypp
1560,09년생 말파꿈나무,kr99
1561,AngAng,BOB
1562,losemyself,2004
1563,1rr,rrr
1564,Flower Fiora,봄의 꽃
1565,Inugami Kira,0514
1566,zisujiuyue,XLin
1567,문학소년임재선,KR2
1568,yanyanbaobao,0224
1569,Warwick King,TPE
1570,cAAAAt,miao
1571,DouyinKatedoudou,wudi
1572,bai  deng,zypp
1573,那咋了,qaq
1574,蝎神时代降临,666
1575,라비니아,1941
1576,wo shi ben dan,4kled
1577,let it be,33333
1578,xiaoyuan,qqss
1579,ART ZED,ALL
1580,抖音小贝塔,7711
1581,XXDDX,233
1582,yppaH,1031
1583,viper,2352
1584,노래추천넷플추천,KR3
1585,레전드,게 임
1586,유 르,츄 르
1587,Yi1o,666
1588,yanxi,99900
1589,CNLL,7722
1590,mid,3805
1591,Ace,WJG5
1592,석 우,5017
1593,qiyan,Tulle
1594,mhx,CN1
1595,혜리아,wonny
1596,네명이오줌싸면포뇨,0222
1597,내가 비밀요원인건 비밀로해줘,特 工
1598,기 사,KR2
1599,leoing,412
1600,ZUQ,zzz
1601,의문의챔프로탑감,챌찍을거
1602,qiufans,wq007
1603,Nejire Hado,VIE07
1604,뿡빵뿡빵뿡빵뿡빵뿡빵뿡빵뿡빵뿡빵,KR뿡
1605,万磁王,0420
1606,woxiangjinbu,小熊宝
1607,악끠들,JG96
1608,大圣残躯,BOSS
1609,kino丶pwdd,斯巴达
1610,Lux,9420
1611,우리정글개못함진짜,KR3
1612,echo QAQ,9099
1613,zhongguizhongju1,noob
1614,비밀계정,0612
1615,euphoria,K R1
1616,내일을 바라보며,지금을살자
1617,BLG,QAQ
1618,면 봉,KR3
1619,기석두,KR2
1620,원쵸비,KR1
1621,쓰레기정글척살자,5414
1622,병아리삐약이,KR1
1623,먼저싸기,뿌지직
1624,보호하는분노,KR1
1625,우 리,우리님
1626,코스모스,100
1627,코리아1,2025
1628,인배당해주면15gg,123
1629,OMG Linfeng,OMG
1630,호주 카와이,KR2
1631,Vermouth,688
1632,Yagami,P1ck
1633,Cohazi,1993
1634,자우림,NO1
1635,개돼지조희성,꾸이이익
1636,자신과 화해하다,0311
1637,Getuefishyu,7179
1638,준도록 사랑해,蘇亮瑜公主
1639,빙산의 일 각,123
1640,낚지보끔밥,KR1
1641,your era,3031
1642,햇빛을 보고싶다,KR1
1643,말이 없다,111
1644,wenzhouluo1,KR1
1645,amsmdmfm,4513
1646,XYovo,KR1
1647,一把杀猪刀,99999
1648,Reset,1025
1649,버러지학살단,KR1
1650,어쩌라고맞짱뜰까,1129
1651,그 해 우리는,0903
1652,SBS아카데미컴퓨터아트학원,홍대점
1653,Fix me,0814
1654,T1 오현빈 ,KR1
1655,haoyanad3,douyi
1656,이순신 장군,0625
1657,무도덕,1121
1658,욕망 광기 질병,KR1
1659,nuliyidian,4559
1660,vhsa,KR1
1661,ILLIT Minju,222
1662,jerry866,xixi
1663,간호학과 신준호,KR1
1664,박 솔,박 솔
1665,강해린,Akali
1666,hold me,5599
1667,Itoshi Sae,0805
1668,막아서면 죽인다,KR1
1669,돌아온세멘뜸,KR2
1670,track in time,고랑 마을
1671,고진형,KR1
1672,우렁찬방구는보약,v뿡뿡이v
1673,ASAN,KR99
1674,지 니,정 탈
1675,개포동 무형,KR1
1676,Manweol,ΚR1
1677,xin,G530
1678,정글은 이렇게 by 희철,JUG
1679,03JGL,2003
1680,신사설기,KR1
1681,celebrity1,KR1
1682,너랑나랑나랑너랑,KR1
1683,xiaoxiongmao,KR123
1684,이태형,춘 천
1685,이학현,9158
1686,珉 承,KR928
1687,꼭지를꼬집다,신꼭마
1688,이기고 싶다,kr3
1689,Chaos1,ciao
1690,강아지의정령,KR1
1691,딱따구리머리박기,KR1
1692,7in,321
1693,pizanoo,KR1
1694,우주만큼사랑해,여울아
1695,기본의,KR9
1696,shirenshuoshuo,bbxin
1697,Stolas,KR1
1698,CN机长,CN1
1699,말걸지마라,s발로마
1700,biefangqiwo,KR2
1701,홈프로텍터,자택경비원
1702,남궁현겸,현겸2
1703,天与暴君,2004
1704,귀찮아,탑이야
1705,과언무환,구화지문
1706,3삼3삼3삼3삼3삼,333
1707,말없이 흐르는 시간,KR1
1708,   Rucky1,KR1
1709,Siyeon fireworks,QWER
1710,Nguyenly,VNG
1711,하하호호,KR20
1712,Geats boost  9,KR1
1713,조커탬,까꾸웅
1714,スンアと結婚すること,KR0
1715,섹시조커,KR1
1716,꿈을못꿔나는,0616
1717,지않곳KR1,0920
1718,tong tou shi jie,KR1
1719,완두콩,O0O
1720,shshshsjjs,KR1q
1721,2la,yo1v9
1722,사우로파가낙스,KR2
1723,게살버거비법도둑,난돈이좋아
1724,개추대추상추,KR1
1725,红孩儿,prs
1726,지훈백크,2000
1727,leafde,너누구꺼야
1728,damiyami,KR12
1729,39R좋아용,KR1
1730,롤잘못해요123,KR1
1731,冰淇淋,qqq1
1732,쥬라큘 김윤수,KR1
1733,Cinderella Boy,0320
1734,주와꾸옥주희,KR1
1735,붕어빵오뎅떡볶이,빵뒝이
1736,누 리,KR33
1737,쌈뽕맨,123
1738,하 늘,oωo
1739,이건 다잡았네,KR1
1740,douyin jingxi,jx111
1741,다크팀카시,asdas
1742,woomeaing,KR01
1743,너 굴,너 굴
1744,절제못하는사람,owo
1745,Ado 66AD Unravel,Rose
1746,하늘 사이 구름,KR1
1747,PdSmBiBao,2912
1748,murasame,mmm
1749,Mewtwo,xcm
1750,우리 바보똥개해,1221
1751,Atlantia,kr2
1752,옥씅호 ,KR1
1753,홍비연,S 2
1754,Osprey,333
1755,하  느,1103
1756,FA Kingdo oldfan,意贯一
1757,친구들을위해살자,KR1
1758,도녀니입니당,KR2
1759,중요한 건 꺾이지 않는 제라스,KR1
1760,LILAC,KR1IU
1761,재입소민식박,KR1
1762,우치하 이땃쥐,0114
1763,방과후 티타임2,KR1
1764,푸짐맨,2092
1765,唐可可,717
1766,홍빈이,binfx
1767,Hearts2Hearts,214
1768,뚜이컷,KR1
1769,林胜文,666
1770,슈뢰딩거의고양이,고양이밈
1771,090216 Bleata,KR1
1772,我剑也未尝不利,bule
1773,아 빠,KR130
1774,짱구대가리,99999
1775,Xiaodelanhu,137
1776,서폿 제라스,KR12
1777,마스터이94,STRM
1778,망곰이,0717
1779,낭만자크,KR2
1780,17ge,snake
1781,ioio2,KR1
1782,몰락한 냥,KR12
1783,캠 핑,9802
1784,Diavolo,0203
1785,4hyang,KR2
1786,qasdasdwqe,KR1
1787,추 적,60인분
1788,줄건주자는마인드,KR1
1789,후다킹시미켄,KR1
1790,我见过龙,8888
1791,트타보고 chill는 편,로리타하앙
1792,혼자라고생각말기,KR2
1793,92세김춘식할배의인생끌어치기,KR11
1794,상동피바라기,KR1
1795,ST Ich liebe dic,May
1796,천하제일 정재동,KR1
1797,RAS,1208
1798,따끔따,123
1799,wink,2024
1800,눈치게임,123
1801,현이의카이팅,KR1
1802,잔소리하면못해짐,KR1
1803,Play,lol12
1804,리 신,S21
1805,500마력권양기,KR1
1806,yiyezhiqiu,KR1
1807,자석펫,메소 줍기
1808,Signal z,KR1
1809,파이리물고문하기,Suwon
1810,라그랑주,UK2
1811,bai,019
1812,bei,0606
1813,hyun maxiang,KR1
1814,HOShiNO Ai,AriMA
1815,윤석열,만만세
1816,또 치,파이팅
1817,여기저기쑤심,000
1818,小啊康o,CN1
1819,stupid cat,TuT
1820,SlCA,KR1
1821,iq70,mid
1822,chenmo,sup
1823,봉담중 2학년 3반 김병탁,맞짱깔사람
1824,스타 단풍,STAR
1825,prince guard,0513
1826,별을 제패한 자,카 멘
1827,수상 지원,KR1
1828,suhbizz,KR3
1829,헤에에,000
1830,Hit,0912
1831,AnanTop,KR1
1832,재밌게해봐용,KR1
1833,롤 잘해서 뭐하냐,무쓸모
1834,고진감래,kr18
1835,식다 궁 늠름하다,cn3
1836,winter,没了开心事
1837,세종시 한솔동,KR1
1838,Sup want GG,KR1
1839,MaGea,KR1
1840,번견맨,창 돌
1841,해 린,999
1842,Hecate,0504
1843,趙 權,KR3
1844,kimorparty,123
1845,Team Zed 정글,丁火 入墓
1846,접고싶은게임,KR1
1847,빛나는반딧불,KOR
1848,스타 진이,원딜강사
1849,마지막 이야기,2024
1850,문어아사랑해I,KR1
1851,Xfxm,226
1852,우치하 김양후,들짐승
1853,세상에 나쁜 세나는 없다,000
1854,87세정현수할배의인생최후의한타,전장을지배
1855,Kim Jisoo,08 08
1856,김인선샤인,0522
1857,APDO,123
1858,바선생의 비밀기지,cqc
1859,끼릭끼리릭,KR1
1860,어뷰징입니다,머리박기
1861,Rewriter,1022
1862,탑갭 미안해 미워해 사랑해,123
1863,Carius,KR1
1864,치즈맛나는쥐,KR1
1865,잘 살다,alfo
1866,김그냥,KR1
1867,Bonfire,2004
1868,Fallen Ange,KR2
1869,달에 데려다 줄게,KR1
1870,xu xu bao bao,7MVP
1871,wanxiangshen,KR12
1872,매 직,KR2
1873,저한테 진짜 왜 이러세요,제발요
1874,slow dancing,1002
1875,E 1,KR2
1876,록 시,Roxy
1877,정글숲,kr2
1878,잘자쿨냥이,ZZZ
1879,Zephyr4,KR1
1880,범 부,kr111
1881,난작은새야,KR2
1882,Adore정수정K,KR1
1883,サザンカ,6856
1884,03년생 포크레인 기사,굴착기
1885,쏴봐쏴,SNG
1886,swordart7,KR1
1887,JustLikeThatKR,GAP
1888,RNG 갈라,KR1
1889,참새크면비둘기,1kr
1890,매판새마음새뜻으로할게요선생님들,1111
1891,cmover,KR1
1892,zuo qing,12345
1893,Kittalee,KR1
1894,쪼 율,쪼 율
1895,서프라이즈데이,疯 子
1896,착취민이나르,gnar
1897,접근성,KR1
1898,사람과 대화한다,KR1
1899,참을성이 좋았던 사람,覆水難收
1900,QWER,a1111
1901,NYKD 78,KR2
1902,미 생,未 生
1903,미드 준우,챌린저
1904,dqwjkhdqwoljd,3123
1905,xxxxxm,KR1
1906,xu xu bao bao,天灰灰
1907,핑 아,KR2
1908,뽕이꼬미뽀,KR1
1909,asdadelrx,KR1
1910,코리아2,Erha
1911,탑의 곰,KR1
1912,달별입니다,KR1
1913,못골 김부장,KR1
1914,얀 진,0621
1915,مرحبا,kr11
1916,승리요정,승빈님
1917,hype boy,hhhhh
1918,망나니,타워감별사
1919,천마 이주훈,天上地下
1920,푸슈푸슈,0705
1921,열심히올라가자,다같이
1922,개복치,1215
1923,근처사는누나,KR1
1924,정글감수성터진다,KR1
1925,Run For Roses,KR3
1926,미드가 이겼는가,KR1
1927,어머나 세상에나,KR1
1928,마지막 기회,90일
1929,어 선,1208
1930,zhang rong xuan,KR1
1931,애견샵육포도둑,KR1
1932,역겹게하지마,문동준
1933,Inhp,KR1
1934,MovingPrediction,KR1
1935,내꿈은혜지공듀,KR1
1936,따잉크,KR1
1937,LILPÄ,1111
1938,멘탈잡자 상혁아1,KR1
1939,나태로운 한량,KR2
1940,SoArz,KR1
1941,혼자사막에있다,KR1
1942,박기장인,КR1
1943,백창민,KR3
1944,기다려라 간다,KR222
1945,sj24,sj24
1946,flash,1726
1947,FA zero,1116
1948,귤까주는사람,KR1
1949,고양이,1992
1950,망치살인마,이기고싶다
1951,잠꼬대3개다함,KR1
1952,주 긔,KR1
1953,TFT머신,KR1
1954,할매 원조 징크스,KR1
1955,마피mapi,KR1
1956,단초콜릿,KR1
1957,Ruibeo,루이버
1958,스타 린,정글 강사
1959,마지막 반년,KR1
1960,VIVA L AMOUR,KR2
1961,Feelsogood,KR3
1962,hf ghkyu,KR1
1963,오시훈,94031
1964,no chat,3213
1965,쿠로카와 아카네,1213
1966,조같은조선것들,KR69
1967,SortOf,KR2
1968,OwvO,0225
1969,구리 원딜,1999
1970,Shy Boy,KR0
1971,으 엑,우 엑
1972,박지원,0129
1973,Witch,KR1
1974,롤스타 나연,나연님
1975,맵안보고겜함,KR1
1976,Khamado Tanjiro,KR1
1977,投影投射,Lords
1978,왜 쳐다봐 지안아,1204
1979,dlwlrma,G015
1980,雨初歇北枫,wywq
1981,진주이민웅진주이민웅진주이민웅,멍청한놈들
1982,Varus Goat,KR1
1983,레전드,LOL
1984,절망속에한줄기빛,666
1985,다이아의재앙재경,재경씨
1986,힘든참치,0722
1987,hell,Ran
1988,빈센조,Kr23
1989,발 러,China
1990,MuteAll and Play,KR1
1991,게임보단건강,KR1
1992,무난하게살지말자,Life
1993,뭉구뭉구뭉구,KR1
1994,할배원딜,KR2
1995,天 然,無 色
1996,동전 던지기 게임,초가초가스
1997,cqq,KR1
1998,장준효,KR1
1999,잠 동,KR1
2000,달콤한 남자,TOP
2001,뚠 땐 ,KR1
2002,whwogus73,KRpo2
2003,Yuumi,0930
2004,Dk Aiming,4321
2005,트페123,KR1
2006,나야 무뭉,is me
2007,yeonju,cute
2008,귤귤은뀰,KR1
2009,남양주 성시경,0404
2010,雨流みねね,JP 2
2011,협곡의 신창섭,다해줬잖아
2012,저희 곧 결혼해요,KR1
2013,동그리코로코로동그리코,YMD
2014,야속한 세월 ,KR1
2015,猎杀强者,百鬼鲜生
2016,still a failure,KR1
2017,long chang wudao,KR1
2018,apsfkfkewoqrwkr,CN1
2019,conqueror,0806
2020,박뽐이김뽀링,0109
2021,AI랑 투닥투닥,JGM
2022,迷途知反,0922
2023,하마베 미나미,JAPAN
2024,유민아,0226
2025,shisha,RED
2026,지존핸드맨몬스터,KR1
2027,심규제,바 텀
2028,JUG ROYAL ,KR1
2029,악 마,kr616
2030,강해린 이쁘다,newj
2031,Gecko,그는신이야
2032,액션빔 지지직,KR1
2033,한국게임과학고등학교  ,KR1
2034,수라의 길을 걷다,KR1
2035,다해줘,KR1
2036,εïз,1002
2037,TOBEKEPCO,KR1
2038,Radiohead,4185
2039,개빡친 이준혁,1129
2040,수문장,KR2
2041,2000,0927
2042,Feel My Rhythm,1009
2043,순방은 쉽고 나락은 어려워,KR 1
2044,플레이보이카티,0325
2045,사미라징크스제리,KR1
2046,충 치,충치2
2047,김다미,00409
2048,머리탁,0511
2049,탑라인조절장인,KR2
2050,Juйe,KR1
2051,돌아온지환,KR11
2052,김대건1,KR1
2053,minjun7,KR1
2054,김민지,2385
2055,반면교사 김세홍,KOR
2056,김치찌개좋아해,KR1
2057,아케인 소외자 문유로,alone
2058,말 랑,1837
2059,카 사 딘,2024
2060,Error,Fatum
2061,Daopa,SOOP
2062,Bejjj,KR1
2063,건들지마다치니까,다친다
2064,카타리나 단검,KR1
2065,손흥민bts강원기,5784
2066,여행은 길동무와,KR2
2067,응애나밥줘배고파,KR1
2068,까불래,KR1
2069,lIlIlllIIIIllIl,KR1
2070,내일이 안 올 것처럼,kr2
2071,별이 되긴 싫어요,KR1
2072,여자한테 지는 거 못 참음,여잔이기자
2073,CNCNAP129,GNO
2074,포몌라니안,KR1
2075,위험도움,9823
2076,Японский,22222
2077,FA Alpaca,Deft
2078,love filled iris,for u
2079,나는이응석,KR3
2080,김첨지의럭키데이,7002
2081,또 미,ddome
2082,RyndamTere,IMT
2083,TOPTOTPOTOTPTOTP,KR1
2084,꼬물이 귀여워,εïз
2085,작은 형아 햄스터,KR1
2086,언젠가만날그녀를생각하며,0000
2087,청춘 콤플렉스,Bocci
2088,바다빠진고양이,KR1
2089,I Hate The Rift,KR1
2090,마법공학 아무무,KR2
2091,official髭男dism,123
2092,뜬겁새로,11111
2093,스타 달리,모두 안녕
2094,그 누구도 못하는 순간이 있다,KRI
2095,safety belt,faste
2096,kangsmooth,12345
2097,너는 혼내준다,KR1
2098,이즈 시러,KR1
2099,Daving,KR1
2100,전사자,G170
2101,Moonlight,cdcd
2102,aura,KR77
2103,하태갱이,KR1
2104,굵은악마,6974
2105,Ion Drink,1112
2106,오리죽볶음,KR1
2107,öッö,öッöヲヲ
2108,LoveStory,0405
2109,Howdy,KR27
2110,千里之行,8888
2111,무조건3,KR1
2112,Radiohead,KOR54
2113,nggmaster1111,kr2
2114,팔 껄,KR1
2115,사회복무요원,공 익
2116,숨겨진 정글 고수1,강경우
2117,원숭이1231,KR2
2118,WhynotLaugh,712
2119,김치전달인황김치,KR1
2120,초반에터지면안함,KR1
2121,MKOI Jojopyun,123
2122,한번만빨아보자,강화큐
2123,할배원딜,KR4
2124,수댕삼,KR1
2125,역천개,koo
2126,I개백정I,KR1
2127,필 포든,KOR1
2128,부우웅,달릴게
2129,T1 Clid,민정이
2130,징징이는빡빡이,7148
2131,皮卡丘,0211
2132,IQ87검사일대기,KR2
2133,woo,cat
2134,상 현,1024
2135,아케보시,KR1
2136,무명택시,KR33
2137,단기접전,일기토
2138,마라맛개고기탕후루,조아해
2139,누렁이된장바른날,KR1
2140,주혜X,5855
2141,종코2,KR1
2142,lllIIlllllIIllIl,kr3
2143,긁어긁어벅벅,on me
2144,hole,0307
2145,11시33분,1133
2146,Lactea,KR2
2147,왕 자,왕쟈1
2148,양로원홍삼캔디도둑권순범,kr2
2149,김병만과 베어그릴스의 정글강의,KR1
2150,FF123,1234
2151,고향샤브샤브,KR1
2152,스타 피오라,2001
2153,병아리,KR8
2154,이제더는포기안해,KR1
2155,大千世界,CN1
2156,띠브씰,KR1
2157,포항수문장,KR1
2158,남탓금지1,KR1
2159,루나팀 현,Luna
2160,육군학,KR1
2161,gui hun,KR1
2162,ラプ様,0217
2163,브루탈,1337
2164,옥동자,kr3
2165,스타 끄,하리하리봉
2166,각별히,0811
2167,ISTP,1106
2168,빛바랜 자,Wolf
2169,1game1cigarette,KR1
2170,천안시호두과자미사일뿌쓩빠쓩삐쓩,사과유람선
2171,마지막처럼,0118
2172,Code 10,KR1
2173,괴물쥐,멍청한청년
2174,Sherry,KR22
2175,아무의미없는게임,KOREA
2176,성산스,9722
2177,배자홍,KR1
2178,무지성백정은사형,KR1
2179,작전명 렉사이,1014
2180,dooooooo,KR1
2181,석 희,KR3
2182,리븐 챌린저 ,KR1
2183,정글 고아련,어쩔건데
2184,그래 어차피,KR1
2185,delete,0203
2186,一ハ一,엣 헴
2187,오른칼챔인데요,KR00
2188,멀꼬마봄,KR1
2189,오염된 창대식,KR1
2190,바로갈게요,KR1
2191,떡 두,KR2
2192,Michelle,KR1
2193,2025년5월입대,KR2
2194,남의성공즐거워하기,kr0
2195,life is free,9870
2196,반속 이슈,mid
2197,대박구,KR1
2198,Cha1nsoflove,kr112
2199,4억청산빔,KR1
2200,미라클의 노예,1214
2201,衣錦歸鄕,KR0
2202,저라뎃보고리신배움,kr2
2203,허허실실바보작전,kr2
2204,술 돈 담배,KR1
2205,연패하면좀보이드,KR2
2206,머리박기,KR1
2207,Aimer,KR06
2208,왕쥬만쥬,KR1
2209,엔피아,0107
2210,Noiselessly,Bin
2211,Terrius,KR1
2212,T1 Faker fan,KR7
2213,왕 자,218
2214,Making The World,KR1
2215,비엣남 ad,KR1
2216,용병 트리스타나,KR1
2217,그 챔프 왜 함,KR1
2218,sdfqwer,999
2219,FirstStrike Gwen,Maker
2220,두루당,0722
2221,트우치,KR1
2222,메이지 모찌,KR1
2223,쓰레기무단투기,0629
2224,비선별인원무키,KR1
2225,안빈낙도,케로로
2226,와사비주세요,1111
2227,끝없는절망,또한번
2228,겨울이 좋아요,KR3
2229,얘봐라,KR2
2230,화가나네요증말,KR1
2231,착한사람,1111
2232,バ ダ,Umi
2233,울고플땐파를썰지,KR123
2234,Nihwa,XYZ
2235,무지성칼챔지원이,KR1
2236,마렵따마려워,KR1
2237,대머리,KR6
2238,skuukzky,0113
2239,きもち,킁 킁
2240,Yaring,KR2
2241,Deft,6501
2242,열심히 해야징,KOR
2243,무 명,떡방출
2244,어둠속으로사라지다,KR45
2245,김거시기,김 딕
2246,ashyfuiooxuuzr,000
2247,다람쥐,찌릿찌릿
2248,탑갱 로켓배송,KR1
2249,한조의왼쪽찌찌,000
2250,롤텅구리,kr2
2251,어떻게 이별까지 사랑하겠어,악동뮤지션
2252,블츠마스터,kr2
2253,크랙비,a i
2254,팀이랑 권태기,헤어지자
2255,핑찍으면돌격,1711
2256,양지훈,KR3
2257,우 성,1234
2258,카밀할꼬얌 ,KR1
2259,진주 이상훈,KR1
2260,오리아나,0215
2261,lethal dose,KR1
2262,Drk,0123
2263,Cao Lu,KR1
2264,벽느끼고가세요,KR1
2265,방귀잘뀌는편,KR1
2266,펭리에오,KR1
2267,매 그,1004
2268,hklully,KR11
2269,샤인블루,KR1
2270,오프사이드,9158
2271,Sety,123
2272,간디부캐,레문부캐
2273,87세돌하르방,KR1
2274,궁을 잘쓰는 아이,PDR
2275,m2tY2mNyqM0mxufb,H6sxT
2276,2732391223780672,KR1
2277,Vayne,kor1
2278,병 현,0219
2279,하나시로 안즈,1234
2280,별을 판 날,KR1
2281,ADC OwO,ΟωΟ
2282,mixmag,1919
2283,치매노인 김씨,1234
2284,먼 곳에 희망이,6882
2285,M G,2822
2286,2723135059592416,KR1
2287,고양이막대사탕,0129
2288,나 진짜 삐져있음,KR1
2289,멋진천재나,KR1
2290,그 럼,20000
2291,AllEyesOnMe,every
2292,복숭아녹차한모금,KR1
2293,water,0609
2294,divin,KR1
2295,0o0,청풍명월
2296,가난한 청년,중랑구
2297,아기빵테온,KR1
2298,이채영,333
2299,douyin 稻草人,zypp
2300,오징어,ADC
2301,원소를 휘둘러 피해를 입힙니다,8221
2302,데이드릭 프린스,KR1
2303,florence,플로린
2304,프랭키 데용 21,KR1
2305,아리아,11111
2306,fromis 9 메건 박지원,박지원
2307,不死大魔王,0213
2308,끄윽끄윽뿡뿡,KR1
2309,brrrrrrrrr,떨려요
2310,항상보던,KR1
2311,롤하는법을까먹어버렸어요,3793
2312,민트초코좋아,3417
2313,처음이라 못해요,0420
2314,너의 이름은,しんかいま
2315,돌그자체,KR1
2316,구 름,이 뻐
2317,기분이너무나좋아요커먼커먼째끼랍,KR1
2318,연 수,1000
2319,ssirru,KR1
2320,감비아무료급식소푸드파이터윤현기,KR1
2321,입을 열지 않는다면 감추지,0403
2322,슬픈 꼬마,KR1
2323,인성이상한사람,KR1
2324,Professorviego,비에고교수
2325,Casanova,cbs
2326,김긋지,KR1
2327,T1 Faker,skrr
2328,REO,2010s
2329,eggking,KR1
2330,TnTenny,KR33
2331,머가리박는남자,KR1
2332,광선검색깔은주왕주왕,주왕주왕
2333,허랑이,0705
2334,아이브,원 영
2335,고구마 원딜,KR1
2336,고 립,0907
2337,카정갑니다,그의동선
2338,Hinata,KR100
2339,fiesta festival,KR1
2340,Ndombele,5287
2341,모란이,9908
2342,imcany0n,KR1
2343,춘삼이,asdf
2344,간다르바,vendi
2345,징버거1,KR1
2346,Radiohead,얘 봐라
2347,Devour,20008
2348,2000 07 15,KR1
2349,행복은 티어 순이 아니잖아요,KR1
2350,겨울아 그만 짖어,KR1
2351,아바타3,KR1
2352,칼싸움,TOP
2353,제일고 전재진,KR1
2354,하쿠나마타타7,KR7
2355,JUGDONG,0828
2356,어딘가고장난,KR1
2357,멘탈과실력을겸비,KR2
2358,Kaisa,YKM
2359,Maolilan3,比过苏轼
2360,chill guy,0429
2361,롤스타 키아나,롤스타
2362,이런식이면난못해,2503
2363,dogunxu,TOP
2364,Traditional life,KR1
2365,리하우팬티도둑,6369
2366,머영머영,KR1
2367,군계일학,KR0
2368,그게 너라서 좋아,KR1
2369,Brown Jungler,3105
2370,녹슨 검,칠눈일검
2371,내가 더 잘할게,9999
2372,A Perfect Breed,CEO
2373,iiBBii,iBi
2374,이터널리턴지금바로접속,국산롤
2375,니코의 왕,KR0
2376,HK이노엔,5432
2377,재수할빠에군대감,5817
2378,鬼神哭,0417
2379,각성하다,0917
2380,던지게하지말지,KR1
2381,zxcopiasdlkj,KR1
2382,하던거나 해 zz,KR1
2383,동아리 박다영,KR4
2384,Pooh,KR5
2385,전화위복의사나이,KR1
2386,아비꼬무룩,KR1
2387,naked bibi,비 비
2388,모 노 클,KR1
2389,찬영갓,KR1
2390,오토무푸,KR1
2391,봇신병자,rk1
2392,탑만오세요,KR1
2393,시리우스,4131
2394,먼저싸기달인,망나니
2395,꼬마차니,꼬마차니
2396,current,Ryu
2397,Scal,KR1
2398,홍대입구구번출구,KR1
2399,나카무라 카즈하,피어나
2400,따봉 야스오,KR1
2401,Top Azir,KR3
2402,무 무,132
2403,양주얌얌,KR1
2404,抖音xycj,xycj
2405,우주최강김동욱,KR1
2406,佐野さの 万次郎,無敵のマイ
2407,패 기,kr123
2408,IlIlIIIllIIIIIlI,IlllI
2409,shshshshshshshsh,sh2
2410,승윤이와 하룻밤이란,KR101
2411,소나기에 자라난 무지개,KR1
2412,Peyz,0321
2413,밀짚모자 세종,KR1
2414,알파카는알바가,KR1
2415,아아앙점화여써,KR1
2416,컴포즈커피,KR3
2417,부패한 군주,판데모니움
2418,DPI 750,0303
2419,에코폴리대표,친환경
2420,날아가고이쏘,3293
2421,장뤽고다르,2248
2422,ENFJ MiD,MBTI
2423,서폿아 어디강,KR1
2424,나도아직이십대야,28세
2425,잘반74자세,KR1
2426,하치와레,korea
2427,Love u like that,KR3
2428,AaBbDdEeFf,KR1
2429,V m,FOX
2430,사도련주,현 경
2431,율이는 못말령,KR1
2432,2609222230312416,KR1
2433,간짜장,4929
2434,Oner,흰머리
2435,흑인친구 ngro,1159
2436,곰산당 볼베,KR1
2437,멘트줘봐,KR1
2438,양도순,KR1
2439,오줌싸개 소년,2521
2440,ABC,a123
2441,신라국밥,수육정식
2442,그게 바로 나니까,KR1
2443,정점파이크,KR1
2444,민형귀환,1028
2445,시녁님 나가신다,길을비켜라
2446,얄루띠,으잇으잇
2447,Star KirBy,КR1
2448,말 많네 차단,KR1
2449,chen xue ning,kr2
2450,롤 좀 알려줘,제 발
2451,아낌없는 스펠,KR1
2452,전 설,3605
2453,cry about it,111
2454,投げる,0807
2455,The shy,andf
2456,Baut,123
2457,임시소환사명,1115
2458,선택장애,브랜뉴
2459,kiwi,현 우
2460,for him,KR33
2461,Roronoa Zoro,0520
2462,ROSÉ,0124
2463,우유조아,0911
2464,열라빠른거북이,2093
2465,찰진방망이,KR1
2466,울어도웃어도봤다,KR1
2467,F A,2009
2468,스타 의개,원딜강사
2469,싸악드려욘,9079
2470,정글못하면오픈,15서렌
2471,jjinmjjjinmj,KR2
2472,자몽아간식먹자,0607
2473,8kg 야옹이,KR1
2474,홍른이,KR1
2475,몸만사려,KRKR
2476,IfiveI,KR1
2477,이준엽,KR2
2478,THG ChaN,W1N
2479,치즈감자대가리이상호,7425
2480,상 혁,a n
2481,FA AD,KR02
2482,철호의 모험,KR2
2483,asdzxqw,KR1
2484,교티토,미야옹
2485,DK Bible,KR0
2486,RTX4090,KR1
2487,금융계거물,월가의영웅
2488,오니니,KR1
2489,lady7,1212
2490,Mangja,KR1
2491,세일공주,KR1
2492,홍비둘기,KR3
2493,에바마,KR1
2494,JACKPER,0404
2495,사나이묵직한주먹,잘생긴민교
2496,똥냠꿍,7469
2497,옳은 말을 한 죄,rek
2498,чувство,откаш
2499,히 루,021
2500,그림자 군주,2009
2501,310,슈발1
2502,늙어버린취미생활,최상위
2503,Sorry My Bad,KR2
2504,징징대지마라,죽인다
2505,에스떼마니스,KR1
2506,김봄구,kr11
2507,유송편,KR1
2508,IlIlIlllIl,7777
2509,Lukai Hwei,MIO
2510,Auroral,KR2
2511,J1nguri,KR1
2512,22살모솔백수무직,KR12
2513,나 누누와 윌럼프 아니다,KR1
2514,장전리,KR1
2515,seve,1490
2516,벽력일섬,Zen
2517,이 돈 덕 1,KR1
2518,wo nangfei,CNCN
2519,8631620_DEL,KR1
2520,딱지의 하루,자몽515
2521,Never Stop Me1,KR1
2522,Femininity,KR1
2523,신종Flu,KR1
2524,Oner,0915
2525,Dogs,KR1
2526,20250105,루비사랑해
2527,도 희,0402
2528,숏레그 먼치킨,KR1
2529,똘 박,9703
2530,야 행,0819
2531,Newzhongdan,CNC
2532,티슈 5세,KR1
2533,쵸비 큐 돌려 ,KR1
2534,Piungsin,KR1
2535,고명우,KOREA
2536,햄스땃쥐,대새미
2537,프탈구마,2219
2538,Coldplay,000
2539,6OxO9,yonse
2540,왕호사생팬,KR1
2541,민경인,KR2
2542,호 띠,나는호띠
2543,인성부,인성부
2544,니달리거대한구멍,KR1
2545,긁혔노,긁혔노
2546,iun,KR1
2547,둥둥따우운,KR1
2548,Trust Heart,서 준
2549,BeyondtoEthereal,0305
2550,행복하게살기,yucca
2551,김갑환이,KR1
2552,돈까스망치,kr탑
2553,레온베르거,52kg
2554,yonejoa,0306
2555,귤에붙어있는하얀거이름은귤락임다,세현카리나
2556,섭씨2도경,KR1
2557,Be proud of me,KR1
2558,Y2k,mille
2559,스핑크스,101
2560,전케인,KN1
2561,purple,nobil
2562,정백봉,7721
2563,つoωoつ,o0o0o
2564,사랑 아닌 척,사랑하는데
2565,딸타가먹고싶은이지형,완병철
2566,굴곡있게,KR1
2567,탑세나장인출신,KR1
2568,병아리약 삐약삐약,KR2
2569,ADADADAD,3131
2570,꿀템은죽었다,아무무
2571,예경누나이쁘다,1215
2572,ll연습용계정ll,KR1
2573,ui67,KR1
2574,수당꿀꺽,KR1
2575,SKT T1 Smash,KR3
2576,버티고 다시한번,KR1
2577,dkdks,KR1
2578,탈세전문 세무사,tax
2579,버러지잡대,KR1
2580,미드도구123,KR1
2581,두근두근오렌지,KR1
2582,피카츄가귤까먹는데안까지자한말,KR1
2583,비갤 제 물졸졸흐를 민,330
2584,순두부감자,KR1
2585,Pomni,XDCC
2586,차갑지도뜨겁지도,KR1
2587,ハンビンちゃん,스 키
2588,체육쌤,KR1
2589,배해진똥멍청이,KR2
2590,밤을 건너는 자,밤의통치자
2591,현줴에,KR1
2592,ART EKKO,EKK01
2593,Happy,day12
2594,TF Kuguri,KR1
2595,sup pIz shut up,KR1
2596,재민냥이,08y
2597,바람팀 미드,기사모집
2598,여름비 내리는 날,KR1
2599,킹카가될뻔한리신,KR1
2600,Doublelift,0124
2601,채팅치지않겠습니다,111
2602,나는정민공쥬,1105
2603,챌 ad 호소인,KR1
2604,가정용 오솔길용,뺑뺑이용
2605,Last Love,Hyun
2606,아야츠노 유니,kr5
2607,나는야 이동춘,동춘리
2608,bdd,1111
2609,공 주,cutie
2610,신짜오풀캠3분52초,0502
2611,OGG1,KR2
2612,강경보,KR1
2613,프랑스 회장,KR1
2614,TES Knight fan,drg
2615,청경채,1퀴숑
2616,reveRse,kr0
2617,롤만하는롤대남,롤대생
2618,綠黃色社會,888
2619,open ff,KR1
2620,실버 P즈,KR1
2621,귀 신,swc
2622,대전박대기,KR1
2623,vwwavve,www
2624,완요학생,KR1
2625,김다미 귀욤이,KR1
2626,삶은쫄비의연속,egg
2627,미드정글만갑뉘다,KR1
2628,문재앙,문도박사
2629,조영욱01,kr01
2630,Iziio,KR2
2631,공포다슈발라마,KR1
2632,할머니지팡이좀요,KR1
2633,위대한 개구찌,푸들맛쿠키
2634,쓰라령,KR1
2635,데이먼스 이어,666
2636,이웃집또터러,6666
2637,소년 정글러,KR1
2638,캇 트,KR2
2639,The Poles,KR 1
2640,똥도살살싸자,KR1
2641,관광권,KR1
2642,99690455del,KR1
2643,Scarlett,kyung
2644,Rkl,KR3
2645,건드려봐,100
2646,즐겜유저 태민,KR1
2647,미니언쥬쥬,KR1
2648,괜찮아 틀림없이,KR1
2649,어퍼컷,KR1
2650,우 수,0324
2651,프로틴,WPI
2652,월향량,연습계정
2653,스타 푸틴,8930
2654,북한 조선민주주의인민공화국,KR1
2655,한남 강건,KR1
2656,알리스타모유먹고자란박관수,KR1
2657,시훈데용,KSH
2658,재니땅,KR1
2659,다딱이들준나패기,kr99
2660,tnrjscks,TES
2661,손풀기계정1,재 원
2662,싫 으,KR1
2663,힘들수록힘내자,KR1
2664,크리스티아누 호날두,got
2665,HAHAHAHAHAXD,KR2
2666,싸커킥,맞아볼래
2667,닉을어케지을까고민하다가결국최대,KR1
2668,xoot,KR1
2669,치즈플레이트,KR1
2670,열정의예나요정,KR1
2671,abcdeasy,KR1
2672,내이름맑음,맑 음
2673,Liz,been
2674,낑 카,KR3
2675,Navy,0909
2676,기우스엉,KR2
2677,어쩔 오대식,KR1
2678,함정카드발동,드로우
2679,허 정,허 정
2680,초 보,23834
2681,silent tonight,KR1
2682,소분홍이,KR1
2683,카우절,춘식이
2684,N J Z,반희수
2685,루루시 루,0730
2686,신종섭,KR1
2687,hide on bingcin,KR1
2688,최강미남최정원,lol
2689,인하공업전문대학,재료공학
2690,롤로노아주영,8280
2691,신난다링,KR1
2692,Dopamin,Medic
2693,去看看吧,가보자
2694,냥 냥,KR1
2695,푸른바다밝은태양,154
2696,west7,7777
2697,챌찍고접을게요,KR181
2698,来下路抓,目标王者
2699,毛泽东的妈妈是1020婊子,我杀了毛泽
2700,밀 뱀,KR1
2701,하이브짐,KR1
2702,Loopy,1813
2703,Created,201
2704,버블껌,omg
2705,무면 라이너,C급 히어
2706,Akaps,0506
2707,Bunshinsua,KR1
2708,잔나비,0723
2709,Xiaohao7869,KR2
2710,양학하지마세요,KR1
2711,음바페,messi
2712,씽씽쓩,KR2
2713,아시타비,sole
2714,베트남외노자,VN3
2715,사랑해요,kr3
2716,김오꼴뚜기,KR1
2717,내 친구 우리팀,연습용계정
2718,대뚱이,0616
2719,김비버 추모공간,KR1
2720,xiaolijj,KR1
2721,Chaconne,1111
2722,박성진,1996
2723,벅찬슬근탑게이,KR1
2724,프링글스,1234
2725,그렇다 나는 감자,KR1
2726,땡볕아래 파라솔,5742
2727,GOOD GAME GG XD,KR1
2728,수달보단해달,KR2
2729,하얀불꽃의김동규,KR1
2730,단소 살인마,너 누구야
2731,붐붐따리붐붐따,KR1
2732,덜커덩,0327
2733,판다원숭이,KR1
2734,야마다 료,3505
2735,Happy moment,KR1
2736,리버쿠터,KR1
2737,관 음,몰 래
2738,라인전은어려워,1732
2739,운 터,코딱지
2740,소년누룽지,1120
2741,김도원,1125
2742,산수 사이,KR1
2743,히사시부리,JMJ
2744,스트로베리 초콜릿 생크림,KR2
2745,스타 개복치,123
2746,귀살대 하주,KR1
2747,옆집아줌마 남춘애,사랑해요
2748,즐겜러햄토리,잠만보
2749,Khan fan,KR1
2750,제리학과,KR01
2751,1115555414,KR0
2752,김성찬09,KR2
2753,하 니,7744
2754,ZEDly,KR1
2755,전문가,KR0
2756,IllIIIllIIIlI,KR1
2757,Lust For Life,KR2
2758,아니잠시만요제발,KR1
2759,논현동 룰러,1234
2760,깐 민,KR2
2761,love me like,1213
2762,crisp,505
2763,나는아무잘못없어,qwer
2764,겨울싫어,KR01
2765,오은깃,0708
2766,FA 08 원딜러,kr11
2767,kalista,1225
2768,사일아칼리,1102
2769,용호고 미드,KR12
2770,Neymar JR,산투스
2771,Radiohead,K R 1
2772,악어의 노란 우산,장맛비
2773,자동물약,KR2
2774,오 뎅,0522
2775,錫 元,老 將
2776,밍 밍,1012
2777,형 시2,KR1
2778,jungler,2006
2779,탑의 기본소양,KR1
2780,뭐라 하지 마요,KR1
2781,딸기크로와상,KR2
2782,미 드,KR333
2783,본캐정지먹고옴,KR1
2784,QIANA,KR1
2785,스타 빙닭,미드강사
2786,개는잘못이없어,1818
2787,연필3개,KR1
2788,부드러운참치,KR1
2789,건들면 물어요,뽀글이
2790,95151588del,KR1
2791,12316548,KR1
2792,신예은,0313
2793,wonder why,you
2794,원딜양보쫌,KR1
2795,부천역꽃그지,KR1
2796,TOHO animation,KR1
2797,뭉              칭,0121
2798,Achy,0527
2799,미오탱,0228
2800,죠 폭,사춘기랄로
2801,NEO28,NEO28
2802,장희범,입니다
2803,평점1점미드,7327
2804,05 레데리,KR1
2805,Sexy Beat,KR1
2806,담담담,치지직
2807,Lesser,panda
2808,I L,KR11
2809,Top or die,again
2810,책임진다,KR1
2811,Pioneer,Jug
2812,shebam,1759
2813,우리팀사랑하기,0000
2814,와 플,0211
2815,정윤면,KR1
2816,이래도안와,KR1
2817,초코비,내꺼야
2818,落日飛車,AAA
2819,아카자,KR3
2820,다이아 티모,KR1
2821,트린다미워,6429
2822,먹기장인,KR5
2823,ttlf,KR1
2824,분노잘참음,KR1
2825,15겜하자,KR1
2826,똥모양아기,KR2
2827,진라면중간맛,KR1
2828,무lee하지마,KR1
2829,jeju한우,KR1
2830,지역인재7급행정공무원,xuz
2831,뇌녹아요,KR1
2832,세구강,미스티크
2833,바다는 파란색,KR1
2834,Untitled,無 題
2835,Isaac,KR2
2836,이둔 2호,KR1
2837,泰 隆,刀锋之影
2838,일인분만할래요,KR1
2839,A P,A D
2840,또 치,둘리맘
2841,보민의 숲,KR1
2842,hyun min gochu,KR1
2843,자 덕,1111
2844,모와니면도,KR1
2845,권광표,0224
2846,Selly,KR01
2847,always confid2nt,KR2
2848,ListenPingEzwin,KR1
2849,월선헌,KR1
2850,허거덩,2201
2851,Top Gap,gapp
2852,아트충,KR1
2853,N0guri,KR1
2854,리소의접대용계정,KR1
2855,Night one,KR1
2856,ヲヲヲヲヲヲヲ,0000
2857,일 눈,ONEI
2858,겨울혐오증,KR3
2859,Invictus,IGfan
2860,tuki,JP2
2861,최강이될거야,KR1
2862,Chanhyeong,2002
2863,난 바로 가,KR2
2864,역천개,kr10
2865,릴라릴라고릴라,킹 콩
2866,in woo hwang,0329
2867,동그라미하루,dddd
2868,J Y,힘내자
2869,예비군소환사,KR1
2870,신화급귀속아이템을손에넣었다,КR1
2871,pupupupua,KR1
2872,유비밤바,105
2873,꽃이 흩날리던 봄,KR1
2874,키 큰 유미,KR1
2875,vcxzsavcxz,KR1
2876,장모기,KR1
2877,Ashe Queen,1014
2878,꼴받게하는계정,KR1
2879,HG Haru Gaeul BK,KR1
2880,어시따위안먹어,KR1
2881,황신우,KR1
2882,YuanYuanZhang,xai
2883,HappyX3,KR1
2884,아이브 리즈,동민전
2885,리폿반사 캐시템 사용 중입니다,신고는노노
2886,종혁이의희망,KR1
2887,Jessie sia lana,KR1
2888,조경학과다리우스,KR1
2889,롤 킹,롤킹이야
2890,아이스크림꺼꾸로,KR0
2891,まさと,ren
2892,김복동,니집가
2893,O  o  w  w  o  O,KR1
2894,o人 o,950
2895,핑차단챗차단,열심히할께
2896,찬복동,4885
2897,Mattraw,0806
2898,gaoqlqiang,123
2899,삥 쁑,뺭 쁑
2900,Domino,kr33
2901,치피공,KR1
2902,대충하는아이디,KR3
2903,실력 정진,POG
2904,티모들의 왕,KR1
2905,xiaosen11,CN1
2906,원형탈모돌부처,6123
2907,광 어,참이슬
2908,노틸러스,신속정확
2909,김민혁3,KR1
2910,비 온 뒤 맑게 갠 하늘,Sky
2911,Agent Ji,KR2
2912,배라 요거트맛,KR1
2913,I all mute,KR1
2914,play to chill,1010
2915,망나니 선도부,KR1
2916,죽고차단,kr2
2917,필라테스로 단련된 옹골진 몸,KR2
2918,이봉현,6527
2919,채팅끄기중,KR1
2920,루 치,j g
2921,채팅좀느낌있게,KR1
2922,늙고 병든 구씨,KR1
2923,알렉스 페레이라,으어어
2924,가와다사이나,KR1
2925,2031년,KR1
2926,lllllolll,kr3
2927,봄날의 해솔,KR1
2928,HARIBO,2468
2929,Twilight,KR4
2930,딸기요거트쓰무디,KR1
2931,mid라이너에요,KR1
2932,비키라지나갈꺼니,KR2
2933,김춘배,반갑소
2934,붙던가지던가,KR1
2935,싱싱카,KR0
2936,너구미,DWG
2937,뉴민트호냥,KR1
2938,민초라떼1잔,KR1
2939,Glister,115
2940,재 구,KING
2941,개쓰레기챔,KR1
2942,박지아,KR4
2943,珍惜瞬间,123
2944,Choi Eun Ho,KR1
2945,시큼하게,KR1
2946,푸 린,2002
2947,왕꾸르벌,꿀벌들
2948,Teemoking,kr3
2949,MMNMMMNMMM,KR1
2950,준호는 못 말려요,KR1
2951,뀨 바,KR1
2952,plus 82,KR3
2953,Lier,KR5
2954,감 자,도 리
2955,white,그림자
2956,마음껏 짖어,KR1
2957,Kamui,UCH
2958,코물쥐 fan,KR1
2959,경 식,KR1
2960,울 땡,KR1
2961,HIGEDANdism,ilove
2962,단지꿀,123
2963,비키니시티최고아웃풋,0938
2964,asd1,0428
2965,Euskara,KR1
2966,가을설화,KR1
2967,원딜서폿할줄모름,KR1
2968,곤약젤리먹고싶다,곤약젤리
2969,점박순돌 애BI,팬더G
2970,줏대없는행동,KR3
2971,평화전도사야옹맨,meow
2972,U Rmouse U,KR1
2973,정령훈,KR2
2974,god jeong,KR1
2975,wrkxdkdy,KR1
2976,볼보아이언,KR1
2977,wossi,KR1
2978,리터 아이스커피,KR1
2979,fhdks,KR1
2980,mubbasa,KR1
2981,KingLuckyMan,DC1
2982,nothing about me,KR1
2983,후이양,KR1
2984,늘미또,KR1
2985,초식은 한타죠,KR2
2986,정다훈,KR2
2987,동난이,KR2
2988,꾀돌잉,KR1
2989,냥 이,0 1
2990,꽃밭을 만드는 마법,6666
2991,밥먹듯이함,KR1
2992,인어맨,KR2
2993,메 샤,KR1
2994,Douyin花花,雨逢花
2995,항상청결,KR1
2996,오사나이 유키,150
2997,elrmekrm11,KR1
2998,영도에몽,KR1
2999,280u,280u
3000,리신 oner,KR1
3001,쭌수우,KR1
3002,니꺼내꺼가어딨니,KR1
3003,안중롤0짱,KR2
3004,갱이누나이쁘다,천 사
3005,JlM,KR1
3006,Useless Ad,KR1
3007,mozzi peachee,KR2
3008,백백요리사,KR12
3009,Aplastar,999
3010,Open run,15gg
3011,메로앳타,KR1
3012,메가메가펀치,KR1
3013,김 병 지 훈,KR1
3014,여행떠나는나그네,KR1
3015,치킨사줬는데다리2개먹는김민석,KR01
3016,카라카부캐,KR4
3017,탑인권옹호자,KR1
3018,Sunlight,0302
3019,FA ADC,Der
3020,흥칫뿡,030
3021,휘뚜루마뚜루나뚜루,KR99
3022,스미치겠네,6134
3023,림 나,KR01
3024,Xie,0624
3025,人間失格,KR 1
3026,늙고 병든 오리,KR2
3027,빠드득공주,이갈이
3028,의 현,이의현
3029,a432,KR1
3030,그지자식,KR1
3031,준서고,KR1
3032,셈뎅뎅,KR1
3033,봉풀주 블리츠크랭크,홍보대사
3034,88151139del,KR1
3035,멋진헛간,혁 오
3036,발목관리,완전파열
3037,느그으음마,5933
3038,안뇽하,0000
3039,113 2,1966
3040,근본미드캐리,KR1
3041,댕청잉,KR1
3042,In The Blue,Mood
3043,신  ,1234
3044,화내지않고 즐겁게 게임하자,KR126
3045,하프브릿지,KR1
3046,의리공화국,KR1
3047,for him,K R
3048,PINgPlez,KR1
3049,목욕탕 사장님,KR1
3050,사막여우,사람을물어
3051,LKL annung,KR1
3052,너와 함께하는 순간은 소중하다,부질없다
3053,코     차,차   코
3054,너는달도아닌데왜밤만되면떠오를까,KR2
3055,탱 구,세체탑칸
3056,croissant,BOT1
3057,무직백수는미래를꿈꾼다,7301
3058,아무생각없네,KR1
3059,팀운겜수준봐라,KR1
3060,바쿄니,KR1
3061,맹꽁다,KR1
3062,건도건도,KR3
3063,타파하민,KR1
3064,젤리먹고기운내,KR1
3065,범인은주변에있다,그게내결론
3066,검 좀 다룹니다,KR1
3067,수입뿌드,KR2
3068,별을다루는아이,KR1
3069,JungMongJu,KR1
3070,콩나물감자당근,KR1
3071,이두나,0928
3072,정글 뿅 간다잇,KR1
3073,마딱이 김지호,9696
3074,둘기간식,1111
3075,띠띠모,띠띠모
3076,마딱이혼내는사람,KR1
3077,동준짱123,KR1
3078,반고등,KR1
3079,유미랑맞짱떠서짐,KR1
3080,나분노조절잘하니까제발살려주세요,HELP
3081,재 덕,0325
3082,Dont Forget Me,FSC
3083,조랑해,KR1
3084,방관장인,5461
3085,말비포,KR2
3086,flxxx,asdf
3087,lsndow,KR4
3088,mia,01023
3089,호날두,노 쇼
3090,JI DEANG,지 댕
3091,드레이븐원챔3,KR1
3092,정모레,KR2
3093,새벽에롤해요,퇴근후빡겜
3094,like galio,KR1
3095,범사섭수관용,KR1
3096,이히히히히히힛,KR1
3097,크와앙,무섭지
3098,와라DRAGON,1234
3099,꽝성이야,KR1
3100,LeofAu,KR1
3101,된사람만들기,KR1
3102,MYPRIDE,KR1
3103,만잠보,10000
3104,영 준,3518
3105,용감한 감자,0323
3106,똥꼬에낀콩나물,똥낀콩
3107,짜증이빠이,angry
3108,Lorace,KR1
3109,재상재빛날환,KR1
3110,백 각,kr2
3111,정수민,미사카
3112,H dung G dung,kr2
3113,설윤아,sdij8
3114,조용히좀해라,1111
3115,天 外 天,000
3116,일단 달려볼게,KR1
3117,감수성,KR1
3118,휴면강등된사람,KR1
3119,선유민,KR2
3120,1포 포반장 직스,KR7
3121,zxcxzqwerqp12,0306
3122,호호호,1020
3123,Yangsik,KR2
3124,육중한몸매,2837
3125,옆집수건도둑,KR1
3126,보로보로,ボロボロ
3127,반곡탱크보이,UK1
3128,고윤정한소희신세경,이쁘다
3129,Vanellope,KR2
3130,이상혁06,1000
3131,무아지경,망겜그만해
3132,해돋2 정동진,KR1
3133,신광순,god
3134,Delete,byeby
3135,대왕문어,123
3136,조영준,KR2
3137,너무 늦은걸까,KR1
3138,원하는 2름2,KR1
3139,여쌍수,KR1
3140,Loki,HJ04
3141,밀레니엄홀애비,KR2
3142,jouseph,KR1
3143,스카스카,SKN
3144,CreDos,KR1
3145,jsezl,kr69
3146,아재칼잡이,KR1
3147,과로사 엄마,KR1
3148,노슬라,SEXY
3149,시드 필립스,KR1
3150,방재석,KR1
3151,지성이는 힘들어,KR1
3152,난절대안된다,KR1
3153,꼬오마선충,KR1
3154,감 평,KR1
3155,무성격,KR1
3156,KAKAROT,HYO25
3157,나 게놈 아니다,KR1
3158,도도도도파파,KR1
3159,치 속,7072
3160,自分のルール,문 강
3161,시비걸면바로박음,걸어봐한번
3162,도리돌리,KR1
3163,욘두가그리운사람,KR1
3164,세현임,홍 씨
3165,나말고와드박아라,KR1
3166,Odoriko,0507
3167,wefqwqwfqwa,KR1
3168,こうがくしゃ,kr2
3169,순백빛,KR1
3170,오명진,KR1
3171,물음표,프라이머리
3172,Banksy,5383
3173,cnqc,KR1
3174,흑야별,KR1
3175,토요일오후가만히누워서릴스보기,KR0
3176,王木木,岁月流逝
3177,온실 속은 더워,KR1
3178,북 신,KR1
3179,팔차선,1601
3180,가난한 사랑 노래,3280
3181,Yona,lun
3182,天 马,第一剑
3183,boyoung007,700
3184,Kaye,KR1
3185,Always,kes
3186,홍 차,KR123
3187,즐겜합시다,000
3188,서장석,2000
3189,이잉사랑해요,테스트전용
3190,마아틴,1122
3191,ヲヲヲヲヲヲヲヲ,投 吧
3192,배겸1,aaay
3193,부서진솔방울,KR1
3194,절망의 새싹,shaco
3195,22MRFT61,0929
3196,헤 매,비디디팬
3197,mini 볼베,KR1
3198,전역좀하자,KR3
3199,아오빠빨리싸줘,KR1
3200,Tar ar ais,2025
3201,자J크G,KR1
3202,천은찬,KR2
3203,only 김지원,5400
3204,노마십가일심정념,KR2
3205,sdjhfkshjdfjkf,2344
3206,Aphelios,KR7
3207,강해린 귀엽다,Cute
3208,42man,KR1
3209,항상열심히하자,항상열심히
3210,만 두,top
3211,한일고요리사,1221
3212,김민제,KR1
3213,밧연재,KR123
3214,죄송해요 저 여자친구 있어요,HAPPY
3215,선생님,KR1
3216,수송관 장윤진,6포병여단
3217,白河月愛,キミゼロ
3218,조신섀턱앞프레스,KR1
3219,얽혀만 가는 진실,KID
3220,불떡볶음면,토트넘
3221,라이칸 민지총,KR1
3222,바 다,0618
3223,78790544del,KR1
3224,김민준,77777
3225,하니야,KR1
3226,평범하게 살자,힘들어
3227,나는 반딧불,1231
3228,dduckdoo,KR1
3229,I Dice I,KR1
3230,424,1111
3231,도유7,KR1
3232,아프리카허콩98,1541
3233,고의트롤정지,KR1
3234,신사미라,신사미라
3235,바텀이이겻는가,KR1
3236,킴치뽀끔밥,kr2
3237,애기정글둘리,KR1
3238,첫 애,KR1
3239,거태식,KRl
3240,예티최강미드,KR1
3241,우혁놀이,KR2
3242,7755296del,KR1
3243,야옹아 멍멍해봐,2003
3244,벨지구달,0768
3245,KKitoh,0530
3246,길호태,KR1
3247,45656487del,KR1
3248,T1 원딜러,KR1
3249,똥챔원챔후회중,KR1
3250,High Water,개고수
3251,마르르르,성 모
3252,감 자,1004
3253,내 빤쓰를 벗겨주세요,ovo
3254, T1 ZENITH,KR1
3255,뱁 새,흰 콩
3256,전라진,KR1
3257,gmm,0622
3258,Wushenzhaozilong,KR1
3259,Iknz,KR1
3260,78 강팔춘,KR2
3261,lou attacdirarre,KR1
3262,쪼로니,SOOP
3263,09 09 PM,KR1
3264,쥬 짖,KR1
3265,야만의 몽둥이,2000
3266,박투산,1995
3267,삼  디,KR2
3268,돌 결 의,KR1
3269,sonloo,KR1
3270,Serious,KJS
3271,Like 2013,enhy9
3272,로맨틱 러브,0121
3273,wnstj10714,KR1
3274,大韓獨立萬歲,唯我獨尊
3275,곰사장,KR1
3276,Hoju,레쓰고
3277,부아아아아아아악,KR1
3278,Calm,1214
3279,세훈잉,KR1
3280,이쁘니,KR123
3281,수유리뚝빼기헌터,KR1
3282,아프다 고마하자,KR1
3283,탱글주녕,kr01
3284,근슐랭,KR1
3285,제발부탁할게,KR1
3286,happy game lol,KR1
3287,연세대학교,대기과학과
3288,Hashelly,KR1
3289,늑대세끼,KR1
3290,저돌지용,9833
3291,Besilent,KR1
3292,맛있는 치킨,KR99
3293,좋은하루,KR2
3294,74160456del,KR1
3295,두둥실커피,KR1
3296,익스큐즈,001
3297,향 기,딸 기
3298,갤러해드,harry
3299,신 곤,KR1
3300,마지막돛대,KR1
3301,     혈 7I 왕 성,KR1
3302,eve93,이기적유전
3303,구마돌,1O04
3304,Emperor,KR7
3305,choisihyeok,KR1
3306,재 준,RYU
3307,은이온,KR1
3308,세계 최강 르블랑,KR1
3309,7300440del,KR1
3310,숨어서힐만할래요,KR1
3311,InJaeO418,KR1
3312,Challenger Ekko,KR1
3313,김봉선짱,KR1
3314,오른으로박는사람,KR1
3315,시러시러귀차나,Zzz
3316,정끼용,KR1
3317,Daito fan,JPno1
3318,날개토끼,KR1
3319,Cherish,KR3
3320,느그지운,KR1
3321,초 진,KR1
3322,양떼사냥,고 결
3323,하늘도구,KR1
3324,머리박고머리박기,KR1
3325,개미는 오늘도 열심히 일하네,KR01
3326,흰색꿀꿀이,KR1
3327,내가바로박종우,KR1
3328,뭉게구름,KR1
3329,겨울 지고 봄,KR1
3330,inmygarden,1234
3331,탑이인생인사람,KR1
3332,상훙잉,상훙잉
3333,남궁민준,KR1
3334,RRR EEE QQQ WWW,KR1
3335,살랑살랑잘래요,LZZZ
3336,전과69범촉법소년,KR1
3337,얼빵2,0112
3338,벌수호자 김재영,000
3339,공병장군,KR1
3340,future with,1221
3341,동작그만갱킹이냐,KR1
3342,김한얼의 개,미드는도구
3343,노 목,노 목
3344,秀 炫,2026
3345,꿀벌앵앵,KR1
3346,인생은아름다워,SR1
3347,낑깡유,도구1
3348,건들지마세요,1999
3349,김레무,2025
3350,25hdp,JDG
3351,하 누,하  누
3352,할 일을 열심히,5525
3353,호양이,meow
3354,호 진,1209
3355,Dazzling you,KR9
3356,세츠단,KR1
3357,오줌뿌리기,피해라
3358,땅콩좋아요,KR1
3359,가재장군1234,5498
3360,항상 멘탈잡자,KR1
3361,CCDAD,糖醋肉
3362,매 긍,엄준희
3363,MILKGOD,5924
3364,심심해하지마윤빈,KR1
3365,빠그러진 승,KR1
3366,손 진 우,KR2
3367,이강빈수레가요란,KR1
3368,원딜선픽하라고,8352
3369,부캐미드연습중,KR1
3370,SelxD,KR1
3371,쟁현이,КR1
3372,가락보면짖는개,KR1
3373,slippy,KR1
3374,drôle,КR1
3375,incluma,7799
3376,한 아 청,KR1
3377,새 루,KR1
3378,깜짝파티 김태하,KR1
3379,나봉철,NBC
3380,리수연,리꿀벌
3381,겨울호박죽모단,DANIE
3382,중간보스 강민재,KR1
3383,나의솔킬에박수를,KR1
3384,캇승훈,2640
3385,사이좋게합시당,KR1
3386,여름장,KR1
3387,인생을 배우자,KR1
3388,Flashback,KR2
3389,주파령짱구장상준,KR1
3390,하이루,KR4
3391,만쭉턴,반대요
3392,니면상을칠수는없잖아,KR2
3393,유승한내따까리,KR1
3394,오늘따라나쁜하늘,kr2
3395,SK하이닉스오른다,KR1
3396,winter,여름겨울
3397,노력과끈기,노 끈
3398,고마고마고마워,123
3399,아기 호랑이,이 서
3400,중국인아니야,KR1
3401,죽박이,KR1
3402,호 떡,67676
3403,내가알던너는없다,KR1
3404,말괄현이,KR1
3405,83억슨,KR1
3406,동치미국물시원해,KR1
3407,지밍밍의비타밍,KR1
3408,코거누,KR1
3409,건전한닉네임1,KR1
3410,칼잡이,칼잡이
3411,묘해 너와,KR23
3412,1000AGOA,KR1
3413,우리모두사랑해요,KR1
3414,01년생 피즈장인,MOFM
3415,ASSASSINS2753,KR1
3416,지민아 사랑해,승우가
3417,Jude,КR1
3418,Hide on bush,SJ09
3419,바람피는강아지,똥개1
3420,양수영주인,KR1
3421,내게롤은살인이다,KR1
3422,화장실청소담당,kr2
3423,무서운썬더드래곤,0303
3424,Ehre für Deutch,2323
3425,성기사시험에드릭,KR1
3426,지창욱 송강 차은우 노해람,레츠고
3427,박다영 팬,웹 툰
3428,쌔 디,쌔디0
3429,말 종,KR1
3430,경 민,ADC
3431,seniiee,0000
3432,오리아나의진혼곡,KR1
3433,Tequi1a,KR1
3434,나는이응석,KR4
3435,저라뎃 fan,KR1
3436,언제까지그렇게살래,현생을살자
3437,자혁이,KR1
3438,추억생성기,KR1
3439,장민환,KR2
3440,배중석,0602
3441,65491370del,KR1
3442,야구 롤 담배,못끊어
3443,선빵개이득,KR1
3444,바꿀까 말까,KR1
3445,SPARKLE,0801
3446,ENAKING,KR1
3447,미드줘캐리해줄게,KR1
3448,부구언,부구언
3449,허밍자오,KR1
3450,이번시즌챌찍는다,KR2
3451,슈가람쥐,KR1
3452,아무말없이겜만함,ddd
3453,Liz,nyang
3454,강시준1,KR1
3455,zdsdsasdasdzx,2222
3456,소금새우,냥이가좋아
3457,새와 매미,KR1
3458,적선화,RED
3459,은하수를 닮은 너에게,2024
3460,경선식 영단어,KR1
3461,세상이가,모티모티
3462,하고싶은거하면서살거에요신경꺼요,6974
3463,luck dog,KR1
3464,이브이단,126
3465,낭만고양이3,king
3466,시지프 신화,KR2
3467,해 린,KR14
3468,갱가요,9999
3469,프 페,pfe
3470,펭성우,세건잉
3471,Head Banger,KR1
3472,망고바나나I,KR1
3473,팀운정상화바라는사람,다해줬잔아
3474,카밀제이스,KR1
3475,잤 오,KR1
3476,OεO,7998
3477,무시무시한 백호,어 흥
3478,지혁몬,KR1
3479,TAEKBAO,0505
3480,한주배링똘배똘링,BDL
3481,й 재희 й,IlIll
3482,누 누 누구세요,EU1
3483,칠성사0I다,KR1
3484,61420265del,KR1
3485,교 타,KR1
3486,GGGori,KR1
3487,苦盡甘來,苦盡甘來1
3488,싸아쉬,ARS
3489,Beta ver,KR1
3490,나르를 나르자,KR1
3491,에이셔화성간다,2222
3492,불이과,다리우스장
3493,승바오,연락해
3494,hifi anatomia,3321
3495,군인의겨울나기,48522
3496,열쇠챙겨,KR1
3497,한국원숭이,KR1
3498,마이충,우주류참피
3499,4 adc cant win,1111
3500,무단유턴 이성계,KR1
3501,포 기,유리멘탈
3502,Calm,0607
3503,열도소년,KR1
3504,오키쩔,KR1
3505,땅콩석화,0706
3506,FART,1232
3507,신수범04,KR1
3508,극동서폿,KR1
3509,Chill guy,KR615
3510,불붕이,KR2
3511,현 겸,현겸2
3512,계란맛포도,KR1
3513,하체원,KR1
3514,룸방아가씨,6974
3515,악당들아 덤벼라,KR 1
3516,비선별인원,КR1
3517,앞만보는탑신병자,KR1
3518,Fix,피에로
3519,통나무,탭댄서
3520,Kanzaki,KR7
3521,키173cm체중42kg,KR1
3522,채팅안봄,111
3523,KOR 한우,KR1
3524,씨유박스화이팅,KR1
3525,사과하는게좋을걸,KR1
3526,Legna,KR1
3527,머리검은콩,KR1
3528,천향초,Axe
3529,백두산천지물고기,ASH
3530,성키zz,KR1
3531,족삼리,KR1
3532,대구 심술두꺼비,물 소
3533,무기력한초식동물,1111
3534,マンハッタンカフェ,UMA
3535,57830832del,KR1
3536,퓨 제,KR1
3537,6픽만 믿어요,KR1
3538,Hanjeongsik ,KR1
3539,흐으으으음,1234
3540,블 클 레 드,KR2
3541,미 니 언,미 니 언
3542,냄배맨,KR1
3543,대한민국 천안시,KR1
3544,del65465413,0415
3545,바위개 내꼬얌,KR1
3546,빡겜유저 김즐겜,KR1
3547,메 끠,KR1
3548,짤 규,KR1
3549,슴니즌,123
3550,NASDAQ,1217
3551,이관용,2002
3552,읽씹맨,KR1
3553,호박고구미,KR1
3554,Ioán,IIIIV
3555,오소리 개모,KR1
3556,선택장애,khy
3557,BluffingGod,KR2
3558,떠먹는삼겹쌈밥,0929
3559,Thresh grab,KR1
3560,Rexit,0503
3561,김춘광,KR1
3562,Castle,Jo1
3563,뽀삐사루 개추,KR2
3564,삼인호,KR1
3565,백D현,망나니
3566,나 누,kr2
3567,도구 김범수,다딱2
3568,Seasons,Rival
3569,씹김치남,KR1
3570,나도쌩배합류함,ΚR1
3571,아그작,과자먹방
3572,용팔이의 백안,KR1
3573,고구마야비켜,win
3574,peach,6267
3575,다크 정글,ZAC
3576,순조롭게,KR1
3577,길경만,KR1
3578,빠른소환술,KR1
3579,사랑합니다,6117
3580,고구마감자칩,KR1
3581,콩밥먹을래,KR1
3582,The shy,1pyo
3583,바위게는내꺼,KR1
3584,leolovestn,2004
3585,내 봄을 품어줘,KR1
3586,운명같게해타이밍,000
3587,당하는 거 좋아하는 사람,kr2
3588,과제안해요,KR1
3589,이승법,KR1
3590,C1성진현,우디르좋요
3591,M1레넥장인,kr01
3592,IllIIllIIIlllIIl,123
3593,기혁2,KR1
3594,오모리김치찌개,omori
3595,wittgenstein99,KR1
3596,문법나치,김성아
3597,이아피,KR1
3598,Luna,King
3599,제주농협감귤도둑,KR2
3600,EGO,uNGDo
3601,댄 나,KR1
3602,고친득,1022
3603,데스노트,hee
3604,인생은도박이야,KR1
3605,나미유미루루,공주캐리
3606,LOL Craftsmans,KR1
3607,psy ops mai,KR1
3608,틀니딱딱수,덕 수
3609,야호붕붕대장,knndd
3610,天下第一,3013
3611,햄부기,0220
3612,우정유,KR2
3613,이서연,0509
3614,Ash3r,KR1
3615,Givmind,KR1
3616,꾸르 형,KR1
3617,Ganges,KR1
3618,부자가되고,KR1
3619,PILTOVER,Zaun
3620,연습용아이디55,9138
3621,Blue,퍼런색
3622,LuLuxing,KR1
3623,Sang flower,KR1
3624,사연이 있어서,KR1
3625,유똥별,KR1
3626,추마리,KR1
3627,Seobaek,001
3628,우두머리수컷,1 1
3629,오션브릿지키즈풀빌라,6408
3630,스스슥,0211
3631,클레탁,KR1
3632,aagumon,KR1
3633,앞집 땃쥐,9936
3634,스타 웅,서 폿
3635,polka,0801
3636,질 투,123
3637,여수밤바다,1995
3638,경상도 원딜,GOAT
3639,잡 재,KR1
3640,Gyun,777
3641,xiangwnuri,4152
3642,영 쟁,영 쟁
3643,비비빅,비비빅2
3644,heat more gold,KR1
3645,고수1세,윤여진
3646,탁정민,kr2
3647,일루와잇,KR2
3648,HILAzzq,KR1
3649,풍무 김갑룡,KR1
3650,ZEUS,김재연
3651,반말하지 마라,씨X롬아
3652,백정조련장인,KR1
3653,두꺼비장군,KR1
3654,바 다,심 해
3655,no chat,plzz
3656,21세박홍식의군입대전최후의구애,2005
3657,랄로의사라진80억,트럼프빔
3658,사연시,기마연
3659,jhwed,0874
3660,매미는겨울을모른다,선부지설
3661,USUN,ILOVE
3662,know go way me,KR2
3663,진지픽맞습니다,바보똥
3664,민 재,1224
3665,powerful people,KR1
3666,Caroline,Ahv
3667,화 니,hwane
3668,태양이보내줬던힘,KR2
3669,Quan hệ tình dục,KR0
3670,아야 뼈맞았어,아야아야
3671,IMAnnieKing,6321
3672,밤에 야한남자,KR1
3673,Chill guy,3422
3674,엽전할맥,할 맥
3675,싱미눅,KR1
3676,원딜아 나를 믿어,KR1
3677,요아정삼인분,KR3
3678,폴짝폴짝 콩콩콩,아기염소
3679,늙고병든말쵸,치지직
3680,top on the sky,KR1
3681,마순팔,250
3682,종매앤,KR1
3683,우디르,5648
3684,공주입맛,kr3
3685,부딪혀,KR1
3686,블루빛,KR1
3687,윤 기,회오리
3688,Fix,Happy
3689,Pochak,king
3690,검 객,CODE
3691,충남경찰청 고도한,화이팅
3692,사고 나면 후회하는 의자는,팔걸이의자
3693,JDG Rulerrr,KR1
3694,마중최,124
3695,ReiйDeer,KR1
3696,박두길,KR11
3697,혜 림,1010
3698,Illumination,1234
3699,Everglow1,KR1
3700,모든 것은 아름답다,KR2
3701,불타는돈두,KR1
3702,괴물쥐133,8178
3703,기승전탑,KR1
3704,양념 닭고기,KR1
3705,시박사조수,KR9
3706,방성대교장선생님,KR1
3707,물고깅,KR1
3708,댕 써,KR1
3709,공포와 물고기,물꼬기
3710,우유없는시리얼,KR1
3711,미친고추장,KR1
3712,WILD SHACO,KR1
3713,Last game,kr20
3714,또이또인간,KR1
3715,호날두챔스우승,1557
3716,41641654,KR1
3717,Want myself,KR2
3718,Tales,KRNo1
3719,롤접는게작년목표,KR1
3720,딸기드래곤임,KR1
3721,푸르꾸,KR1
3722,원딜님 믿어요,KR1
3723,TAMBURINS HOLY,METAL
3724,래 웅,고구마
3725,당구장 아저씨,KR1
3726,이대혁,KR3
3727,처음부터 다시,0307
3728,JuneBear,KR1
3729,휴먼비활성화,KR1
3730,신경질적인사람,KR1
3731,귀여븐놈,KR1
3732,Jecy,KR1
3733,AfreecaTV 김병코,KR1
3734,럭스민,KR1
3735,그 랩,1027
3736,금 지,KR1
3737,hawul,하우리
3738,TT TT,zxc
3739,웅땀썽,이그이그닉
3740,질 주,1228
3741,맨 붕님,KR1
3742,월즈의군만두,KR777
3743,지우개칠판,KR1
3744,매월25일 월급날,KR1
3745,LastGift,KR1
3746,레몬맛녹차,KR1
3747,용성장,KR2
3748,롤에서제일못하는포지션숟가락,7773
3749,홍성찬,KR1
3750,티피언,KR1
3751,히 또,kr22
3752,parliament1,KR1
3753,최 상혁,1059
3754,빡 준,kr0
3755,lapccv,KR1
3756,니들이사람이냐,KR2
3757,날 바라봐,KR2
3758,으아심심하다,KR1
3759,심심해개미,KR1
3760,ADheal,KR1
3761,젤리통통,젤리맛
3762,김꼬뚜,0303
3763,riza,1219
3764,명불허전,김승준
3765,가리비먹는수달,KR1
3766,Larothy,KR3
3767,개같이부활,0702
3768,기찬77,2005
3769,이길때까지막는다,KR1
3770,山涧茶,0609
3771,새우깡끼룩,KR1
3772,롤 초보자에요,KR1
3773,방TOP,KR1
3774,뭐라하면 속상해,너꼭찾는다
3775,Ikura,いくら
3776,꼬라봐서 미안해,0206
3777,捲土重來,2001
3778,bluehat,1966
3779,나를 두고가라,KR1
3780,Everglow,0603
3781,의정이다,1111
3782,오빠 전역했다,사귈래
3783,珉 鎬,0504
3784,도 약,MID
3785,간절한 사나이,좀이기자
3786,게임지러왔어요,KR1
3787,러빙원딜,KR1
3788,Disaster,LSH
3789,Muture,맘마다맘마
3790,고 로,wewe
3791,부 엉,KR11
3792,오고새,KR1
3793,이런 난 어때,kr2
3794,징징EE,xcd
3795,난좀어려그래 26,KR1
3796,요플래,넌 나가라
3797,15man,KR1
3798,PaIm,KR1
3799,흑인피지컬,KR17
3800,Retireplayer,15ggn
3801,베 오,KRl
3802,다 좋을 때,0328
3803,이재명 구속,이재명사형
3804,Mannoroth,KR1
3805,빵빵아 밥먹자,배고파
3806,홍정인,KR2
3807,항상 증명하는 남자,노력끈기정
3808,호이포이모자,KR1
3809,바이퍼룰러구마유시에이밍이도경,KR 1
3810,fove,KR1
3811,115万キロのフィルム,현재1
3812,어리다고 무시하지 말아주세요,kr22
3813,노트록스,KR1
3814,람깐만람깐만,KR1
3815,도사님의 도술이니라,베리릴
3816,Grim Reaper gun,KR1
3817,Visored,KR1
3818,별점이,KR1
3819,기도하면이겨,KR1
3820,완숙 반숙 여인숙,KR1
3821,경민대 정글러,kr12
3822,유려하고 수려한,KR1
3823,구르고박고던지기,KR1
3824,보수주의 윤석열,KR20
3825,sanghyxxn,KR1
3826,DDUKKAPENDA,KR3
3827,우주최강올라프,KR1
3828,대포훔chill guy,라인밀자
3829,Patatas Fritas,KR1
3830,띠 라 노,KR1
3831,희뚤마뚤,KR2
3832,duacnsal,KR1
3833,꽃 잎 사이 떨어진 네 입술,낭만치사량
3834,망겜 못해먹겠네,KR2
3835,Pragmatic,KR1
3836,덩크대왕다리우스,KR1
3837,변종 나서스,KR1
3838,wjddbs,7995
3839,MID,KRI
3840,본인명의계정,Baek
3841,유 유,KR1
3842,안전벨트이상무,출바알
3843,재호오,KR1
3844,Kermin,0212
3845,지존정준규,KR1
3846,KamioMisuzu,1002
3847,머리빡빡민스님,1111
3848,쪼꼬미,001
3849,Iochi mari,151
3850,달콤한 포로,K R 1
3851,기뱅이,KR1
3852,내가 엄 정 식,KR1
3853,거기서 머하니,KR1
3854,대구임종혁,KR1
3855,창백한 푸른 점,Elin
3856,Egoist Lee,GOP
3857,이여자내꺼찜,KR1
3858,미드메가나르,김택성1호
3859,개기월식,KR7
3860,미 니,1102
3861,이상형 김민정,KR11
3862,loeff,KR1
3863,가위바이퍼,SB1
3864,응애핑,KR2
3865,동 원,KR0
3866,김 현 동,3333
3867,배달장인마빡이,KR1
3868,개병대,kr123
3869,NOTHROWMECARRY,KR1
3870,도내 넘버원 가드,KR1
3871,04년생,0409
3872,有志竟成,2025
3873,톰플라츠식 스쿼트,KR01
3874,교잘도,KR1
3875,돌아온 민지씨,KR1
3876,제발손으로하자,KR1
3877,솜서연,0415
3878,간 콩알만한 사람,KR1
3879,상남자 펭구,KR1
3880,ColorLife,123
3881,카레라이스,진짜맛있음
3882,나를따라라노예들,KR1
3883,SoulCrow,KR1
3884,kwaksol,KR1
3885,a멋쟁이a,KR1
3886,동저니,KR1
3887,분평동아이린,KR1
3888,DOGU,HAM
3889,한남충 재기해,KR1
3890,광진구 용섹핑,KR2
3891,예 지,0103
3892,꽉지은,KR1
3893,저는요져도알빠노,7777
3894,長壽天牛很帥,sichu
3895,도레미레오나,KR1
3896,미드 부캐,KR123
3897,맨 유,0330
3898,이푸카,KR1
3899,인 연,0102
3900,ssuya,KR1
3901,쥬얼가야금,JeweL
3902,HLEWIN,0728
3903,Ws Winner,KR1
3904,FEARNOT,KR3
3905,3캠미드갱,123
3906,초가스 원챔,KR1
3907,감자탕과소주,KR1
3908,식 인,KR1
3909,롤닉네임변경어떻게해요알려주세요,어떻게바꿔
3910,Chill Guy,T 1
3911,악귀멸살,1303
3912,아직할만해제발,KR1
3913,레고시사랑해,KR1
3914,진이유가있어요,KR1
3915,YangNi,KR1
3916,gost,고스트
3917,동현킴,KR1
3918,제이스 미드,jayce
3919,과 니,gwan
3920,시야따개,KR1
3921,닌겐시대의끝,4209
3922,후카다 띵근이,KR1
3923,qegrburj,qergu
3924,fall,KR924
3925,평타빼고다피함,kr2
3926,우리바텀을응원해,KR1
3927,짱구한봉지,KR1
3928,라 임,666
3929,똥맛카레맛똥맛,KR1
3930,마타꼬순내,KR2
3931,Faker Dream Tree,KR1
3932,2000LP TOP,KR82
3933,스카르파,KR1
3934,poongheol,KR1
3935,브라이어연습계정,경우남
3936,오리가오리가오리,KR1
3937,이상해쉬스완,KR1
3938,부 표,KR1
3939,도매니져,KR1
3940,나는자연이야,KR1
3941,여창헌,KR94
3942,안양의 멸치담당,KR1
3943,play9123,1214
3944,KSANTE KING,KR1
3945,T1 엄준식,KR1
3946,임호준다이아제발,KR1
3947,북미흰두루미,KR1
3948,앵 콜,3350
3949,닌자의표본,KR1
3950,ICIBA,KR1
3951,jotaemin0722,eorjs
3952,거송이,KR1
3953,윤석열,5828
3954,Poltan,KR1
3955,선을넘었네,KR1
3956,부르르를떨리쥬,KR1
3957,최지훈,7777
3958,Lawbot,Legal
3959,너안해봤잖아,KR1
3960,Murly never die,KR1
3961,최첨단도구,KR1
3962,니가뭘,할수있는데
3963,03팍순이,RK1
3964,강동역1번출구노숙자신문지뺏기,kr2
3965,hhhkii,KR1
3966,지니누누,KOR
3967,한의예과26학번,2sj
3968,프로랑친구하고싶다,평생술안주
3969,Paella,피정현
3970,공 주,캐 리
3971,니가 너무,좋아서
3972,liiililiiliillil,KR1
3973,탱or유틸,2253
3974,또가스띠부실오너,KR1
3975,현재야욕하지말자,KR1
3976,수면깨우면죽인다,KR1
3977,버니합,1234
3978,뽀로로가좋아유,KR1
3979,뱃살 충만 돼지,오잉크
3980,Scarlet Witch,Run
3981,너쌓여있잖아,2815
3982,HLE Quad,KR1
3983,공익 전까지 챌감,KR1
3984,슬치생,KR1
3985,퀘오타니,TANI
3986,배달의 민재,KR1
3987,용가리,JJY
3988,돼지고릴라뚱땡이,KR1
3989,công việc,nyaya
3990,Aimyon,아이묭
3991,Back Up,위험도움
3992,신난 야옹이 뀨꿍,KR1
3993,소년가장원딜,0806
3994,사 일 러 스,Pyke
3995,혜지으응,KR1
3996,eve,이 브
3997,P A,PAPA
3998,근 본 도 구,KR1
3999,므므므므므므므므므므므므므므,KR1
4000,땡기는중,KR1
4001,겨 울,qwer
4002,Mir,0008
4003,And pigs Can fly,KR1
4004,PTA,haeng
4005,삐딱한 연우,KR1
4006,우 원 강,이쁜냥
4007,냉혈한,0412
4008,서폿잘해서죄송요,KR1
4009,Holic,XXXXX
4010,땅 두 닝,KR1
4011,딸깍딸깎딸깍딸깎딸깍딸깎딸깍딸깎,1004
4012,김까르,KR1
4013,칠 전,팔 기
4014,XXXXXXXXXXXXXXXX,KXXXX
4015,나완전잘하거든,KR1
4016,Lidox,KR1
4017,미카미 테렌,1017
4018,天上天下 唯我獨尊,6725
4019,happy game,KR40
4020,Asyozu,krone
4021,Sou,kr7
4022,마세라티 MC20,KR1
4023,보디디,KR1
4024,鸽子皇帝,999
4025,햇빛이성큼성큼걸어왔다,0319
4026,Ferrannnn,KR1
4027,0taeo,insta
4028,김뱃지,KR1
4029,top l top,KR1
4030,싸대기날리고싶네,KR1
4031,ヨルシカ,fan1
4032,LoL1005,KR1
4033,나처럼해봐,KR1
4034,혁충이,KR1
4035,주악구옥주희,bulk
4036,인 저,KR1
4037,갓 독,0919
4038,잉 깡,KR1
4039,즉   흥   곡,KR1
4040,Viper,0212
4041,가나다 초콜렛,KR1
4042,미안 내 잘못,2187
4043,기분이조아오,KR1
4044,人定勝天,淡如水
4045,탑이기면이긴거,KR1
4046,T1 Keria,KOR7
4047,유대승,KR1
4048,선비 도토리,KR1
4049,하찬스,KR01
4050,스초생,444
4051,leave,KR 1
4052,knite,KR1
4053,전체차단,1234
4054,idontknowss,KR1
4055,천안역 노숙자폭행범,3360
4056,차분하게즐겁게,KR1
4057,Cthe,KR1
4058,양지만,1004
4059,알보칠,2795
4060,망뭉이뭉망,KR1
4061,가 콩,가 콩
4062,너의꿈이 별에게 닿기를,유성빛처럼
4063,최지웅,KR3
4064,기쨩이2,KR1
4065,국산소고기,마블링
4066,트롤장인 김캐리,1105
4067,노 을,스 타
4068,광명시 철산동,KR1
4069,무촌리불주먹,KR121
4070,도산공원사거리,KR1
4071,와 난,0w0
4072,농 단,KR1
4073,Se7enstar,KR1
4074,악질루키,abc
4075,허총무,KR1
4076,250310전역,12여단
4077,돈키호테 도플라망고,KR2
4078,징징이chadan,KR1
4079,독도한라봉,KR1
4080,사나이의묵직한주먹,Pray
4081,첫판하는거15GG,KR1
4082,흐어어어어어,KR1
4083,앞만보는 사나이,KR4
4084,XiaoHuaSheng7,KR4
4085,천프로,KR1
4086,후폭풍,KR1
4087,민초버터칩,KR1
4088,샷건맨,SM5
4089,감 자,424
4090,몸이아파,몹시아파
4091,선후요금,KR1
4092,착한마을어린이,KR1
4093,잘하고싶다,7777
4094,감자먹기,KR1
4095,정모군,KR1
4096,원딜가능할까요,KR9
4097,승패결정자,1111
4098,해보자,1111
4099,용 조리사 룰루,KR1
4100,비키니시티야생해파리보호협회,KR0
4101,27ad,KR1
4102,ヲヲヲヲヲヲヲヲヲヲ,0613
4103,daijji,다이애나
4104,롤은인생의활력소,KR1
4105,kuunsirppi,KR1
4106,희망을주는구세주,KR1
4107,말 랑,2714
4108,야 이기영,KR1
4109,아래께,KR1
4110,손성은,KR1
4111,조이가게임을조이,KR1
4112,16년생탑프로지망,KR1
4113,아무런의미없는일상에들어와줘요,KR1
4114,남 재 현,정글차이
4115,다이브못치는사람,KR1
4116,마오카이,KHU
4117,이게임을열심히왜함,KR2
4118,정지원,정원지
4119,고광윤,KR1
4120,두카티부가,KR2
4121,M키날라감,KR1
4122,스타킹팬티,0217
4123,민꽃s,KR1
4124,조선왕조실룩샐룩,0608
4125,simply lovely,top
4126,황 금 계 란,KR1
4127,딱따구리,부리박치기
4128,섹 범,KR1
4129,와삭바,KR2
4130,눈내리는겨울에,KR1
4131,쿠리랑께,KR1
4132,바닐라라떼,악 마
4133,뚱냥이는 배고파,KR1
4134,망 갑,KR1
4135,한심하기짝이없는,KR1
4136,반짝이다,1004
4137,죽으면남탓하고봄,KR1
4138,zfp,KR1
4139,롸킥스,KR1
4140,숨도쉬지마,KR2
4141,윤유현조련사배상준,KR11
4142,연고전엘두전메호대전,777
4143,순 팡,KR1
4144,쩡호햄,KR1
4145,이상호93,애교용용
4146,니 코,장 인
4147,이누이트족장,KR1
4148,Enrill,KR1
4149,밍꾸 갓,KR1
4150,zx전사zx,0000
4151,일리쉬,124
4152,봄가을겨울,0123
4153,나유연,KR0
4154,Xue,KR2
4155,寒念Sylas,Sylsa
4156,혼 자,할 게
4157,Halo,mute
4158,Mëow,KR 1
4159,일반인 미드,KR1
4160,심심하면던지기,KR1
4161,lllIlllIIII1,KR1
4162,11시11분,111
4163,JUNGLE KING,녹 턴
4164,아몰랑 어쩔티비,KR1
4165,차갑고 냉정하게,KR0
4166,이승주,726
4167,king92kr,KR1
4168,파이팅,해야지
4169,Iris,XG23
4170,참지않는사람,KR7
4171,FFF,IID
4172,운명봉인,kr2
4173,후시구로 토우,0524
4174,폐관수련계정,mute
4175,은정민4,KR1
4176,롤 안한 놈,KR1
4177,아요이키우기,KR3
4178,코코아는 내꺼임,KR1
4179,사수하고대학가자,KR 1
4180,타우타이 심바사,모투페투
4181,태아늬,KR1
4182,Ace Thresh,KR1
4183,borang,1221
4184,소 신,있게살자
4185,첨지마요,KR1
4186,Marauder Olaf,KR1
4187,지재메,KR1
4188,종암동독거노인,병장티모
4189,한뚝배기마스터,KR1
4190,수당 나눠줍니다,KR1
4191,저시나,KR1
4192,딸기 요거트 스무디,650ml
4193,개돼지,dgpg
4194,귀엽고잘생긴사람,KR1
4195,부산탱크보이,아임윤성
4196,kr muma,KR1
4197,권예원,KR1
4198,이석현 도구,KR1
4199,마유치,Liyuu
4200,꽃사마귀,KR1
4201,서테린,계원화이팅
4202,갓국성1,KR1
4203,95392551del,KR1
4204,계란찜,2126
4205,아이응맨,KR1
4206,듀누나한테까불지마,KR2
4207,즐겜용,탑바루스
4208,1232IIII,1234
4209,롤 실력 초기화,KR1
4210,우 니,1201
4211,LIKE AN AK,KR1
4212,아침이싫어,KR1
4213,똥싸고시푸당,KR1
4214,花様年華,화양연화
4215,수줍은고양이라부끄냥냥성현냥,부끄냥
4216,we lover,S 2
4217,hejunfans,KR1
4218,유미장인 윰윰이,KR3
4219,조하트양말,KR1
4220,자치로운삶,KR1
4221,저질이군 쳐라,KR1
4222,또또또 까분당,확그냥
4223,티 격,KR1
4224,20분에100스택,KR1
4225,삐리카삐릴랄라,KR1
4226,스파게리,chees
4227,곽팔돈,KR1
4228,화 못참는 사람,KR1
4229,째미닝,KR1
4230,범인탐지견,KR1
4231,莲华刀卡特,卡塔琳娜
4232,RAEON,king
4233,13년생 뱀띠,2013
4234,Olé,sapa
4235,플리즈 캐리 미,KR1
4236,야스오하면트롤감,KR1
4237,안녕바보들,KR1
4238,해킹잡는 홀준이,KR1
4239,팜하니,0628
4240,Huni,Sang
4241,Wade Williams,KR1
4242,Übermensch,vida
4243,CM몽키,KR1
4244,Meiko,beat
4245,elwkmzkoaiw,KR3
4246,exys,KR1
4247,Bobmukjja,KR1
4248,노원구피넛,2007
4249,Cutegirl96,KR1
4250,언 무,KR1
4251,앙김도도,KR2
4252,星野源,コメディ
4253,쩌 노,KR1
4254,그래써엉,KR1
4255,새우 참치,KR1
4256,멘탈갈리는소리,KR1
4257,올 마이트,나히아KR
4258,16세 강춘식,KR1
4259,따라하지말라고,εïз
4260,끼 뀨,KR1
4261,요롱롱,323
4262,Jam,BJM
4263,봉 명 초,KR1
4264,되 냐,KR1
4265,심술궂은 고양이,KR1
4266,어디든지갈게용,KR1
4267,Viper,원딜왕자
4268,이규환짱123,KR1
4269,수풀위의 마법사,KR1
4270,2창우,KR1
4271,해실스,KR1
4272,니똥꼬오레인보우,KR1
4273,솔랭의제왕 석현,7790
4274,24년 9월 19일,KR1
4275,팜하니,0hn
4276,강새에로이,KR1
4277,Gen G Kiin,KR3
4278,이 변,KR1
4279,사랑 소망 믿음,KR22
4280,무 혼,KR2
4281,RekSai,4444
4282,나는 이 게임을 해봤어요,한 번 더
4283,아르타닝,KR1
4284,1apodo,KR1
4285,꽁 설,KR1
4286,나 민 우,KR1
4287,shinjeon,KR1
4288,Emder E,KR1
4289,반짝반짝 최금쪽,KR1
4290,낌찌원,KR1
4291,yasuk,KR1
4292,클라나스,KR1
4293,Google번역,KR1
4294,데스해서죄송해요,KR1
4295,스시롤,LOL
4296,10원도둑,나중에
4297,Nh1m176,망고138
4298,태섭 제자1호,KR1
4299,여자술담배칼치기,e92
4300,yami9999,KR1
4301,Beluga,6062
4302,괴 물,길광일
4303,너원딜재능없다고,정글가
4304,전사포로,KR1
4305,5년늙은 구마유시,KR1
4306,할수있다 나라면,1202
4307,nsk4498,4949
4308,babi,6 9
4309,행동 감정 바람,인정사과약
4310,개나쁜매너,KR1
4311,고광윤,KR2
4312,이 별,KR185
4313,리쉬300까지쳐라,KR1
4314,팅팅구링,KR1
4315,남자주인공,6207
4316,임천지,KR12
4317,내가 제일 잘낫찌,독재자
4318,신불당동,KR2
4319,음악과,KR1
4320,웃긴웃긴,KR2
4321,DA어둠RK,KR1
4322,캐치김,KR1
4323,aqip,KR1
4324,자허블,1478
4325,KSPO1988,KR1
4326,4 4,9 9
4327,한대맞으면두대때림,KR2
4328,럭 스,어둠의수확
4329,애니비왈,KR1
4330,똘망코,KR1
4331,김광춘,KR1
4332,조코파이,KR1
4333,장창희,KR1
4334,윤현호,KR1
4335,혹시삼국지좋아하시나요,三國志
4336,위형근,KR1
4337,우물을 나온 서폿,KR2
4338,레오나르도디카팔아요,오천원
4339,36세 베인충,1111
4340,춘봉이울음소리삐약,다람쥐
4341,Migung,KR1
4342,김기순,KR1
4343,아구몬,9120
4344,준호는바보가맞다,KR1
4345,HeyYoMy,KR1
4346,장제트,KR1
4347,Trickster,X D
4348,경욱찡,KR1
4349,barn swallow,KR1
4350,동탄센트럴정형외과,KR92
4351,싱싱한배추,KR1
4352,lustrousllily,KR4
4353,나를 꼭 지켜줘,DM해
4354,꼬꼬롱,7844
4355,NIKE,NICE
4356,러플광,KR1
4357,절대포기안할거임,KR1
4358,아주버님,KR1
4359,한밤에 한침대,KR1
4360,누텔라샌드위치,KR99
4361,마님오늘이구먼유,KR1
4362,올라갈녀석,KR1
4363,빈순이,KR0
4364,김창영,KR1
4365,개 민 수,1559
4366,인생이 힘든 남자,kr2
4367,애국한양선봉공대,열혈에너지
4368,페어른,KR2
4369,master yi,ma yi
4370,패와 고민숙,kr77
4371,지구는 네모다,각개전투
4372,별에서 온 바드,KR1
4373,qooling,KR1
4374,나츠메 아사코 미즈타니 시즈쿠,옆자리괴물
4375,허거덩,KR776
4376,총총걸음,0823
4377,섹시한남신님,KR1
4378,연 식빵,KR1
4379,냥멍냐냥,KR1
4380,제발핑좀들어제발,KR1
4381,좀 그만 싸워,KR1
4382,왜또뭐가문젠데,KR1
4383,파달그,KR1
4384,조정재,1111
4385,IntheFire,Calma
4386,Stpehen Curry30,KR2
4387,벨코즈,제봉틀
4388,Vsync,KR1
4389,호찬님,KR1
4390,섹시한은랭이,KR1
4391,단단묵직탄탄,KR1
4392,거납니다,KR1
4393,겨 울,쟁 러
4394,락스타,랍스타
4395,1 VS 9,원딜캐리
4396,시흥시흥시흥시흥시흥시흥시흥시흥,시흥시흥시
4397,유브2,KR2
4398,김순혁,KR7
4399,kogie,KR1
4400,워야붕,KR 1
4401,주지태,김옥동
4402,경산시청,KR1
4403,타워에서받아먹자,KR1
4404,쫏해피롱,KR1
4405,더블사각새우버거,KR3
4406,야무 지노,KR1
4407,종규 줘패기,KR1
4408,인격장애인,ww22
4409,Rookid,KR1
4410,DK Nuguri,KR444
4411,사과 대신 사랑을,KR1
4412,있긴있잖아,KR1
4413,라 떼,는말이야
4414,Hanwha Never Cry,Happy
4415,날두형,KR1
4416,20260226,894
4417,프리스,KR3
4418,태 양,KR111
4419,이 편지가 노래되어 네게 닿길,KR0
4420,싸우지 않겠어요,KR1
4421,반말하면차단임,KR1
4422,질리언,질리언의세
4423,볼베보다콜라잘빰,KR1
4424,MelodySound,2853
4425,김대중,QWE
4426,용아 잘지내지,KR1
4427,쓰 레 쉬,개잘핵
4428,침대위불도저,KR1
4429,벽에쿵쿵,KR1
4430,dlackdtjq,KR1
4431,버스 픽,KR1
4432,초코라떼먹고싶당,KR1
4433,언준짱,KR2
4434,얘들아 집중해봐,KR1
4435,개구리 뽀글이,4700
4436,이문희,7082
4437,21520299del,KR1
4438,Chestnut Season,0909
4439,짐을 따르라,KR2
4440,원조쎈놈,KR1
4441,딜포터혐오자,0325
4442,못하는애보면바로전부차단하고할게,우리원딜
4443,슬 퍼하지 마라,11234
4444,신메터리,KR1
4445,뜨거운아이스아메리카노,KR7
4446,영도구 사포장인,138
4447,실 희 땡,KR1
4448,섬마가엄그늘에,KOR
4449,횽이다잉,KR1
4450,지 환,9648
4451,아무 생각 없는,kr2
4452,흔들리는것은나무가아닌나의마음,111
4453,pirate,GYUL
4454,아 죽어야겠다,2006
4455,덕 산,KRI
4456,원하는게 없,KR1
4457,9044759del,KR1
4458,Rsyozu,0517
4459,KT Warwick,6052
4460,한 통 속,KR2
4461,흐헤헿,0625
4462,탑이라는정신병,KR1
4463,저글링,5050
4464,만 당,폭 풍
4465,힐써도 죽어,KR1
4466,승리아니면죽음뿐,KR1
4467,먹고자a,KR1
4468,오타니,3533
4469,동생누나,0807
4470,옆집사는인섭이,KR1
4471,성배업고튀어,sut
4472,이십사수매화검법,6974
4473,DWG Saver,KR1
4474,난 내 길을 간다,KR1
4475,장금순,KR1
4476,IIllIllIIlllIIlI,IIll
4477,산하리보곰젤리,1212
4478,とOへOつ,KR2
4479,에이츄록스,KR1
4480,Yha kiki,KR1
4481,에 잇,1111
4482,XuJiaLi,PSU
4483,매너인,KR1
4484,잣 야,랏 칸
4485,서폿정글뽑기게임,KR2
4486,VerrucktheiT,KR1
4487,소금이 죽으면,죽 염
4488,치즈카츠,돈카츠
4489,꼬비 꼬순내,KR77
4490,나뒤만보고갈래,KR2
4491,경 민,0126
4492,베인허벅지핥짝핥,KR1
4493,찌앙크미,KR1
4494,좀 더 세게때려봐,KR1
4495,완제품,KR1
4496,우주 최강 벨베스,KR1
4497,Kingggg,KR1
4498,빡세헌,KR01
4499,이최설,이최설
4500,원 딜,10003
4501,메 스,KR1
4502,암컷타락여장소년,ShOtA
4503,하스스톤저주위니,KR1
4504,이건좀엑시던트네,KR1
4505,Jazz Standard,KR1
4506,스카노코 스카노코 호시탐탐,skano
4507,후니는못말려,사실말려
4508,3년차캬빡이,KR1
4509,Skirmish,KR1
4510,나 누,KR1
4511,가지무침,가지가지
4512,끌고돌리고찍고,KR1
4513,그냥녀석,KR1
4514,황금독버섯,KR1
4515,빨간김치,KR1
4516,여노0903,KR1
4517,펜타킬개나소나,KR1
4518,빵굽는 유미,블랑제
4519,힘들게하지마렁,KR1
4520,봄날의 햇살,smile
4521,상 어,7250
4522,월요일이면짖는개,KR1
4523,nniqp,KR1
4524,용감하지못한사람,KR1
4525,할맨 얼만교,kr2
4526,물통에,물받기
4527,대성동군주,6967
4528,장 구 치 고,북치고
4529,TGS NaRak,KR1
4530,메 리,KR11
4531,정죄하지 않는 자,R81
4532,봇 or Bot,KR1
4533,Yu Qi s0ng,KR1
4534,티티트티투,kr11
4535,이설아,GoetY
4536,월 정,KR1
4537,blue,khkh
4538,봄날에 그 소녀는,KR1
4539,아로롱아로롱,KR1
4540,베 인,장인1
4541,숟가락킬러파이크,KR1
4542,Rise to rank 1,KR0
4543,천 사,42151
4544,zkxh,KR1
4545,스몰더,KR532
4546,쑥쑥지느러미 멀록,111
4547,젤리맛있당,KR1
4548,소 울,파이터
4549,징계 is my life,KR1
4550,오선제,KR1
4551,Faker fan,KR99
4552,Chovy,2078
4553,몽추니,KR1
4554,초록내복트타,KR1
4555,Skitty,KR1
4556,qwerasdfzxfvhila,KR1
4557,신은수,eunsu
4558,홍봉자,KR1
4559,바 큥,KR1
4560,HoId You Down,KR1
4561,Negi,12345
4562,팟 쥐,KR1
4563,김다빈,BIN
4564,street,vibe
4565,유석킴,KR1
4566,코코츄츄,KR1
4567,인혁이달린당,KR1
4568,1 vs All,WSP
4569,이여명,KR1
4570,지아독심,74741
4571,문희영,KR1
4572,장애인라이너들,2001
4573,안동찜닭좋아,9120
4574,도 구,망나니
4575,럼라오이,Rumla
4576,종줍는 생쥐,KR1
4577,김호띠,KR123
4578,가앙욱,KR1
4579,늑대시체,KR1
4580,你不来的话 我要死啊,拉莫斯
4581,InnerPeace,쿵푸팬더
4582,할 매,KR1
4583,달보드레,TOP
4584,빠담바담,KR1
4585,못헤서미안,KR1
4586,배설장인,KR1
4587,망나니맞는듯,KR1
4588,손우승,KR1
4589,Ero신사,KR1
4590,숙련도LEVEL5,KR1
4591,love Deft,123
4592,直到世界的尽头,zed
4593,호야치,KR1
4594,リバイ,www
4595,신수현,KR5
4596,정갱이,KR1
4597,rains,CN1
4598,나이가힘이다,KR1
4599,teyusuizio,KR1
4600,괴 물,kr981
4601,온 화,Korea
4602,고치년,KR1
4603,one day,kr999
4604,네 믿음은 네 생각이 된다,相信自己
4605,렘짱카와이요요,KR000
4606,도구는받들라,KR1
4607,건희형뒤를봐,KR1
4608,finale,1020
4609,아추워추어탕,5555
4610,Viper,Jbj
4611,Mydeimos,kr2
4612,아 좀,잘좀해라
4613,이게 팀인가,KR1
4614,hyyena,연습용계정
4615,따 끔,합니다
4616,가나다마나,KR1
4617,교바오,중국산
4618,지환이,KR3
4619,박고또박기,KR2
4620,혁수문,KR1
4621,타도 랄로,KR1
4622,껑 쥬,KR1
4623,사무라이의마음으로,kor1
4624,똥 영,0418
4625,화내는사람,화난다
4626,Deft,9292
4627,간절함 포식자,KR1
4628,CAPS,KR2
4629,탑닝겐,KR1
4630,애웅 김애웅,KR1
4631,acme de Ia vie,KR1
4632,뭐해야되냐 닉,KR1
4633,민 지,최현우
4634,괴물 영규,KR1
4635,dqiwudhoiwqdhbow,sdauo
4636,T1 Keria,뭉 보
4637,바위게 같은존재,KR1
4638,흑색말,KR02
4639,변사또3,KR1
4640,랭커의 귀환,KR2
4641,개잘죽,KR2
4642,박 하,박 하
4643,Im necessary,KR1
4644,버마족제비오소리,KR1
4645,비련시,KR1
4646,일본인,KR3
4647,쫑싸이코,KR1
4648,11 18,0427
4649,언행이 고운 사람,KR1
4650,나는야현빈,KR1
4651,백으뜸,KR1
4652,꺾이는 탱커 ,KR1
4653,방 크,KR1
4654,칙칙폭폭 대머리,대머리
4655,좋은 직업,KR1
4656,프로틴먹방,KR1
4657,HLE Delight,KR2
4658,오 쿄,KR1
4659,낙태규,6974
4660,정육점이,KR1
4661,준 지,2487
4662,투리한유명구슬,8947
4663,탑 노플 오면 킬,KR1
4664,이름은뭘로할꺼,KR1
4665,10년차 빵셔틀,KR1
4666,탑에 사람 살아요,1234
4667,냉면은,물냉면
4668,로우톤,KR1
4669,ごじょう,むらさき
4670,1학년김동민,KR1
4671,커버못가요,KR1
4672,01042834417,KR1
4673,득 춘,kor
4674,아득한 밤,KR1
4675,오늘보단내일맑음,KR1
4676,사막의재앙문재인,KR1
4677,소년가장 원딜,leap
4678,검진받을나이,KR1
4679,검은찜닭,KR1
4680,Evil Genius,KR1
4681,비 누,경 빈
4682,Pretender,KR100
4683,khun010905,0905
4684,혜지서폿하면15GG,KR1
4685,하츄핑123,롤초보
4686,나는 이 게임을 해봤어요,4560
4687,발 쿠 니,KR1
4688,Dimeback,5882
4689,정길호의순결은아무도못가져갑니다,내꺼니까
4690,장원욱,KR1
4691,대깨메,KR1
4692,keyplayer,KR77
4693,근본챌린저탑솔,KR1
4694,Streuselkuchen,KR1
4695,1억빌리고도망친최승완,KR1
4696,아니뭐이런게다있지,123
4697,ChungkingExpress,KR1
4698,anv0,KR1
4699,정신과4범,올라프
4700,めへめ,かわい
4701,푸쉬업전사김튼튼,KR1
4702,포악한오징어,포악오징
4703,고기고기물고기,KJY
4704,자기야왜또칭얼거려라고하는이도윤,JYP
4705,여왕새싹,KR1
4706,뚤래야밥먹자,뭐먹을래
4707,mya,miaow
4708,오로롱,오창창
4709,달려라흑순,KR1
4710,20260128만기전역,0128
4711,자두에이슬,KR1
4712,아카네 리제,SANA
4713,도깨비,gods
4714,철판무릎,KR1
4715,SOS,1109
4716,선고는 타이밍,KR2
4717,주다스,KR1
4718,고유성,KR2
4719,우 건,2002
4720,태연이러버,KR1
4721,운영전문가,555
4722,뿔테안경,KR1
4723,JustLikeThatKR,KRz1
4724,이길시치킨증정,쿠폰있음
4725,망나니귀환,1112
4726,바보야왜울어,0324
4727,준 두,KR2
4728,왕왕돈까스,KR3
4729,AD GAP,2003
4730,soldda,KR5
4731,역천괴,5596
4732,양만춘,KR2
4733,차척병할아버지의쥐불놀이공중제비,MSC
4734,시라유키 예린,0502
4735,초월한잭스충,KR1
4736,Top Sion,KR1
4737,대상혁화이팅,KR2
4738,한뚝배기597,KR1
4739,뇨로로,NR1
4740,패배보다두려운것은등뒤의상처이다,7777
4741,뭘꼬라봐,123
4742,유덩덩,KR1
4743,나 무,1212
4744,Melancholy Blues,KR1
4745,석류차,KR1
4746,YOUN,kr01
4747,1인2메뉴,2인분
4748,포실핑,다 니
4749,잉이잉이이이,KR1
4750,1s2s2p3s3p4s3d,8127
4751,에밀리아,1234
4752,망나니 김주형,0223
4753,서강준박서준홍영준,3대대표준
4754,톰이달이,KR1
4755,혜정E,3792
4756,히어로,모험가
4757,우아잉왕,KR1
4758,럭키통통상어,KR2
4759,답이없었어,KR1
4760,어차피못하는데,KR1
4761,제드살라고만듬,KR1
4762,One For All,LeeTH
4763,샤 코,000
4764,XXXXGGGG,KR1
4765,탑버리면난팀버림,KR1
4766,강 해 린,QUBT
4767,으녁이,KR1
4768,ほしのたね,22323
4769,Kairas,KR1
4770,버티면 이긴다,KR1
4771,검둥시로콩알탱순탱돌백설감자탱자,cute
4772,꽃이피는 어느날,KR1
4773,만두찜빵,만듀만듀
4774,미드하고싶어요,7749
4775,쉿 올라가는 중,KR1
4776,불기둥 장희준,KR2
4777,mnfake,KR1
4778,00산더,KR1
4779,Bon Jovi,KR3
4780,쓰 윽,1133
4781,진돗개69호발령,KR5
4782,밀양고,KR2
4783,게돌날두,KR1
4784,고 군,1227
4785,RangRang,KR1
4786,찬우야헤드쏴라,000
4787,Seoul,1004
4788,꾸우엉꾸엉,KR1
4789,Akali,KR11
4790,깜찬이,KR1
4791,deepbluesky,9981
4792,castleintheair,2003
4793,ohoojey,КR1
4794,Teddy,9299
4795,팜하니,귀요밍
4796,xopp,KR1
4797,Aocs,KR1
4798,전 설,출 현
4799,정신나간 브리치,2201
4800,피해자 김씨의 삶,KR1
4801,Congratulation,KR100
4802,ADC CARRYY,KR1
4803,Permaban12361519,KR1
4804,컵라면,신라면
4805,식바견,KR1
4806,세배박,KR1
4807,구름소다 호빵,KR1
4808,미르량,KR1
4809,천 개의 고원,0118
4810,SuNg1L,KR1
4811,내가일병이다,KR1
4812,구미가 당기네요,KR2
4813,역천리,KR1
4814,퐝라스,KR1
4815,삐 킹,KR1
4816,승관양,0130
4817,눈 꽃,내 린
4818,박히면꼼짝못해,KR2
4819,아무무가 세상에서 제일 멋있어,우헤헤헤헤
4820,짱 구,KR344
4821,누누와월남중,KR1
4822,도비는자유다,123
4823,떡잎방벙대,KR1
4824,2026 04 13,kr10
4825,2535481706235200,KR1
4826,xiwangshu,KR1
4827,수면은 거들 뿐,로실버
4828,20230816,1022
4829,안오면갖다박음,KR12
4830,볼비비,KR1
4831,I밍 규I,KR1
4832,Aimyon,kor
4833,숨만쉬면알아서함,KR1
4834,Elsa,Aren
4835,김치현,8143
4836,깡패1,KR1
4837,SuPyke,KR1
4838,뚜 엽,KR1
4839,혼술천국,KR1
4840,치카치카,포카포카
4841,참을수있는남자,KR1
4842,육뽕 낙타,KR1
4843,로우랜드,KR1
4844,TOM,69JMT
4845,사랑한다 이준영,KR1
4846,밍간사마,無 題
4847,lol너무싫어,KR1
4848,혼자밀고싶어요,KR1
4849,듀 옹,KR1
4850,운은 만드는거야,777
4851,껄덕이,123
4852,겸손이해배려협동,KR1
4853,모 모,KR11
4854,아픈상처에소금,KR2
4855,Ga Lo Wu,KR1
4856,자대배치,KR1
4857,굿집갱,구찌갱
4858,순규박,KR1
4859,군인이다능,KR1
4860,커피마요네즈,KR1
4861,스탠다드 윤,KR2
4862,조강현 그리고 전영주,KR3
4863,니가 정말 밉다,KR1
4864,김민재04,KOR1
4865,쏩 뻬,KR1
4866,안경잡이여드름충,KR1
4867,페이커이기고롤접,KR1
4868,꽃을피오니,KR1
4869,몸으로 대화해요,KR1
4870,핑찍으면놀라자빠짐,바나나인간
4871,스푼 킬러,KR1
4872,카제로스fan,KR1
4873,Do not read chat,KR1
4874,adclub,KR2
4875,asdasdgw,KR1
4876,구본준이라는완벽,KR1
4877,sik E sum U,KR1
4878,킴 명 오,KR 1
4879,너 정말 못됐구나,KR1
4880,08년생요네장인,KR1
4881,장시혁,5479
4882,hewsick,KR2
4883,18년4월11일,KR1
4884,OzenT,KR1
4885,내탓아님무조건남탓,1016
4886,18190794del,KR1
4887,AD TwT,KR1
4888,진철수아빠,KR1
4889,탑의 근본 원거리,KR1
4890,내인생한개비,KR1
4891,뽀뽀라서혀는안돼,KR1
4892,Np Theodore,KR1
4893,포근한 원딜,KR1
4894,석나감의기묘한모험,9156
4895,야 주먹밥머리,KR1
4896,인지해 생각해,KR1
4897,게이오 상학부,KR1
4898,우삼이,KR1
4899,No chat,KR33
4900,참이슬 쓰레쉬,1019
4901,그 웬,111
4902,mountain goat,KR1
4903,모찌피치,szsz
4904,aaadasdasd,KR1
4905,두리도치,도치단
4906,LEE 상준,KR1
4907,RONALDO,알 나스르
4908,화강진는최,KR1
4909,중랑궁,KR1
4910,시 냥,0305
4911,오라오라오라오라오라오라오라오라,야레야레
4912,허거덩거덩스,KR33
4913,일렌시아전사,KR1
4914,소나만 할꼬야,KR1
4915,ˇヘˇ,hayo
4916,멘탈개,KR1
4917,나 민교 아니다,롤접습니다
4918,구래동 깡패,KR3
4919,깅대윤,KR1
4920,미분딜러,KR1
4921,지존킨드,kr2
4922,우스너클 ,KR1
4923,Lamb 88,2582
4924,롸몽이,KR1
4925,또이킁킁,총총총총총
4926,원무새,3579
4927,zl존 왕zr님,KR8
4928,Agoon,3492
4929,싸리비,KR1
4930,민트시럽초코김치,7910
4931,별이는겁쟁이,star
4932,살살해줄게요,KR1
4933,배 팡,히 또
4934,칼과 주먹 망치,KR1
4935,IU남자친구,KR1
4936,촉촉한마늘빵,KR1
4937,오도짜세기합해병,KR1
4938,청 룡,123
4939,텐토오무시,KR1
4940,T1 Faker,7689
4941,라미누뉴,KR1
4942,김민성,선릉역
4943,water general,kr2
4944,안무서운사람,사실무섭지
4945,탑만 감,2008
4946,片刻柔情,MingR
4947,멸치크면고등어,2000
4948,so1o,kr2
4949,탑에미련없는놈,KR1
4950,머멍이,KR1
4951,윤석열,갱안오면계
4952,갓구운닭꼬치,KR1
4953,콩콩이금동이아리,486
4954,협곡 전문의 롤닥터,0000
4955,우치하,674
4956,TiGhT,문성민
4957,kamikaze,KR2
4958,전 두 환,Top
4959,허거덩,kr200
4960,슈리마 광팬,KR1
4961,하 누,하누임
4962,아침이 싫어,3636
4963,T1 Doran,1104
4964,블라디레나 밀리제소령,핸들러 원
4965,I Need you here,KR77
4966,Liquor,1357
4967,치과는무서워요,KR1
4968,호주머니짱돌대기,호짱대
4969,Maniac LoL,KR1
4970,잠재성장률,KR1
4971,hjelsy,KR1
4972,냐 옹,ฅΟωΟฅ
4973,llllIIllllIlIIl,KR1
4974,우마무스메PD,KR1
4975,머진맨,123
4976,채팅안해요,혼자떠들어
4977,여우몬,KR1
4978,우 태 전,KRU
4979,화성인,KR1
4980,고려장 메타 피해자,1410
4981,lhjdd,KR1
4982,사랑해,숟가락
4983,강인하,죄송합니다
4984,채팅끄는게답,KR1
4985,바나나우유 좋아해,КR1
4986,CU편의점야간알바,KR1
4987,동휘야,KR1
4988,짧게깎은손톱,KR1
4989,공주는 밥,KR1
4990,Л V,Луна
4991,Brecki Hill,2006
4992,hate me,KR2
4993,리쌍Fan,ΚR1
4994,그런사람모릅니다,1116
4995,커비는노란색,KR1
4996,지코무름희동,cat
4997,아무거나했엉,KR1
4998,많이 피곤합니다,KR1
4999,아 왜 우리정글만,KR1
5000,맹바오,KR2
5001,쪼 코,choco
5002,섬광의 F 점멸,KR1
5003,Top VelKoz,KR1
5004,중단조자룡,KR1
5005,수당먹는 하람이,KR1
5006,잘자요좋은꿈꿔요,KR1
5007,운7기3,KR2
5008,06년생 미드킹,top
5009,제이스못함,KR1
5010,아이돌문전규,KR1
5011,yco,KR1
5012,세종시 이마트,KR1
5013,비 챤,고라니
5014,Enlightening,KR1
5015,Ume Blossom,KR1
5016,역 전 틀 딱,KR1
5017,디디디용 Fan,쑥떡이
5018,악 문,KRI
5019,ace,KR55
5020,연습용계정000,KR1
5021,IllIIIIIllIIIIIl,KR1
5022,asdwqewqzxceascd,1231
5023,왓더벅 도라이몽,KR1
5024,니가 흰둥인거얌,KR1
5025,응봉산 무야호,KR2
5026,퉁퉁이엄마모퉁이,만퉁퉁
5027,cscscscscscscscs,123
5028,십수딘,TFT용
5029,안시윤,미르고
5030,나만가지궁,KR1
5031,시로히게,4784
5032,응애대마왕,KR1
5033,서크몽,반역왕다리
5034,Royal HighNess,KR1
5035,구로x지털x지,0302
5036,코코낫스,000
5037,이상호93,박시연
5038,재 국 아,KR1
5039,흙더덕,KR1
5040,주르르릴카히나랄로,0608
5041,섹시한우딱이,KR1
5042,도구리,0411
5043,닭 낳는 알,EGG
5044,촌 녀,KR1
5045,SUNAHC,KR1
5046,UIIIUIII,KR1
5047,장원영,KR21
5048,쌍수달,KR1
5049,Dayfly,KR1
5050,민 수,KR542
5051,첩 자,첩 자
5052,관호사랑해,KR1
5053,MiyazakiAmisa,1028
5054,kitakitan,KR1
5055,럼 주,럼주한병
5056,감자마을연쇄케찹마,맥도날드
5057,화성양아치,KR1
5058,전우치야,KR1
5059,손마시,KR2
5060,너는초보자입니다,KR1
5061,Gras ipeksseu,KR1
5062,wvvwvvwvvw,KR1
5063,정대만,0930
5064,바론 원정대,KR1
5065,콩쥐야,잣됐어
5066,죽기장인,9804
5067,개 패 는 놈,KR1
5068,따듯한 소나무,KR1
5069,죽는거는페이커,KR1
5070,논불방,KR1
5071,양토끼,KR1
5072,양산의 문재인1,KR1
5073,iwnoo020,KR1
5074,pyeon1,KR1
5075,히드런,KR1
5076,2026년1월19일,전 역
5077,나는쓰레기야 쓰레기통에들어갈게,kr0
5078,뒹굴뒹굴판다,KR2
5079,원딜 버프 시급,KR1
5080,cene,5184
5081,갱가면킬양보좀,KR1
5082,쫌비킹,KR1
5083,사라지는나의멘탈,KR1
5084,어짜피니못올라가,KR1
5085,훈남태근,KR1
5086,T1 데프트와김현수는다른게뭔가,SLD
5087,레전더리 암살자,KR1
5088,진    짜,real1
5089,프로미스나인 이채영,감자칩
5090,삽붕이,KR1
5091,록킴o,0901
5092,강 충,KR1
5093,박건희,존잘남
5094,역법하면머리박음,KR1
5095,진돌이와함께춤을,KR1
5096,뿌 드,5210
5097,경기도남부경찰청,KR1
5098,임하율,KR2
5099,고수의길 ,KR1
5100,비단털쥐,1234
5101,가꺄거껴,KR1
5102,딸기쌍쌍bar,1879
5103,일본드가자,KR1
5104,암걸리는무빙,KR1
5105,GapZ,GAP
5106,Last Whisper,숨 결
5107,OpenVillain,KR1
5108,Luke,kr2
5109,Toon Zorc,KR1
5110,캡틴토끼,KR1
5111,망 라,KR1
5112,소슬향기,KR1
5113,깽 플,KR1
5114,돌진기 300초,가붕가붕
5115,happy study,KR1
5116,반오십 룡,KR1
5117,08원딜 잘부탁,KR1
5118,족가쉬바럼아,KR1
5119,이 우,KR 1
5120,피 넛,aap
5121,몸 짓,Bard
5122,Gen G Chocovy,MID
5123,바닐라셰이크,KR1
5124,my story times,KR1
5125,가져와 임마,0000
5126,고양아멍멍해봐아,KR1
5127,노오오오오옥턴,KR1
5128,MD Bjergsen,KR1
5129,딸낳기달인,KR1
5130,Lv1 히말,KR1
5131,우르국밥,KR1
5132,車載煜,延安車氏
5133,Chama,yaso
5134,팬티안에 룰루궁,커져라
5135,흔한건싫은솔의눈성애자엄준식,KR1
5136,사 찍 댄,KR3
5137,미르칼라,1872
5138,pcy,pcy
5139,woden,99999
5140,LOVE TALON,KR1
5141,ZK Ryon,KR1
5142,룰루 죽이기,KR3
5143,백인찬,BIC05
5144,봉기르,KR1
5145,쉽게상처받는사람,KR1
5146,답십리캔들마스터,박호두
5147,멘헤라,6974
5148,파르크,KR1
5149,GGochie,KR1
5150,머 르,1111
5151,NBR,KR1
5152,뚜이벨라귀여워,KR1
5153,71070234del,KR1
5154,너를용서하리라,KR1
5155,190 102 체지방 15,KR2
5156,p4p 1,UFC
5157,죽어서집가는사람,9816
5158,대명동 고라니,KR1
5159,혁주손,KR1
5160,내 세상은 너였어,마지막으로
5161,예의범털,5339
5162,풍동나부랭이,KR1
5163,25t 모데카이저,트럭커
5164,바보와또랑,KR1
5165,lilillliiillll,KR1
5166,소주연  사랑해요,KR1
5167,갓핑핑,KR1
5168,임승슥,KR1
5169,로 니,TWS
5170,행복했다,KR1
5171,목표설정,KR1
5172,I張I,l張l
5173,쓰레쉬,쓰렉이
5174,탑신병자,6974
5175,Sadp,KR1
5176,Pairy,KR1
5177,인 권,00000
5178,온 세상이 돗치,돗 치
5179,Lee상윤,KR1
5180,무능한사람,0537
5181,Black,sdl
5182,Rest In Hope,KR1
5183,사상구 육즙세연,방지턱
5184,박성민사냥꾼,KR1
5185,어째서일까,KR1
5186,저지 불가,KOR
5187,말리지마,상체야
5188,인화성 물질,KR2
5189,극복할 것,KR2
5190,loseyongseok,KR1
5191,독일산 유모차,BMW
5192,류영현정우주,7836
5193,핑보면빼라좀,KR1
5194,우최서또삐,KR1
5195,달궈진 야구빠따,KR1
5196,E D,엔 딩
5197,숟가락은짜져있어,KR1
5198,도토센,KR1
5199,백챵럴,KR1
5200,김막걸,KR1
5201,패군 장일소,KR1
5202,성기훈,NO456
5203,수 니,아 들
5204,종혁인데용,KR2
5205,누리미,KR2
5206,남탓하기채팅치기,KR1
5207,나무꾼,111
5208,자주쓰는식재료,다진마늘
5209,진민잉,KR1
5210,춘장이발냄새,1129
5211,낭만 가오리,9339
5212,Deft mind,KR1
5213,Juton,KR1
5214,찰빙어,KR0
5215,삼륜보행,KR1
5216,즐겜용계정,KR14
5217,늙기싫다,0927
5218,레투다,KR1
5219,윤하의 집현전,4885
5220,15서렌할게요,잘좀하든가
5221,우진띠,KR1
5222,상대점멸없음,KR1
5223,테 원,KR1
5224,대박이 땀뻘뻘,KR1
5225,ToDdia,KR1
5226,라인전개빡센사람,KR1
5227,햇     반,3881
5228,별빛쏟아지다,KR1
5229,야포로,야포로
5230,너만보면 순보,KR1
5231,대구불주먹김우석,KR1
5232,이석호,EHK
5233,바보같이,KR1
5234,헉살려줘요,무서엉
5235,쩝쩝이,쩝쩝이
5236,김치찌개라면사리,KR2
5237,곰탱이공탱이,KR1
5238,머라하지말기,KR1
5239,장원영카리나설윤오해원,장카설오
5240,GUBC,KR1
5241,ID0000,7889
5242,아비꼬 중독자,KR1
5243,알고도당함,KR1
5244,韩服王者高手,666
5245,차해인,aaaa
5246,ふわふわ,KR3
5247,뚱마유시,배고파
5248,술렁술렁,0815
5249,냥바닥할짝,000
5250,도파아닙니다,KR2
5251,eyuna,KR1
5252,jackie,jk123
5253,외 걸,KR1
5254,잘넣는형,KR1
5255,원펀치킹 하스불라,작은고추
5256,루 루,OvO
5257,Bohem Cigar no I,KR1
5258,ASY,ASY00
5259,ANMB,KR1
5260,전투 여왕 리산드라,0323
5261,빠스달다,KR1
5262,아람뽀,KR1
5263,에휴휴휴,KR1
5264,당당동,KR1
5265,T1 Lucky,거리조절
5266,HERMIONEE,KR1
5267,난 강우다,true
5268,가벼운 바람,KR1
5269,맥스존친구,KR1
5270,지강원,KR20
5271,포악한육식동물,봤구나
5272,주호민샴푸도둑,0000
5273,서른넘은원딜은범죄행위,범죄자
5274,가해를멈춰주세요,KR1
5275,고구마유시,바텀차이
5276,주먹곰,KR1
5277,지모취,나는지모취
5278,떨어졌어,523
5279,Oct5ber,KR1
5280,놀러왔어요I,KR1
5281,요를레힛호,KR1
5282,황지선,KR1
5283,늙고병든바나나,KR1
5284,Kim Ye Bin,KR1
5285,흑태도,KR1
5286,로모띠한콩조림,KR1
5287,온 세상이 리선족,Maple
5288,oopp21,KR1
5289,表駿源,22222
5290,우띠룩,KR1
5291,전 남자에요,KR1
5292,Yolo My Way,KR1
5293,심 군,KR1
5294,너를사랑했던그날,KR1
5295,인생이 참 힘드네,KR1
5296,FA COACH,KR 1
5297,WoonG Carry,KR1
5298,창동OI,KR1
5299,EBS수능방송,KR1
5300,Nike,그냐앙해
5301,라무찌,Rezer
5302,카시카서스니달리,KR1
5303,아 윤,000
5304,거북거북거북2,1243
5305,대한민국 만자이,KR1
5306,나약한 감자,KR2
5307,쿠로카와 akane,0718
5308,Kainney,PJG
5309,모 닝,Weare
5310,베 리,오 리
5311,성수최,KR1
5312,김민붕,KR333
5313,굽네치킨브랜드,KR1
5314,부엉부엉붱붱,KR1
5315,봉편막국수,KR1
5316,제sky,kr2
5317,08년생프로지망생,KR1
5318,포스코 공구따까리,KR112
5319,내가너를기억하마,저승제일
5320,레젼드소환사,KR1
5321,산 푸,KR1
5322,너가사람이긴하냐,KR1
5323,파이크 X,KR1
5324,2 Lv,KR1
5325,넌 웃는게 귀여워,KR1
5326,강화순무,KR1
5327,대졸무직백수앰생모솔공시생편돌이,123
5328,공D장,KR1
5329,전라인 모든챔프,kr3
5330,봉덕레인저,KR1
5331,盲目冲锋,000
5332,보고파,HER
5333,JHY,007
5334,花冠莱娜,很可爱
5335,양딱딱,KR1
5336,독거노인 지태씨,KR1
5337,Expecto Patronum,KDF
5338,밤재우다,KR1
5339,슈퍼라면,집가고싶다
5340,막둥이의 다락방,KR1
5341,탕수육 부먹 최고,KR1
5342,cex is sports,adc
5343,나는야 건최미,KR1
5344,라이너머리수집가,KR1
5345,포근한 마음,착한사람
5346,혀 엉,KR1
5347,사각척,KR1
5348,Coppia,KR1
5349,김윤기,KR11
5350,歸 還,0430
5351,Dopa,KR37
5352,faker shockwave,what
5353,세기말까지즐겜러,KR1
5354,분포고 슛돌이,KR1
5355,330일뒤전역대기,001
5356,과다출혈 주의보,KR1
5357,마루킁킁,ΚR1
5358,연세영,KR1
5359,똔요니,KR1
5360,꺾이지앗는마음,KR1
5361,Aseado,7777
5362,아냐는귀여워,KR1
5363,Yeop,KR3
5364,이쁘면 다냐,KRI
5365,멘탈잡고싸우지마,KR1
5366,곰잡고싶은연어,KR1
5367,Quickly,KOR
5368,쉔과나의연결고리,KR1
5369,노래를좋아하는사람,KIM
5370,치와와,1008
5371,thisiskim1e,KR1
5372,JUGKlNG,KR107
5373,낑 깡,kr0
5374,호진허,KR1
5375,잘할수있을걸,KR1
5376,알면서물어보는놈,KR1
5377,렘만보면설렘,KR1
5378,김신행,KR1
5379,꿈꾸는 마음으로,2018
5380,패 더,KR1
5381,화끈한 도끼,axe
5382,잔나라 오공주,0208
5383,버러지 요릭,버 릭
5384,blue,kr113
5385,그때는 너도 나를,KR1
5386,승 혁,0114
5387,xoxo,kr4
5388,Into the Light,결속밴드
5389,도피성 수면장애,KR1
5390,souls Absorption,KR1
5391,모디리,KR1
5392,그웬카밀,KR4
5393,건이못함,0213
5394,대모기,KR1
5395,다소 늙음,kr111
5396,당 림,KR1
5397,디 즈,박 견
5398,욱발여친뽀삐,KR1
5399,De una vez,wish
5400,challenger 가자,KR1
5401,라라라라라,123
5402,나넨이오,KR1
5403,감천 힙스터,KR1
5404,친구꺼,KR1
5405,대충살기장인,KOR
5406,벌꿀오소리,GJS
5407,심 우 성,KR1
5408,구르 장,KR1
5409,덴마크젖소,4215
5410,말자황,KR1
5411,송아지발귀여워,KR1
5412,봉춤댄서 박팔춘,KR1
5413,크림파이제조장인,KR1
5414,Lovey Dovey,1121
5415,잭스와 브랜드,KR1
5416,하나이치,KR1
5417,k7037kr,KR1
5418,today42234,42230
5419,투신유튜브구독,KR1
5420,나한테해준게뭔데,KR1
5421,우똑똑이,KR1
5422,뿔쭈기,KR1
5423,쳐박으면서함,kr2
5424,남탓오픈,KR1
5425,Zeusss,wooje
5426,긍정적으로하기,111
5427,INFP,조 이
5428,허거덩,COR
5429,고양이털뽑기,날 믿어
5430,힐 끔,1129
5431,Duo,2229
5432,TAS815K,TOD
5433,서폿연습중,9999
5434,김준식98,준 식
5435,PICKFORTEAM,KR2
5436,Renxinyue,0708
5437,5라인중원딜이롤을개처못함반박처,하지마라
5438,asdsdaasd1,KR1
5439,귀엽기만 한 게 아닌 시키모리,시키모리양
5440,약하게때릴게,미안해
5441,dokiio,1013
5442,빈 공주,KR1
5443,IlllIIllIIlIIl,KR1
5444,제우스팀 하리봉,하리하리봉
5445,Viper,4350
5446,팀운진짜왜이러냐,0218
5447,이 누,woo
5448,너의 이름은,신현모
5449,살인자,KR1
5450,퀴 호,KR1
5451,윈 터,남 친
5452,나서스시치,KR1
5453,삼성고불도끼,KR1
5454,빵굽는 유미,즐겜용
5455,Qiyana,YYN
5456,하현의 2 우현,KR1
5457,달 문 곰,KR2
5458,옆구리 톡,KR1
5459,트린을 알려주겠다,킁킁킁
5460,도구남정혁,KR1
5461,iiiillll02,KR1
5462,Liweier,CN1
5463,문제아 수지,KR1
5464,별수호자최유락,KR2
5465,VillainToT,KR1
5466,Dplus KIA,쇼메쇼메
5467,판자촌 에이스,KR1
5468,달고나막걸리,KR1
5469,C Q,KR1
5470,ThreeCond,KR1
5471,준영3,KR1
5472,잘 부탁드려요,2134
5473,뭐라지을지,KR1
5474,느님1110,KR1
5475,중딩녀,KR1
5476,폐 신장 건강해요,KR1
5477,태아니짱,KR1
5478,19981118,KR1
5479,이렐아칼리,1791
5480,xx서원준xx,787
5481,wifiwifiwifiwifi,KR1
5482,달 빛,12345
5483,바텀개,KH1
5484,춘봉박,KR101
5485,SiRiuS1976,KR1
5486,Astrum,10000
5487,실과인의 밤,KR1
5488,공공년생,KR1
5489,BLG Aiming 1,KR1
5490,파 니,2000
5491,ADADADADAD,KR3
5492,ADC,123q
5493,진정한 게이머,KR1
5494,침묵과공포다,KR1
5495,게임에과몰입함,KR1
5496,간호하는남자,KR1
5497,싹튼사과,lsb
5498,날아서갈게요,KR1
5499,kokoro wo moyase,KR1
5500,박뎀숌,KR1
5501,과 약,KR1
5502,lIIIIlIIIIIIIIII,KR1
5503,yueyueyue,666
5504,강라덴,KR1
5505,빽 드,옛날드라마
5506,요들의 왕,요 들 킹
5507,mememerty,KR1
5508,기사폭행3범,KR1
5509,犧 牲,12345
5510,solo,3782
5511,대 잡,KR1
5512,쿠앤크 좋아해요,정말로
5513,시원시원한솔킬,1502
5514,soda82126,KR1
5515,이상범,0627
5516,슥 넨,KR1
5517,get리,KR1
5518,보령의 왕,허예준
5519,Sir Duke,0469
5520,IceFairy,KR1
5521,맹구덩,no1
5522,멍독이,KR1
5523,无论我如何努力站起来,xhia
5524,하늘맛시나모롤,KR1
5525,FrozenCry,KR1
5526,뢰명진,KR1
5527,쌍문보라빛섬광,KR1
5528,낙 진,KR1
5529,자 승,KR2
5530,사회계약설,KR1
5531,나는야유진,KR1
5532,개들의 신 멍신,멍 멍
5533,형빈이따까리,KR1
5534,반창꼬,KR2
5535,T1 Doran,272
5536,레  사,KR1
5537,사랑해요이건영,KR1
5538,지리미,KR1
5539,강 늑,KR1
5540,호 랑,2222
5541,리그오브콜스,KR1
5542,부끄럽지 않은 이름,KR2
5543,단단김묵직,KR1
5544,엽도리,KR1
5545,모카우유짱절미,KR1
5546,슨 엠,KR1
5547,루 혁,KR1
5548,강성냐,솜 먀
5549,김릴파의애완박쥐,KR1
5550,줏 패 기,KR1
5551,혬니가살려볼께,오빠차이
5552,인생이잣같네,1828
5553,14159265358,KR1
5554,기적술사,KR1
5555,야 응 칠,KR1
5556,영 재,0224
5557,병든산삼,KR1
5558,잿빛에 핀 잔화,KR1
5559,팬티를 보여줘,0412
5560,막불이,KR1
5561,임 촹,KR1
5562,캉피 0w0,KR1
5563,복드라이브,VOK
5564,귤 통,KR1
5565,추나카,KR1
5566,정 훈,0802
5567,GONGSA,2180
5568,탁하고치니억하고,1112
5569,Monolith,7011
5570,원팀기버스기사,KR1
5571,용용선생,KR8
5572,박아주는놈,KR1
5573,짐승 인혁,KR1
5574,김덕배,KR8
5575,피자나라수혁공주,JMT
5576,역버프할게요,KR1
5577,booooooral,KR1
5578,Buzz,Faze
5579,세발낙지아님,KR1
5580,금 호,KR4
5581,무환이여친구함,2222
5582,방어킹,KR1
5583,죽 창,11111
5584,낭만아저씨,kr2
5585,죽기직전,dustn
5586,티모버섯으로캐리,KR1
5587,재성2,KR2
5588,GaeSiBalNom,KR1
5589,잔나는좀아니잔나,KR2
5590,캐 리,KR465
5591,카리나타,KR1
5592,Radiohead,9928
5593,뽀정이,KR1
5594,여자의 방은 주방,맞긴해
5595,장이수,KR0
5596,hupppp,KR1
5597,이휘전하,KR1
5598,뇽 뇽,1115
5599,mohage,0 2
5600,ADWARD,KR1
5601,러버덕 꿍해쪄,KR1
5602,고건 미안하다,1234
5603,Happygamer,8040
5604,어지은,KR1
5605,전효원,KR1
5606,랙 클,KR1
5607,ONZED,KR11
5608,고먐미,1102
5609,MP4,KR0
5610,마캐리해,KR1
5611,내닉은끊어지지않,KR1
5612,루 덴,KR1
5613,이걸끈다구,KR1
5614,동 신,동규에요
5615,02 이창호,KR1
5616,날먹형미드라이너,7111
5617,2025년4월8일입대,army
5618,김하성,CODE
5619,머리는차갑게맘은뜨겁게,KR2
5620,히로혜린,KR1
5621,unknowns,kor1
5622,한남 김민우,2568
5623,강한 라인이 강한 정글을만든다,KR12
5624,선모와 윌럼프,KR1
5625,꾸꿀꿀꾸꾸,kr2
5626,파스랄랄,KR1
5627,한국남부발전,지망생
5628,앞 태,KR1
5629,supergate,Korea
5630,육서창,600
5631,티 모,KR111
5632,플라이pig,KR1
5633,rnlrnlrhlrhl,KR1
5634,천상팀운,KR1
5635,경기도도지사,KR1
5636,못해서죄송합니다,MYBAD
5637,현 욱,5020
5638,Last Dance,Team
5639,ACE1,KR1
5640,꿀 연구소,KR1
5641,Leaper1,최기명
5642,dining 다이닝,KR1
5643,거 린,KR2
5644,qweasdqweasdqw,0921
5645,널 날 그리고 늘,KR1
5646,애 옹,6974
5647,동고공주,KR1
5648,엽 아,KR1
5649,lol goddam,KR1
5650,Bitten Bullet,KR31
5651,포 탑,자동사냥
5652,W B,KR1
5653,끄이끄이,2909
5654,영암 원펀맨,KR1
5655,동원참치,KR4
5656,징징이 유기,특히 탑
5657,DARIKING,5546
5658,창녕홍준표,KR1
5659,진수박수,KR2
5660,인지적부조화,KR1
5661,뇌절 보존의 법칙,KR1
5662,달의하루팬,KR1
5663,Bae C,KR1
5664,푸른눈의궁예,KR1
5665,티모나라버섯공주,KR1
5666,두부콩오이,KR2
5667,기형석,KR1
5668,대지대지,KR1
5669,범 실,KR1
5670,민예서,KR1
5671,INK,KR2
5672,고기분쇄기,KR1
5673,yugioh1,KR1
5674,얼굴에싸주라,KR1
5675,공포의 쓴맛,aaa
5676,RYOO,KR1
5677,챔도리,KR1
5678,망설임만 없는자,KR1
5679,행 메,KR1
5680,태양왕,1715
5681,I메론콩I,KR1
5682,원딜나라서폿공주,바텀라인
5683,숨이 죽은 배추,KR1
5684,갱 와봐 당해주나,KR1
5685,금정신동현,KR1
5686,BJ카렌,KR1
5687,입털면아이템다팜,KR1
5688,다야가고닉변해야지,1234
5689,리신 씹고수,KR1
5690,각성 서경민,KR1
5691,도 엠,KR1
5692,연연하다,1234
5693,꼬우면닷지해라,123
5694,찰토끼,KR1
5695,타릭남친이즈,KR1
5696,불불이래요,KR1
5697,펭귄이짱이시다,KR1
5698,인  디,너드커넥션
5699,세나잘해요,kr123
5700,App God,기억찾기
5701,롤동섟X,KR1
5702,동 동,8497
5703,마법에 빠진 꼬마,love
5704,abc11,1111
5705,Minato,111
5706,해질녘 밤하늘,0718
5707,이승환,0823
5708,채수민,kr2
5709,왕와아왕와아왕아,KR1
5710,Sucker,1208
5711,Bladepoint,cant
5712,탑갱 안오면 던져요,갱처오라고
5713,아야츠노 유니,재 해
5714,보라의황제는조강현이오,KR2
5715,미안하다 말로해라,KR2
5716,급발진,분조장
5717,민초바닐라 뼈해장국,9926
5718,넨 장,KR1
5719,나혼자할게걱정마,KR1
5720,핑구리,SOOP
5721,원 딜,JH3
5722,i am knackered,KR1
5723,2817412194977632,KR1
5724,원딜만함,KR486
5725,꾸릉이빵댕이,KR1
5726,Aventus,KR1
5727,xiaoxiongfuzhu,0909
5728,작 교,rk1
5729,Afecto,2007
5730,주유쿤,KR1
5731,20260205전역,그날이올까
5732,Q1776707802,KR1
5733,내가 너를 어떻게 잊어,εïз
5734,고양이보쌈범,고보쌈
5735,한국 케이틀린,KR1
5736,하남순대국,KR1
5737,六道仙人,CN3
5738,owl rock 괴담,7630
5739,진톰삼,KR1
5740,송 강,존잘러
5741,재미없땅,KR1
5742,간질오,KR1
5743,내잘못이야미안해,KR1
5744,hide on bush,32333
5745,규쓰이,0427
5746,정글차이극복중,KR1
5747,성아조,KR1
5748,제 발,이겨줘
5749,전우치님,KR1
5750,찬 민,찬 민
5751,jin yeong sik,KR1
5752,다섯가지꽃,5252
5753,히 발,KR1
5754,우월한실력은팀운을만든다,KR2
5755,우치하,1234
5756,김수르,KR1
5757,LuLu,ffff
5758,빵 집,초코빵
5759,이짱토끼,KR6
5760,수원24살오상엽,KR1
5761,잠지는공주의숲속,KR1
5762,바 밍,Bomb
5763,정병멘헤라남,파오후뚱남
5764,38세 윤춘배,효자동1가
5765,술 수,KR1
5766,2024 2 26,입대1
5767,춤추면봐준다,KR1
5768,NoraYiper,0220
5769,간절해 내게와줘,KR1
5770,기역니은디귿,1999
5771,폐리카나,KR1
5772,제육잘볶는 룰루,맛 집
5773,04탑,KR1
5774,kokoala77,9339
5775,MIC DR0P,KR1
5776,개감수,0101
5777,동 민,03a
5778,always sacrifice,KR1
5779,벼랑위에당뇨,아프다
5780,산책실렁실렁교,KR1
5781,모르면 모른다고,해용0w0
5782,헤이브로와,KR1
5783,주차전문가,kr0
5784,만 돌 03,5767
5785,Found My Way,KR1
5786,로그보태기,KR1
5787,김판주2,12357
5788,장래희망 쵸비,KR2
5789,고소왕 김현우,KR1
5790,미안 던져볼게,KR1
5791,원딜협회장,KR1
5792,가랑비,뽀찌점
5793,would of lol,KR1
5794,stout3950,KR1
5795,Call Ma Names,KR1
5796,안전불감증,안전불감증
5797,검   사,KR100
5798,이봉봉,KR1
5799,8941,KR1
5800,밥 텅,KR1
5801,늙어 지친 남자,KR1
5802,하얗디하얀,KR1
5803,미온수 원딜,KR1
5804,Cog1LMo,Hello
5805,Wither Herb,KR1
5806,세 연,KR2
5807,딸기바나나라떼,사주라
5808,이점범,KR1
5809,가장 큰 위험은 위험없는 삶,7771
5810,태풍 종다리,2024
5811,김민지,저에요
5812,샤이번,KR1
5813,간단한거야,so ez
5814,골든 리트리버 코,KR1
5815,승 환,0926
5816,옹 자,KR2
5817,Panvale,KR1
5818,피자치킨찜닭,KR1
5819,saddas,KR1
5820,둉 쟤,KR1
5821,낭만닥터 최사부,KR1
5822,우당탕탕고기집,KR1
5823,oH 바,KR1
5824,브라키오사우르스,연무동
5825,탑정글미드바텀가요,kr2
5826,숨벵이,KR1
5827,This is 야스오,KR1
5828,포항예수,KR1
5829,전쟁속피칠갑된심상욱의수라파천무,12345
5830,채재국,KR1
5831,민수나라 충신,KR1
5832,도 예 린,KR1
5833,짱귀요미김철민,KR1
5834,화려한 솔로킬,하모예
5835,PAIKEU,KR1
5836,왕자 지현태,Tae
5837,해킹좀처리해라,KR1
5838,hide on bush,대가리박고
5839,23범,KR1
5840,닥치고벨트차,KR1
5841,qttt1,111
5842,감전철거드레이븐,k r
5843,XXX,승무원
5844,이만큼소중해정말로,1120
5845,코 키,왕지롱이
5846,팀원뽑기게임,9843
5847,뷸만없제,KR1
5848,즉위식,KR1
5849,GRF Sword,KR2
5850,정숙한용,KR1
5851,하 율,hayul
5852,미움받을 아이,0000
5853,무엇이 이 하늘에 닿을까,0409
5854,노란 Jay z,KR1
5855,잠자는 왕,KR2
5856,캣닢 물고 유혹 중,야옹야옹
5857,조화에요,조아해요
5858,월터 화이트,KR1
5859,현상금 사냥꾼 렝가,KR1
5860,칼리스타 오너,KR1
5861,INFP이승목,KR1
5862,젤리먹기좋은날,KR3
5863,リザードン,KR0
5864,Wooson,KR1
5865,말랑백구윈터,KR1
5866,弗拉基米尔,血 氣
5867,제 드,채승병
5868,마녀야,KR1
5869,M340i,3379
5870,3일간의 행복,KR2
5871,EsjSmjJgh,KR1
5872,Fakre,KR4
5873,Thisis50,KR1
5874,강민준,999
5875,Death By Glamour,KR1
5876,F점멸만 조저요,KR1
5877,열구해죵,KR1
5878,Xayah Luv,KR1
5879,Hell Joseon,KR1
5880,El 팬 El,KR1
5881,히말라야윈터,000
5882,효승S2,1024
5883,마요네즈,0070
5884,벨로벨로,KR1
5885,애기버기,KR1
5886,뎃 킹,KR1
5887,내잦이는황금잦이,KR1
5888,락스타,666
5889,세상이 나를 억까해,omo
5890,한 비,00000
5891,땡숙이,KR1
5892,밍  여,KR1
5893,동이퍼,KR1
5894,트롤왕,KR10
5895,안풀리네,KR1
5896,모 1,KR1
5897,가붕이의눈물,팀운없다
5898,베르톨트 후버,마레전사대
5899,바텀에 텔좀 써라,KR1
5900,꼬끼옥,KR1
5901,꼴목포차삼치구이,KR1
5902,뭉 가,KR1
5903,의심쟝이,KR1
5904,임동군영,임동군영
5905,에이징 커브,미드라이너
5906,사랑의박다l리,KR1
5907,양천구흡혈귀,KR1
5908,정치하면바로서렌,KR1
5909,Winter,VHXG
5910,시흥청년 길씨,KR1
5911,유민혁임,KR1
5912,바람난올챙이,개구리구이
5913,윤드로저,KR12
5914,오느님,KR1
5915,데프트아닌데,KR1
5916,사회적 두리거기,KR1
5917,렌트카,KR1
5918,찡찡이,MID
5919,핑찍을시칼차단,KR1
5920,먹구름,123
5921,흐린날에,K100
5922,괴물조쥐,KR1
5923,사나이의 묵직함,KR2
5924,대 병 재,KR0
5925,자이로스윙,KR1
5926,뉴욕 거북이,KR1
5927,한양대 프레이,KR1
5928,메이지,KR234
5929,웅맹몬,1318
5930,벚 꽃,gosu
5931,쌩뚱맞는다,KR1
5932,저 트,KR1
5933,Jin Air TaNa,KR1
5934,내일은뭐해,KR1
5935,억까자제부탁드림,KR1
5936,다이아찍고즐겜,zzzz
5937,음매소,KR1
5938,치즈크뤄스트,Lsh26
5939,Hanni,kr20
5940,도우너,KR01
5941,재일이는 내일도 일함,0426
5942,시드니 래비토즈,KR1
5943,아갈장군,KR7
5944,나 빼고 다 미워,KR1
5945,해 달,810
5946,득호핑,하츄핑
5947,Akaps,전설의심지
5948,이유는있을거아냐,KR1
5949,남태우,KR1
5950,공중에 뜸,상태이상
5951,kimchiman1979,KR1
5952,미 호,야옹2
5953,말걸지마세요,KR3
5954,머 너,KR1
5955,th레sh,KR1
5956,틸 모,KR1
5957,폭군장광남,03012
5958,only t1,7777
5959,태 환,KR2
5960,Hearthstone,KR1
5961,lllIIIIlllIl,KR1
5962,티라노사우루수,KR1
5963,Home Sweet Home,KR3
5964,미친만두,KR2
5965,큐 팬,4796
5966,배 두 창,KR1
5967,어그레SIBAL,KR1
5968,밍 누,KR1
5969,럭닌티당,럭닌티당
5970,흙묻은칡먹은닭잡은삵,asd
5971,지원해,KR1
5972,viper,원딜의왕
5973,죽는당 fan,KR1
5974,내이름이진딱,KR1
5975,T1 Gumayusifaker,대상혁
5976,나와내이웃에게,KR1
5977,5세현,KR1
5978,올차단그리고리폿정신투철,KR2
5979,한라키오,KR1
5980,라오니어흥,0817
5981,떡chill생각만 하는 김중호,칠가이
5982,피라미드,KHUFU
5983,민궁둥,궁댕이
5984,티뱅이,KR1
5985,롤토체스체스체스,KR1
5986,RPK 역행,1999
5987,원숭이22,KR1
5988,감자멍,KR1
5989,굵고단단한도끼,KR1
5990,재능과 노력,KR1
5991,Steve,1127
5992,IWIWlWIWlWIWl,KR1
5993,프라에파티오,KR1
5994,수완동 피바라기,KR1
5995,죽여는드릴께,KR1
5996,Radiohead,4512
5997,현호는괴로워,KR1
5998,개잦버러지게임,KR1
5999,댄디시 오렌디시,KR1
6000,우리집도카카오바이크되게해주세요,kakao
6001,x볼빨다 싼춘기x,KR1
6002,망고고추냠냠,8850
6003,쇠퇴기찬,KR1
6004,blue,MG85
6005,다 꼴보기가 싫네,안락사제발
6006,이 면이 불기전에,이 면 불
6007,아홉번째 구름,KR1
6008,آلة الجنس,KR69
6009,알바뛰어요,kr2
6010,삼송꾼만두,KR1
6011,허바오,KR2
6012,깅 윤,KR1
6013,빙닭좀,KR1
6014,불타는 광정,119
6015,정소연,KR1
6016,부천 최종환,KR1
6017,부 캠,KR1
6018,포 로,2627
6019,ti hal,KR1
6020,이걸우쩨,KR2
6021,짜장이주인,KR1
6022,후픽솔킬이범인,1111
6023,zheuisa,KR1
6024,그때의 온도,KR1
6025,나졸리거든,KR1
6026,롤남신,KR1
6027,전성하의오묘한발차기,전성하
6028,이재명도련님1,KR1
6029,아다치와시마무라,KR1
6030,Imnotkorean,KR12
6031,재버워크인,KR1
6032,애모차,mocha
6033,양뭉치,77777
6034,커피한잔의여유,아저씨
6035,아안먹,7468
6036,간다따라온나,KR1
6037,대장군 공종우,C1ADC
6038,ฅÒωÓฅ,ฅΘωÓฅ
6039,구 름,하늘하늘
6040,Charlieputh,3064
6041,시비걸면대포뺏어먹음,대포대포
6042,도망가자,KR11
6043,중국사람,7777
6044,프리렌,0303
6045,hide on bush,BZG6
6046,볼꿍망,KR1
6047,춘밑마,KR1
6048,크레이님,9999
6049,박경표,KR1
6050,KimHyunSung,2007
6051,I亞I,I亞I
6052,마스터찍고닉변할게요도와줘요,파이팅
6053,극단적인오른쪽,0303
6054,무시무시한복숭아,hmm
6055,Dwarf P,001
6056,게임못하는사람,kr2
6057,657,7788
6058,훌라후프,1111
6059,채팅끔,777
6060,WanAnDaMoWang,0126
6061,ฅÒωÓฅ,봄 2
6062,Zephyros,3355
6063,폴붕이 김대선,150kg
6064,기요미,KR3
6065,소년가장 원딜,827
6066,Keria,3134
6067,バイオレットエバーガーデン,みちしるべ
6068,feng sup,4073
6069,a vam latte,수토일
6070,유미뱃살말랑,흐물말랑
6071,나들이라들이,2004
6072,forget me,mute
6073,加油我们队友,1111
6074,물망초,0310
6075,찾았다 내 요정,0426
6076,질리벨리온,2025
6077,결 연,7777
6078,Deft,KR0
6079,초식정글에겐백업을,940
6080,깜 빡 했 나,00000
6081,끼루룩끼루룩,3447
6082,남탓하기장인,1113
6083,서포터로 캐리,서폿캐리
6084,느그광석,5605
6085,나이스형탑솔러,KR1
6086,S2 1500점아저씨,살살해유
6087,Autoroar,Sewha
6088,Xi7l,qqq
6089,鸡公煲鸡公煲经过我的胃,麦当劳
6090,주 밥,KR1
6091,SOOP구구이엄마사지절단,992
6092,쓰레기새기,KR1
6093,죄지은자고통받을지어다,KR2
6094,채팅치지말고겜하자,ddd
6095,사람은 누구나 실수해,123
6096,위 시 란 계,001
6097,원딜폭주족,0112
6098,오월의바람이이별을부른다해도,0000
6099,양홍열,KR1
6100,정호와 함께 라면,KR1
6101,윤 후,KR1
6102,자 유,3186
6103,명반행동,blond
6104,880315,4445
6105,어둠의실력자가되고싶어서,0623
6106,Top,KR126
6107,베개나라수호신,kr2
6108,무빙해봤자야넌,KR1
6109,glanzen,KR2
6110,뒷모습,eee
6111,j90l,999
6112,dyzxx扎克,05818
6113,는 잘 놀지 못했다,xmm
6114,daybreak hascome,3739
6115,all of my life,eilis
6116,어쩔수없잖아 세상은 잔혹하니깐,미카사
6117,아직못다한이야기,kr33
6118,뚜루리,ddu
6119,The Czars,kr2
6120,1절만하자,KR 1
6121,airflyplatesave,zypp
6122,刁根烟打排位,平常心
6123,20대마지막희망,KR2
6124,정글은 어려워,jug
6125,히  또,현숭이
6126,Rocher,300
6127,내가다이겨,kr33
6128,소나 vs 그라가스,5877
6129,니 코,니코만함
6130,Fleur,KR2
6131,장래희망 뇌 녹 사,판테온
6132,니쿄쿄쿄,1212
6133,삼촌의 금지기술,일방적구타
6134,qkrdhksgh,25th
6135,경로당알파메일78세춘강할아버지,에이스
6136,워 윅,hjw
6137,하리보,002
6138,머라 하지마,부탁할게
6139,수빈누나 이쁘다,2025
6140,zl존다크재훈,KOR1
6141,뮤 트,A11
6142,Tayod,ddd
6143,최팡호,1011
6144,Mac2,KR1
6145,LOL,15gg
6146,기 인,하 늘
6147,교전의악마,KR2
6148,약점체크 드릴,7423
6149,의사가 필요해,123
6150,Seize the day,116
6151,K9i,000
6152,only Tanking,0317
6153,아마오 바위 핀치,amao
6154,아동센터 대장,ljh
6155,KarmaWe1leSSS,333
6156,유정우,KR 1
6157,여왕꿀벌,KR1
6158,xiaopu99,03ad
6159,LOFi,1024
6160,빵딩이,003
6161,Deft,小挽心
6162,gaigad,666
6163,정글은 백정 서폿은 도구,2009
6164,0208,2000
6165,IlililililIIlii,KRO
6166,전투여왕 마루,마루는총총
6167,멍 멍,짖 어
6168,가자 몽구야,1234
6169,은서콩,다주거써
6170,뉴진스,kr 2
6171,메추리건빵,갱갱갱
6172,기민한혀놀림,KR3
6173,JKL Fan,31117
6174,guduhuanzhe,sxl
6175,디그더,KR2
6176,대상혁팬티도둑,신상혁
6177,1game1ciga,jojo
6178,귀염이여고생,후두부외상
6179,보름달밤,342
6180,Time is Gold,시간은금이
6181,이기려고게임함,0601
6182,Motoyuusha,moto
6183,wonderx,KR11
6184,거제오함마,KOR
6185,개못하는사람,죄송합니다
6186,행 복,LOL
6187,뚜루루빵,KR1
6188,Vanduy,KR2
6189,이원재,kr2
6190,heee,KR01
6191,wycy0074,zhoul
6192,오늘도 행복하기,0225
6193,电竞少爷,alexd
6194,따듯함,000
6195,超乐观,520
6196,대한민국군대들지금까지뭐했노이기,stone
6197,서현양,0o0
6198,沈 月,zypp
6199,Born to be,Life
6200,xiao xiao 塞拉斯,CCC
6201,Sakura,Mluu
6202,子晨efls,02520
6203,a i,K R
6204,폴 포그바,충남대
6205,an alcoholic,drink
6206,다시 시작,Messi
6207,롤악귀,원 딜
6208,버디파파,BDP
6209,엘소드,KR3
6210,싸우지말고잘해보자,제 발
6211,자라나는검은새싹,KR2
6212,sanxingxiaojia,1998
6213,90년생,1990
6214,고등학생때선생님짝사랑한김동현,KR2
6215,bbban,KR2
6216,El zZ AD,24111
6217,윗물이맑아야수영도하고가재도잡아,1234
6218,타이레놀,1234
6219,J I,N X
6220,Qixtal,145
6221,obsessed,8829
6222,펭도리,포켓몬
6223,오산 거주 롤대남,1206
6224,유진 초이,선샤인
6225,기 회,KR92
6226,Qingtian,pig
6227,어린 시절의 꿈,0001
6228,원거리딜러연습용계정,blue
6229,물개는 어웅어웅,0607
6230,김자반,KR12
6231,장난 아닌데,DAY6
6232,뱀은날아올라용이된다,1212
6233,예 찬,0909
6234,천데이,무 신
6235,아니1,jojo
6236,드립니다,jojo
6237,광주 거주 롤대남,7777
6238,별 개같은 게임,KR1
6239,helphelphelphelp,forAD
6240,Flow,Just
6241,zxy,1119
6242,산나수,0607
6243,행복한 노루,0825
6244,김기수,111
6245,Encroachment,Point
6246,보관통,k1sd
6247,엔터키뿌숨,K R
6248,위까지,krq
6249,델리망쥬,휴게소
6250,أوريانا,9604
6251,aimhack17,new
6252,Hello My Shadow,corum
6253,찐 서,수바기
6254,성함이,jojo
6255,reks,1111
6256,고구마,목막힘
6257,pvman1,kr01
6258,Pharaoh,zzy
6259,타 잔,2002
6260,햄볶아야해,행복해야해
6261,이게어디까지올라가는거에요,7965
6262,원딜만갑니다,999
6263,miku,yue
6264,JustLikeThatKR,J890
6265,領域展開,MID
6266,폐지킬러 박춘례,KR1
6267,不要抓悦悦,1001
6268,나무 깎는 노인,rex
6269,리듬타는노루,KR1
6270,061004,2006
6271,余命宣告,0830
6272,이러지마,제발좀
6273,eeoeo,eoee
6274,Iris,Ch1
6275,ewrdsfds,dsf
6276,1111,WRN0
6277,Bhauer,2525
6278,Ap깎던노인,sra
6279,zzIzel,문의환영
6280,tft,wywq
6281,Yyjoo,0912
6282,思 郞,태 욱
6283,맵좀쳐봐할망구쌉뒤진놈들아,kr3
6284,ytyt,wywq
6285,with Clid,KR2
6286,Hide on bush,QCQQ
6287,매칭주작개망겜리그오브레전드,0000
6288,돌 돌,jin
6289,xiaok jug,52lj
6290,盡人事待天命,0610
6291,깡통구리,깡통이
6292,프렌들리,9919
6293,皮肤要用最好的人是最菜的,怎么不去死
6294,나혼자만레벨업,나혼자
6295,뉴비에엽,7874
6296,Nut Top,2002
6297,1zxx,6374
6298,동덕여대19학번방혜지,빙둥빙둥
6299,Sluewc,kr2
6300,교외털 관리,bee
6301,레 렐,렐랠렐
6302,jiangovo,jiang
6303,냥 갱,zzz
6304,luoy,aas
6305,IlllIIl,9671
6306,유 이 설,이 설
6307,상 현,8405
6308,dreaming future,Shuno
6309,ui9m,111
6310,Artias12,KR1
6311,Poli,MOOK
6312,찡얼찡얼 앵무새,찡얼찡얼
6313,淮北UZ1,666
6314,엘런스페이서,KR1
6315,ttUroElp,12von
6316,노정택,KR2
6317,미드문도,미드문도
6318,sun,0215
6319,이현희의전설,6626
6320,눈꽃송이,krl
6321,Zio,Zeeo
6322,시호야,KR2
6323,drama,0713
6324,Ni ren,9999
6325,재이커오른팔,KR1
6326,Ong,wort
6327,어제보다나은오늘,LIFE
6328,HanyonexDusk,VNNO1
6329,미미미뇽,0328
6330,dydiqiupang,jojo
6331,베이컨토마토 디럭스 라지세트,음료는콜라
6332,누누 작업자,KR1
6333,打火王,Cn1
6334,luo shen fu,LSF
6335,무봉중검,重剑无锋
6336,anheq,3326
6337,Ked,КR1
6338,이슴원부캐1,6312
6339,douyin小摘心,66666
6340,Cloud,A550
6341,douyinnandaowang,6666
6342,diss,abc
6343,kakak,wywq
6344,제발주세요3성,KR1
6345,삼겹삵,kr2
6346,Black,xnd
6347,생각고심전달,0507
6348,우리복이귀엽져,6733
6349,JUGKING,3330
6350,宋宋送,0904
6351,초고수,7792
6352,사랑혜니,KR2
6353,김뭉먕,뭉먕이
6354,뿡댕이입니다,뿡빵띠
6355,ZaLk,bee
6356,헤카림은점멸이다,KR2
6357,돼지꿀꿀,kr23
6358,한 번만 끌려줄래,그랩원툴
6359,빨간망토맛토스트,kr0
6360,想要月亮种满鲜花,苦杏仁
6361,hjkll,bbbb
6362,허송세월,KR22
6363,새마음새뜻,새로운출발
6364,아크샨만 줘봐 이겨줄게,아크샨미드
6365,yaya,kr3
6366,진수성,1248
6367,dopamine,33333
6368,月光下的朱丽叶,88888
6369,AyaseHaruka,KR2
6370,분쇄골절통,왕뚝백
6371,팀 못하면 합류안함,KR123
6372,가능성 있는 사람,KR1
6373,기억해할머니눈물,3292
6374,haoxintai,33333
6375,롤스타팀 까미,2025
6376,럭키비키,0831
6377,LIYIFENG,CN1
6378,98프로지망,또이러신다
6379,lIIIIIIIIII,IlllI
6380,퍼스트,S 2
6381,Love6isalone,2004
6382,TFE 트포이,KR1
6383,동그랑땡노맛,123
6384,오복련,0607
6385,viper7,1717
6386,beifeng,pggg
6387,방 가 루,봉 봉
6388,준영영영영,KR1
6389,한국말 쪼끔해요,1004
6390,이상혁정지훈정상길남궁환렛츠고,kr999
6391,trap,66666
6392,Fury,SSG
6393,백지헌,111
6394,박치기공룡입니다,0000
6395,쉬운것이라곤아쉬운것뿐,7777
6396,가는중,CR1
6397,공주영,0131
6398,무한방구의원리를아십니까,OwO
6399,s7yu,sss
6400,박용택,1994
6401,yiwenfenghou,qccev
6402,Oner,2261
6403,phonk,KR2
6404,Happyr,100
6405,역겨움의 표본은 너야,hakil
6406,노 건 영,NGY08
6407,Painkiller,123
6408,카드값줘체리,KRS2
6409,DY 吾单,吾单三路
6410,달팽이맛 포도당,1314
6411,사 과,6949
6412,차카게살자,1234
6413,코쿠시보우,9709
6414,因果應報,KR2
6415,adad,kr11
6416,꼭튜브,1557
6417,woobsin,0709
6418,patienceiskey,1253
6419,묵언수행,0925
6420,Bloodborne,PRO
6421,섬모희,0607
6422,Chun,8865
6423,박치기공룡,KR00
6424,상 어,777
6425,찢어줄게믿어,강 운
6426,못된말좋아요,KR2
6427,ovo,7940
6428,123123,쿠키뭉이
6429,勸善懲惡,zypp
6430,지우개,KRl
6431,광동귀환,KDF
6432,히 또,AD1
6433,LanShuBao,qwq
6434,Blue,KR064
6435,주 황,1220
6436,희 망,규 삼
6437,건드리면 박는 남자,현 수
6438,xiaoganguo,lll
6439,rijin,777
6440,모찌에용,mozzi
6441,PoBBy,龍 鎬
6442,찡찡이mom bomb,kr2
6443,Kyrie Irving,kr10
6444,새 우,mnn
6445,똥 낏 수 만,kr08
6446,협곡 산책,걷기뛰기
6447,따 닥,0325
6448,87세박옥춘할배인생최후의카이팅,KR2
6449,리 퍼,1004
6450,Shaco,0528
6451,MasterletsGo,마스터
6452,과즙홍찌,방시혁
6453,원 딜,아 기
6454,εïз,뭘 봐
6455,no chat,new
6456,08년생프로지망원딜,KR 1
6457,死 神,死亡回歸
6458,smile,yaha
6459,T1anGod,天 神
6460,살려주세요한번만제발,kr12
6461,라이전의악마거리조절의,KR3
6462,Rifle,Gun
6463,어 쩔,티브이
6464,할아버지,떡볶이
6465,레몬 스위트,GMhf
6466,Alkaid,6433
6467,해 인,지 원
6468,pangxiejie,螃蟹姐
6469,66ty,ttt
6470,물결안써요,213
6471,월 양,3784
6472,얼린망고 다 내꺼야,happy
6473,hgsss444,KR1
6474,jue wu zhen li,KR1
6475,킹악어,KR1
6476,여 우,웅 수
6477,KDF Kari,1996
6478,다 자,다 자
6479,KAKAROT,KH1
6480,돼지갈비,1004
6481,롤태민,KR01
6482,아이냥,ε з
6483,란 구,KR10
6484,삐 콩,9999
6485,앵 두,КR1
6486,秋 季,낮어밤어
6487,렝 가,ΚR1
6488,우주결정론,KR1
6489,impossible move,KR1
6490,douyinzhaoce,CN1
6491,신화 창조자 진,JIN
6492,NeverGiveUpX,0715
6493,어나니머스,kali
6494,새우깡,KR33
6495,내가 더 잘할게,도 구
6496,강낭콩,좀만이
6497,루루바,바 름
6498,수제버거 맛집을 찾아서,게살버거
6499,SPYAIR,Niji
6500,怀念2014年时光,QQQ
6501,カレンちゃん,av1
6502,그대곁으로,kor1
6503,Lavender,71013
6504,350등 시민,350
6505,green,gml
6506,上杉绘梨衣,yjj
6507,육 도,마 마
6508,1lll1IIII1,IIll
6509,everything,yaha
6510,sorryad,qqqq
6511,HELP TOP CAN WIN,ZZZZ
6512,Edgehighrise,188
6513,아스팔트박치기공룡,kr2
6514,신짱구,KR321
6515,홍군이,kr3
6516,lnversion,qwq
6517,풀죽은파란마법사,고수임
6518,GNlKGUJ,KR1
6519,생각을해바보야,kr2
6520,소금빵,123
6521,khygf,fff
6522,아이린,bunny
6523,不 死 身,777
6524,DRX BEBE,0427
6525,일렉시드,0730
6526,폭 군,Ryu
6527,Dkdoooss,dos
6528,riposte,kr11
6529,평생소원이누룽지,평소누
6530,이즈리얼만하는계정,ezrl
6531,Юми,냥  냥
6532,야 생,KR2
6533,하이빵가루,하 빵
6534,悲しみは水のよう,77777
6535,칼바람gd앤top,배민1
6536,flffldk,KR2
6537,づッづ,0430
6538,本 音,0217
6539,下摆的人OvO,ccc
6540,tbvjakzpt,4886
6541,JustToxic,123
6542,무직백수배규이,스팸구이
6543,슈렉노스티아,588
6544,탑후픽절대안줌,탑은장애
6545,My honey,时崎狂三
6546,tempbxdaoikejida,2000
6547,전세환,AV1
6548,douyin 末日杀神,ccool
6549,전민경,1234
6550,규창씨,KR1
6551,CID,KR2
6552,골목대장허성제,동굴보이스
6553,숙지고 케리아,KR8
6554,月明かり,つきあかり
6555,비온뒤날씨는맑음,777
6556,CS치면안함,KR3
6557,귤은맛없다삼창,KR2
6558,호영몬,KR98
6559,티팬티스폰지밥,kr24
6560,watch me,116
6561,奶龙大王,1130
6562,니얼굴황조롱이,황조롱이
6563,뀨 우,뀨우우
6564,엽 맨,엽맨 짱
6565,影色舞,qihai
6566,Lalala,7534
6567,nice11,1234
6568,야생의목이버섯,5908
6569,러 브,S 2
6570,Love you,KR11
6571,VenomWeaver,KRVW
6572,god,030
6573,yichen2,dy一尘
6574,원 딜,0321
6575,かげのしゅじん,0712
6576,미드가 지면 정글탓,1211
6577,6uiwvp,777
6578,이관우08,KR3
6579,the four,44444
6580,포기하는것을포기해버린이길태씨,서랜안쳐요
6581,정신 이상자 곰,KR1
6582,돼지보이,132kg
6583,The Notebook,2004
6584,나무킹,우드득
6585,你也想学习王硕叔叔的超绝打野是吗,王硕老师
6586,bior,1231
6587,사랑의 노예,0812
6588,純靈魂對話,bye
6589,여행은즐거워,1015
6590,상자 속 고양이,고양이
6591,bubangbizha,2222
6592,모 르 페 코,0w0
6593,IllIllIlllll,qsaz
6594,짱 구,4315
6595,nobodydanceme,유튜브
6596,의미없는계정,XXX
6597,qewrrwsadfa,drk
6598,FL1P,KR11
6599,night,qiuyu
6600,얘랑할려고아디만듬,0124
6601,밤 12시 호카게실,KR2
6602,이지금,1323
6603,혜지의 호흡 오의 향수 테러,1126
6604,겜도못하면뭐잘해,돈잘버니
6605,把他们烧成轻烟,6666
6606,같이교토여행,共に旅路
6607,Qian Xun,111
6608,모니터10번부순사람,0413
6609,유 잉,000
6610,문자수가부족,123
6611,땡철이,KR1
6612,Lanos,KR5
6613,Crow丶Abin,9603
6614,2025,JUG
6615,스물다섯번째밤,KR3
6616,빙 하,둘 리
6617,kurumi,kr3
6618,NAVERGIVEUP,WIN
6619,viper fan,kr2
6620,Swamp,KR3
6621,Neon Tachyon,kr2
6622,つθωθつ,GYY
6623,Qingcheng,0526
6624,白 露,0716
6625,소여니,찌찌좋아
6626,내 마음의 위험한 녀석,김현우
6627,이상코코코코코지마코지마안마의자,상코마사지
6628,정글연습12,KR33
6629,Red,KR63
6630,JustLikeThatKR,8629
6631,hide on bush,lIIl
6632,부천나라배달공주,라이더
6633,marvel,朴炫碩
6634,헤카림두개골덮밥,kr2
6635,늙고병듦,마지막잎새
6636,xiaokovo,666
6637,온리팬스로 월수입 2000만원,자급자족
6638,Emperor,KR4
6639,해 린,ADOR1
6640,매운거 싫어요,0229
6641,love zoe,KR2
6642,Shierye,1018
6643,Azeved,1of1
6644,빠른회피,kr2
6645,나 이휘성 아니다,0113
6646,kzj000,sange
6647,소주한국학교,0000
6648,jiushu,0914
6649,scsd,wywqd
6650,waaw,wywq
6651,백매화,fan
6652,핑와점,9895
6653,원 딜,15342
6654,RNG Juice,RNG
6655,yuyu,5888
6656,맥날더블쿼파치장인,7777
6657,메피스토,펠레스
6658,qqqqq,wywq
6659,요 미,0301
6660,쥬파춥스,tag
6661,Zhitao,QAQ
6662,핫플짐,KR 1
6663,jiushu,wywq
6664,푸르미르,0420
6665,Orange Powder,0000
6666,서울무료급식소화장실문지기장쥐환,KR2
6667,녹턴의 밤이 되었습니다 아멘,KOR
6668,yinii,666
6669,Whip,KR2
6670,yiwazhaoze,1314
6671,SESCO,벌레박멸
6672,regjiuregiuwqrfd,weijf
6673,롤스타 이재명,찢는다
6674,05홍성우,1012
6675,Nate,gogo
6676,yi93y,1122
6677,이재명,지지한다
6678,NICEGO,WIND
6679,임준휘,0821
6680,xiaomattkx,520
6681,정예진따까리,잘할게
6682,Yue,YAYA
6683,단테 파우스트,KR1
6684,qingsuishiqian,2880
6685,아이스아메리카노,카페라떼
6686,너무나도슬픈사람,2764
6687,Zeri,제 리
6688,용현동 구마유시,KR1
6689,인성터진정신병자,rex
6690,새벽안개,KR2
6691,젖꼭띠,0217
6692,도산코 갸루는 참말로 귀여워,박재현07
6693,저돌적,1892
6694,tdgdr,NICE
6695,nuofo,NICE
6696,엄마밥줘여,KR1
6697,요로롱,KR25
6698,백소월,백XX
6699,존슨장,kr 1
6700,xXxoxXx,xXx
6701,영원히 안녕히,kr2
6702,Regina,Rex
6703,Blu,moto
6704,Andio1,8286
6705,콧수염괴물이경창,KR1
6706,ADC ΟωΟ,ΟωΟ
6707,새로운마음,ttt
6708,icesilfe,wywq
6709,양라가스,1203
6710,Musk,1121
6711,커피한잔,123
6712,한남심장폭격기,4241
6713,방앗간을 꿈꾸며 잠든 참새,짹짹짹
6714,Lomiru,2002
6715,店长盖伦,5955
6716,용암사냥개의 발걸음 아카이누,MAGMA
6717,Lv 3 모부기,KR1
6718,冬 眠,hao
6719,TOP,24학번
6720,The water is def,0046
6721,경빡진,1020
6722,毛毛力,minji
6723,때려서미안해,4485
6724,辅助实习生,0301
6725,0 7 2,09와
6726,15ff,0827
6727,줘패벌라콱씨크산테,6787
6728,전생의 업,건실하게
6729,Paya,0219
6730,太尉ovo,0529
6731,논리의 왕자,Luoji
6732,곰 국,4948
6733,09 JG,KR2
6734,リブンタロン,ITRYY
6735,RNineT,0424
6736,초코파이,뜻 정
6737,tianxiaweigong,0312
6738,치지직 차태이,tei
6739,솔랭은 괴로워,KR1
6740,이리재미뗘재미뗘재미뗘,이터널리턴
6741,Robust,Uzi
6742,저교수의부끄러운제자,4444
6743,yierii,7788
6744,你好1,你好 1
6745,hbinaaa1,0810
6746,소스케,무지개
6747,xkqtls,9462
6748,자 크,kor11
6749,87세박춘배의화려한솔로킬,0000
6750,ueri,5985
6751,iukiuk,6631
6752,유미대학교졸업생,7599
6753,07피지컬킹,ADC
6754,SSG Deft,KR1
6755,비웃을가치도없군,0524
6756,오공자,KR1
6757,love jiao,6666
6758,beanoo,0331
6759,소년가장 원딜,7185
6760,FA SeungJae,2001
6761,밍짜루,홍식E
6762,코 롬,원숭이
6763,자몽허니블랙티 벤티,스타벅스
6764,안녕하시렵니까,KR2
6765,인숭이,숭이숭이
6766,The King is Back,4419
6767,학 천,kr2
6768,아리가또고토리맛있다,0000
6769,괴물쥐,sexy9
6770,집중력,2457
6771,Rando,777
6772,안녕 나는 주리미,미생물
6773,셀 즈,Selz
6774,미 르,kr01
6775,천 하는 사람,KR1
6776,내가 다 미안해,SAD
6777,팬 치,5333
6778,위풍당당 장군님,KR2
6779,wave to earth,더 폴스
6780,누누세요,KR1
6781,ice,yuy
6782,오로라,장인1
6783,호날두나의심장,KR1
6784,매일 즐겁다,KR2
6785,AKAKAK,4415
6786,웅냠냠웅냥,6818
6787,냥냥이,9918
6788,집 사,1903
6789,흑표팀 서포터,KOR1
6790,롤19000,KR2
6791,대 고 츄,TOP
6792,거리조절장인,벨코즈
6793,엔비 데마라,1111
6794,rtyy,8655
6795,라 릭,123
6796,낙 향,0713
6797,Liiixxxccc,0820
6798,탑차이,정글은백정
6799,아뜨거워,777
6800,영선생,KR1
6801,쭈머니쥐,9715
6802,무색무취,7853
6803,멘탈좀잡아라,KR2
6804,MEMcho,45510
6805,숟가락 살인마,スプーン
6806,깅동웅,2222
6807,LV 06 YASUO,KR2
6808,미드티모,1234
6809,안타치고도루하고,조수행
6810,고양이두루치기,0109
6811,황금올리브치킨,먹고싶다
6812,난또이러고있네,9129
6813,나거한,111
6814,도파민학개론,KR1
6815,매너롤유저,KR1
6816,귀염뽀짝큐티용이,KR1
6817,탑던지는계정,KR1
6818,장 승 훈,KR77
6819,사이드만갈게요,KR1
6820,BOSS,Gosu
6821,서은뉴냐,0815
6822,07한타보는늑대,KR1
6823,홍기연,KR2
6824,ZzZz졸린ZzZz,KR1
6825,O sole mio,КR1
6826,이상호93,KR007
6827,카마도 김덕진,돼지의호흡
6828,이즈리얼,정조준
6829,kino,pwdd
6830,오늘도나혼자홀로,kr3
6831,젤리맨,TOP
6832,조용히 게임함,KR55
6833,sulgang2,1023
6834,ahahzhzagagzbq7a,KR123
6835,돌아온킹정석,KR1
6836,본진기억이안나,look
6837,탈모의악마,KR2
6838,아뿔싸대마왕,KR1
6839,손가락하트뿡뿡,KR1
6840,준영준영,dmc
6841,Lovestaywithme,201
6842,큰 실력 차이,asd
6843,그대가그리운건지그때가그리운건지,KR1
6844,백령스포츠센터,KR1
6845,조선제일검,owo
6846,동우띠,0715
6847,Zenith,FFFF
6848,Sudal,수 달
6849,말랑카우 꼬집기 5단,비틀고싶네
6850,ufyi,KR1
6851,즐겜용,0720
6852,논할배,KR1
6853,엄성호,KR1
6854,iyue,KR1
6855,가치없는사람,0209
6856,耐抓王,sbjg
6857,uuu,bbb
6858,포터남,전주04
6859,Vac Xeng Tim Em,666
6860,謹言愼行,8888
6861,hhhh2,9171
6862,어시줘봐핑크산다,KR11
6863,Reichtum,企業家
6864,btb,111
6865,원수가있다면 바카라를 가르쳐라,에볼루션
6866,wave to earth,0918
6867,히토미교수,6974
6868,zhumidawang,KR1
6869,실수 배려 노력 존중 믿음,0111
6870,QI치기,KR1
6871,잘 지내자 우리,여름날 우
6872,대건고이준석,2006
6873,JustLikeThatKR,1772
6874,乙骨憂太,진안상애
6875,원딜이에,KR1
6876,qwerasdfzxcv,3636
6877,Yunababy,0923
6878,귤 갓,Gyul
6879,바람하나면돼,KR1
6880,蜂蜜猪,KR3
6881,去死吧去死吧去死吧,去死吧
6882,NEXUS,ADC01
6883,바나나깡,스윗한
6884,끼야아아앗,KR1
6885,ฅッฅ,0430
6886,쵸천지,0303
6887,영 민,7777
6888,유기하면합류안함,KR2
6889,Samira,小花开
6890,깨비드릴조7777,KR1
6891,한남 김준혁,KR1
6892,뇌지컬 사이온,KR1
6893,다람쥐손인욱,paka
6894,klaytn0,KR1
6895,어 왔니,1234
6896,딜서폿은죄악이야,KR1
6897,pagma,KR1
6898,롯데리아알바생사이온,그웬밴좀요
6899,koi no yokan,1101
6900,cvMax,00000
6901,JwsJwl,KR1
6902,애 달래는 게임,kr2
6903,qazwsxeasdf,0810
6904,미움받을 용기,슈퍼크래액
6905,세현공쥬,KR3
6906,엉덩이미남홀란드,KR1
6907,몰래좋아해몰래,2407
6908,홀로호크,KR61
6909,수능끝나면복귀,KR1
6910,장경철,1818
6911,동 일,동 일
6912,제육국밥,119
6913,HUN,2946
6914,둔 부 물 어,KR1
6915,자운의아들자크,1201
6916,하치와레,88848
6917,DWG Nuguri,6666
6918,JERRYAJ,KR1
6919,T1 역천괴,KR2
6920,옷코츠 유욱타,111
6921,롤은 간단하게,KR1
6922,벅벅순대,KR1
6923,noeko,KR1
6924,철찡찡,KR2
6925,Mauve,연보라색
6926,zxcvv,KR1
6927,Mao,0218
6928,K1yo,0000
6929,Akaps,푸앙이
6930,반갑꼬리,반갑꼬리3
6931,괴물쥐,8399
6932,이화여대최순실,KR1
6933,저 러,KR1
6934,P V X,KR1
6935,Zegus,KR1
6936,물렁2,KR1
6937,신시류,KR1
6938,liiilliilililill,KR1
6939,어리고싶다,NAROD
6940,Blueming,HEREH
6941,김뭉먕,OwO
6942,lucky,丽娜媛媛
6943,얌냠박사,KR1
6944,아칼리클레드세트,KR1
6945,원당역,3호선
6946,쵸비 그는 신이야,KR1
6947,벌레정글은핑,4275
6948,Love and Trust,0203
6949,픽창에서남의픽보는애가제일못함,KK1
6950,lelele,CN1
6951,황금올리브반마리,KR1
6952,무한돌격,KR1
6953,deadmau5,KR1
6954,Love Ahri,KR2
6955,니체는 탑,KR1
6956,아무도정체를모르는어둠의실력자,섀도우
6957,힘빼기,KR1
6958,최정은,0804
6959,김덕칠,KR2
6960,ミミミミミミミミミミミミミミミミ,jp2
6961,wohui changshi,CHN1
6962,롤스타 둘리,호이잇
6963,키리토,Lv1
6964,맞아 나야,KR2
6965,커피는내인생전부,KR1
6966,망나니,의 삶
6967,20260114,123
6968,Cnaifツ,1127
6969,손차박그리고나,KR1
6970,찰근이,KR1
6971,이세계 최강 유미,KR1
6972,쿠로에몬,KR1
6973,버니즈이시봉,버니즈
6974,Whaletree,MID
6975,김준섭,KR2
6976,nah id win,bumbu
6977,e4e5Nf3Nc6Bb5,KR1
6978,Smoking Dreams,123
6979,ごじょう さとる,KR22
6980,건물주가될래요,KR1
6981,Trying,31899
6982,고사리,128
6983,모든것을극한으로,째워니
6984,귤좋나빨리먹기,Kr2
6985,홍아스피날,0534
6986,heude,9802
6987,공석우,KR1
6988,ssh04,kr3
6989,민모데99,8388
6990,근성부족,KR0
6991,Δίας,0113
6992,윈 터,59590
6993,아이언부터챌까지,KR1
6994,깜찍이9,뭐이씹련아
6995,see you Raptor,0819
6996,Dáil,kr05
6997,shame9,KR1
6998,토니토니 칙관,0625
6999,风华绝代,俗世1
7000,롤박사 성도리,KR2
7001,빵 집,멜론빵
7002,zxcvzxcv,11111
7003,한수 위,우르곳
7004,I2NA,KR2
7005,기 사,0902
7006,love,CN1
7007,반격반격반격반격반격반격반격반격,JAX
7008,DEL468646151,DEL
7009,고구마,KR97
7010,DRTM136,KR1
7011,피 즈,013
7012,레서판다귀여워,ryu
7013,이상호93,КR1
7014,yuhainuoQAQ,KR1
7015,Bad life,OOOOO
7016,뿔버섯,파티클아츠
7017,스포츠파크,KR2
7018,dadvdid,KR1
7019,민트초코샬코,공주님
7020,ZA4N,KR1
7021,그웬 원챔 하고싶다,1557
7022,어젯밤에난니가싫어졌어으쌰라으쌰,소방차
7023,Crack Ho,KR1
7024,천안 갑오징어,KR1
7025,동현꿍,KR1
7026,쏭썽이,KR1
7027,종 건,0313
7028,설인아,0609
7029,더현대 자스민,0707
7030,달덩이,KR1
7031,Kim캡틴,Beom
7032,국민요정 안정빈,KR1
7033,이러시면곤란해요,말예쁘게해
7034,꾸래핑,늙었따
7035,곤듀캐리,유 미
7036,어이업셔,KR1
7037,zikd,Kr2
7038,ingrid336,1787
7039,내나이가어대소,KR1
7040,새벽아메리카노,KR1
7041,계속해봐,KOR
7042,꽃붕의 노래,꽃붕이
7043,Rpflattey,1293
7044,camilo,KR1
7045,징버거가짱센주제에너무신중하다,317
7046,굿 깅,Good
7047,Luzy,KR1
7048,백일청천,KR1
7049,Xie Zhenya,KR1
7050,대두레이븐,1234
7051,악당졸개,KR1
7052,98대장박익현,원 수
7053,ON MY OWN,oown
7054,Bad Girl,KR8
7055,시옷발음못해요,KR1
7056,팬보이 푸딩,KR1
7057,카정만가는정글러,KR1
7058,시럽계,시럽계
7059,탑라인마스터,KR1
7060,woof and meow,KR1
7061,餡蜜餠白雪只,CN1
7062,小 天,0524
7063,미스터마켓1 ,KR1
7064,구름 예쁘다,KR1
7065,RiBERTiNE,CLUB
7066,balli03,KR1
7067,GaoJinSay,KR1
7068,백마 탄 왕자님,0110
7069,원거리겁쟁이,1117
7070,뱀뱀이,001
7071,럭 스,2 등
7072,Blue,mid04
7073,수컷허세만,KR2
7074,未临zwei,0810
7075,ЖХЖ,030
7076,절망 분노 혐오,KR1
7077,애루러,2024
7078,봄여름가을겨울,2005
7079,마술상자,부캐1
7080,토게토게,걸밴크
7081,정희범,KR2
7082,Merry Christmas,ahead
7083,Sword Art Online,KR1
7084,GDKR7,KR7
7085,도토리대장,へヮへ
7086,훗난천잰가,KR1
7087,송하영,1127
7088,고양이박이,KR1
7089,고추2개,KR1
7090,asd1123,KR1
7091,06TalonKing,利爪王
7092,Diei,X1109
7093,Say Love Me,KR2
7094,메 룽,ヲヲヲ
7095,小法天神,111
7096,NeverDieDiamond,KR11
7097,Nymano,lofi
7098,狠人锐雯,zypd
7099,AlwaysPlanAhea,KR1
7100,롤1짱김성원,KR1
7101,我要被融化了,212
7102,엄무무,KR1
7103,오픈장인,0149
7104,Shuolezaijian,444
7105,King yubin,KR1
7106,조금만천천히해,KR1
7107,qwerrew,KR1
7108,우회전중좌회전,KR1
7109,푸 키,o3o
7110,zxqwhsig,KR0
7111,Persona,922
7112,대 파,paa
7113,개똥주의,0907
7114,LoveRemix,KR2
7115,겨울지나봄은온다,KR1
7116,그냥 저냥 합니다,1111
7117,OωO,1999
7118,홍준오,KR1
7119,부천불주먹,KR2
7120,qwerasdfzxcv,KR04
7121,아직 안 끝났어,밀리오
7122,한국말 쪼끔해요,KR1
7123,cici,0403
7124,qweasdqweasdqw,KR24
7125,0ll0llllll0l,KR1
7126,pshvely,KR1
7127,가오리를보고쌈,KR1
7128,올뮤트하고빡겜,KR1
7129,제발요,KR113
7130,Kanai,001
7131,Dogcake,222
7132,yio5,KR1
7133,He Shang,DJDJ
7134,Res Novae,0430
7135,지혜는역경으로부터,1102
7136,mute,11564
7137,드랍세트,KR1
7138,Serendipity,7585
7139,정상길,KR1
7140,OxO,0601
7141,홍석현,충암고
7142,시 바 콩,KR2
7143,adcapc,KR1
7144,와 드,5959
7145,Mute,1938
7146,김범수똘추새기,2000
7147,카리나,유지민3
7148,괴물 거인,KR1
7149,aoer,KR1
7150,골목대장이승원,1111
7151,Boost,Asio
7152,RuiiN,2024
7153,xi88n,KR1
7154,미친개 관태식,KR1
7155,DARLING,0405
7156,가을빛,KR1
7157,벌레에용,다 운
7158,팔차선,JYH
7159,만수무강하세요,행복하세요
7160,窝操泥吗闭,iu99
7161,김병준,0514
7162,jgbaby,KR5
7163,최옥순,KR1
7164,피 즈,012
7165,소울A,KR1
7166,뿅망치,또는 낫
7167,꽈당당,KR1
7168,밤에 뜬 그믐달,8335
7169,모기먹는도마뱀,KR1
7170,Radiohead,Gods
7171,파리먹는도마뱀,KR1
7172,성하니,1776
7173,덤던크,KR1
7174,unhappy cat,KR1
7175,나는이기고싶,KR1
7176,덕 혜,KR1
7177,어리고싶다,0510
7178,떡잎방범대 출발,KR1
7179,OneJ,6255
7180,장 미,mc1
7181,게임 못할 수도 있지,KR11
7182,정 신,정 신
7183,Cata,NCA
7184,또유니,세젤귀
7185,Bie zhou fu dian,KR1
7186,Raing,Eee
7187,20학번21군번22학번,KR1
7188,Aug,16th
7189,훈 령,1004
7190,쨈미니,5814
7191,zzc,KR1
7192,panOvO,0910
7193,애 니,전투 공주
7194,つoωoつ,aaa
7195,Chen guo xi,KR1
7196,강 전 민,98626
7197,김현진,0424
7198,챌가는ID,0831
7199,엄린아,KR123
7200,黄梁梦,EKKO
7201,SuK,7201
7202,탑은탑일뿐,KR1
7203,석가모니,KR2
7204,Aimyon,333
7205,고길동의길,KR1
7206,Apdoga,KR1
7207,솔직히좀두려워요,KR1
7208,츄순호,KR1
7209,하리보,1997
7210,카시오페아,독기범벅
7211,연인사냥,KR 1
7212,조 용 학,KR1
7213,도구의 삶,원쓰기
7214,Jerry,CN1
7215,Mallard,99999
7216,뭐야건들지마요,KR1
7217,Wing,0309
7218,Daybreak,3527
7219,woshizhu123,KR1
7220,한 조각의 추억처럼,123
7221,D 손,KR00
7222,불의 의지,KR1
7223,Come wlth me now,KR1
7224,부들부들 나르,KR1
7225,챌린저가나타났다,KR1
7226,이 서,이세돌
7227,zizi,2004
7228,키위맛 오렌지,9999
7229,Zoro,KR1
7230,usjnuongniyi,ana
7231,Rn1705,9305
7232,넌죽여버릴거임,KR1
7233,장래희망두이팅,0712
7234,낙원상가악기도둑,KR1
7235,박술통,KR1
7236,굴룽쇠,KR1
7237,Shield,J g
7238,강동무적채원석,KR7
7239,위드현,4783
7240,기식당,0210
7241,是缘总会圆,yue
7242,ggaevogue,KR1
7243,협곡고아원,kr2
7244,기도메타탑망나니,KR2
7245,0in,KR1
7246,말량광이징크스,KR1
7247,아야츠노 유니,라고할뻔
7248,포기란 배추 셀 때나 하는 말,0515
7249,간절함의 부재,KR1
7250,Freeze1ove,calm
7251,배지수,KR1
7252,묵찍딴딴임씨,nnn
7253,wpqwqwp,kr2
7254,ForUnforgettable,KR1
7255,벨코즈 일타강사,kr2
7256,Lozhe,KR1
7257,symphony7,KR1
7258,한창 키 클 나이,000
7259,허락했어요,KR1
7260,Fan xiao dong ,KR1
7261,우미쵸,KR1
7262,에렌 머플러를 둘러줘서 고마워,KR0
7263,마라탕의맛을뒤늦게알아버린조영민,양고기추가
7264,mei,0305
7265,홍차맛 다람쥐,masha
7266,팀운없는계정,진짜없음
7267,무지 개 같은날,1818
7268,逆 夢,0203
7269,Kallen1,KR1
7270,TES mingyun,KR1
7271,12345671111,KR112
7272,피지컬연습쓰레기,KR1
7273,獸類反應速度,1111
7274,Oasis,1104
7275,문재인이재명호날두손흥민페이커,666
7276,波西波伊亞,CN1
7277,enzo,Sona
7278,Never give up,宇文诺
7279,자크팀정글,망 나 니
7280,알록달록 해커 아크샨,KR1
7281,szyAD,king
7282,다 진 냥,KR1
7283,JUG CC,KR1
7284,은석초등학교,KR1
7285,니달리,KR707
7286,23년5월7일전역,KR1
7287,짐승왕 보노보몬,KR2
7288,징징이 질리언,KR1
7289,클릭이안되잖아,KR1
7290,Aaio,qvq
7291,Kalah Heigaari,KR1
7292,1김성준1,KR1
7293,박갑돌할배의야시장미니바이킹투어,KR00
7294,Deadly Bomber,KR1
7295,제리는 쓰러지지 않아,불의 의지
7296,찹딸썩,KR1
7297,Dx Hxx,KR1
7298,Colorlist,7715
7299,Replica,KR99
7300,십줬같네,KR1
7301,kimoyi,111
7302,능동적이고싶은,KR1
7303,hide on bush,대황젠
7304,빵 섭,KR1
7305,qqrq,KR1
7306,원 딜,0404
7307,서양현대철학,KR1
7308,김치패는한남,KR1
7309,빵꾸똥꾸,냠 냠
7310,민 석,KR4
7311,방토킹,KR1
7312,볼빨간사춘기,고쳐주세요
7313,wiйdy,KR1
7314,Ten one,KR1
7315,Official髭男dism,JP 1
7316,소루킹,KR1
7317,무면허씨몬스,KR1
7318,POEM,43th
7319,하리공주와 동환,KR1
7320,래서펜다,KR1
7321,iowerjpk,KR1
7322,사도 배드로,levi
7323,asdf2,KR1
7324,진이커진비진카,KR1
7325,Gidobinic,4444
7326,바밤바,좋아하는람
7327,jiawen,686
7328,아아번걸,KR1
7329,blue,K R 2
7330,버태주,KR1
7331,cantile,KR1
7332,落日飛車,villa
7333,맥심커피조절장인,KR1
7334,oUo,KR12
7335,추억이 떠오르면,KR1
7336,Bee97,KR1
7337,절망 전쟁 살육 고통 희열,1126
7338,JUGKlNG,KR7
7339,aurora,KR23
7340,플레이,777
7341,비래동전사,KR1
7342,Ji Hye,KR2
7343,TAEHYUN,KR2
7344,준성씨,KR1
7345,Diana Best,KR1
7346,핑좀들어스바러마,KR1
7347,라캄파넬라,0000
7348,수 피,777
7349,백일홍,KR3
7350,도라지,333
7351,Not noob,KR1
7352,아무개아무댕,KR1
7353,peyz,2000
7354,아맞다우산,KR2
7355,슈리프트M제라드발키리크산테남친,영왕의심장
7356,Annunciation,8732
7357,아기 멍우,KR1
7358,목소리의형태,마지막잎새
7359,환경파괴의주범을알아버린 북극곰,1111
7360,C l ligoni,KR1
7361,shuoiezaijiana,KR2
7362,jax king1,KR1
7363,모르는데옹,KR1
7364,한번쳐,aya
7365,intims,KR1
7366,JG0004384823454,2754
7367,정뚱땡,KR0
7368,레빼숟,KR1
7369,Martinelli,KR2
7370,쾌 남,Gay
7371,장강7호,2008
7372,노루멍,KR1
7373,아바타 파괴자,파괴자자
7374,흰색바다 ,KR1
7375,12년생 유망주,KR1
7376,성 승 욱,유성구
7377,Aileri,kor
7378,의심하려하지마,KR1
7379,팥붕어빵,싸만코
7380,소밥아저씨,KR1
7381,AP 원딜,주문력
7382,ExpE,KR1
7383,김채린입니다,KR1
7384,MalGeum,KR1
7385,날먹날먹신나는날먹,KR2
7386,보라색맛솜밍,미니진
7387,쾅쾅콰앙,KR1
7388,루돌프의종말,KR1
7389,거미원숭이,KR1
7390,제멋대로,KOR
7391,꼭튜브,밀크랙
7392,HLE Zeus,000
7393,클래식,KR 1
7394,JG06FA,KR1
7395,파란 용,KR1
7396,YOU선,KR1
7397,cho xie shng,KR1
7398,설 윤,윤아사랑해
7399,누누와 윌럼프,KR미드
7400,킹zzl찌,KR123
7401,상관없음,apnea
7402,뒤는없는원딜,KR1
7403,장난치는중구형,웅남이
7404,Jiho,0404
7405,meditation,KR2
7406,닝닝왔다,KR1
7407,나오늘장사안해애,KR1
7408,팀운좀 줘,KR1
7409,SsolHyuN,KR1
7410,안 희,6880
7411,변함없는,KR2
7412,데빌리쉬 애리,KR1
7413,전라탱크보이,KRI
7414,이채영,1008
7415,녹 차,7777
7416,알파카,8366
7417,우연히 운명,life
7418,82세김복동할배의개지리는플레이,3710
7419,안강미니만두찐빵,KR1
7420,DRX Gizmo,KR1
7421,Force,0708
7422,쌩배카사딘원챔충,KR1
7423,존중 0w0 배려 그리고 침묵,rainy
7424,쩜프점프쩜프점프,KR1
7425,또깡이 힘들다,KR1
7426,Viper,KR446
7427,rsdoi,49494
7428,이 순 신,거 북 선
7429,wave to earth,KR03
7430,huwen,huwen
7431,템템버린,KR1
7432,뽀송뽀송,눅눅해
7433,plawe,KR2
7434,practice9,0306
7435,김철근,KR1
7436,Jug,7516
7437,신노스케,KR2
7438,이승룡,토미오카이
7439,리자몽,1642
7440,취하면 제로투 쳐줌,별풍감사요
7441,기동전사윤기동,KR123
7442,T1 Gumayusi,우사삭
7443,Happy,2213
7444,늦은시작,0622
7445,니이모를 찾아서,1014
7446,졸려 잠와 피곤해,KR1
7447,나여 차태웅,03102
7448,허점을노린묘수,KR1
7449,수후나,KR1
7450,니블루빼먹기,KR1
7451,압박 요청,KR1
7452,RJ11,KR1
7453,KHAN,sexy
7454,777 JG,KR1
7455,강태양,SUN
7456,태민이꾹이,KR1
7457,hide on i park,JW1
7458,옴 걸,KR1
7459,사 빈,kr3
7460,부대찌개학살자,KR1
7461,컴온컴오버,KR1
7462,미 다,KR1
7463,zxzxzxxzxzxz,KR1
7464,Lucifer,HELL4
7465,강조되고반복되는소리는강아지를,KR1
7466,승훈아 내려가자,KR1
7467,10asdfq,7140
7468,꽈 형,KR1
7469,KAIST23이동헌,KR1
7470,Indexy,KR3
7471,낭만리신 노승규,어디아픔
7472,광란의 파티,폭탄목걸이
7473,Dewkit,KR1
7474,용주냥이,KR1
7475,카운트다운,0415
7476,작은골렘,작은골렘
7477,떨어지는데날개는필요없다,KR0
7478,냥e치즈,KR1
7479,눈물의붕대,KR1
7480,나에게 무슨 짓을 하시는,111
7481,양학 죄송합니다 빨리올라갈게요,양학러
7482,趙 瀚 斌,Awis
7483,tsuifuzaoo,KR 1
7484,미드탑 가능,KR1
7485,소보로보소,KR2
7486,분해서 잠을 못자,쿨쿨쿨
7487,조아람,1110
7488,김채원,0524
7489,우리 눈나,KR1
7490,싱글벙글스크류바,싱글벙글
7491,너도맞으면아프지,어떤데
7492,별이캔따개,KR1
7493,하루한번낮잠,KR1
7494,A REGULAR GAME,GOAT
7495,괴물쥐 구조대 ,KR1
7496,하짜오,KR1
7497,좋은소식있는데들을거냐는이재용,2234
7498,버림받은사나이,제발그만해
7499,아레나,고수1
7500,Kassia,KR1
7501,채수빈닮은여자,만나고싶다
7502,믿 지,1543
7503,숨쉬기어려워요,KR1
7504,간장계란참치밥,KR1
7505,글자 줍는 개미,KR1
7506,ˇヘˇ,box
7507,허숫자,Heo
7508,죠때뉴,KR1
7509,Mata,ccccc
7510,나를 먹고 살아,huan
7511,Haku,365
7512,유민준,KR2
7513,오니짱123,KR1
7514,노현무,9765
7515,아브레,KR1
7516,박현종 Push년,7580
7517,Huyatv advance,KR1
7518,Astaire,1212
7519,세훈에몽,KR11
7520,Sad Ending,손건희
7521,xiaozhengs,LPL
7522,Ir2,0921
7523,나는 없어,KR1
7524,랭크 계엄령,윤두창1
7525,jenbusyasseu,kr2
7526,마루 총총,마 루
7527,Ares,KR5
7528,Qwon,0118
7529,baoxiangui,KR1
7530,쨈민수수,OuO
7531,내 위주로 안하면 갖다 박음,KR1
7532,wojak,kr2
7533,맛있어서쏘리쏘리신당동떡볶이스낵,00000
7534,Bon Jovi,John
7535,줄타기신,KR01
7536,퓨묘퓨,KR1
7537,윤택한 호수,KR1
7538,해루석,사 황
7539,ENTP서포터,4394
7540,그차리에 그시칸에,0404
7541,장기매수 ,KR1
7542,Maverick,HR1
7543,도왕한,KR 1
7544,핵버튼,KR1
7545,올라이너,1004
7546,궁키고침대누움,8442
7547,韩国是小中国,123
7548,마을버스운전중,KR1
7549,나구영,KR1
7550,キャラクター,1234
7551,IRELKLNG,25722
7552,MJK10103,KR1
7553,Loach,Award
7554,ツバキ,0322
7555,KEEP FIGHTING,KR1
7556,ckdhslaklrx,KR1
7557,Happy,K33
7558,똥망갱,KR1
7559,태평양눈다랑어,KR1
7560,강홍구1,KR1
7561,똥챔교수님,KR1
7562,Apsel,LET
7563,전판 질리언,KR1
7564,KOAC,KR1
7565,정수냥,S 2
7566,갱안오면발싸할게,KR2
7567,혜원국어,KR1
7568,안락동빨간장갑,Anlak
7569,구마유시,116
7570,호평인,KR1
7571,다람쥐렁이,KR1
7572,last jugle,KR1
7573,top,1401
7574,공군의하루일과,1588
7575,복길이,KR1
7576,12462131451,KR1
7577,예 현,KR1
7578,어허 쯧쯔르쯧쯧,7444
7579,럼뻔뻔,KR0
7580,소없방,GAS
7581,lucyana,david
7582,만 월,이지금
7583,디어빨간코,기지개
7584,팜하니,0213
7585,피해자 모임,억울이
7586,ONER,너구리
7587,만기퇴소 시청자,KR1
7588,임시소환사명,1116
7589,나는 비겁해,KR1
7590,디맥이나하러가자,djmax
7591,현소하,KR1
7592,꽃 뱀,돈 줘
7593,이걸 안들어요네,KR1
7594,아오보코,퓌 둥
7595,일광욕,2005
7596,Haelly,KR1
7597,베켄v,KR1
7598,앙까라메시기모띠,KR1
7599,프로젝트팀 탈론,0403
7600,백종훈마스터간다,KR1
7601,Maren,123
7602,Evior,KR1
7603,QFR Yone,큐플궁
7604,마인필드 이소,KR1
7605,승패에무관한라인,KR1
7606,SPOONMOON,KR1
7607,착해진류뚱,KR1
7608,시작의 아이,KR11
7609,stranger,1126
7610,나도 성인 할래,KR1
7611,Rx 6700,KR1
7612,skslekfo,KR1
7613,웃지마 죽빵,KR1
7614,누가 날 막을건데,淏 丞
7615,08년생 Viper,KR1
7616,유 나,차은우
7617,0ヘ0,0215
7618,대전짱 상우,TTT
7619,Win LOL,SUP
7620,10l0l011011l0ll1,0101
7621,4124124124,12412
7622,llllilllillillll,11111
7623,내란형탑라이너,KR22
7624,chromey,KR1
7625,안뇽난형원,KR1
7626,화내면 나갈게,KR1
7627,sigoto,KR1
7628,Wave to Earth,웨이비
7629,어 믐,KR1
7630,GM1,KR11
7631,박겨울,낭만의계절
7632,老实的猫先上锅台,打 野
7633,Sangchu,KR3
7634,이도맑음,KR1
7635,我没有罪,999
7636,왜들그리다운돼있어,KR3
7637,hungrynono,KR1
7638,월요일,일주일
7639,무한교전머리밀기,KR1
7640,김치양념,kr3
7641,블루베리청포도,KR1
7642,고도의 집중력,KR1
7643,다미어패럴,KR1
7644,장난치기,재밌당
7645,最冷一天,1234
7646,hs23,KR1
7647,피오라 혐오,KR1
7648,why Nailed it,KR1
7649,沙漠皇帝,阿兹尔
7650,립스틱사죠,KOR1
7651,롤토체스,실력과 운
7652,보여줄 게 버텨봐,KR1
7653,디 아,FOCS
7654,유영제약,KR1
7655,빡나라,KR1
7656,OMG 어니언,KR1
7657,水水水,물 수
7658,강동캣맘카페지명수배자,KR2
7659,서예지,1008
7660,만기퇴소마시앙,KR1
7661,선 에,SUP
7662,몽총이,바 보
7663,어둠 속의 빛으로,KRl
7664,롤스로이스고스트,KR1
7665,뽀챠코,KR1
7666,해피롤 돼지,해피롤팀
7667,진짜 억울해 진짜,KR1
7668,소 잃고 뇌 약간 고치기,0823
7669,리 오,KR2
7670,무적튼튼백골용사,KR1
7671,앵무새는멋져,KR1
7672,박 깔,KR1
7673,비얀코,맛있옹
7674,YamiYami,냠냠쩝쩝
7675,시요밍,LOVE
7676,나는 만두,따끈따끈
7677,윈 터,1215
7678,바텀개,개서연
7679,작은 우진,KR1
7680,697,1999
7681,gnflzkzp,KR1
7682,노력을 재능으로,KR2
7683,뚬빠야,KR1
7684,기분좋은햇반,KR1
7685,탑은정신병,KR1
7686,만기구독,KR3
7687,andsjlbfuqo hsak,zsjda
7688,화내면 치매,KR1
7689,탱글 누누,0620
7690,강아지 뼈다귀뺏기 장인,강아지내꺼
7691,우연 필연 기적,7uki
7692,제천IC,KR1
7693,就月將,111
7694,마나 관리 힘들어,7777
7695,愛を伝えたいだとか,0413
7696,블라디라네,31KR1
7697,아이들,0826
7698,꼬집어죽여버리기,99999
7699,도구가숟가락으로,KR2
7700,hide on bush,Chess
7701,더미친놈,019
7702,포창데렉,KR1
7703,느거 매미,KR0
7704,대가리박기,헤딩팟
7705,우리팀좋아,KR2
7706,ikzu,ikzuz
7707,세팍님,요아정
7708,IlIIlIIlIlIlIIll,KR1
7709,돌거북과산책중,old
7710,뽀돌이,뽀도리
7711,심술두꺼비,45234
7712,쓰레쉬꾼,KR1
7713,민듀양,KR1
7714,만개한 꽃잎,KR1
7715,화학과에 와버렸어요,0128
7716,리쉬안하면던질게요,리쉬좀
7717,오이시곤듀,KR2
7718,뻔뻔대마왕,KR3
7719,우리팀 하리보,KR1
7720,우즈키,JCC
7721,조끄튼거맛있네,KR1
7722,지성갖춘탑솔러,KR1
7723,그래내가미안,6104
7724,확인해보겠습니다,0930
7725,Mahp,BD4
7726,고따이준,1594
7727,원딜충헤헤,KR1
7728,불축재칼리,KR1
7729,레전드리우스,KR1
7730,빨면싸,KR1
7731,먕 먕,0719
7732,상진이와 동거중,KR1
7733,안경찾는안경,1001
7734,검은색보호색,KR1
7735,忍忍忍忍忍,KR2
7736,무중력 자유낙하,0725
7737,오늘도 여전해,KR1
7738,마라로제엽떡요아정,8883
7739,이쑤시개암살자,KR1
7740,말랑뚱돼지,KR1
7741,주넹이,KR1
7742,욋 닌,KR2
7743,담기퇴소,KR1
7744,우짤까르곰,KR1
7745,Heart,3355
7746,소크라테스의 지혜,지혜의말
7747,우방걸레 오현승,KR1
7748,달곰창,KR1
7749,알다가도모르겠다,KR1
7750,대 왕,디디디
7751,산성구름,KR1
7752,Vaundy,KR4
7753,공주대장님,KR1
7754,멍청이빠꾸,KR1
7755,오스합시다여러분,KR1
7756,위대한집돌이,KR1
7757,희저격,KR1
7758,Ryan Garcia,KR12
7759,헬퍼무빙,KR1
7760,얼려주지,KR1
7761,충성스런댕댕이,KR1
7762,우채연,KR2
7763,그런너를좋아해요,개구라노
7764,많이심심한망고,KR1
7765,피치공,피치공
7766,나는아닐거아니야,00000
7767,인생살면뭐하지,KR1
7768,응애 나 아가호진,KR1
7769,별수호자소나,1004
7770,거북이국물,KR1
7771,밥 공,KR1
7772,김묵직,묵직묵직
7773,good peng,KR1
7774,잠 많이 잘래,123
7775,포잉포잉스포이트,KR1
7776,돌아온찐사나이,KR1
7777,피현진,KR1
7778,복학생입니다,KR1
7779,키키키키키키키키키키키키키키키키,3705
7780,건들면터지는티모,KR1
7781,알파화이팅,KR1
7782,배가다니던마을,KR1
7783,세 웅,123
7784,이재우리,KR1
7785,공화국장,KR1
7786,용기의힘,KR1
7787,허서은1,KR1
7788,뿌작뽕,뽕뿌작
7789,베네치아,8067
7790,빙 수,0710
7791,포기할거면인생도,KR1
7792,소환사 돈마블,KR1
7793,벙 쓴,KR1
7794,엉빵짱,KR1
7795,쮸빠삐무녜뇨,두비두밥
7796,비둘기 관리자 ,KR1
7797,찐막승,KR1
7798,Spring water,kr2
7799,만두라지용,KR1
7800,지유이,JIYUN
7801,Maison Margiela,9458
7802,99대장서성조,KR1
7803,롤노잼,123
7804,스콧 맥토미니,NO39
7805,진짜멘탈약함,KR2
7806,카리나해린카즈하,KR1
7807,wkdgh1020,KR1
7808,음탕한목욕탕,KR1
7809,뭐 얌,KR1
7810,A D,H D1
7811,제가죄송합니닷,KR1
7812,다음에 뱁새,KR1
7813,첨단박서준,KR1
7814,오만한 침팬지,KR1
7815,2811920del,KR1
7816,고대어시장 칼잡이,1618
7817,심성이 악한 사람,KR1
7818,수영장 파티 김경윤,김경윤
7819,너도냐나도다,KR1
7820,수전드,KR1
7821,알콩달콩국어국문,KR1
7822,Bloomy,KR1
7823,박치기왕다운,KR1
7824,ekfldhtm,KR1
7825,펭귄소환사핑구,KR2
7826,삥꾸빵,KR1
7827,온고지신,KR1
7828,콩 떡,유애나
7829,천사World,KR1
7830,lIIlllIlllIlllII,0521
7831,갓제욱,KR1
7832,영쭌오브레전드,KR1
7833,가알까마알까,KR1
7834,티모 치사해,KR1
7835,진짜 탑 라이너,KR1
7836,김씨꽃마을,KR1
7837,고전파,개고수
7838,거렁뱅이들,KR1
7839,천 마,914
7840,검은콩,6606
7841,약간 큰콩,KR2
7842,말랑흐물,1220
7843,다른라인못하면서포터라도좀잘해라,0505
7844,탑갱안오면뒤에서있어,KR2
7845,정신차려 노선우,KR1
7846,Calida,KR1
7847,사미라,KR40
7848,야벗겨,KR1
7849,감수성 부족함,KR1
7850,뿌똥벌레,KR1
7851,sadfaced,KR1
7852,KE1TA,KR1
7853,너의그대,KR1
7854,분 통,KR1
7855,안심x등심카츠,KR1
7856,senaking,KR3
7857,별의꺼비,KR1
7858,밍더밍,06여자
7859,ieieieieieieieie,KR1
7860,천유빈,KR1
7861,Proper Decorum,KR1
7862,허구리구,KR1
7863,딱따부리,구리박기
7864,IG Rookie,롤드컵우승
7865,상자야,KR1
7866,STILL ALIVE,625
7867,호 건,01234
7868,된장남,1411
7869,윤식핑,KR06
7870,Jack Sparrow,해 적
7871,SDD,반도체
7872,마 왕,3728
7873,shabu0315,9956
7874,늙은이즈리얼,0118
7875,Neganarch,오픈은내맘
7876,1130,서 폿
7877,Asyozu,KR 2
7878,복바드,KR1
7879,준닝구,1223
7880,제드연습계정,연습용
7881,메인비주얼정태현,KR1
7882,망나니,Daily
7883,yd entertainment,KR1
7884,간장덮밥,KR1
7885,SKY,KR7
7886,好 き,S 2
7887,예지랑결혼할랭,KR1
7888,CAPE,1010
7889,pznf,KR1
7890,제로백,000
7891,Isac poster,KR1
7892,꺾지마라 내마음,KR1
7893,수민아뽜이팅,KR1
7894,나효진인데,gldrn
7895,Utatane,Tokyo
7896,성혜원,KR1
7897,망겜의매칭주작,KR2
7898,지윤이가 이기래,0215
7899,풍무인,KR1
7900,XXYY,K R
7901,후레쉬베리파이,KR1
7902,I BE LIKE,KR1
7903,Damn Game,KR2
7904,가슴빨고싶다,마시따
7905,일간베이가,디시도 함
7906,MSMSpear,5654
7907,뇽뇽토토,KR1
7908,아이린,5233
7909,illilillilliii,KR1
7910,잔나미안,KR1
7911,잭시무스,잭시무스
7912,나에게 고맙다,159
7913,xiozwowong,KR1
7914,서은하,002
7915,단감은정말단감,KR1
7916,쌍권총최민관,KR2
7917,오픈 봇 2호기,혜지보면오
7918,바루스,바루스원챔
7919,크리스범스테드,등운동
7920,그때로 다시,KR2
7921,바선생,KR3
7922,게이블하우저,KR1
7923,라영준이,KR1
7924,iilllliillllll,4802
7925,허버허버젤리먹기,KR0
7926,뒤통수맞는아낙네,8520
7927,ililililililiili,1774
7928,예밈미,KR1
7929,바닥미장,기리보이
7930,파멸의국밥,KR1
7931,lIillIIlIlllIlII,KR1
7932,푸바오머리국밥,딜리셔스
7933,무빙이란무엇인가,KR2
7934,벨 구,KR1
7935,JackeyLove,KR04
7936,럭키밍키,KR2
7937,Lilpa,6702
7938,쨩 우,KR1
7939,Y E,yzyzy
7940,앞비전,앞플래쉬
7941,흑산도산 홍어 ,KR1
7942,고장난 백미러,KR1
7943,그만때려요I,KR1
7944,영박민,KR1
7945,설래단,KR1
7946,LAON LEE,K R
7947,어니언보이,KR1
7948,아름다울 휘,KR1
7949,너무하다 하늘아,1323
7950,시비거면지게해줌,KR1
7951,안세녕하요,KR1
7952,하늘은 내 편이야,KR1
7953,더 킬,KR1
7954, KR,40802
7955,15defeated,KR1
7956,잘큰 망나니,KR1
7957,JWG Miju,KR1
7958,Zombiez,KR1
7959,75830929del,KR1
7960,잘하자,KR123
7961,바람은 왱왱왱,맘은잉잉잉
7962,이기면 쉽당,KR1
7963,버스타는 섹섭이,KR1
7964,이런게임모름,KR1
7965,손환주몽둥이찜질,KR1
7966,승준이다,0525
7967,선둥이와함께라면,KR1
7968,T1 Smash,KR67
7969,로밍가기싫은사람,KR1
7970,방 화,1111
7971,시종일관,777
7972,공 주,7398
7973,급식 먹는 블츠,KR1
7974,밤톨군,kr2
7975,3tn,11111
7976,감타니 쇼헤이,KR1
7977,언성을 높이지 마라,탕후루
7978,del970524,kr2
7979,mute all,입털지마
7980,섭섭한sup,KR1
7981,멘탈상태 은두부,KR1
7982,태 리,0519
7983,니머가리에덩크,KR1
7984,PzZZang,천하제일검
7985,송아쥐,KR1
7986,리호꺅,KR1
7987,이유종,KR1
7988,주노공주지누왕자,KR1
7989,푸른방,KR1
7990,포도잼,토스트
7991,Monkey D Luffy,밀짚모자
7992,김7I덕,KR1
7993,안진영 개못해,장난아님
7994,허리펴고게임해,KR2
7995,산드라,KR1
7996,low Q,KR1
7997,세계대백과사전,KR1
7998,정민똥꼬에성식고이추,6974
7999,블랙재연,KR1
8000,피자 스테이크,KR1
8001,박 민 주,고우심
8002,사랑게,KR1
8003,낭 만,주 의
8004,안암청년,KR1
8005,환경말끔이,KR1
8006,기침과 화는 참지 않는다,KR2
8007,민듄이,KR1
8008,벽넘어가면 ,KR1
8009,리스토니아,KR1
8010,모 기,해 충
8011,오도마,KR1
8012,티문죠끝네,KOREA
8013,청년 티모,KR1
8014,디 마 스,KR2
8015,포제드,KR1
8016,육아겜안함,KR2
8017,붐따나쳐먹어1,KR12
8018,징징이,달래보던가
8019,땡구리,7093
8020,밍긔뉴,KR1
8021,145wjdqh,KR2
8022,PTA,0316
8023,룰루소라카나미,2732
8024,빙글빙글돌아라,KR1
8025,z지루z,KR1
8026,강주호,KR1
8027,내가갑옷거인이고,KR2
8028,킹지누부계정,KR1
8029,스콜스18,KR1
8030,말차라떼샷추가,0824
8031,박 주,KR1
8032,행복한심마니,KR1
8033,Erica,heath
8034,따봉베스,KOR
8035,브론즈카이사장인,KR1
8036,새벽 빛,KR1
8037,찐계란탱글,KR1
8038,돈 명예 여자,892
8039,코코넛파우더,9485
8040,장수떡침대,KR1
8041,불라방,KR1
8042,메디컬실무,KR1
8043,릴 파,헌이1
8044,꿀 돼,KR1
8045,교회에서만난스님,KR1
8046,센슨모신,KR1
8047,시대를거스르다,KR1
8048,저 별은 외로운,KR1
8049,시골농부손원태,KR1
8050,미쳤따,KR1
8051,이재창파워,KR1
8052,한화이글스국밥충,KR1
8053,구 구 몽,1715
8054,리 신,df2
8055,오삼불고기,KR1
8056,THEYSOME,KR1
8057,팡 기 팡 기,KR1
8058,모 범 조 교,KR1
8059,매일줄타는사람,KR1
8060,해안선,coast
8061,청 순,KR3
8062,GoBeyond,2539
8063,city1,jojo
8064,거 니,거니1
8065,탑게이,gay
8066,말파이트,00000
8067,쳐먹는거라곤나이랑밥밖에없는새끼,윤인태
8068,땅 콩,작 콩
8069,sad and bad,0315
8070,cherish,체리시
8071,핥아버지,0925
8072,porory,KR0
8073,마산사는김영준,KR1
8074,Saint,4153
8075,너네가 뭘 알아,뭘아냐고
8076,조은지,조은지우
8077,afterlight,KR11
8078,흐웨이,1600
8079,덩 한,KR1
8080,예비군담당일진,KR2
8081,약쟁이문도,KR 1
8082,허벌거덩,헤으응
8083,아 늙기싫다,2001
8084,idontwannabeyou,0000
8085,소하장량한신,KR1
8086,정삼각형,KR1
8087,권모술수권태성,1234
8088,탁해질거에요,KR1
8089,믹 콩,KR1
8090,야무진 고양이,8018
8091,Supernova,2425
8092,병그니,123
8093,시히벌련,KR1
8094,강동02,KR1
8095,형만이는다말려,KR1
8096,제발카정오지마,KR1
8097,블랙핑크제니퍼,KR1
8098,칼바람만할끼야,KR1
8099,zhangqihuan,KR1
8100,Memento,7908
8101,고오급버스기사,9255
8102,이렇게,이렇게
8103,보꾸지녕zzang,KR123
8104,ZiewG,KR1
8105,은은하게 오래가는 섬유향Siu,uuuuu
8106,아가 충일,KR1
8107,킹머욱,KR1
8108,넌 나한테 죽는다,KR2
8109,19학번틀니딱딱이,KR1
8110,조민혁최고,KR1
8111,봉 봉,KR4
8112,영미소설및영어교육,C00
8113,도구형미드라이너,KR1
8114,콘돔도둑,KR1
8115,별빛난세,KR1
8116,몽찌파워,0330
8117,김도근 01,KR1
8118,소년가장 한경훈부캐,롤로노아
8119,교민공,0000
8120,내옆에항상엎드려있는행복이,222
8121,hide on bush,asdwn
8122,1일1솔랭,KR1
8123,김말랑,말랑시치
8124,윤선중과 전우원이 보낸 하룻밤,RYUN
8125,김재쭌,KR1
8126,응니새끼발가락,KR1
8127,빵속에 순우유,KR1
8128,르블린,KR1
8129,bitter butter,KR1
8130,조빵도,0224
8131,쓰레쉬,grabs
8132,2763561305122080,KR1
8133,TMfahdjqtdma,KR1
8134,SEXchallenger,KR1
8135,브랜드랑신드랑은같은브랜드신드라,7248
8136,Bin비니,KR1
8137,3cm,내 길이
8138,lioliolioI,KR1
8139,야래향,夜來香
8140,어둠의인도자 야스오,KR11
8141,신바람난손만두,BABOS
8142,김해 점프마스터,KR1
8143,탱 칠,KR1
8144,c1m1katarina,KR1
8145,장당동 청개구리,123
8146,카펫카페카펫커피잔카페,cafe
8147,섹하윤,0406
8148,호시노 아이,K R1
8149,러빙유,9686
8150,넌이런내마음몰라,KRDM
8151,MAESTRO,KR0
8152,하 냥,KR4
8153,카이팅 멈춰,KR1
8154,2577402298443680,KR1
8155,xingfu yu aiqing,KR1
8156,이긴방법좀알려줘,KR1
8157,김연우는그라가스,KR1
8158,이타적사고남탓하지않기,1009
8159,CallmeK,KR1
8160,Red,00120
8161,김중근형법총론,KR1
8162,멂 봐,KR1
8163,김6봉폭발주의,КR1
8164,눈이오잖아,KR1
8165,티모의유쾌한반란,KR1
8166,AD Sexy Carry,KR1
8167,쉬바 나 삐졌엉,KR1
8168,개복치,44444
8169,도구파이크,pyke
8170,차니리븐,KR1
8171,유정덕,KR1
8172,국밥충,131
8173,잡혀줘,9490
8174,병현박,KR2
8175,멜론후르츠,KR1
8176,퇴물 백띵현,KR1
8177,시 현,syeon
8178,가영이물조절장인,KR1
8179,호시 X 우지,KR1
8180,Afortunado,KR1
8181,Andante,SeoK
8182,강덕기,KR1
8183,sinerse,KR1
8184,니 자피 아나,이동윤
8185,유원종,5047
8186,밀알스킨헤드,KR1
8187,처음만든계정이다,KR1
8188,추나추나추나,KR1
8189,다산지킴이,KR080
8190,킹코브라,king
8191,いいね ツ,あい ツ
8192,Viper,12396
8193,두 냥,KR1
8194,불끄고박아버린다,KR1
8195,들어와봐 쫄았냐,KR1
8196,NAMłˇ,ニャー
8197,짱 구,KR4
8198,마룬 5,KR1
8199,탈모교장선생님,KR1
8200,그마노방종,빈이화이팅
8201,파쇄격,KMJ
8202,Ter Allergie,KR1
8203,와또비 부계,KR1
8204,문신없는덱스,KR2
8205,필승 아리,KR1
8206,지옥행급행열차,111
8207,두부네 발바닥,핑쿠젤리
8208,에스파파,0219
8209,롤을모타는사람,KR1
8210,그냥 발닦개,1175
8211,빡추야말좀들어,KR1
8212,뽀 해,KR1
8213,아즈사가와 사쿠타,kr2
8214,핫식스으으,KR1
8215,zkwkdlak,KR1
8216,변기통에고래밥풀고낚시하는김명진,KR2
8217,shawnsang,KR1
8218,커담피배,KR9
8219,물망초,2921
8220,건강한준엽이,KR1
8221,2023 05 21,KR1
8222,정글은근본이다,KR1
8223,김태형,rlatp
8224,이예은,KR111
8225,문준석,3324
8226,U2verse,U23
8227,송하영,fms9
8228,신재민,KR2
8229,펀 딩,KR1
8230,절대지존 전희철,KR1
8231,TMI,KR1
8232,계엄사령관 강우영,KOR
8233,바 람,KR928
8234,마이쿵야,KR11
8235,SearchingBomb,KR1
8236,잉카FC사디오마네,KR1
8237,망나니,1064
8238,납강살유,1111
8239,이것만 먹고 갈게 조금만 버텨,곧 갑니다
8240,경찰청장 양정규,KR1
8241,죽기장인,abcd
8242,송 하 랑,KR1
8243,팀운이상한사람,KR1
8244,로밍요정,KR1
8245,강꼬치고기,KR1
8246,깜시의분노,KR1
8247,혈 마,혈 교
8248,준거북,KR1
8249,여주불빠따,KR3
8250,Ricadam,KR1
8251,기무태인상,KR1
8252,박뽀돌,KR1
8253,외내호기,가형요
8254,15995,KR1
8255,요즘젊은것들이란,KR1
8256,Centlpede,KR1
8257,Sinkeylaw00,Jjjj9
8258,99년생야스오킹,KR1
8259,미국사람,KR1
8260,내년에볼까,KR1
8261,뚜니세뎡,KR1
8262,시팅해줘,KR1
8263,제주감귤장인,KR1
8264,베슼라빈즈써리원,KR1
8265,눈노핑,5961
8266,털게 우르곳,KR1
8267,표도박사,KR1
8268,반갑영광오리탕,갑오리
8269,조명훈의 자비스,KR1
8270,소올트,KR1
8271,목양원딜,KR1
8272,너시로,KR1
8273,항상꺾이지않는맘,KR1
8274,HOMAX,111
8275,illionare 빈지노,KR1
8276,히게단,히게단
8277,양사하러왓어용,KR1
8278,진재당,KR1
8279,전부 내 잘못이야,KR1
8280,무 뇌,brain
8281,Praise Me ldiot,KR1
8282,냉 동 문 어 ,KR1
8283,노걸래,1999
8284,형서애오,KR1
8285,대한의 중심 시흥,KR1
8286,개종석,이종석
8287,김승연승연,KR1
8288,Weigang,KR1
8289,별의 커비,커비나은
8290,good boyx,KR1
8291,언큐즈,KR1
8292,48700125del,KR1
8293,브실골양학용,KR1
8294,못피해버렸쥬,KR1
8295,SuperJan,KR1
8296,Shine TnT,KR1
8297,국밥들깨빼고,KR1
8298,Violet,청 자
8299,허거덩,6026
8300,한마유지로,KR8
8301,신병끼새,KR1
8302,스고이와야메떼,KR1
8303,총통이 된 예술가,KR1
8304,영향력없는라인,KR2
8305,렝 가,염 창
8306,코알라 사냥,KR1
8307,간장계란밥,KR77
8308,나 R,KR1
8309,SnowFlower,1019
8310,제모약,KR1
8311,carry for me,KR1
8312,봉인풀린주빈이,KR1
8313,짹스초코를너무좋아하는건장한남성,짹스좋아초
8314,호리호리호리병,8295
8315,박충수,KR1
8316,팥많이주세요,팜하니
8317,틀딱도할수있다,KR1
8318,天殺星,001
8319,central 트페,KR1
8320,지난곰,KR1
8321,뀨뀨빙수,0104
8322,구데기장군,KR1
8323,명품 숟가락,숟가락
8324,Yasuo,GTR
8325,썸벨리나,KR1
8326,탑미드자주감,KR1
8327,알록달록 해커 안철수,0226
8328,미필중좌킴,KR1
8329,다 처 썰어버린다,KR1
8330,Sadman,KR1
8331,화난신지드,KR2
8332,고호수,KR1
8333,댄 라,KR1
8334,언이부기,KR1
8335,chlduddn1234,KR1
8336,최선홍,KR1
8337,Identity,KR101
8338,7H소리,KR1
8339,when i say,all
8340,왁더기,KR1
8341,대들면cs갱,KR1
8342,서포터,ssup
8343,카미카제,2811
8344,종부기,KR1
8345,현 뭉,KR1
8346,바다위로 ,KR1
8347,둘기박쥐똥강아지주폭도세균라니,123
8348,진진도리,KR1
8349,iililillliliilli,KR1
8350,라인전못하는원딜러지만시팅좀,1884
8351,노영달,KR1
8352,마갈의노예,KR1
8353,정치는나쁘요오,KR1
8354,네이처가든,KR1
8355,보무띠,KR1
8356,여친생긴다음닉변,KR1
8357,그때에,KR1
8358,귀 여 운 꽃 게,KR1
8359,대웅묘,KR1
8360,폭 쇄,KR1
8361,호치민미스사이공,HCM
8362,이도윤,zl존
8363,라이너가너무밉다,KR1
8364,가주들,KR1
8365,흥 솔,426
8366,흑 당,핫빈님
8367,셀러브리티,KR1
8368,카이조쿠곽두팔,KR1
8369,류고85,KR1
8370,쓸 려,KR1
8371,프리렌,0827
8372,슈륙챙이,KIDD
8373,넌내가부럽겠지,KR1
8374,설 야,IlIlI
8375,토니킹,kr3
8376,wodbs9597,KR2gu
8377,광산테,KR1
8378,곰은사람못찢어,KR1
8379,김경민,3456
8380,주당포차,KR1
8381,니달리벤픽하소,KR1
8382,클라우드템플러,KR7
8383,팍끼얏호우,Gang
8384,01039263896,KR1
8385,검은 질병,KR1
8386,똥송합니다,KR1
8387,Send Yo Rita,KR1
8388,멜 론,0000
8389,장산죠스떡볶이,KR1
8390,CEO MASTER 심,박세민
8391,키작아지고싶다,7738
8392,강철맨,5551
8393,태 조,KR2
8394,김민수,KR2
8395,빛날 찬 검을 현,K R
8396,하 암,졸 룡
8397,무교동 매운낙지,KR1
8398,아우 솔,아우 솔
8399,유제모,KR1
8400,핑크공주S2,S2S2
8401,O人O,XMG6
8402,저한테왜그래요AC,KR1
8403,댄디댄디,KR1
8404,차두리스크,KR1
8405,아 꿈이었네,KR1
8406,캐리머신,KR4
8407,웅정박,0501
8408,정산하,KR1
8409,집소성대,KR1
8410,코카서스장수풍뎅이,111
8411,식혜먹은고양이속,krI
8412,청년농부 오세안,KR1
8413,Aime,KR1
8414,묵동주민,KR1
8415,함상완의 오른팔,KR1
8416,아름답던우리의봄여름가을겨울,KR2
8417,DRX Deft,0804
8418,딱 기,KR1
8419,송중기,jinjj
8420,사라진 첫사랑 ,KR1
8421,쿼카펭귄,KR96
8422,성옥 아쿠아마린,KR1
8423,묵자이대장,KR1
8424,BBQ황금올리브,KR777
8425,BBOAhri,KR1
8426,물리치료사,가물치
8427,sdhas,KR1
8428,로대석,KR1
8429,횬덩잉,KR1
8430,please bus,KR1
8431,sdsdsdz,KR1
8432,애기모코코쨩,KR1
8433,윤기 허,KR1
8434,Baby새,KR1
8435,IIIIIllllIIlllll,1004
8436,류승진,KR1
8437,도륙의신,KR1
8438,asume,KR1
8439,나는 시바견,KR1
8440,Galaxy Collapse,KR1
8441,책상밑그남자윤혁,KR1
8442,또 나야,1016
8443,숟가락,or도구
8444,꺾이지않는편,KR1
8445,카 타,총 검
8446,울랄라비니,KR1
8447,용맹의아리아,상시화
8448,알아서할게,벌레들아
8449,비니킴,KR1
8450,코카콜라츄,kr2
8451,칠색조,KR2
8452,하리보,HARo
8453,겨울은 고독해,KR1
8454,정치하면그만한다,KR1
8455,Security,2000
8456,리신Q삑사리,KR1
8457,IlllIIllllIIlII,KR1
8458,비둘기를알현해라,KR1
8459,T1 Oner,리신의신
8460,tATu,KR1
8461,햄찌냐옹,KR1
8462,대충 하는 계정,대충 살자
8463,충청남도논산시연무읍득안대,123
8464,태 연,εïз
8465,개쌉노빠꾸상남자,1105
8466,01075734828,KR1
8467,묵언수행,스님kr1
8468,그 여름에 피어나,Yoru1
8469,쑤시는취향,kr2
8470,누룽지보신탕,kkkk
8471,레몬케이크,한 조각
8472,명 투,KR1
8473,신은없다,KR1
8474,야음의왕,KR2
8475,은하수,마부작침
8476,powder kegs,KR1
8477,뀨 나야 나 쩡뚜,KR1
8478,사계절 없음,KR1
8479,탱포터안하면닷지,KR1
8480,미쳐날뛰게해줄게,KR1
8481,진구도구도라에몽,KR1
8482,서지인,korea
8483,명예0렙의친절,00000
8484,이상한탑만함,0627
8485,할 수 있을지,KR1
8486,꿀룽이,쩡이얌
8487,에어컨틀어주세요,더워요
8488,아이언 유저,KR 1
8489,함지원,1108
8490,장 군,KR6
8491,백극화,BGH
8492,라인전의 벽,0001
8493,백아현,KR0
8494,롤로노아 변기태,KR1
8495,고여뽀자,KR1
8496,긋바이데이,KR1
8497,livinli,KRI
8498,jinshenbing,KR2
8499,가온해원딜,KR1
8500,쏭쏭민우,KR1
8501,라굴이,KR1
8502,혜지나간다,KR1
8503,아쟁왕비,KR1
8504,예람겅듀,KR2
8505,작작나대,0814
8506,Let it be,0731
8507,이천구백원,KR1
8508,Mourning,Posty
8509,나라는빠따단,KR1
8510,limit,리 밋
8511,겅듀캐리123,KR1
8512,Dbbanga,KR1
8513,너의 쉼표,1115
8514,2000년8월24일,KR1
8515,딸기연,KR1
8516,알면뭐함,KR2
8517,비정상탑,비정상
8518,미노이,1111
8519,할수있다는의지,KR1
8520,chwavy,KR2
8521,유수현입니다람쥐,0917
8522,x1m,KR1
8523,잘생긴해준,KR1
8524,넌 처참하게 무너질거다,KRO
8525,빠른픽점요,KR1
8526,도one,포스텍
8527,가야초 유성 유성,KR1
8528,스마트에듀,kr11
8529,고구만 맛있구만,KR1
8530,도오굿,KR1
8531,로테이로,KR1
8532,피지컬이안좋아요,KR1
8533,피 즈,014
8534,네모난 건빵,KR1
8535,Glotoos,1000
8536,다삼이,KR1
8537,부끄럼 많은 생애를 보냈습니다,KR511
8538,범계보안관,2024
8539,말짱쭌루묵,KR1
8540,물팍꾸러 고개수겨 고개들지마,절씨구
8541,eItriation,KR1
8542,김태리,111
8543,먹태수집가,KR2
8544,리희짱,KR1
8545,겹 찡,KR1
8546,SanteCEO pest,KR1
8547,예쁜데 사탄들림,KR1
8548,갓세정찬양,KR1
8549,까 망,고양이
8550,박기정,KR1
8551,일루왕드루왕,KR1
8552,RivenDestroyer,KR1
8553,직 폭,KR1
8554,나랑깐부어때,KR1
8555,DIVERS,KR1
8556,웃 은,KR1
8557,매국노이지현,KR1
8558,라세2,KR1
8559,병아리는냐아옹,KR1
8560,박치기공룡,4288
8561,GTFHG,KR1
8562,추 억,KR02
8563,사랑의꽃chu,KR1
8564,보딩고,KR1
8565,오서아,KR1
8566,KOMODODRAKE,KR1
8567,설 윰,KR1
8568,jinseo1004,1004
8569,홍세은,KR1
8570,타이와난,kr4
8571,wlghks2,KR1
8572,일찐 코딱지,KR1
8573,jaejae,123
8574,휘 견,KR1
8575,고대 신 아이번,Ivern
8576,first love YZ,KR1
8577,문꿀팀 전한길,KR 1
8578,딱딱해딱딱해,챗치면서렌
8579,금광동 쏘스윗,KR1
8580,어머니같은마음의 서폿,4864
8581,ADlOS,KR1
8582,핵 빈,KR1
8583,12103347del,KR1
8584,공주 정글 갈게,KR1
8585,규원아 행복하자,KR1
8586,컴퓨터수리기사,KR1
8587,난 못지나간다,KR1
8588,Pain,KR2
8589,러브레터 리트리버,래브라도
8590,박무봉,kr0
8591,Treecollapses,0202
8592,늙고 병든 23세,old
8593,검호 류마,333
8594,담배하나정도는,KR2
8595,나는야박치기왕파키케팔로사우르스,오빠잠깐만
8596,아침돈까스,KR1
8597,심술두꺼비,도적감성
8598,extxfdw,KR1
8599,김동률 콘서트,KR1
8600,공략은 감동휘,KR1
8601,맥날슈니언버거,KR1
8602,xiao zheong wa,KR1
8603,Void Rays,KR1
8604,라인전의 악마 야스오의 신,kr2
8605,LIAIAIAIAIAIAIAI,LIAIA
8606,갱 요,KR1
8607,버럭금지,KR1
8608,일봉동사무소,KR1
8609,애니멀,0000
8610,투자왕 정타짜,KR1
8611,두두둥탁뚜루루루,KR1
8612,연인산,KR1
8613,창모Boyhood실화냐,KR1
8614,개구리뒷다리,3000
8615,재웅잉유튜브구독,KR2
8616,도파민,ddd
8617,초 보,5959
8618,변윤혁,KR1
8619,뚱땡이나,KR1
8620,탱포터싫어,혜지충
8621,하이드온T1괴물쥐저라뎃페이커,쵸비쇼메이
8622,가 이,그냥고수
8623,베이스그녀,KR1
8624,허시현 fans,시현이랑뽀
8625,그렇게해용,0129
8626,자야연습하는계정,KR1
8627,PLB Hozyma,KR1
8628,청 백,호 영
8629,나르야 밥먹어라,KR1
8630,정글이백정이냐,KR1
8631,씨유얼음컵도둑,GS25
8632,내몸에서꺼져뱅,KR1
8633,멈춰돌아가,KR1
8634,시계는똑딱똑땅해,KR1
8635,Blue,kr002
8636,Ambit 李,1983
8637,하늘핑크초코소나,하늘늘
8638,애기인절미,절미절미
8639,랭크게임용아이디,KR1
8640,눈감고티비보기,KR1
8641,T1 Faker,110
8642,아빠나저곰사줘,KR1
8643,Pham Hanni,해린팜
8644,Ds kiin,덕신기인
8645,HoRiX,KR1
8646,블레쉬봇,KR1
8647,배틀기적,KR1
8648,03년생가챠전문,KR2
8649,빼는게죽음보다싫은남자,빼죽남
8650,철수책상은철책상,77777
8651,재쿠웅,KR1
8652,부러진검은약해,KR1
8653,Cherry on top,KR1
8654,므즈느다,KR1
8655,모하메드 살라,fw11
8656,브리슬뒷다리살,KR1
8657,꼬오오오오오오올,KR1
8658,리 제,eradi
8659,원딜러 박창식,123
8660,지하철노약자패는담당일진은가누,123
8661,옆집아줌마아빠,KR1
8662,연 석,KR2
8663,具滋永,1294
8664,나를찾지말아다오,mmm
8665,용산역,KR1
8666,PNPM,DPAO
8667,갓주탱,KR1
8668,해킹했다,KR1
8669,벙개머리,KR1
8670,마시로,ming
8671,안 지 원,KR 1
8672,우치하 마다라,스사노우
8673,태봉양평해장국,JUG
8674,완전좋아요,KR1
8675,wertqwert,KR1
8676,UIPATH,IXIC
8677,엄청나게착한유저,KR1
8678,잠수잠수,KR0
8679,신비닻별,KR1
8680,November 3rd,3122
8681,반오십노망주,임빵석
8682,김대룡,KR1
8683,응코미,KR1
8684,호암초,KR1
8685,세로트,KR1
8686,더 핸드,KR1
8687,잘해봅시다,12312
8688,늙고병들었음,KR11
8689,꼬시다,KR1
8690,원앙아파트,KR1
8691,무파마학살자,KR1
8692,강태공,1111
8693,식탐 많을 나이,7500
8694,멘탈결핍증,KR1
8695,치악산다람쥐,777
8696,요들만오십칠년째,KR1
8697,Conlan,讨厌下雨
8698,낙타가낙타낳다,2435
8699,강우에요,bkw1
8700,징징이 원딜,원 딜
8701,4ever,Star
8702,ILLAKING,무너무너
8703,ElvvN,KR999
8704,2898686739269056,KR1
8705,Acacia,Scent
8706,KoR PikaChu,KR1
8707,인생의한번뿐인너,KR1
8708,입 색,KR1
8709,1일 1일 깡,KR1
8710,TalonZedKhazix,KR1
8711,uh Vai morrer,300
8712,wo xiang nie,KR1
8713,준영이자징,덜렁덜렁
8714,브리트니 만수,KR1
8715,한국인,한국인12
8716,Rhdrbtlr,공규식
8717,밥다먹었다,KR33
8718,정글잘못아니라고,KR1
8719,강해린,0621
8720,Yellow,KR8
8721,Ni Meiyou,KR1
8722,정진수개잘생김,KR1
8723,정당포,KR2
8724,사랑스런놈,o0o
8725,지루해요응,KR1
8726,tony1005,KR1
8727,나이스할인마트,KR1
8728,function,1000
8729,요네세네요,거꾸로해도
8730,거짓말쟁이길,구라킹
8731,llliillllilii,KR1
8732,비행기조종수조종수,KR1
8733,돈들어손내놔,LOVE
8734,비맞은 뿔버섯,KR1
8735,고졸쌌또루,고죠사토루
8736,나심전형이다,0715
8737,짱뜨던가,jjang
8738,익 솔,KR1
8739,건들면화낸다,건드리지마
8740,개자만년,KR1
8741,舞い散る桜,花びら
8742,겨털bush,KR1
8743,나한테왜그러실까,KR1
8744,개구리페페,9947
8745,입닫고 박아,KR1
8746,망고최고,KR1
8747,관저동죽음의무도,KR1
8748,wvwvwwv,KR1
8749,장난없다원딜실력,KR1
8750,두꺼운 가지,KR1
8751,고기랑밥,KR1
8752,마나없오,KR1
8753,삶의터전호계고,KR1
8754,물을자주마셔,KR1
8755,프레이,KR11
8756,서폿하면죽는남자,KR1
8757,기우앙,0425
8758,양양백수,KR1
8759,녹 번,KR1
8760,Bacchus,9463
8761,나 대상혁 아니다,strm
8762,sakamoto,taro1
8763,롤은타워미는게임이야,선체파괴자
8764,귀찮아젠장,KR1
8765,to wait,KR1
8766,수원시섹시가이,8854
8767,Bradery,KR1
8768,도 피,天竜人
8769,그 만,KR99
8770,켕 신,KR1
8771,기성용드림팀,KR1
8772,이재명정신,1557
8773,어리고싶다,응애애
8774,꼬양꼬양고양이,KR99
8775,회계왕,KR1
8776,이이종종우우,KR1
8777,구름 속 보랏빛,KOREA
8778,구르다죽는베인,KR1
8779,연어와 같이,KR1
8780,냉동푸딩,2002
8781,띠모버섯밟아라,KR1
8782,한륜규,KR1
8783,이준병,KR1
8784,락락이의페스티벌,KR1
8785,음악선생 리신,KR1
8786,DMAN,0000
8787,강고양이,0709
8788,샤코에미친새,KR1
8789,캡틴캡틴캡틴,KR1
8790,NVIDA,KR1
8791,서포터,2417
8792,심종혁,KR1
8793,큐더블류이알,KR1
8794,마지아 베제,Mahou
8795,나 단단해,진짜로
8796,제주산물개,9087
8797,원주 디올이벤트,KR1
8798,찬 대장,KR1
8799,입열면누누,KR1
8800,바람처럼날아서,KR1
8801,drill5,KR1
8802,똥으로죽이는남자,KR1
8803,전문하사 김영준,jms
8804,절대 안죽어,55426
8805,즈리옐,KR1
8806,최진석 교수,1111
8807,푸바오왕자푸지직,1818
8808,나는우사인볼트다,KR1
8809,JustLikeThatKR,정글 차이
8810,도구 ID,KR1
8811,묵직한 솔랭전사,KR1
8812,긍정근,긍정왕
8813,헤유닝,KR1
8814,Twice롤케익,KR1
8815,리 티,1011
8816,개잡년,9590
8817,빵뚜아,응oH
8818,김찬크,KR1
8819,조힘멜,2002
8820,lfndyjh,KR1
8821,도구에진심인사람,KR1
8822,강연백,KR1
8823,밧줄oo,KR1
8824,오이소박이의효능,KR1
8825,정글죽으면안함,DORAN
8826,김유메,YUME
8827,IIIIIIIIII,DH2
8828,12년차 할배유저,반응느림
8829,귀욤이 등쟝,KR1
8830,140,2 0
8831,혁찬매직,KR1
8832,RED Junpyo1,KR1
8833,버리기 장이인,KR1
8834,흑백망나니,7411
8835,애기원딜왕자님,KR1
8836,스위스 알프스 소년,요를레히
8837,sjjhadad,KR1
8838,뉴욕치즈케이크,8084
8839,수리남한인교회,KR1
8840,미드로는어디까지,MID
8841,xiami,12345
8842,반짝반짝 작은별,9999
8843,아주 빠르게,갑니다
8844,돼지오줌보,7777
8845,횬뚜에용,limhs
8846,으끄으끄,2232
8847,콘칩너무조아,KR1
8848,Dapo,6935
8849,Lemon,KR33
8850,칼 춤,KR2
8851,nuole,nuole
8852,우리 냥이 커엽죠,KR1
8853,김윤댕,KR1
8854,싸우지좀마라제발,0808
8855,디오니소스,바쿠스
8856,혓바닥맛좀볼래,KR1
8857,99세 제드 피지컬,KR1
8858,새언약요한계시록,KR1
8859,이 즈 리 얼,QQQQQ
8860,UneM,KR1
8861,가던 길이나 가,KOR1
8862,도구는씹어야맛이다,도구는죄악
8863,윤효근,윤효근
8864,흐웨이,중국인
8865,치치피어,KR1
8866,비디디 꿈나무,KR1
8867,adiea,KR1
8868,칼챔박치기공룡전용계정,KR2
8869,때끌룩,KR1
8870,도비케이크,KR1
8871,치즈담뿍카스테라,녹인치즈
8872,기무형석,KR1
8873,K2A1BLACKPANTHER,KR1
8874,벌레퇴치중,KR1
8875,무지성 빡빡이,KR1
8876,배고픈징조,멋진징조
8877,모닥모,KR1
8878,해통달사우나,KR1
8879,Runio,KR1
8880,뺏기거나밴당하면즐겜,실골수문장
8881,아아아아아아아아아아아아아아아아,22222
8882,39사단인간병기,KR1
8883,설거지훈,KR1
8884,낫포프리,KR1
8885,정 환,용인대학교
8886,해 린,1015
8887,Yamooch1,YAm
8888,최고급 버스,KR1
8889,모아이갱,본 점
8890,쉽게 올라가는 편,KR1
8891,인욱이,SKS99
8892,미드품앗이,KR1
8893,행복한까망이,KR1
8894,원 딜,트위치
8895,밖성민,KR1
8896,서 응,굥서옹
8897,별을 제패한 자,이클립스
8898,현지인,이에요
8899,개간수,KR1
8900,양심박살,KR1
8901,아미흐가,2001
8902,야이10련아좀,KR1
8903,첼주연,KR1
8904,taek,0106
8905,4048589del,KR1
8906,필요할사람,KR1
8907,과일싫어요,KR1
8908,나퉁명,KR1
8909,아이오보소,KR1
8910,벡 종 선,KR1
8911,KaRma,0625
8912,창원끙패마철두,KR1
8913,예수의오른팔,KR1
8914,나도 쉽게 이기자,KR1
8915,다움다운다움,KR1
8916,원펀맨 점화 바이,3737
8917,Yene Fikir,KR1
8918,길요미,KR1
8919,근육뚜벅남캐,KR1
8920,방탄 김석진 Jin,KR1
8921,나는모세,5625
8922,김훈승,KR1
8923,특수병기로로,000
8924,나는행보카다,KR1
8925,파랑 루시안,KR1
8926,만찐두빵,만두맨
8927,우주최강류서폿,KR1
8928,맨 솔,1267
8929,이케아식탁도둑,KR1
8930,누리박,KR1
8931,다군대간사람,나는휴학
8932,Hot Gochoo,KR1
8933,Best,KOR1
8934,페미보이면팹니다,KR1
8935,기캅시다 동무,KR1
8936,정지작작줘라,KR1
8937,정 인,0001
8938,wechathanhuancai,han
8939,카시오페아,0221
8940,LenyaBanschik,7591
8941,Ho00oH,KOR
8942,大谷翔平,KR4
8943,3월의 기억,KR1
8944,Lemon,KOR1
8945,나는 못차망,KR1
8946,이재명,경기도
8947,과 즙 무 현,돌아버린
8948,람브르,5999
8949,우리서폿애비,KR1
8950,IlIllIIIII,KR1
8951,탱폿유저,KR1
8952,이승민,0707
8953,워윅유저,KR1
8954,빨간 코알라,KR1
8955,욕하면나빠용,KR1
8956,레O파드,KR1
8957,Root,KR2
8958,포은메디칼CEO,KR12
8959,뿔버섯,뿔버섯의갓
8960,도너번,KR1
8961,Weasley,KOR
8962,입닫고겜하샘,KR1
8963,롤은질병이다,K R 1
8964,맹수핑,맹구핑
8965,mmmnnmm,KR1
8966,트페 아버지,KR1
8967,SMART SUPPORT,KR1
8968,양말훔친 아리,KR2
8969,신세틱스,KR1
8970,골 룡,KR2
8971,4급 김홍철,4500
8972,알파냥이,새봄냥이
8973,허재훈,1234
8974,rnldudnj,여미새
8975,낭만적인 피아노,KR1
8976,메플유저,KR1
8977,Leo,US1
8978,Viper,0406
8979,손가락문제다,KR1
8980,롤로노아 김동현,KA1
8981,뇌 뺀 소환사,KR1
8982,Real shy,KR1
8983,설이주인,KR1
8984,닷지유도,pick
8985,윤석열,애비없음
8986,쀼 삐 쀼 쀼 삐,뽀삐뽀삐뽀
8987,가오랑 웡서왓,Faker
8988,Gangho,3377
8989,카르엘,KR1
8990,SphJinx,KR1
8991,어리고싶다,25살
8992,Kal tsit,003
8993,10시즌 말자하,KR1
8994,교도 응우옌,KR2
8995,제 간,RX0
8996,창렬맞음,KR1
8997,다동우기,KR1
8998,강고양이,토마토개굴
8999,스트레스극한협곡,KR1
9000,생활백수,KR1
9001,바울사도,KR1
9002,조먈랑,KR1
9003,김종윤,top
9004,우은하,KR1
9005,건실한청년,KR17
9006,췌 아,KR1
9007,이화령,KR0
9008,Red,KR997
9009,dizzy,VLRT
9010,잠든호랭이,KR1
9011,세체견,KR1
9012,갈대밭방화범,KR1
9013,참치새우초밥,KR1
9014,롤로노아 권xx,KR1
9015,마법사맛 쿠키,KR1
9016,FML My Linh,KR1
9017,강화점보커피믹스,KR1
9018,앙 앙 짹스티비,KR1
9019,사나이 영진,KR1
9020,하 이,0328
9021,꽁지짱지,KR2
9022,82년생 진준혁,kr2
9023,방디롤,KR1
9024,Colline,KR1
9025,크랙핑,crack
9026,약 빰,KR1
9027,1렙카정,1557
9028,쩨호양,KR1
9029,하  나,마  나
9030,wkdwjdtlr,KR1
9031,설레발치는까치,설경구경
9032,fghf,KR1
9033,본리동장희민,KR1
9034,카이사,KR71
9035,몽키 디 승혁,KR1
9036,진광열,KR1
9037,2026년2월26일전역,3대500
9038,kinters,777
9039,인프피다람,KR1
9040,김지솬 ,KR1
9041,통수왕김통수,KR1
9042,Moving Man,KR1
9043,alone street,KR1
9044,댕 민,KR1
9045,강효톨,KR1
9046,kenmakix,KR1
9047,cautionHD,KR1
9048,갯괴불주머니,KR1
9049,Just Like Yassuo,KR1
9050,대왕오징오징,KR1
9051,bliztcrank,KR1
9052,억까하지마소,KR1
9053,난주렁,KR1
9054,126584242del,KR2
9055,권한솔,KR1
9056,뚜룹뚜빠라빠라,KR1
9057,류도현,KR1
9058,아파요선배님,KR1
9059,똥구막둥이,KR1
9060,제리발바닥젤리,고양이
9061,Time Legends,KR1
9062,Kill for Nothing,KR1
9063,펭구임,Mk1
9064,니엄마시금치장사,5407
9065,고혈을빨자하,KR1
9066,롤로노아이해훈,KR1
9067,잔소리꾼할아버지,KR1
9068,반오십이라니,세월이흘러
9069,Answer,0820
9070,관악산반달곰,KR1
9071,X F,KR1
9072,아침없는삶,KR1
9073,ICE CHAINS,KR1
9074,자유를 잃은 도비,짝 꿍
9075,대한민국말,KR1
9076,팜하니,5058
9077,주 작,사 신
9078,만연산붉은곰,KR1
9079,왕호빵맨,KR2
9080,이 학 송,정글혐오
9081,Live High,Mraz
9082,DmzTen,KR1
9083,unwowxx,KR1
9084,생명소중,KR1
9085,siasid,KR1
9086,뒤틀린욕정의여제,KR1
9087,천임범,KR1
9088,서대환,KR1
9089,l1lWayne,KR1
9090,T 1,8715
9091,미 크,kr2
9092,금지기술,KR1
9093,Faker,KR000
9094,Viperr,2EZ
9095,광 견,0750
9096,장기동호빠에이스,1111
9097,TGN 1st Kennen,KR1
9098,혜지를 버린 미누,KR1
9099,김동힐,KR1
9100,ArC Krepo,KR1
9101,PRO 960716,KR1
9102,깨뤼머찐,KR1
9103,희정누나 이쁘다,KR1
9104,팬더는댕충해,Panda
9105,푸들푸들김푸들,KR1
9106,alexshindong,KR1
9107,신당동떡볶이펀치,KR1
9108,키 쿄,aze
9109,버스받고싶다,BUS
9110,나때문에싸워,KR1
9111,무무아빠,0618
9112,조금만기다려좀,KR1
9113,봄꽃가슴,KR1
9114,정호래기,KR1
9115,뛰는넘위에나는넘,KR1
9116,미워도다시한번맨,KR1
9117,동힝힝,KR1
9118,Banana,gochu
9119,douyinlefe15,Mundo
9120,toki4,0000
9121,만두는강쥐,1220
9122,無名I,KR123
9123,抖音阿伟龙王,66666
9124,3545,하고싶다
9125,즐겜입니다,KR1
9126,삶의 의미,LIFE
9127,우치하 이타치,용서해라
9128,264351231579127,KR1
9129,이한빈,KR2
9130,찌리릿 짜릿헤으응,가버렷
9131,질풍같이싼다,KR1
9132,RUM,4270
9133,이 브,사랑해
9134,이장님,감자마을
9135,개구쟁이,흰둥이
9136,KA1SAMIRA,KR1
9137,fromearthtomars,KR1
9138,블랙승주,KR1
9139,각성한고슴도치,KR1
9140,문왁굳,KR1
9141,천년묵은거북,KR1
9142,평양시거주시민,KR1
9143,파이크,동두천
9144,깅종빙,KR1
9145,llllIlIIllIlI,KR1
9146,훈 남,3781
9147,게임시작동시에올차단박고함,KR1
9148,사형집행아칼리,KR1
9149,180cm70kg17cm,KR1
9150,홍의장군0,KR1
9151,Player,NJZ
9152,불멸의 쿼카,KR1
9153,장난이상의행동,KR1
9154,wsnowman,KR1
9155,광명파리바게뜨비닐봉지도둑이찬민,KR1
9156,역천괴,KR30
9157,아칼리,민서언니
9158,문든든,KR1
9159,히터펑순기,하사박진영
9160,철재고기,KR1
9161,zed,kkkkn
9162,뿌까떵싸쪄,KR1
9163,피지컬x,KR1
9164,치타짝,KR1
9165,앙팡핑팽,KR1
9166,DeLLyS,KR1
9167,군대안에서 롤체하기,kr2
9168,훌러덩,ALL
9169,주술회전,9710
9170,수하지롱,KR2
9171,입털면5불신,KR1
9172,일 표,KR1
9173,하림밍,KR1
9174,Kiklapess06,Pyke
9175,ヲヲヲヲヲヲヲヲヲヲヲヲヲヲヲヲ,3166
9176,마라마,KR1
9177,텔들면계집레즈게이,NOTEL
9178,천제성주니,KR1
9179,1ock,KR1
9180,옥찌얌,00dk
9181,끼 핫,KR1
9182,김병만,사냥꾼
9183,시진핑과곰돌이푸틴,공산당
9184,동래비알비,KR1
9185,남탓할시간에cs먹어,KR2
9186,라용명,KR1
9187,는태형,KR1
9188,Velkoz Lord,KR1
9189,징해영,온몸핥핥
9190,친구따라 강남간다,10331
9191,단구동엄택완,KR1
9192,유 미,기여움찌유
9193,TaylorZero,KR3
9194,공익광규협의회,클레드
9195,너네도늙어봐,KR1
9196,아오모리,KR1
9197,기동력의 장화,KR1
9198,월럼프는 우울해,KR1
9199,미남입니더,KR1
9200,몰리홀리,KR1
9201,FLR미드,KR1
9202,롤토체스용1,KR1
9203,침착하자오성아,KR1
9204,이지현등장,KR1
9205,boiled dumplings,KR4
9206,22DRX,2819
9207,구수한된장찌개,KR1
9208,너무어려워요,3324
9209,포등포등,KR1
9210,DontDoThat,КR1
9211,도구안해요이제,KR1
9212,졸 렬,Ryeol
9213,기업도시 떡상중,KR1
9214,재수1호기,KR1
9215,기막힌 암살자,KR1
9216,아프리카아메리카소라카,KRl
9217,T Z P,KR2
9218,찾았따 범인,KR1
9219,송병근을패고싶다,KR1
9220,도구은동,KR1
9221,노는게멘솔,KR1
9222,호다닥 가는중,123
9223,모나XahegaoX감우,KR2
9224,dopa,하사김지한
9225,메라스승지레쉬,KR1
9226,User 원딜,KR1
9227,까만 코 사나이,KR1
9228,그럴까 그럼,KR1
9229,가나다라마바사,아자차카
9230,원하는날까지,KR1
9231,오로라,00000
9232,유도흥칫뿡,KR1
9233,잉이이이이이익,KR1
9234,20241203am0149,졸업과시작
9235,통큰짱짱맨,KR1
9236,당뇨고혈압문신충,123
9237,번식왕 요릭,KR1
9238,매직뽀이,KR1
9239,배틀그라운드,3310
9240,안타리우스,KR1
9241,축구는 장비빨,KR1
9242,muiyaaho,KR1
9243,지나가는버스,KR1
9244,Is it bard,KR1
9245,망 고,CUTE
9246,홋 애,FINAL
9247,귀염뽀짝영환,KR1
9248,부쉬부쉬베이베,KR2
9249,라임98,4203
9250,폭렬소녀 메구밍,KR1
9251,최수웅,KR1
9252,console log,World
9253,캣맘밥그릇엎기장인,8705
9254,아구몬,325
9255,실패회대,KR1
9256,리브오그전레드,KR1
9257,윤건2,KR1
9258,Baltarran,fs1
9259,w같은병진이들,KR2
9260,神羅天征,신라천정
9261,저격수,2537
9262,탑유기시미아됨,오해원사랑
9263,53일의전사,5353
9264,정ssom,KR1
9265,쌩배파도넌안돼,KR1
9266,Re건규,KR1
9267,만렙이다주먹으로하자,1234
9268,HeeJin2,KR1
9269,강지원 99,KR 1
9270,갓지은이갓지은밥,KR1
9271,서 은 우,0409
9272,softplzz,KR1
9273,큰꿈을꾸어라,KR2
9274,앗뭐야졸귀탱,KR1
9275,낭만찾으로,낭만찾으로
9276,검란도,KR1
9277,개백수,자택경비원
9278,중꺽마 새끼들아,KR1
9279,만수무강하세요,KR4
9280,뿌부북 끼긱긱끽,KR2
9281,IreliAtroxs,KR1
9282,robot 01,KR1
9283,일단유성이가잘못,KR1
9284,오른손잡이는왼손잡이가될수없을까,KR716
9285,2024년 7월 입대,기술행정병
9286,음 괜찮은 맛이네,KR1
9287,DWG ShowMaker,0818
9288,RottenPotato,KR1
9289,이제라도달라진다,KR1
9290,Louis Jusac,KR1
9291,Unknownkorean,KR1
9292,조이쿨쿨방울,KR1
9293,토끼달,KR1
9294,Meeul,2047
9295,Nidalee sup,KR1
9296,저염다이어트,KR1
9297,만년골드성훈,KR1
9298,푸른민들레,1109
9299,66370825del,KR1
9300,팀운없는사람,real
9301,Riven 쟁인,KR1
9302,킬러팬티,KR1
9303,건들면그냥박아줌,KR11
9304,혼자안돼친구불러,4623
9305,장문정,2356
9306,이홍기,0000
9307,쓸없큰꽃,KR1
9308,숙주찾는야옹이,KR1
9309,GEN Ruler,KRA
9310,zxczcxzxc,KR1
9311,창자룡,자룡2
9312,왜안되냐고,123
9313,따기아,KR1
9314,Walkess,KR1
9315,혀기짱2,KR1
9316,캐  티,KR1
9317,LONDON BOY,KR1
9318,프로매태우스,KR1
9319,모찌아빠,1095
9320,석포터,4562
9321,깝죽거리지마라,ROCKS
9322,돈에 미띤 새끼,KR1
9323,새우튀김용사,KR1
9324,봉장어,KR1
9325,숩다수워,スフえO
9326,준 뚜,KR1
9327,가만히형탑솔러,0521
9328,할머니폐지뺏기,money
9329,임도민,KR1
9330,진인사대천명,9292
9331,기나따까리8호,KR1
9332,면목제일검,중랑구
9333,마음속강렬한비트,KR1
9334,완두콩,CAPEO
9335,Pioner,KR1
9336,다리우스 대통령,KR1
9337,섹시 엉디,KR1
9338,오감자,KR112
9339,합류안하면너만봄,KR121
9340,브 라 움 꼴 초,KR1
9341,찬린저,KR1
9342,률로나,KR1
9343,롤은질병겜이맞어,KR1
9344,장태양,KR1
9345,Aside,Side
9346,강해린,heari
9347,홍텐션,KR1
9348,공주님,KR23
9349,사 랑,LOVE1
9350,ezrealmster1,KR1
9351,천둥벌거숭이,KR99
9352,허접을보면우는소,KR1
9353,key,12341
9354,드 기,느좋남
9355,칭찬과 격려,고 콩
9356,Through Night,KR1
9357,쥬얼어세븐투식스,KR1
9358,익 산,전라북도
9359,애 플,10202
9360,짜증내지마,KOR
9361,대가리박아버리기,44444
9362,금춘봉,사랑해
9363,나는 누구인가,FKLOL
9364,구마유시,KS1
9365,감시자 돌돌이,KR1
9366,IDieanaI,KR1
9367,봉고르,KR1
9368,lIIIlIllllIIll,KR1
9369,페미니스트 김찬호,0125
9370,가옹제빵,KR26
9371,료 범,KR1
9372,사령관모드ON,KOREA
9373,개근첩실명파이터김건호,팀운고트
9374,類類相從,類類相從
9375,신용불량 원딜,KR1
9376,인생내맘대로안됨,KR1
9377,최해동,0327
9378,의문의 피엔나,KR2
9379,음똥깡,KR1
9380,우리서폿왜이래,4303
9381,TRATSER,리스타트
9382,땃쥐들이서로친구를하면토모땃쥐,땃 쥐
9383,arilang,KR1
9384,초 보,5456
9385,아이돌원탑엔믹스,KR1
9386,또 금,2536
9387,어디까지올라가는거예요,KR2
9388,평화빼기하나,김치평화
9389,노랑신드라,KR1
9390,젤 리,2252
9391,배태한,KR2
9392,주사위 좀 굴려,1111
9393,장림 요시무라,KR1
9394,taehyun,1851
9395,코깔콘,4377
9396,던지던가,꼬우면
9397,머스왕,KR1
9398,한남도살기,KR1
9399,트위치 와디짖,KR2
9400,에렌 예거,2105
9401,체임버살려내,제발요
9402,칼만 다루는 계정,KR1
9403,병맛이최고얌,KR2
9404,그냥감탄만해,KR1
9405,박창현,2001
9406,전생하였더니슬라임이었던것에대해,KR1
9407,JG함,KR1
9408,ISFP,0172
9409,요통통,KR1
9410,Solo is a Free,KR2
9411,나연좋아하시나연,앙기모띠
9412,the shy,afoe
9413,우담우담우담담,0512
9414,욕하지마세요2,KR1
9415,부쉬 안 문도,KR1
9416,기특한놈,KRno1
9417,미쳐버린것이냐,KR1
9418,나 혼자 여름,2121
9419,안봐야그리운친구,KR1
9420,초식정글러김병만,KR1
9421,붐칙밤칙,0206
9422,Talou,zzz
9423,58년생봉득이,강아지띠
9424,인생이 망했어요,KR1
9425,현우는모자가철,KR1
9426,야소로대리함,KR1
9427,bingbingbing,KR1
9428,막쓰망,KR1
9429,네가 더 잘할게,KR1
9430,좌우합작,KR1
9431,차똘복,KR1
9432,가나달아,KR1
9433,초코쉘치즈큐브딸기그래놀라,요아정
9434,junglekorea,KR1
9435,서대표,KR1
9436,스티레스,KR1
9437,마카오와 죠마,KR1
9438,91세 카이팅장인 황영옥,0814
9439,올차단시작임,KR1
9440,입닫고귀막고,혼자할거야
9441,너희는미끼들이야,KR1
9442,재 앙,머 걸
9443,임호진,KR39
9444,맛나는꼬공,KR1
9445,Shen su ji,KR1
9446,귀검사의왈츠,KR2
9447,Chae,KR2
9448,다이나믹메이즈2,KR1
9449,Dovarhk,KR1
9450,zl존 멋쟁이 양세윤,0000
9451,바론먹어야이겨효,KR1
9452,일란성쌍동이,KR1
9453,탑패왕진구,KR1
9454,파티룸백십일프로,KR1
9455,아리라떼S,KR1
9456,Ditto,뉴진스민지
9457,기관총 부사수,KR1
9458,꿈은없고요그냥놀고싶습니다,7777
9459,일로깅,KR1
9460,Tei,Pill
9461,5티언데왜너프함,KR1
9462,용 라이트,KR1
9463,SmileInTheMist,안 개
9464,Mannyy,KR1
9465,스타벅스변기역류전문가,0613
9466,mukjik,KR1
9467,GCELL,KR1
9468,승다소,승다소
9469,어 도윤이형이야,0000
9470,도도0415,KR1
9471,지예쁨,KR1
9472,방 패,KR199
9473,띵똥따리땅똥,KR1
9474,xxckkdepz,KR1
9475,미 드,KR99
9476,알빠카,KR1
9477,난잘한다,영훈짱짱v
9478,불 독,KR2
9479,임대문희,4508
9480,김민영,내남친
9481,세화는 개인주의,KR1
9482,남승질,KR1
9483,파스구찌갱,KR1
9484,마스터찍으면접음,KR1
9485,경주 최정우,KR1
9486,제잘못은아닌듯함,kr56
9487,쇼후쿠 정대만,KR1
9488,몸치박치쿵치타치,KR1
9489,쇠사슬,KR1
9490,쭈글러,KR1
9491,게임을 갖다박으면 무조건 짐,111
9492,김밥천국고추도둑,KR1
9493,김자큐,KR1
9494,아마네 카나타,へい民
9495,태국식 전갈요리,KR1
9496,강줄넘기,KR1
9497,울산 미등록 특급,KR1
9498,섹시벡쓰,4564
9499,이건 왜빼,KR1
9500,젠첩슼갈,1557
9501,賢  宇,1999
9502,롤하고싶다,KR1
9503,마법사 임동민,KR1
9504,김순섭,KR1
9505,헨젤과가슴털,KR1
9506,정 차,KR1
9507,아무무장인,아무무
9508,평화로운 바텀,KR1
9509,스노우 화이트,순백의의지
9510,맛이 써,KR1
9511,메이플스토리,히어로
9512,조꼬수,000
9513,핥으면초콜릿맛,KR1
9514,참다참다못참아,7777
9515,보조쟁이,KR1
9516,딕팬송123,KR1
9517,눈꽃마카롱,KR1
9518,니옆에 베인충,KR1
9519,GFRIEND,루이니
9520,은         올,EunOL
9521,에래기,KR1
9522,keshi,6508
9523,청색고래,KOR
9524,wave,1218
9525,오민삭,KR1
9526,margana,KR1
9527,롤흑우,KR1
9528,제일 약한 사람,최약체
9529,디디동구리,4220
9530,유명세,KR0
9531,안양호룬이,0728
9532,건들면무는미친개,강도단
9533,치 건,KR1
9534,남탓시바로박음,KR1
9535,민 이,SEXY
9536,눈꽃인사,KR1
9537,난 이제 지쳤어요,KR91
9538,시비털지마랑,KR1
9539,바드림,kr69
9540,qian zhe ni xia,KR1
9541,86세엄춘자할머니인생마지막솔랭,8601
9542,YOUNGBLOOD,KR0
9543,혜지환,5162
9544,Akaps,KR19
9545,김용인,3541
9546,lstp 입니다,KR1
9547,방탄유리멘탈,KR1
9548,허리 펴고 앉기,nya
9549,살찐빵떡,1577
9550,미라클수면한다고8시간자는장민기,1234
9551,조금기른머리카락,KR1
9552,こくしぼう,8888
9553,IlIIIIlIIIIIIIII,KR1
9554,저노띠,KR1
9555,dish neko,715
9556,2003년 2월 2일,KR1
9557,채금먹게하지마라,KR1
9558,발르기,KR1
9559,다음시즌챌못감,KR1
9560,Kim Sanggwon,KR1
9561,진짜또니피앙,bat
9562,근성장게임,KR1
9563,풍 선,Dream
9564, 반응 느릴 나이,KR1
9565,윤준연,KR2
9566,지 삽,hanji
9567,깡 탄,1503
9568,요 릭,KR100
9569,x범죄단체 구성죄,KR1
9570,상상상상상상상,KR1
9571,고추 사토루,KR1
9572,개만취용아이디,KR0
9573,피터지고싶다,커사피
9574,19531008,KR2
9575,말하는감자,KOR1
9576,김민혁 문피아,투베 1위
9577,안괜찮음,KR1
9578,우리집 순뽀,KR1
9579,너를 구하리,KR2
9580,먹꾸자,KR1
9581,널 닮은 사람과,KR1
9582,쿠와앙쿠와앙,5605
9583,한덕한신,KR1
9584,첫거짓,KR1
9585,귀염댕댕잉,KR1
9586,추대호,0626
9587,banstell,KR1
9588,마시마로,엽끼토끼
9589,오오니시 아구리,KR2
9590,초딩일짱,KR1
9591,맨 유,레전드
9592,억 두,KR0
9593,Mid,GG9
9594,구글 바드,KR1
9595,원에 가면 좋겠어,KR1
9596,협곡의 선지자,KR1
9597,이거로정글가요,KR1
9598,대충만든이름,12312
9599,왕자님케어해줘,KR1
9600,도둑인사냥꾼,KR1
9601,새우죽,KR1
9602,테러리스트위치,KR3
9603,망구가 사랑한,KR1
9604,차니차니찬찬찬,KR1
9605,갈증엔빌지워터,KR1
9606,하뚝슴,KR1
9607,불속성효자,KR59
9608,인고니즘,KR1
9609,라이나 씹 존12나 손해보험,운하하하
9610,티버의 후손,KR1
9611,박보검혁인,KR1
9612,예tube,KR1
9613,한소희,june
9614,재우임미다,KR1
9615,재우의 비밀친구2,KR1
9616,나 zl존세훈,KR1
9617,you mam boom,KR1
9618,ChinaNoM,KR1
9619,니가 뭐 어짤건데,KR1
9620,응애부활,KR1
9621,VogleVapeBoss,슬로하
9622,새벽곰,KR1
9623,killua,KR1
9624,T1 Jmash,new
9625,널알면던진다,KR1
9626,땅훈아공부하자,KR1
9627,홍장군,9375
9628,부천 샹크스,KR1
9629,안성 케리아,KR1
9630,우 도,KR2
9631,yyyy,apt
9632,haseong lee,77777
9633,주르르고세구비챤징버거릴파아이네,1004
9634,카무이,KR 1
9635,주서연,KR2
9636,솜 솜,Candy
9637,박께꾼,KR1
9638,99강화종이빨대,KR1
9639,akirastand,KR1
9640,PakNight,KR1
9641,이마트 폐지 도둑,KR1
9642,이브이,KR6
9643,서 기,1976
9644,311,KR1
9645,인int3,KR12
9646,1인분만 할게요,goat
9647,이나지아나,KR1
9648,allright24,pjh24
9649,야옹야야,KR1
9650,신짜오 정글 장인,KR1
9651,돌려쓰는계정,all
9652,70mm,KR1
9653,오른손오른발,KR1
9654,그냥죽여버릴걸그랬다,123
9655,카서스,kar
9656,머지스미스,KR1
9657,내게명령하지마,KR1
9658,코풀다 콧물나와또,1234
9659,윤명섭,KR1
9660,김상준,KR3
9661,드라큐리나,KR1
9662,RIP,0312
9663,샤 예,KR2
9664,hunterby,hunt
9665,일반살인자,KR1
9666,요아정,KR3
9667,빵지니잇,KR1
9668,츄바바밧,띠요옹
9669,2skye,KR2
9670,원랜디악몽솔클,KR2
9671,Dexmedetomidine,KR1
9672,황태범,KR1
9673,겜지면정글갭,KR1
9674,csq,KR1
9675,IlIIIIIlIIIlllI,KR1
9676,11월의 기억,KR1
9677,최고의 평타싸게,KR1
9678,찐호빵젼이,5119
9679,이 순 신,KR5
9680,장 상,XXX
9681,짬탱이,KR1
9682,장발의장발장,KR1
9683,마석역,KR1
9684,몽글몽,KR1
9685,유지유지유,KR1
9686,루캬러브,KR1
9687,Hidden accounts,KR1
9688,20250317입대해요,KR123
9689,양복과커피,ST1
9690,낑깡이는왈왈이에요,왈왈왈왈
9691,곰둘둘푸,KR1
9692,동서울 존잘남,KR1
9693,임시상태,KR1
9694,원딜머신,KR1
9695,김아무개,0301
9696,대 운 지,KR1
9697,행복할까요,1234
9698,프리잼,KR1
9699,신세계 김신조,KR1
9700,osgdcsq,poi
9701,예쁘장하구만,KR1
9702,Love Lucian,love
9703,oDOLSOEo,KR1
9704,아이츠,KR1
9705,안함핑찍으면,KR1
9706,80913193del,KR1
9707,caseoffair,별 밤
9708,강병삼,KR1
9709,환스킴,KR1
9710,오른손은왼손도오른손,0815
9711,이세돌 아마 1단,KR1
9712,벌꿀딩거,KR1
9713,부칸주민,KR1
9714,사이사이르,KR1
9715,데비잇,KR1
9716,달칵여보세요,KR1
9717,옵뎃안하는사람,9999
9718,울트라섹시보이,KR1
9719,유근영,KR1
9720,간지종8,KR1
9721,보라색맛 벨코즈,KR1
9722,22년 4월 6일,KR1
9723,GwangJu,KR1
9724,Vioharzard,KR1
9725,천 을,1211
9726,간 슨,KR1
9727,여드름싸움싫다,공허유충
9728,루이는개백정,9999
9729,온다 간다,KR1
9730,서 아,KR99
9731,원도연,4720
9732,Akane Lize,사랑해요
9733,포항외노자,신효승
9734,정상화,8888
9735,흥망이 유수하니,KR1
9736,프린스,kr99
9737,케케넨케넨,KR1
9738,4760649del,KR1
9739,커피맛원두,KR1
9740,TSM 31,KR1
9741,망년회오징어,KR1
9742,Archivermut,KR1
9743,김두세,KR1
9744,덩석현,DUNG
9745,개뚤어버림,KR1
9746,태용용,KR1
9747,꿇어라토끼들아,KR1
9748,asdcxxa,KR1
9749,재히인디옹,KR1
9750,발정가렌,KR1
9751,추chu,KR1
9752,회사불지르고싶다,KR141
9753,간기능이상원딜,민우롤접어
9754,REMASTERED,DS1
9755,리처드크롬웰,KR1
9756,Author,KR1
9757,독수리 명진,KR1
9758,쓰블알레라잔바,KR1
9759,이희찬,2001
9760,에어라인 ace,KR1
9761,Worlds Colliding,KR1
9762,Stooges,KR1
9763,IDNY,KR2
9764,김성민자위대,KR1
9765,목현동불주먹,1234
9766,쓰읍쩝쩝,KR1
9767,상 디,2001
9768,Maysyndrome,KR1
9769,가재울 굳건이,KR1
9770,도구 클라쓰,KR1
9771,칠색조,하트골드
9772,야 그거 아니야,KR1
9773,BongDrad,KR1
9774,이성욱,KR2
9775,8GP,KR1
9776,영천 최호랑,KR1
9777,형제별,KR1
9778,닉 넴,8698
9779,언 냐,KR1
9780,KESO,KR1
9781,WIN Easily,KR1
9782,장군이 발가락,KR1
9783,FA Crown,KR1
9784,창자훈지,KR1
9785,신조오 사사게요,KR3
9786,렉서흡연실,KR1
9787,챗칠시간에와딩해,KR1
9788,장수곰,KR1
9789,비 디,qlel
9790,해주짜나해주짜나,KR1
9791,이주영,teach
9792,신궁 주몽,KR1
9793,포항박준홍,KR1
9794,김치맨,1726
9795,라일락68,KR1
9796,떡잎방범데,KR1
9797,dsfkjklsdfjwaoei,KR1
9798,박길훈,KR1
9799,요정봄이,겸둥이
9800,T1 Cuzz,KR1
9801,akaps,kr987
9802,머리박는기계,1111
9803,조직폭력배송창호,KR1
9804,Superst,KR1
9805,쌀국수에피바라기,KR1
9806,HYLAC BYLAC,KR1
9807,짹 짹,포 메
9808,제로부터 시작하는 이세계협곡,R E
9809,하 누,kr11
9810,너물콩,kr2
9811,공듀래오,KR1
9812,00 Savage,KR1
9813,랜트라,KR1
9814,20240624,1400
9815,같은티어다른지능,착각금지
9816,연주 미츠리,0118
9817,이리하다왔어요,레우쿤
9818,살충제,9403
9819,lIlIlllIlllI,9999
9820,lIllllIllIIIl,KR1
9821,그날의우리,KR2
9822,스와완,KR1
9823,다땡긴다,KR1
9824,폐미사냥군,KR1
9825,人間失格,QWER
9826,쥬지2,0925
9827,니맘속에이니시,KR1
9828,수준낮아요 여기,1004
9829,진순이가좋아,KR1
9830,순백의 천사,KR2
9831,예비군훈련시러요,fxxk
9832,Howling tree,KR1
9833,롤체만 하는 학생,KR1
9834,너구리 더샤이 기인 그리고 나,KR1
9835,그러게 나 모하징,KR1
9836,말카노,KR1
9837,건 0I,KR1
9838,Yundol,KR1
9839,붉은 별,RedSt
9840,김재고,추만지기
9841,킹 덤,kr3
9842,자전거타는할아버지따라오너라,KR10
9843,꿈 을 꿈꾸는 꾼,KR1
9844,겨울이좋은겨울이,겨울이
9845,mof,KR1
9846,티모도 어려워,KR1
9847,Jiyuツ,CLASS
9848,신 비,KR2
9849,게임못하고싶은자,KR1
9850,아4까지묵언수행,KR1
9851,희레쉬,KR1
9852,귀여운 스페,KR1
9853,셔니야,KR1
9854,김지호,1234
9855,SKkr2T T1 Keria,SUP
9856,롤로노아박종원,KR1
9857,규 모,KR1
9858,으르차키트,KR1
9859,홍바동,KR1
9860,june0129,KR1
9861,69700364del,KR1
9862,Wonderwall,KR123
9863,서로다른삶,KR1
9864,나에게열려있어,KR1
9865,드슬갖고싶다,KR1
9866,빛 숨,KR41
9867,Pray,KR6
9868,군밤낮,KR1
9869,1YearOiler,KR1
9870,최악의탑솔러,top
9871,jin,0217
9872,ながのけん,信濃の国
9873,사월일로,射月一路
9874,Skirt chaser,KR1
9875,gusidvhdskl,KR1
9876,Zed,0222
9877,작은만두,KR1
9878,실명전사노진호,KR3
9879,Foem,ksi
9880,Jackey Love,KR777
9881,관세음보살님,KR1
9882,영호기,KR1
9883,현부기,Wind
9884,Stylish,KR1
9885,닉변당했어요,KR1
9886,영진수도,KR1
9887,최 군,KR1
9888,닫힌방,KR1
9889,Weiyen,KR1
9890,젠장 나는 또 숭배해야만해,대상혁
9891,Dirori,KR1
9892,파방방,KR1
9893,박성비니,KR1
9894,움혈탄,KR2
9895,Fnc,0402
9896,멜론맛티비,KR1
9897,15646161,KR1
9898,졔간둥이,KR1
9899,90년생 프로지망,KR1
9900,응애 나 애기멍멍,KR1
9901,오버액션뒷잡이,KR1
9902,MISTER FIzz,KR1
9903,산수유열매,3801
9904,배강민,111
9905,선던사,KR1
9906,동군영 항문외과,O3O
9907,천녹용방,KR1
9908,Faker,ABCD
9909,힝구리방구핑핑,KR1
9910,무자비한말세짱,무자비
9911,존슨앤존슨욱,KR1
9912,K Baddy,KR1
9913,개믕츠이,KR1
9914,무진느,KR1
9915,치아보험문의,KR1
9916,사물놀이덩기덕,KR1
9917,해도앞구르기,KR1
9918,도구가되어버린백정,0407
9919,동국신,KR1
9920,Sweet Score,KR1
9921,다 오,3679
9922,3심 유죄 이재명,나 무죄야
9923,오소리,벌꾸울
9924,타살각,KR1
9925,짬통계정,KR1
9926,흘러가는대로살기,KR2
9927,잘사랑해야돼요,LPL
9928,좌파탈출은지능순,정신병
9929,인생은타짜처럼,2989
9930,팜하니,개귀엽
9931,태 오,0625
9932,크리스티아누 호날두,SUUUU
9933,2022년3월20일전역예정자임,KR1
9934,호 구 윤,KR1
9935,못해서미안합니다차단할게요,차단목록
9936,히키아ol돌,KR1
9937,강해린,01232
9938,CaIey,KR1
9939,TNT날나리,KR1
9940,생배 챌 도전기,KR1
9941,라온눈나,0922
9942,숟가락인권보장4,KR1
9943,심신미약개복치,KR1
9944,호 구 생 귤,KR1
9945,으쌰으쌰힘내봐요,KR1
9946,세무2급회계1급,KR1
9947,아기 선용,11111
9948,우리도언젠가흰수염고래처럼헤엄쳐,KR1
9949,이탓저탓,주저리
9950,근면한 남자,KR1
9951,후니쨩,후니쨩
9952,서폿으로캐리가능,KR1
9953,무현과 노럼프,KR1
9954,우언준,KR1
9955,철웅이군단,KR1
9956,개 탑,KR1
9957,위험을 감수하다,Risk
9958,고소위협시즉탈함,KR1
9959,殉 愛,殉愛譜
9960,쫀 모,KR1
9961,コイカゼニノセテ,BSS
9962,회사원 현우,KR1
9963,상위0퍼센트,KR1
9964,코리아다이아몬드유미퀸,KR2
9965,송병규 권민준 전화 그만해,태우가
9966,딸깍챔만하는사람,4539
9967,박성무,KR2
9968,정신벙자,KR1
9969,아기똥덩어리,0604
9970,Ado,ouo
9971,orca4,KR1
9972,선 미,KR12
9973,주님펜타킬갑니다,KR1
9974,harang0310,KR1
9975,Hide on bush,08828
9976,너를믿는나를믿어,0425
9977,내가만든쿠키,njs
9978,나로수,KR1
9979,Riddle,KR7
9980,원샷 원킬 베이가,KR1
9981,Car the garden,KR33
9982,Cini,KR1
9983,찌릿찌릿해,KR1
9984,Dazzler,암대즐렁
9985,자리해야지,울산1
9986,플레이리스트겨울,KR33
9987,죽기장인,강민재
9988,아현이는 잘해,KR1
9989,민규부계정,KR1
9990,너를 많이 많이 좋아한단 말야,QWER
9991,DRX SAN BY,KR1
9992,Sup,1189
9993,아이번,숲지기
9994,팔춘식,sinan
9995,반석역,KR1
9996,으이구벌레양,0308
9997,사직동 허니펀치,KR1
9998,빅현배 간이변기,KR1
9999,Episode,End
10000,튀르키예서커스단원숭이,ukiki
10001,忘不掉的你,999
10002,감자의공허,KR1
10003,Macrol0ve,1129
10004,얼다바람,KR1
10005,펭퀸족장,KR1
10006,vhxp,KR1
10007,젖 는,KR1
10008,리로이젠킨쓰,KR1
10009,백일청씨,KR1
10010,정민승이,KR2
10011,KZ DE4T,KR1
10012,RyuDI,KR1
10013,할래말래,KR232
10014,다시 해보자,SSS
10015,담배한개의여유,KR1
10016,카서스못하는사람,본 계
10017,손석호내꺼임,KR1
10018,나보셈 개오짐,KR1
10019,노무현,하나 회
10020,안오면 10데스,KR1
10021,랭게임은정글,KR1
10022,2U35,2635
10023,천호동 치과의사,KR1
10024,빵댕이는 귀여워,빵댕이
10025,영숙보이,KR1
10026,뚜따영웅,잘모해따
10027,오너 를좋아해,KR1
10028,에릭센,1201
10029,ベテルギウス,하늘의 별
10030,woo v 2,KR1
10031,도레미파솔로시파,KR1
10032,설 이,0716
10033,윤명섭,KR2
10034,미드 화나또,KR1
10035,똥과햇반,마디뗘
10036,청소기,7777
10037,채 댕,KR1
10038,으악 주지마라,9113
10039,용사맛 쿠키,혜킹덤
10040,해먹에서꿀잠,KR1
10041,선조핀치,KR1
10042,일월십일,KR1
10043,고그바,KR1
10044,같이 가요,레츠고
10045,백마탄김태희,5644
10046,다정한부부,KR1
10047,Presence,KR1
10048,부또리,KR1
10049,뚱 이,2494
10050,봄을닮은,GH0
10051,Mamimi,KR1
10052,자기야 제발 그만,츄르릅
10053,좋은 말로 해,KR1
10054,Love Myself,1023
10055,김혁춘,KR1
10056,쪼리뽀,KR1
10057,선 우,MID
10058,탑의왕,KR1
10059,이짬동,KR1
10060,슈펄티모,KR1
10061,아스마토키 피스,0816
10062,푸푸우린,KR1
10063,랩으로 인류의 절반을 죽이겠다,KR2
10064,周心语,99999
10065,KRLeejiwon,KR2
10066,태쭈운,KR1
10067,kim ju whan,KR1
10068,자 람,SUP
10069,egamhcra,KR1
10070,캐리해줘,KR1
10071,금환영,KR1
10072,maipotato,kr2
10073,깊은 삽입이 죄라면,넣을게
10074,즐겜유저,죽기장인
10075,허거덩,msms
10076,삼 도,KR1
10077,밸리스,KR1
10078,나아가시오,KR0
10079,늘 슬 아,7600
10080,서응가,KR1
10081,수저통 속 숟가락,KR1
10082,잘생긴게거추도커,KR1
10083,온리팬스정기구독이민서,결제부탁
10084,셋둘하나 Go슛,KR1
10085,은 쌤,KR1
10086,El psy congroo,더좀비
10087,유리몸 딩거,KR1
10088,킹왕짱해선,KR1
10089,Tirsian,KR1
10090,나의부하범승,8089
10091,2073498,KR1
10092,두부치기,KR1
10093,Eden Hazard,KR2
10094,maricus,KR1
10095,원딜 벅벅,KR1
10096,제발갱좀와주세요,1111
10097,황카츠키,KR2
10098,인사생략,KR1
10099,검은화면,KR1
10100,으랏차차 탑,KR1
10101,필승아님필준,KR1
10102,영웅한두,KR1
10103,닐로오다,KR1
10104,태영덩이,KR1
10105,강철크레용,KR1
10106,쑹 징,KR1
10107,해병공수 254차,KR1
10108,뭐해 빠보야,뭐해빠보야
10109,파티 망치기,KR1
10110,Lutenex,KR1
10111,무 룡,313
10112,레볼로카,123
10113,탑오라고씨1발,KR1
10114,갓또냐,KR1
10115,서형형섭,서형섭섭
10116,프링프링해,KR1
10117,소스없는탕수육,KR1
10118,이욱상,KR1
10119,떵토끼,KR1
10120,적당히 져라 제발,KR1
10121,늙어서미안혀,KR2
10122,어반레아,KR1
10123,꿀 통,honey
10124,조은넉낌,KR1
10125,투띠원,KR1
10126,유자파더,KR1
10127,탑에 몸이 베인,KR1
10128,Sacriyan,KR1
10129,우솝코,KR1
10130,솔방울,KR7
10131,숙희띠,KR1
10132,정 글,오복수
10133,정현빈,KR2
10134,3월29,KR1
10135,imnotningning,4343
10136,찬 씨,KR1
10137,JustLikeThatKR,AAA
10138,조용준,KR1
10139,앙팡웅,KR0
10140,또 난 이 세계를,KR1
10141,빌어먹을호구들아,KR1
10142,뭐든내일부터,KR1
10143,괜안찮지,KRR
10144,페이퍼타월요깅네,KR1
10145,뭉 수,011
10146,뭉탱핑,1107
10147,반항금지,KR1
10148,노슨백,LION
10149,Rockin,KR1
10150,이길수없는라인,123
10151,파워파워,8585
10152,영재동명,ms영재
10153,생사여탈의 권리,KR1
10154,맹 구,조약돌맹이
10155,난 넣고,넌 낳고
10156,매일수면,KR1
10157,붙잡을걸,KR1
10158,14dlf,겨 울
10159,거 리 조 절,KR365
10160,Perorimu,KR1
10161,IlIIlllIIIllIIIl,0000
10162,인내심많은우리탑,KR1
10163,DETERMINATION,승리를위해
10164,롤은이겨야재밌어,KR1
10165,윤성이 롤체일기,KR1
10166,우즈마키 현빙,KR1
10167,T1 Doran,05111
10168,KimEddy,KR1
10169,요봉이1,KR1
10170,Unkown,0607
10171,ともだち,건들지마라
10172,ジンメ,7166
10173,setting1,KR2
10174,부 활,0865
10175,서러워도살아야지,0306
10176,엉쟁밍,KR1
10177,불주먹땃쥐,KR1
10178,바 걍,KR2
10179,멍청이,ooo
10180,여탕안에 카메라,김성환
10181,안참는계정,중국인
10182,챌 가면 삭발함,KR1
10183,선 미,KR 1
10184,동해초입니다,KR1
10185,롤케잌맛있음,KR1
10186,낙타와낙타몰이꾼,KR1
10187,EV3,OWNER
10188,qqeqeqe,4653
10189,no81194,KR1
10190,건 주 임,서교공
10191,호날두,11211
10192,까만리무즨,KR1
10193,S3네잎클로버,KR1
10194,그마 정글 장한결,123
10195,우리팀욕하지마요,KR1
10196,원숭이,japan
10197,홀리 쥬스,KR1
10198,억까하지마요,KR1
10199,せんぎょうしゅふ,0000
10200,도대체뭐어쩌자고,KR1
10201,시험인데공부안함,FCX0
10202,아니 외 않돼,KR1
10203,mjolnir0,KR1
10204,왕반달,KR1
10205,WoiLongShie,KR1
10206,풋풍당당,KR1
10207,강형욱강아지,KR1
10208,라이따이범,KR1
10209,슬찬이,KR1
10210,말만 잘 들으면 예뻐해줄게요,노예님
10211,심기건드리지마라,KR1
10212,이상호 친추받아,1234
10213,지금자살당장해라,KR1
10214,이게 팀운이지,KR1
10215,이 희 선,검정고무신
10216,미움 받을 용기,KR97
10217,세미온고수,KR1
10218,선넘지마도구련아,KR1
10219,춘자입니다만,KR1
10220,뾰로퉁,KR2
10221,든든단단탄탄,KR12
10222,김현우도환,KR1
10223,노마나요,KR1
10224,Hanta The Lose,KR1
10225,태평리,KR1
10226,동산위에햇님달님,KR1
10227,가 시,KR 1
10228,아귀자긔,KR1
10229,바삭한오징어튀김,KR1
10230,위풍당당정운호,6292
10231,뭐어쩌란건데,KR1
10232,덕담의불꽃카이팅,KR1
10233,Deja vue,KR1
10234,콩공콩양,KR1
10235,ejklwhkl,KR1
10236,겨울 그녀와 만남,KR1
10237,롤리팝,크 러 쉬
10238,얄라리얄라리셩,KR1
10239,승자위에 상덕,KR1
10240,잼 론,KR1
10241,더티플레이,사린마
10242,끌어줄께기달려,KR1
10243,돈만큼말좀아껴,KR2
10244,YoshikiBara,KR1
10245,빵집곰톨이,KR1
10246,빡빡이 이마 쪽,KR1
10247,신기동 쓰레쉬,KR1
10248,Viper,왕 자
10249,너무 원망하지마,KR1
10250,드러와 자기야,KR1
10251,별따먹자,KR2
10252,반달산지리곰,KR1
10253,발로란트못하는여성이이상형,8281
10254,Zeus,REGN
10255,새 마음 새 뜻,k r 1
10256,5년째브론즈,8688
10257,헤카림좀주세요,KR1
10258,자비롭지못한자,kr3
10259,Draft,KR2
10260,찰진빵댕이,KR1
10261,냥냥펀치,츄 르
10262,Madchicken9,KR1
10263,kah,0000
10264,끼리훈,KR1
10265,404,사상점
10266,CTCK,KR1
10267,미니단 ,KR1
10268,비읍지읒이응,KR8
10269,no chat can win,파이팅
10270,modesty,0104
10271,널못믿어,KR1
10272,05정글프로지망생,KR1
10273,일사천리,KR1
10274,작고소중한나,1999
10275,하눌리,KR1
10276,whitesnack,KR1
10277,innocent game,KR1
10278,연이루,KR1
10279,코카콜라펩시사이,KR1
10280,헛수고요123,헛수고띠
10281,Yunisent,KR1
10282,롱타임노씨,KOR
10283,모두를 멸하는 따르기간테,9301
10284,Ann bernice,KR1
10285,좋아요좋지요,KR1
10286,SKT T1 Tico Oner,KR1
10287,치아관리잘하자,KR1
10288,Top and LoL,KR1
10289,선생님이되고싶어,KR1
10290,Korea Bugs,0301
10291,미 호,아리함
10292,홍도산,KR0
10293,흥 청 망 청,멍청2
10294,bocch2,KR1
10295,Acne,0820
10296,미드를가고싶어,KR1
10297,CMJ,46940
10298,미간에 꽂아보지,0623
10299,프 읏,6974
10300,멍멍뜨,KR1
10301,dongae,KR1
10302,사냥개,KR061
10303,내가이호동,KR1
10304,탑소나,5479
10305,정글의계엄사령관,KOREA
10306,정글은 모두에게 사랑받을수없다,KR76
10307,래봉이,KR1
10308,도련님거기는찢지말아주세요,0518
10309,2589463077717568,KR1
10310,KORA,bruh2
10311,Unknown 001,N1KKE
10312,아기왕모,KR1
10313,우최느,KR1
10314,항규선,kr2
10315,김성빈병장,KR1
10316,전생했더니슬라임이였던건에관하여,KR1
10317,촉박해요,KR1
10318,XYLITOL HYVA,KR1
10319,충청도 소닉,지금가유
10320,호롤롤롤케잌,KR1
10321,DVOR,KR1
10322,딩딩리딩딩,딩딩디이
10323,병국오빠,KR1
10324,1의 마자영,KR1
10325,유가미야,KR1
10326,퐁퐁남,8779
10327,쿨쿨띠,푸데푸데
10328,베인잡으면이김,KR1
10329,닉네임뎅우,KR1
10330,유초부밥,KR2
10331,젖 웅2,KR1
10332,아이엠때죽,꼽 노
10333,YCG friendship,YCG
10334,팍고수,KR1
10335,돌아온 김춘배,KR1
10336,꿀꿀꿀s,KR1
10337,BACK TO THE SEA,KR1
10338,팔각사 주지스님 ,KR1
10339,꽁꽁 언 내 학점,KR0
10340,oro,JAE
10341,탑만우구장창,KR1
10342,청탑별곡,KR1
10343,억울한 탑솔러,KR1
10344,서폿이상하면대충함,9999
10345,M자탈모최재현,KR1
10346,지면내탓이요,KR1
10347,T1 Gumayusi,KR728
10348,나양현이다,KR1
10349,최애의 밍구,KR1
10350,머리큰렝가,KR1
10351,우당탕탕 이희영,KR1
10352,후시구로 메구미,5555
10353,나그넷길,KR1
10354,채팅치면미드달림,KR408
10355,sk뉴스쿨,KR1
10356,sweet choas,2570
10357,수 달,조개1
10358,디히곤듀,KR1
10359,하성욱,1019
10360,쵸단의헬스클럽,KR1
10361,프로미스나인 이채영,0514
10362,진인윤,진인윤
10363,작 업,0311
10364,두 야,3383
10365,정골킹,KR1
10366,즐겜잼민이,XXX
10367,검은망사스타킹,KR1
10368,고양이집사할래,우지니
10369,뭉 교,KR1
10370,원딜가고파,KR1
10371,ws4824,KR1
10372,이건푸시,마라탕후루
10373,チフフ,KR122
10374,맛좋은 사료,KR1
10375,GaGoSu,KR1
10376,김성용,KR2
10377,강해린,KHR1
10378,건빵봉지,KR1
10379,선넘는딜교,1234
10380,롤재설치장인,KR1
10381,종 섭,KR1
10382,14076209del,KR1
10383,새벽을 비추는 별,KR1
10384,난뒤만봐,난앞만봐
10385,존망겜수쥰,KR1
10386,왕고수,KR1
10387,Jantto,9997
10388,생각한대로,4794
10389,손여울,Son00
10390,CGV 플로어마감,KR1
10391,너이새킹일루왕,KR1
10392,돈통마늘보쌈,KR2
10393,아오빡치니깐죽어,KR1
10394,젠장 석열 이 계엄은 대체뭐냐,내란수괴
10395,준호우주의보,KR1
10396,돌맹이를 좋아하는,맹 구
10397,T1 0ner,2001
10398,아르테미스,1242
10399,인생은혼자,KR1
10400,롤체 조꼬수 햄찌,KR1
10401,김치보끔밥조아요,KR1
10402,깨우면 릴리아한테 혼나,Rilli
10403,자는게제일좋아,뽀롱뽀롱
10404,엘빈 스미스,신조사사게
10405,Rose,5476
10406,yuansu,KR1
10407,HeIIokitty,KR1
10408,태태태,KR2
10409,꿀잠꿀잠꿀,KR1
10410,씩이잉,KR1
10411,맛 감,KR0
10412,로 제,200
10413,초짜벅지,KR1
10414,띠띠딩,KR1
10415,듀 오,암덩어리
10416,MC무현,DJ대중
10417,Kirchhhoff,s raw
10418,Yeongtak,5713
10419,빛나는모든것이금은아니더라도,트릭컬
10420,티라미수 마티니,KR1
10421,AKIRA,28호
10422,XXXDXXX,KR1
10423,서울에 가서,KR1
10424,초가스,KOREA
10425,세 웅,000
10426,오듀럭,KR1
10427,궁극기 발사준비,kr2
10428,단검든여포,KR1
10429,A1 fancy ,KR1
10430,탑요네한테발려서화나셨나요ヲヲ,KR123
10431,일단스택해봐,55555
10432,재능이없다재능이,KR1
10433,온몸비틀기장인,크아아아악
10434,잣맛있어,KR1
10435,앗아라라,1111
10436,다이아갈수있어,KR1
10437,뽀 섹,KR1
10438,Rey is ricky,7777
10439,lurch,KR1
10440,라이푸,KR3
10441,Kanavi,KRl
10442,낭만 원딜 호랑,KR1
10443,위 이,KR1
10444,부쉬밖은위험햇,KR1
10445,dumplingsmandu,KR1
10446,심신미안,KR1
10447,갱플랭크 쓰레쉬 노틸,현근의개
10448,비둘기호롤롤,KR1
10449,Greenday,RK1
10450,임진콩,KR1
10451,VANAA,KR1
10452,김쌍오,KR1
10453,commony,KR1
10454,젤리먹게나와,KR1
10455,뽀 또,로뽀겐
10456,스텔라LOL,KR1
10457,x어먹을상체게임,KR1
10458,딸 황,KR1
10459,주형바라기,KR1
10460,개  정  팔,Q ω Q
10461,Hyperliquid,ATH
10462,JustLikeThatKR,KR282
10463,HI FAKER,KR111
10464,억까헤이러처단,KR1
10465,양두에요,KR1
10466,나는 보성,BOSSS
10467,하 잉,Hello
10468,냥냥아물좀끓일게,KR1
10469,산타크로스14,KR1
10470,추노워윅,KR1
10471,깝치는1인,KR1
10472,잃어버린기억,사회의맛
10473,あ の,Ano
10474,zzzdopr,KR1
10475,프라이데이지,KR1
10476,왕자 지원,22906
10477,우리팀야스오,KR2
10478,2 January,KR1
10479,l WINTER l,KR1
10480,안단태,KR2
10481,Yeh shuhwa,KR1
10482,전리품주세요,KR1
10483,HazeLove,Haze
10484,상처투성,KR1
10485,악 랄,KR1
10486,김낙춘,KR1
10487,구봉송익필,KR1
10488,Nova Wy,KR1
10489,Renegade,3272
10490,협곡의모든타워가멸종할때까지,faker
10491,통카스,KR1
10492,뉴비니까살살해줘,KR1
10493,쥬지가딱딱행,야스신
10494,뒷산타잔,KR1
10495,겉으로는굿걸,갓YB
10496,도란첫번째제자,수제자
10497,꼬마옆구리,KR1
10498,평평평 쾅,KR1
10499,mute my team,KR1
10500,휘릭휘릭픽,홀롤롤로
10501,ジュノ,0214
10502,언젠간성공할꺼야,가득참
10503,600컵,KR1
10504,성경을 읽는 스님,KR1
10505,모라마다마,KR1
10506,탑베인,2818
10507,토가사키 시게히라,초인의 시
10508,야스오요네,갱와줘
10509,바다처럼,deep
10510,오 크,족 장
10511,hidden on bosh,KR1
10512,토끼성,KR1
10513,dangerous1y,KR1
10514,hdghdg1919,KR2
10515,트와이스 내 여친,KR1
10516,고기집알바생,KR1
10517,죽부인말고영부인,1260
10518,이게 니코야,리플릭스
10519,민둥버둥,KR1
10520,라인부터말린다,KR1
10521,팀을저패는법,저타칸
10522,티모귀신,KR1
10523,가게두어라,트위치독뎀
10524,하던진다,KR5
10525,Carry haejo,KR1
10526,뽀뚜르따띠,뽀뚜르따띠
10527,포룽가,KR1
10528,이제 늙은 나이,KR1
10529,듀 렬,KR1
10530,도와줘지구인들아,KR1
10531,여자가좋아요,KR1
10532,dimenticato,toall
10533,달떵스,KR1
10534,응봉산 비단잉어,KR 1
10535,내생각에,내생각에
10536,깡통12,KR1
10537,뿅망치맨 제이스,KR1
10538,여유로운날,KR1
10539,강춘복,KR1
10540,젠존제,KOR
10541,choo1,KR1
10542,Te Quiero,차 노
10543,신과의호는죽었다,KR1
10544,배부른태양이,KR1
10545,IBMAC,KR1
10546,혼경i,KR1
10547,공주님의충실한개,KR1
10548,TWOFEWON,KR1
10549,유리맨탈의 잔해,KR1
10550,여유만만요,KR1
10551,롤잘한당,KR1
10552,성 철,KR2
10553,drksjkl,3527
10554,롤 다시 시작한 사람,1234
10555,애꿀이,미니피그
10556,chovy,r1st
10557,상현의 1 배주영,무한성
10558,최악의 하루,CN1
10559,청 하,6974
10560,꿈꾸는자라,KR1
10561,코끼리찌찌,KR1
10562,내가쌀국수에고수넣지말라고했잖아,KR0
10563,RealSlow,ADC
10564,CJ Entus Flame,KR2
10565,텔레뚜비,나나 뽀오
10566,천천히 해봐,123
10567,내가승패를결정해,KR1
10568,Paralyze,KR2
10569,인생은 힘들구나,도태한남태
10570,efwq,KR1
10571,꼼이몽이,KR1
10572,내가바라보는너,KR1
10573,히 뀨,KR1
10574,김정솔이다,정소리리리
10575,ΟυΟ,ΟωΟ
10576,피자나락치킨극락,KR1
10577,무니삐마,무니무니
10578,사진찍을때댄잉,KR3
10579,종 건,괴 물
10580,혼돈맛나쵸,KR1
10581,유리게슝탈트붕괴,뭉탱이
10582,Fizz God,KR1
10583,우동환,KR1
10584,연습할게요,KR2
10585,smthlikeyou11,TTT
10586,katarinabluu,0167
10587,날비추는빗까리,KR1
10588,영롱한 도한,KR1
10589,자기야오늘뭐해,KR1
10590,강호 대협,江湖大俠
10591,부부이상연인미만,KR1
10592,갈마동 송강,kr0
10593,귀여운 하모,091
10594,insular,KR1
10595,이난이당,KR1
10596,asdfzxcvqwer,kRR
10597,딱콩마려운사람,KR1
10598,  너 또 죽,KR1
10599,이센스 이방인,KR1
10600,불주먹 권필상,KR1
10601,정말이걸로서폿을오나요,일단잡솨봐
10602,디올옴므,KR1
10603,제라스서폿함,KR1
10604,방개토대왕,KR2
10605,태밥쨩,KR1
10606,7420587del,KR1
10607,아만타디움금강산호너클펀치허태욱,MUSAT
10608,목이4개면목포,7773
10609,김민총,KR1
10610,백 화,수 복
10611,계모계모,KR1
10612,에코보단땅콩,KR1
10613,성준과윌럼프,KR1
10614,퇴사실패,KR1
10615,3성워윅,8451
10616,사륜안,サスケ
10617,Jo성배,KR1
10618,하거시픈거다해,KR1
10619,유니디온,디 온
10620,이퀄길만걷자,KR1
10621,삼립꿀호떡,KR1
10622,이 루 루,갱플랭크
10623,잘안참는사람,KR1
10624,쉿 몰컴중,KR3
10625,비 비,KR518
10626,릴리딩,JHD
10627,밥똥딸,d12
10628,벗방의귀재홍승표,KR1
10629,롤에서돌아왔다,KR1
10630,깽 콩,KR1
10631,마스테,0525
10632,승재승,KR1
10633,이재윤짱짱맨,짱짱맨
10634,봄날의전두광,KR2
10635,백지헌,kr11
10636,라이또몽,KR1
10637,셜록홈즈님,KR1
10638,생존자이씨,데바데
10639,xpake,KR1
10640,팥 붕,WIN2
10641,예측 못한킬각,KR1
10642,설인귀,대조영
10643,바밤바0111,KR1
10644,크고아름다운망치,KR1
10645,2135135213545,KR1
10646,떱 냥,KR1
10647,서포터,산이잉
10648,펩시제로파박실장,KR1
10649,도요토미 이순신,KR154
10650,암덩어리1급,KR1
10651,카탈로니아 찬가,KR1
10652,블루파이어드래곤,KR1
10653,병떠병떠,KR2
10654,제노사이트,KR1
10655,짝짓기마카롱,KR1
10656,펭구충,KR1
10657,별빛거북이,2121
10658,똥개석,1265
10659,자크만하면안질리녜애들이,KR2
10660,사이버거,KR1
10661,묵묵부답,Mook
10662,구타유발전문가,KR1
10663,주님의주먹,KR2
10664,징역 2년 산 사람,KR1
10665,혈압올리기장인,KR1
10666,우리집WIFI존,KR1
10667,설응폭,KR1
10668,민 가 을,KR1
10669,황금독두꺼비,KR1
10670,데빌링,Devil
10671,못한디,KR1
10672,빅토르원딜,KR1
10673,무딘 칼,9999
10674,코큰울보,KR1
10675,영창가기싫어요,KR1
10676,샤코로노는계정,Shaco
10677,젖소다 무겁지,KR1
10678,aasd,d1a
10679,GENG Chouy,GENG
10680,미간의 숲,jg1
10681,가볼텨,KR1
10682,태김우,KR2
10683,비빔만두맛있어,KR1
10684,프로잭스,KR1
10685,핑크범고래,KR1
10686,나는 정상이야,KR1
10687,칠전팔기의 록리,KR1
10688,無 題,K R
10689,나뭇잎,아이번
10690,리그 오브 레전드,88848
10691,프리미엄밀크씨슬,kr2
10692,패왕 고병준,다팬다
10693,형 우 형,731
10694,doomer life,KR1
10695,Hype Boy,엽 이
10696,TopG4,KR1
10697,메롱짱구,KR1
10698,시로야샤,AK47
10699,킬딸충 마이,KR1
10700,함마뮴저이마월,KR1
10701,K K K K K,qqqq
10702,ililillliililil,KR1
10703,summer,natz
10704,쁘띠주영,KR1
10705,김도엽,KR2
10706,손구리,구리킹
10707,프로 JG,KR1
10708,재승이,410
10709,카타리나르블랑,KR2
10710,경남체육임용,KR1
10711,JUGKING,정글의왕
10712,欢欢宝贝,羊尼克韩
10713,모 릭,KR1
10714,도구의 발언권,KR1
10715,경 광 호,KR1
10716,토야마 카즈하,KR1
10717,101413264del,KR1
10718,구 태야,KR1
10719,바위라구,KR1
10720,premium spt,KR1
10721,높은 진입장벽,KR1
10722,천 마,9420
10723,디데이90,KR1
10724,라떼는용감해,KR1
10725,턱시딧 TV,KR1
10726,내가캐리해,KR1
10727,IIIIllllIlllIllI,1111
10728,알아서해,어쩌라고
10729,배재석,KR1
10730,Screwbbar,KR1
10731,T1 gaeguri,0727
10732,INFP외동AB형공익,0727
10733,jamjari,KR1
10734,하프짐,KR1
10735,나연 콩,나롱이
10736,X0 Tour LIif3,KR1
10737,passio,KR77
10738,않이외그래데채,KR1
10739,복재성,BJS
10740,springtime,0110
10741,Zac,PVP
10742,뀨리닝,1234
10743,그냥 그거야,KR1
10744,tigel,legit
10745,Secret Wars,KR1
10746,푸 들,뭉 치
10747,PunniMaru,KR1
10748,호켄파크로따라와,KR1
10749,유하늘,KR1
10750,뎅장찍앵,kr2
10751,조 화 령,KR1
10752,또띠기,KR1
10753,Fu킹,0932
10754,록 담,KR1
10755,버스기사 김종훈,KR1
10756,흐라라,KR1
10757,괜찮으시겠어요,KR1
10758,왕 똥 꼬,냄 새
10759,선비 유 믿을 신,2003
10760,적응함,KR1
10761,asphyxiation,KR3
10762,애가둘이다,KR2
10763,臥薪嘗膽,0424
10764,타 요,리듬타
10765,포도마을,GRAPE
10766,kig coo,KR1
10767,일본미소녀,KR1
10768,형만믿고따라와,KR1
10769,인생망해볼까,KR1
10770,김독슨,KR1
10771,생기다 만 소환사,KR1
10772,국가가 날 부른다,안가고싶다
10773,졸면 죽인다,KR1
10774,멍미랑 행복하기,0926
10775,Cheeky Dioskuroi,KR1
10776,심술이잔뜩난심술두꺼비,8578
10777,zzkN,KR1
10778,언제쯤접지,KR1
10779,민지출동,KR1
10780,서동영,real
10781,이동근god,KR1
10782,Geuny,4251
10783,del597136,431
10784,칼바람죽순이,KR1
10785,뾰족머리 삼돌이,탬 니
10786,한국유학생츠바사,ひめです
10787,찌릉내가난다,KR1
10788,기절 쌈바리,KR1
10789,쿤 타,Koon1
10790,Ramen,0212
10791,dding2yo,KR1
10792,최고쓰레기게임,KR1
10793,그럼 놀아볼까,KR1
10794,승박욱,9627
10795,타닥타닥쌩배정글,KR1
10796,ershi conglin,KR1
10797,올라이너임,KR1
10798,으아실수했다,KR1
10799,오산의 올라운더,KR1
10800,어머니라불러라,8865
10801,하이씨,KR1
10802,응니언니,KR1
10803,재매이햄TV,찌지짖
10804,메가령민,1203
10805,닉네임을어떻게지어야할지모르겠어,0000
10806,maldon salt,KR1
10807,진지하게 게임함,KR1
10808,다리푸들,KR1
10809,재영choi,KR1
10810,Official髭男dism,JYP1
10811,OUAUO,KR1
10812,이주미,변호사
10813,Blue,106
10814,모로하,ji2
10815,하등티어들,바람1
10816,22프로지망생,2022
10817,사위가이블린,KR1
10818,빅스비,로보트
10819,치밀하고 비열한,KR1
10820,babyRYUs,KR1
10821,쉐르비,KR1
10822,상병 박영환,KR1
10823,xooxoxx,KR1
10824,유천동독거노인,KR2
10825,금천탱크보이,0428
10826,빡만이,KR1
10827,Broxy,0301
10828,진귀필,KR1
10829,파이리,Z Z
10830,엊쭤라고,KR1
10831,김따윤,KR1
10832,난다시왔어,KR2
10833,SKT T1,Marve
10834,품번대백과,KR1
10835,바드는 말랑해,KR1
10836,협곡의 스커지,LMS
10837,기모딱따구리뱅뱅,KR515
10838,눈 내린 그날 밤,KR1
10839,껨 질,0506
10840,timo코인,KR2
10841,내 허리를 감싸줘,KR1
10842,알티나,KR1
10843,NewJeans,Pam
10844,신이 주신 킬각,lulus
10845,대응표,KR1
10846,굴러다니는공,KR3
10847,P싸개,KR011
10848,몽둥구,KR1
10849,민익이곧휴가튼튼,매우튼튼
10850,칸니예에,KR1
10851,울라리,CALM
10852,노는게제일좋아,노제좋
10853,아구몬,KR12
10854,Hide on bush,77772
10855,진짜개열심히함,KR1
10856,Kasi4Casi,KR1
10857,돌려찾기,KR1
10858,햄스터교배전문가,0702
10859,어느것을고를까요,KR1
10860,민규야 이겨줘,KR1
10861,너무쉽게가버렷,KR112
10862,원조사시 이지훈,KR1
10863,훈 룽,KR1
10864,wickT800,1602
10865,서폿무시하지멓,KR1
10866,리그오브투피스,KR1
10867,난 왜 안주노,KR1
10868,사랑의 녹턴,KR1
10869,짭 프제,KR1
10870,양학용,KR24
10871,쉬림프핫치킨골드,KR1
10872,힝혜지그런거몰랑,KR1
10873,wvwvwwvv,KR1
10874,권태형,권태형
10875,뭐야이게임,KR1
10876,태오 여친,0707
10877,절대욕하지말자,2644
10878,金熙坤,0128
10879,어루치,777
10880,못하면쌍욕날라감,정글혐오자
10881,雋 英,kr3
10882,파 도,U S
10883,rohtoreudu,KR123
10884,시방창랍2,KR1
10885,Waltz,Evans
10886,뉴진스매니저,ADOR
10887,응급실새치기전문,KR1
10888,춘천박진솔,KR1
10889,W3LL3RMAN,KR1
10890,바람의나라,kr2
10891,숏스퀴징,KR1
10892,누나코좀파줘,KR1
10893,밍밍한 귤은 뮬,КR1
10894,19910424,KR1
10895,엄준식,KR555
10896,사 일,225
10897,슈수슈슝,KR1
10898,PaStella,파스텔
10899,JustLik ThatKR,J G
10900,베릴 케리아 알빠노 그리고 나,어쩌라고
10901,1rk,gat
10902,우리정글머함,정글차이
10903,누0누0누0누,KR1
10904,김혁규,KR11
10905,씨씨에스1만기원,KR1
10906,rladmsrhkd12,KR1
10907,채팅안칠게요제발핑찍지마세요,죽일게
10908,Vicino lei,KR2
10909,qzkdf,KR1
10910,니가알아서뭐하게,전적보지마
10911,고라니는 꾸엑,Kham
10912,박박준준호호,KR1
10913,프로젝트진1,KR1
10914,쿨쿨강덕배,3653
10915,무리뉴,무버지
10916,무작정 달린다,KR1
10917,이걸론부족해,KR1
10918,구라이몽,KR1
10919,딸피보이면간다,KR1
10920,255 255 255,KR1
10921,사과가 되지말고 도마도가 되라,좋은 글귀
10922,16글자로닉네임을만들기어려워요,0000
10923,하 니,뉴진스1
10924,하고싶은대로산다,KR1
10925,그것이당신의행복이라할지라도,KR1
10926,호날두,siuuo
10927,뚱 이,8660
10928,교자클라스,KR1
10929,호로록,kr4
10930,인텔퀄컴암드애플,KR1
10931,반고흐4세,KR1
10932,심심하다아아아,KR1
10933,미드핑안찍는사람,KR1
10934,수하루,KR3
10935,굉장히화가난상태,KR1
10936,Sunklst,KR1
10937,파카벗은랄로,KR1
10938,90141382del,KR1
10939,명 량,001
10940,신채로이,0918
10941,뇌지컬 원툴,1117
10942,다드림바베큐치킨,KR1
10943,겜 쉽게 이기는법,KR1
10944,자윤주,KR2
10945,경환아사랑해,경환사랑
10946,밤영비니,KR1
10947,엽종도,릴미니
10948,WepleMoney,KR1
10949,MDNbbogle,KR1
10950,챠 랑,KR1
10951,노트북으로정글연습하는계정,트롤아님
10952,most one leblanc,KR1
10953,원딜하는 멸치,KR1
10954,송호근,KR1
10955,ggomak of muchim,KR2
10956,백정97,KR1
10957,마지막 부계정,last
10958,효 석,KR1
10959,김성민,0720
10960,김남길,8981
10961,바위마을의매생이,KR1
10962,장래희망니엄마,KR1
10963,さよならの朝に約束の花をかざろう,岡田麿里
10964,입닫고게임이나해,KR1
10965,Teemother,KR1
10966,mannoroth,KR27
10967,제주유흥문의,주대20
10968,탑하는규훈이,3666
10969,서테판커리,KR2
10970,피융퍼버벅쿠아왕,KR1
10971,We could be free,KR1
10972,부타동먹고부타가된이재범,19874
10973,트롤플레이어,KR1
10974,싸없새야,KR1
10975,스이긴토,KR2
10976,이민재,0526
10977,sweet해,KR1
10978,말걸면던진다,111
10979,이빈입니다,kr2
10980,소명문명,KR1
10981,검은고양이,cat11
10982,gamgyul,kr333
10983,Snow Step,1234
10984,미리내,은하수
10985,hholy,KR1
10986,석회장,KR1
10987,Lv20 박용덕,0109
10988,발꾸락요정,KR1
10989,Los Alamos,KR1
10990,워 익 이 다,KR1
10991,류남생,KR1
10992,julian 12 x,KR1
10993,원효대사뼈물원샷,KR1
10994,여보d랑f는왜누르고가,씻다니왜
10995,플로리어,KR1
10996,Nerd Stupid,KR1
10997,더 월드 오버헤븐,KR1
10998,지한시치,KR1
10999,술 한 모금,KR1
11000,CE1 Ceaser,KR1
11001,DanNyun,KR1
11002,민규 심,KR1
11003,김유빈죽이기,KR2
11004,선화야색깔이어떻게울퉁불퉁하냐,울긋불긋
11005,정글액,KR1
11006,AKMID,KR1
11007,나는야뱅윤레전드,KR1
11008,김은하,0126
11009,xnoparasitisme,KR1
11010,OMEGA시티,KR1
11011,김준정,KR1
11012,야줌싸개,KR1
11013,광수는 니코,KR1
11014,딸기잼토끼,KR1
11015,욕먹으면더못해용,KR1
11016,아름다운아띠,KR1
11017,나현공주,바보바보
11018,bami,0302
11019,어떻게이게게임,KR1
11020,김D현,D의 의지
11021,칼챔한다막지마라,MDDT
11022,핑핑이,핑핑이다
11023,김정밈,KR1
11024,티므싱,KR1
11025,라두야 놀자,KR1
11026,TOPPPPPP,7174
11027,마지막 로그아웃,한판만할까
11028,도지마의 용,배그만탈거
11029,대현짱,KR1
11030,V1 강윤수,KR1
11031,늙고 병듦,9318
11032,오스틴스,KR1
11033,서비서비,KR1
11034,카즈하1,KR1
11035,하 쁘,KR1
11036,다재다능1n년차유저,3876
11037,갑판장,1함대
11038,짐승 정동진,KR1
11039,고뒷바,KR1
11040,부경대 새내기,KR1
11041,후라이치퀸,KR1
11042,바다꽃입,KR1
11043,CJ CornFrost,KR1
11044,zl존무적성호,KR1
11045,특수교육강사누누,KR1
11046,r0vaf,KR1
11047,세계신기록,KR1
11048,abhorret,KR1
11049,여응차아,KR1
11050,포만감진드기,2006
11051,화무십일홍,6520
11052,Aepeus,123
11053,오딱석,오딱석
11054,늙은이,4983
11055,BBB,5134
11056,공허유충,KR123
11057,다크엠페러송연우,123
11058,아크리우스,2652
11059,파워 슬램,부 캐
11060,판수생배,KR2
11061,희끄희끄,KR1
11062,시로가네 노엘,1124
11063,멀리서 보기,KR1
11064,Tnqr,KR27
11065,최준혁,Ping
11066,아이묭티케팅실패한사람되팔이엄마,다죽어라
11067,미스터 싯다르타,KR1
11068,근거있는남탓,KR1
11069,15분칼서렌,KR2
11070,쏭님아,KR1
11071,순식간에 현지 적응,팀운도실력
11072,NUMBER GlRL,JP 1
11073,H2DE,8207
11074,가가라이브에서만난유빈아,돌아와줘
11075,아 윤,0224
11076,괴물성현,KR1
11077,스노우누누,KR1
11078,장어먹고레벨업,KR2
11079,성원의하루,KR1
11080,UNKNOWN,PB20
11081,박훈정,롤대남
11082,작 콩,땅 콩
11083,노인과바다,kr3
11084,오용준용,KR1
11085,이도류7088,KR1
11086,AD연습전용,KR1
11087,백창건,우라노스손
11088,진짜 말 안들어요,KR1
11089,갈통분쇄기,0560
11090,인간콘돔김찬호,KR1
11091,고난과역경이가득,KR1
11092,안산스누피,KR1
11093,중앙초두목,KR1
11094,롤체 랭킹1등,KR1
11095,물초롱,KR1
11096,빵 댕,KR1
11097,White cat,KR1
11098,최초원딜안중근,대한독립
11099,모지혜사랑꾼,황태규
11100,타치바나 히나노,3359
11101,채댕이,KR12
11102,아어딜만지세요진짜,0928
11103,Dxko,KR1
11104,08티모장인,관저사랑꾼
11105,인처리야,KR1
11106,장개방,KR1
11107,안대쓰고자면안대,KR1
11108,벽 느낄 때까지,KR1
11109,그저평범한닉네임,KR1
11110,신 궁,kr13
11111,따봉 직스,KR1
11112,후 설,1113
11113,기무퍽춘,KR1
11114,너희어머,CC기
11115,손에 쥐어진 수표,0226
11116,돌잔치때카이팅함,KR2
11117,부캐인거 아냐,KR1
11118,twin1,KR1
11119,벌 무서워,KR1
11120,구라링,KR1
11121,FDS Michol,KR1
11122,Viper,FCG0
11123,망곰이,bear1
11124,서울아산병원,KR65
11125,건 담 포 스,압도하라
11126,끄어어엄,KR1
11127,레알밥도둑하리보,KR1
11128,걍나다,KR1
11129,낙생고살점찢개김동규,진보대장
11130,asdf0123,KR1
11131,실수 반복은 실력,KR1
11132,은하수,별다방
11133,장관빌라,KR1
11134,ストス丨弖彑ス丨廿丨廿丨フ丨,6974
11135,쁘 띠,이게맞나
11136,제라스뿅뿅,KR1
11137,정점이될사나이,KR1
11138,예의 배려 절제,1222
11139,라이꾸2,KR1
11140,선홍잎,KR1
11141,떠뽀끼,맛있엉
11142,박보영,1838
11143,토마토에전기충격을주는기계,KR2
11144,오버액팅베어,KR2
11145,재롱몬,KR1
11146,픽하고담배충,KR1
11147,윤규원,KR1
11148,1분대상병권준하,KR2
11149,sbbbbbbb,KR1
11150,무적해병기욱박,KR1
11151,용성아름,KR1
11152,대전 박격포,KR1
11153,Lv 1 최은찬,KR1
11154,너의최애가돼주마,KR1
11155,라인전의악마거리조절의신,KOR1
11156,O0O0O0O00000O0O0,KR1
11157,땡겨오자,KR1
11158,Kisum,Fan
11159,자객의발톱사이온,KR1
11160,다정이다정해,KR1
11161,반다르,KR1
11162,빵빵이,6220
11163,독수리드롭킥,9258
11164,hate spring,kor
11165,네소원을말해봐,KR1
11166,사 브 레,스테파니
11167,개가튼내일,KR1
11168,돼 지,7777
11169,도리도리포돌이,KR1
11170,초코집과자,자과집코초
11171,평창국밥냠냠,KR1
11172,Baowl,KR1
11173,선반마스터,KR1
11174,방조이,방하성
11175,휘 재,KR1
11176,성민아놀자,KR1
11177,너일루왕이새킹,0617
11178,BJ 배방구,KR1
11179,읔소나,KR1
11180,저도찾지마세요,KR2
11181,도토부,KR1
11182,영슈야,0502
11183,유샤코프,KR1
11184,김해마초,KR1
11185,M2 Ace,KR1
11186,진 짜,2691
11187,wkslzk,KR1
11188,현지인이다살살해,KR1
11189,고양이키울래여,KR1
11190,바위게그라탕,KR1
11191,쑤미마셍,KR1
11192,진 려,KR1
11193,어쩔쑤없쏘,잘하자
11194,근본인,KR1
11195,량링곰,KR1
11196,뱀 탕,KR1
11197,메가트리움,KR1
11198,손원재,US1
11199,으니우니,KR1
11200,날으는 고슴도치,KR1
11201,솔랭 키아나,KR1
11202,퓨리star,KR1
11203,RPG배틀짱,KR1
11204,맥도널드알바생,KR1
11205,무녕쥰,KR1
11206,빛 나,빛이나
11207,홍민찬,0828
11208,20000112,KR1
11209,함평왕,KR1
11210,마오니대장,KR1
11211,팬케이크아냐,KR1
11212,야옹아 멍멍해,1954
11213,삼겹살에 소주 한잔 먹고싶다,참이슬
11214,민수의왕자근,KR1
11215,5ushi,KR1
11216,화나면울려요,KR1
11217,미드 김민교,KOR
11218,Love Rookie,2018
11219,갓버장인,KR1
11220,늑대파대대장,KR1
11221,지수야힘내,KR1
11222,소환사0831,KR1
11223,한결이가돌아왔다,KR1
11224,돈의맛,KR1
11225,wakuwaku,oui
11226,박보연남편최지강,KR1
11227,이게정성엽,KR2
11228,꽁치냥이,KR3
11229,못 이겨도 좋아요,KR1
11230,김덕배,KDB77
11231,미스터하딘,KR1
11232,피 냄 새,KR1
11233,신안염전노예,KR1
11234,옥슈슈슈염차,KR1
11235,Suvita,KR1
11236,꼼꼼한 메모핑,1017
11237,백승현입니다만,KR1
11238,돈언제갚니,KR1
11239,일단 맥주캔을 따,KR1
11240,Lions,blue
11241,꿀 넝,KR1
11242,김세딕,KR1
11243,곽튜브,곽곽디라라
11244,겨 울,0524
11245,료멘스쿠나,영역전개
11246,귤 머 금,KR1
11247,Khanjae,1000
11248,져니몽,KR1
11249,다패죽인다,십련들
11250,배승룡,KR1
11251,깜찍이11,KR1
11252,Leny17,KR1
11253,심산묵언수행,KR1
11254,열심히한다구요,KR1
11255,돌아와 미뇽,KR1
11256,김차뉘,KR1
11257,호롤롤로욜로,KR1
11258,베르베로나,KR1
11259,이든그린내,서포터
11260,oωo,1230
11261,영등포피바다,KR1
11262,싸이비 교주,KR1
11263,점돌아,OwO
11264,기물파송,KR1
11265,벼랑 끝에 점수,0425
11266,까꿍 ,발로란트
11267,목탁자나깨나불조심,00000
11268,임규보딱지,KR1
11269,쉽게욱하는사람,KR1
11270,주니비아,KR1
11271,포 위드 썬,KR1
11272,조 창,KR1
11273,Aileri,정 품
11274,나는야 김통풍,KR1
11275,아 수 라,1111
11276,콜라주이소,KR1
11277,아진짜하기싫다고좀,kr2
11278,발자국남았어,tino
11279,원딜지키미,123
11280,Meowoof,OwO
11281,핑찍을시미드로간다,1907
11282,첼로신발주머니,KR1
11283,Vigilante,15329
11284,나랭일까말까,KR1
11285,애쉬는기침을애쉬,애취애취
11286,PAXXWORD,c101
11287,간계밥이 최고야,111
11288,신길동 사자,KR2
11289,불건강infp탑유저,KR1
11290,의사 양반,의 사
11291,대머리,KR13
11292,Center Forward,KJS
11293,배뱁티,KR1
11294,Cheek Clapper,789
11295,한자보,KR1
11296,피크닉민초맛,KR1
11297,FINESSIN,KR1
11298,2025 03 21,mxc
11299,ZYX,3422
11300,Ailer,KR1
11301,봄 바람이 불면,KR1
11302,Db다이너마이트,KR1
11303,귀찮을때짓는이름,KR1
11304,샥샥푸슉,KR1
11305,IIIIII,lIllI
11306,개 입니다,KR1
11307,프 가 아,KR1
11308,킨토토,srpn
11309,발냄새맛돈가스,KR1
11310,응애 나 태워줘,KR1
11311,여수쌍봉지사,KR1
11312,요 한,2001
11313,박근혜와함께춤을,KR1
11314,Húndàn hánguó ré,CN1
11315,SDJ,KR1
11316,싹바가지,1111
11317,즐겜계정,어쩌라고
11318,가 람,Hy1
11319,섹시한 스테이크,8877
11320,1999 09 23,YUQI
11321,볼리베어겨드랑이,프로미스인
11322,난동꾼,KR0
11323,Ram Ranch,KR1
11324,나는준비됐지,KR1
11325,사카밤바스피스,KRI
11326,요구르트보이,0305
11327,우리팀Cbal뭐해,KR1
11328,강 우 진,5453
11329,재밌는거할래,Tarzo
11330,크리스티아누 임채민,siuu
11331,하네하네하네,KR2
11332,HLE Viper,9505
11333,ym2003,KR1
11334,초보너굴,KR1
11335,강한여성상,KR1
11336,허니즈유지,zyuzi
11337,전과7범도련님,KR11
11338,캐니언 지켜,KR1
11339,성공회대,KR1
11340,탑신병자의 부계,KR1
11341,손인욱기다려,KR2
11342,처연히 피어나는 매화,피었던꽃
11343,adsadsadas,1395
11344,네모건달스폰지밥,KR1
11345,두락두,RAKDU
11346,뿌슝빠슝나는정윤,9248
11347,Silver AD Carry,KR1
11348,노벨고혈상,스프링랄러
11349,Excusez moi,Adieu
11350,폐관수련할거,KR1
11351,다여니,BUNNY
11352,배고파요밥사줘,KR1
11353,리 븐,KR03
11354,그래서뭐어쩔건D,KR1
11355,젓가락,KR11
11356,메숭이,jh94
11357,갈색1kg,1234
11358,착하게살자니까,KR1
11359,꽃처럼 아름답게,KR1
11360,악 마,12344
11361,20251113복귀,KR2
11362,김우G,KR1
11363,은둔쌉고수,KR1
11364,세쿠시 남,VV1
11365,그거슨 모슨,KR1
11366,이계정을봤으면희망을버려라,112
11367,모 밋,KR2
11368,유설린,2134
11369,ヲ ヲ ヲ ヲ,KKKKK
11370,허허그럴수있지요,참을인
11371,channel ORANGE,PBRNB
11372,키리키키키,KR1
11373,화려한밥상,KR1
11374,카에핀,KR1
11375,asdpipi123,KR123
11376,김국연,KR1
11377,Innocent fun,KR1
11378,화안내기 1일차,KR1
11379,보라색맛나쏘,0000
11380,대구특별광역시,KR1
11381,이지호,2Re2
11382,공허의 벨코즈,KR1
11383,따블콘,KR1
11384,지 늉,KR1
11385,아응애에요,KR2
11386,운동하고담배안피고술을안먹었다면,china
11387,송기쁨,happy
11388,Radiohead,Cute
11389,kikiboy,KR1
11390,근 육,이승현
11391,뽀보뱃띠,KR1
11392,Absoluto,k1ng
11393,태 환,KR태환
11394,아가 포로,KR1
11395,B컵청년,kr5
11396,RS1999,KR1
11397,35살원딜도전기,KR1
11398,쿠 키,0630
11399,계약자,KR1
11400,야속한 박스,KR1
11401,정자이,KR1
11402,김인규02,맹맹맹
11403,Puppet,KR1
11404,은매미,KR1
11405,불독나무꾼,KR1
11406,아구바구,kr3
11407,TKZ01,KR1
11408,말로안한다,1234
11409,minqi,KR2
11410,말걸지좀마,KR1
11411,hanuleric,KR1
11412,서리달 아크샨,KR1
11413,파이네,KR1
11414,명띵교,KR1
11415,뚬냥꿍,KR1
11416,ThanksgivingDay,LG1
11417,네오미아,kr2
11418,JDG Peyz,6974
11419,술안주 영양간식,KR1
11420,A GOOD PLAYER,KR1
11421,아싸라비아콜롬비아,니보알
11422,김장김치를담그는꿈을꾸었어요,0000
11423,조산희,KR1
11424,권 가,001
11425,창혁박,KR2
11426,빛나는빛나,KR1
11427,텐타시온,KR1
11428,나르조아119,KR1
11429,의정이다3,KR1
11430,내 지금 개빡칫다,KR1
11431,석남동 쌍칼,KR1
11432,꼬북칩사져,KR1
11433,심각한거,5772
11434,시크릿쥬쥬,9999
11435,흔들리는잎,KR1
11436,키 컸,KR1
11437,강하다 황에녹,KR1
11438,KATA FR,KR1
11439,관 희,KR2
11440,부러져요 버티면,KR1
11441,야물딱지,KR1
11442,dongfang,8038
11443,에이스,FIRE
11444,다라안전김상복,2001
11445,낭 만,hys
11446,大丈夫dingdingding,ding
11447,뚜루빠삐삐,KR1
11448,Swerve,KR1
11449,전인석,1999
11450,고 수,KOR
11451,WakeupFi1thy,1106
11452,탑가는사람,KR2
11453,게맛을아는가,KR1
11454,4차원 주머니,도라에몽
11455,젠 장,KR2
11456,예쁜지현,KR1
11457,나희공주나희,KR2
11458,정글럽,KR1
11459,XXPm,KR1
11460,부주입니다,KR1
11461,마뭘쎄리보노,KR123
11462,망나니전문,KR1
11463,단단묵직,gmo
11464,학생교과서,KR1
11465,straight P,KR1
11466,min3,min
11467,무서운밥,KR1
11468,Passfinder,kor
11469,갱부르면차단한다,KR1
11470,burstfire,KR1
11471,고양이년,KR1
11472,배민사장최배달,KR1
11473,사람아니면차단함,KR2
11474,고냥 좀 합시다,KR1
11475,잼여우,KR2
11476,소소한 일상의 행복,happy
11477,작 호,작은호랑이
11478,코끼리같은나,KR1
11479,큰 돌,KOREA
11480,Daychi,KR1
11481,당연해,KR1
11482,리자몽,ZIU
11483,쫑 운,KR1
11484,유띵우,111
11485,샤 마,KR10
11486,김범균,KR1
11487,입터는재미로게임,KR1
11488,초보원딜,chobo
11489,허준필,KR1
11490,박팔덕,415
11491,틀딱정글,KR55
11492,도파민,113
11493,Niels H Abel,KR1
11494,드론부터들어가자제발,급발진멈춰
11495,ililililillilili,KR999
11496,피자찐빵,1104
11497,桜島麻衣,青春豚
11498,한발한발 신중히,KR1
11499,자아가강한사람,KR2
11500,안할란다,1111
11501,하승원,KR2
11502,Uniq R Muziak,KR0
11503,불꽃주먹 강대식,ヅヅヅヅヅ
11504,Villain,성 석
11505,진로검사,KR1
11506,주임원사,방성민
11507,몰왕마최작쇼,KR1
11508,금색의억울한김치,KR1
11509,늘인상,늘인상
11510,빡 쭈,221
11511,오산사람들,KR1
11512,돈없고귀찮은백수,12345
11513,billionaire,192
11514,개강개강다 ,KR1
11515,ridrkaksgldlTdj,ddd
11516,kvasdljb,KR1
11517,원영적사고,럭키비키2
11518,동건아넌롤을못해너만몰라,KR2
11519,Black,k0917
11520,댕청한사람,5589
11521,애쉬좡인,KR1
11522,현지인 꺼져,KR1
11523,최고가될래요,1234
11524,chuntian dang,KR1
11525,QWER,0806
11526,마유미요미,KR1
11527,별수호자수니,KR1
11528,소레이케 우팡만,우 또 삐
11529,zzcxc,KR1
11530,골목길,1835
11531,장 너,KR2
11532,의정부,swing
11533,맞 긴 해,애매하긴해
11534,현 꽃 민,KR1
11535,Yeah Bunny,0219
11536,Typhoon,태 풍
11537,딸기새우깡,KR1
11538,윤의준,KR1
11539,Oner,0726
11540,맥아더,7617
11541,롤로노 무현,롤로노아
11542,Caldiem,KR1
11543,Lemon Vodka,KR1
11544,멋이벤뚝배기,KR1
11545,묘 식,KR1
11546,똥강아지현이,kr0
11547,晩餐歌,KR3
11548,날꺾이게만들지마,KR1
11549,이루마 08,KR2
11550,미래의 그 꿈들 속으로,기억의습작
11551,갱오면,죽을게
11552,우기보이야,KR1
11553,골이따분,123
11554,어쩌라구여,0207
11555,안녕수야,사랑해
11556,살아있는 불꽃,999
11557,물고기 잡아먹기,222
11558,와꾸대장평준,KR1
11559,봉골레노틸러스,KR1
11560,무 찬,KR2
11561,양덕동 부모폭격기,어망구박살
11562,적당히 빨 감,KR1
11563,운이 좋았어,KR1
11564,공 주,KR15
11565,나주미의 긍지,KR1
11566,민카르도,7013
11567,피자헛둘셋넷,KR388
11568,시대에 뒤쳐진 자,KR1
11569,흰 눈,KR2
11570,시비걸면던져,KR2
11571,최용석,KR2
11572,슈팅스타,리따뚜이
11573,AkasakaakA,KR1
11574,희 진,0328
11575,라면만두,KR1
11576,허맹규,KR1
11577,종윤이,kr2
11578,01083890902,조성현
11579,바나나맛루시안,KR1
11580,치킨냄새,KR1
11581,모든길은나로통해,KR1
11582,조선제일의칼,KR1
11583,애송이치곤 제법 기개가 있구나,KR2
11584,텍사스전기톱,bdf
11585,B D,777
11586,겨 울,2004
11587,모 기,모비딕
11588,면세담배,던힐6ml
11589,안심하세요도구입니다,0254
11590,에임벌레,KR2
11591,빵댕이,2909
11592,애휴니들은참,KR123
11593,전나게 잘하네요,KR1
11594,오르트 구름마,KR1
11595,llllIlllIlllIllI,14555
11596,bluelemonade,lemon
11597,경도비만1,KR1
11598,sakir,KR123
11599,추이리,KR1
11600,겨울SPIKA,1128
11601,검꼭지,KR1
11602,King Haeibo,KR1
11603,아무것도못뚫는창,KR1
11604,제발이겨줘요,1204
11605,탱글재익,KR1
11606,군필 여고생zxc,KR1
11607,허리 펴고 게임해,KR1
11608,첫눈이 내리는 봄,KR1
11609,선나미나리,KR1
11610,KrO2,KR1
11611,목동s급흑우,KR1
11612,롤은내원수,KR1
11613,소  갓 ,KR1
11614,오주왕,KR1
11615,Hide on bush,01223
11616,몰랑몰랑볼,KR1
11617,Sternritter,KR317
11618,USIJEEL,KR1
11619,원 딜,KR33
11620,참된 젓가락,KR1
11621,sung님,KR1
11622,네네치즈볼개노맛,KR1
11623,AlanEllen,KR1
11624,영민이세은이,KR1
11625,입털지마뒤질라고,KR1
11626,두루마리휴지,6974
11627,동경C,KR1
11628,정글몹뺏기면탈주,KR1
11629,대강하자잉,KR1
11630,감성돔이감성이지,낚시매니아
11631,주님의몸,KR1
11632,악 마,KR112
11633,돌격해 도구년아,cs2
11634,베미맥,KR1
11635,ENTP그자체임,KR1
11636,눈여아,493
11637,Tstomy,KR1
11638,김진석,부캐임
11639,탈주토깽이,KR1
11640,정현서,씹혜지
11641,오 월,KR97
11642,가나다라마바사아자차카타파하,안녕하세요
11643,기옹아비,KR2
11644,임뽕빵,8090
11645,패드립고소잘함,KR1
11646,Exestiny,KR1
11647,야무진 캐리,KR1
11648,밀크랙,1557
11649,아기유진,KR4
11650,polymorphism,sdg
11651,정동혁,1999
11652,브뤄컬리,KR1
11653,쌈박한쌈바,KR1
11654,Stop the Madness,KR1
11655,내가힘그자체다,KR1
11656,조선제일검고길동,KR1
11657,혜지잡는지영,KR1
11658,치이카와,CR7
11659,원딜감수성,1004
11660,박스타,111
11661,ysan1009,KR1
11662,지상스,KR1
11663,명예브렌트1호기,KR2
11664,안대쓴경주마7,KR1
11665,파랑파랑l,KR1
11666,Farming,9999
11667,검고13,KR1
11668,RLRL,3327
11669,이팀맘에드네,KR1
11670,로로로롤,6180
11671,몰담황제,KR1
11672,안재솔,KR1
11673,안정환,남자 4호
11674,구르밀,KR1
11675,원딜차이,AD챔프
11676,팜핌폼,0521
11677,돌 격,오뚜기정신
11678,Value,0126
11679,푸딩워리어,맛서싸워
11680,이더리움,9290
11681,호세다,KR1
11682,절실함을이룬사람,KR1
11683,역대급 물거품,KR1
11684,민규야,KR1
11685,퐁퐁잉,KR1
11686,Chrome AD,KR1
11687,근실딱,KR1
11688,김경태헤어,KR52
11689,알고도당하는남자,KR1
11690,유미가 힐 해줬으니까 캐리해,764
11691,SoulTee,KR1
11692,희섭왕자,KR1
11693,야스오,KR8
11694,인생의한획중,KR1
11695,응응아잇,PR1
11696,다이아달리기프로젝트,D 45
11697,아까부터던졌음,KR1
11698,여퐁듀,오공기여어
11699,IIIIIllIIIII,KR1
11700,군짬찌,KR1
11701,눈뜨고에코베인다,KR1
11702,작살한대만 더,KR1
11703,즐겜용부계,KR JG
11704,그 정도론 부족해,왕초보
11705,부분적 흐림,KR1
11706,부먹펩시파인애플피자지코,KR123
11707,수박씨우엑,KR1
11708,dont question,KR1
11709,AngelPain,KR1
11710,세수머슴,KR1
11711,뺏 곰,KR1
11712,IST타,KR1
11713,혜찬황,KR1
11714,5티어대장군빡빡,KR1
11715,앙 크,KR0
11716,한우물만 파보자,KR1
11717,데프트될뻔,KR1
11718,그터널을건너지마오,Kr111
11719,Gosu,del
11720,Goback고백,KR1
11721,서커스,KR2
11722,Creative self,KOR
11723,김천 김무호,김무호
11724,BMW,MGmbH
11725,탐켄치,12101
11726,탑주십쇼,KR1
11727,20533041del,KR1
11728,이게몽가 티몽가,KR1
11729,갱지녕,KR1
11730,Giant Star,0804
11731,폭신한 최승완,KR1
11732,조이보이,Dopa
11733,정발산기슭곰발냄새타령부인사잘해,하이브리
11734,강망구,KR1
11735,둘리는못말려,크랙의신
11736,머승사자,KR1
11737,Euglena,KR1
11738,BENCHPRO,130KG
11739,은평구 해달,KR1
11740,이정쒸에웅,KR1
11741,쥐쥐서씨,KR1
11742,DEGUL,KR1
11743,지 펠,KR1
11744,로코코도코,KR1
11745,다롱디링,KR1
11746,준 쓰,5656
11747,주님손,KR1
11748,미안해,KR1
11749,1807,ddo
11750,유진이당,KR1
11751,연속주조,KR1
11752,내볼살쫀득,3939
11753,정 용 오,KR1
11754,슴을다섯번째밤,KR1
11755,N1Elite,KR 1
11756,김 쭈 열,KR1
11757,않돼는건않되,KR1
11758,파도링,KR1
11759,영잉깅,KR1
11760,너여야만되겠더라,KR1
11761,해군가지마세요,691
11762,마늘이 매워요,KR1
11763,싱글마요,KR1
11764,돌랑랑랑,KR1
11765,ekwnrdu,다죽여
11766,꽃친구,KR1
11767,덩들스틱,KR1
11768,우울한 이렐리아,우울해
11769,탑싸움꾼,1234
11770,Graves,막다른골목
11771,금잔디명예소방관,지후선배
11772,CRE8,6445
11773,ARCTERYX PRO,KR2
11774,사과한조각,777
11775,grckso,굳굳이야
11776,노 아,mone
11777,왕자지훈,6011
11778,1xbet,111
11779,hide on push,KR74
11780,각성하다,Kr3
11781,물을주마음란물,KR1
11782,신여명,NAME
11783,슈루룹쓰,KR1
11784,조이딱밤,KR1
11785,07GUNBOO,기믕수
11786,사직동불개미,KR1
11787,우지호,KR2
11788,도구다운도구만나길,제발요
11789,매직윤,KR1
11790,소소한행복,0114
11791,북극산 불곰,bear
11792,재어닝,KR1
11793,진 돌,진돌2
11794,Bomaye,530
11795,갈고리장인아크샨,KR1
11796,부먹충틀딱,KR1
11797,석나가면무지성사이드감,kr3
11798,차 단,KR1 1
11799,오 뺘,KR1
11800,쳐밀도,쳐밀도
11801,Aspas,05030
11802,별헤는구름,9882
11803,차해인,오른팔
11804,못하니깐버스점,KR2
11805,윌럼프 버린 누누,KR1
11806,의정부꼬부기,KR1
11807,갱오면 다 죽인다,KR5
11808,애견미용전공,4081
11809,Blue,HL333
11810,다정용,KR1
11811,ヲヲヲヲヲヲヲヲヲヲヲヲヲヲヲ,KR12
11812,하나뿐인내알을깨지말아도,KR1
11813,ansdnwn,KR2
11814,JeTT,제트기
11815,5명이모이면반드시1명은쓰레기,KR5
11816,오성혁,1029
11817,짱 구,1002c
11818,삿갓이요,예삿갓이요
11819,2607129428526560,KR1
11820,멍멍왈왈,그르르릉
11821,상어초밥,2656
11822,부 대,차 렷
11823,KEQVG,kr1
11824,론메외참박수근당기딸,KR321
11825,차가운붕어빵,KR3
11826,T1 Faker,KR505
11827,JPEG,KR1
11828,bu yao song,KR1
11829,교염이,KR1
11830,x 0 u n 0 x,이 준 서
11831,요단강건넌팀운,KR1
11832,oner,0407
11833,괜찮아진정해그냥지면돼,딩딩딩딩딩
11834,슈웅바슈웅,KR1
11835,중간놈,KR1
11836,감다살,123
11837,강한남자 세트,KR1
11838,닉변성공,xxx
11839,sh00tgd,shoot
11840,찐막이요,KR1
11841,96170314del,KR1
11842,쌀밥이좋아,0420
11843,pimang,hater
11844,곰팅이,4107
11845,Hide in,KR1
11846,야스오개쌉장인,KR1
11847,나쁜남자의표본,KR1
11848,내가희생할께,KR1
11849,오파츠,12345
11850,서포터만함,KR1
11851,야무진 이름,KR1
11852,재범이다,KR1
11853,나루레빗,KR1
11854,라기상,KR1
11855,이거산거니,KR1
11856,Eagle mind,KR1
11857,챌린저버스,KR1
11858,뽀 로로,뽀 로로
11859,TianMing,KR1
11860,프 투,KR1
11861,닉 뭘로하냐고,KR1
11862,늙고아픔,1234
11863,모트독,77754
11864,wallflowers,KR1
11865,틀딱맨,리얼루
11866,분홍색후리스,KR1
11867,알아서 할게,BLUE
11868,mumusick,KR1
11869,도란스태틱도둑,안샀으니까
11870,파가 놀라면,KR1
11871,초심잡고처음부터,KR1
11872, carrymachine1,KR1
11873,보신탕,염소탕
11874,KNU Viper,KR999
11875,비띠띠,0214
11876,막을수 없는 분노,KR1
11877,태연이형죄송해요,이태연
11878,장원영,아기토끼
11879,냠 냐,KR1
11880,부와악,3238
11881,주 호,0000
11882,참이슬1병이요,para
11883,소보로빵,제과점
11884,EGO TOOL,KR1
11885,jaky jaky,KR1
11886,해적이된기훈이,KR23
11887,KT Deft,9155
11888,세찌닝,KR1
11889,IlIlIlIlIlIlIlIl,4787
11890,자살 브랜드,0001
11891,바이도 봄이 오냐,KR1
11892,나는 깨어있는가,KR1
11893,28서동우,KR1
11894,문도전문,KR1
11895,락발라드,KR1
11896,오렌지연료,KR1
11897,논골상인,KR1
11898,테 흥,KR1
11899,qqqqq21,람머수
11900,크러쉬퐁,KR1
11901,삼대600운동인,KR1
11902,검은전구,KR1
11903,달 명,KR2
11904,smile pf,KR1
11905,허니콤보 안먹어,KR1
11906,귀요미,7335
11907,함박거주자,KR1
11908,F5000171,88461
11909,핑 찍으면 도망쳐,KR1
11910,EESMOEY,KR1
11911,개탈락,123
11912,새벽하늘비,KR1
11913,해야 되는 각,KR1
11914,해 린,0310
11915,프람이,5016
11916,あいみょん,INFP
11917,백 정,레이스
11918,라 단,KR7
11919,온리팬스김찬빈,KR0
11920,scherwinger,KR1
11921,귀살대 구준영,KR1
11922,황성연,good
11923,바퀴벌레보다기억력좋음,iq100
11924,무령왈릉,KR1
11925,울릉도 갔다 독도,KR1
11926,을 영,KR1
11927,김건충,KR1
11928,탑신병자,건들면물어
11929,쥬 테,KR2
11930,숨 참고 TOP DIVE,KR1
11931,세최걸,KR1
11932,분노의망치,kor
11933,탑외길인생,TOP
11934,럭키비키원영,0620
11935,개패주농,KR1
11936,이히히히히히321,KR1
11937,CJ비비고왕교자,KR1
11938,최켠석,KR1
11939,콘 혁,7393
11940,25년11월20일,그날이올까
11941,GillzerO,KR1
11942,무조건1픽선,KR1
11943,권일용,KR1
11944,묵언수행중,말걸지마라
11945,습관성와드카이팅,3096
11946,팀끼리 싸우면 바로 박음,찡찡대지마
11947,2단지,0602
11948,초보에요,1324
11949,너를 봄,KR1
11950,멘탈계의 간디,KR1
11951,디지98,KR1
11952,자극 쥑이네,KR1
11953,youd,KR1
11954,욍꼬톰유츙,kr112
11955,옹기장인 수제자,옹기마을
11956,유기하지마,앙태웅
11957,KhanTATA,KR1
11958,제드만하겠습니다,9850
11959,득듬이,KR1
11960,전주드록바,KR1
11961,삼 빠,9915
11962,환데기장군,KR1
11963,말이필요없는세계,KR1
11964,훨드지박령,KR1
11965,안 태 선,KR1
11966,몰래차단했던사람,KR1
11967,어OI쿠,KR1
11968,2809106del,KR1
11969,187cm82kg isfj,KR1
11970,합정동불방망이,합정동
11971,늑대가되,늑대가돼
11972,굉장히 긴 돌,KR1
11973,뉴메타발굴,KR1
11974,세체쁜,KR1
11975,탑솔요정손정욱,KR1
11976,롤은구대일,KR1
11977,등을보이는건수치다,1906
11978,T1 Doran,월즈먹자
11979,NoFe,KR1
11980,튼튼한남자,KR1
11981,더블face,KR1
11982,넌다음에보자,KR1
11983,크고튼실한나무,KR1
11984,에 고,S M
11985,전병욱,KR1
11986,신박한메타로이김,KR1
11987,2선이,KR1
11988,T1 Gyumayusi,KR999
11989,망가니,KR1
11990,코르프스,KR1
11991,미고랭,KR1
11992,잠만 잠수,KR1
11993,많이 좋아행,KR1
11994,상기다,KR1
11995,Keria,9082
11996,귀살대 이치우,KR1
11997,인중여포,KR1
11998,잠실간지,KR1
11999,죠스바,13216
12000,으나임,KR1
12001,서폿유저,KR2
12002,Causecelebre,KR1
12003,TrashBoy,KR1
12004,밀로핵만들기,KR1
12005,차 챠,KR1
12006,강타 점화,KR1
12007,크롱이,222
12008,구본좌,KR1
12009,KeenRanger,KR1
12010,김 혁,7795
12011,망나니거,목화재배
12012,우즈마키 나루토,호카게
12013,지배자 알리스타,KR1
12014,아쿠마칸,KR2
12015,둘중하나는죽는다,KR1
12016,왕 자,순 대
12017,머리는 차갑게 가슴은 뜨겁게,5858
12018,덱성진,KR1
12019,달 빛,lune
12020,HLE Zeus,KR7
12021,포반 제라스,9828
12022,블루스퀘늄,KR1
12023,네 탓이다,KR1
12024,토티예나,KR1
12025,진짜에메하네,1776
12026,Oh she it,KR1
12027,REDI,3240
12028,서영락대리화가많이나죠으하하하하,77777
12029,밴전에스왑요청할시겜망함,KR2
12030,ICanDoThisAllDay,하루종일
12031,맥주는 카스,1234
12032,왓더헐리싯,5032
12033,파란머리,0001
12034,표창남,4885
12035,이제는웃어주겠니,123
12036,마흔이다말로하자,top
12037,ZANMANG LOOPY,2717
12038,그 냥,1187
12039,내생일,0420
12040,미싱은 잘도도네,KR1
12041,장난그만,KR1
12042,정글김병만,12345
12043,SKT T1 Bang,GC1
12044,쾅쪽이,KR1
12045,미쳤다리,KR1
12046,쿠로미,공 주
12047,롤로노아카타리나,KR1
12048,나참갱점,KR1
12049,하영쿤,KR1
12050,보내기싫어묵냈다,KR1
12051,폼빨딱 찬식,구라쟁이
12052,Raptor228,KR1
12053,편견과오만원,KR2
12054,울산남친구함,부산울산
12055,안은비엄승주,KR1
12056,짖으면 차단함,111
12057,finefree,KR1
12058,착한오리너구리,KR1
12059,TH beniyfishy,THWIN
12060,늙고건강한사람,가르치는중
12061,붕옥 아이젠,KR1
12062,임기믐수면양말도둑,KR112
12063,인생의 목적은 ,KR1
12064,채팅결핍,KR1
12065,멸같이개망,KR1
12066,라면2개먹는사람,KR1
12067,SURL,dry
12068,tanglang,KR1
12069,학살의현장에서,자 크
12070,미드차이,GAP
12071,거룩하신 주,KR1
12072,밥먹고하는롤,KR1
12073,이새롬,0122
12074,99명의 어쩌고,KR1
12075,덤벨보단 바벨,KR1
12076,WHY ALWAYS ME,1122
12077,헌팅킹 리성완,KR2
12078,네뒤에다리우스,KR1
12079,룰러구마유시그리고나,KOR
12080,룰러구마유시그리고나,KOR
12081,모범택시123,KR1
12082,술에서 물맛 나,KR1
12083,Nex,1510
12084,팜하니,KR675
12085,시트리버,채와와
12086,아입닫아잣만아,KR1
12087,세종 키아나,0303
12088,어디서가오를잡아,KR1
12089,마르파이트 원챔,KR1
12090,눈내리는 겨울이오면,지남매
12091,미움받는정글러,1319
12092,부먹민초맥콜진순,KR1
12093,Acid Wave,KR1
12094,나는스오야,KR1
12095,maohkai,KR1
12096,Chill guy,바 다
12097,암튼 변싼훈,KR1
12098,나가이써그냥,KR1
12099,Hide on bush,였더라면
12100,왕자z,KR1
12101,똥침한 동치미,KR1
12102,내가 지는 이유는 정글 잘못,kr112
12103,퐁퐁남1,KR1
12104,ホットアイスアメリカーノ,뜨아아
12105,죽거나 죽이거나,망나니
12106,人l凹卜乙卜口卜,12살
12107,실론티,9412
12108,hanazero02,KR1
12109,제주산 블루베리,KR1
12110,토실쥐,KR1
12111,AP Rising star,KR1
12112,조현셕,KR1
12113,춘 6,KR1
12114,skullskrr,KR1
12115,개초보,초보입니다
12116,매화가져버린봄,0822
12117,무등산풀발스님,KR1
12118,TACIT,KR2
12119,우여닝,KR1
12120,복슬복슬 털멍멍이,0219
12121,갱안쳐오면10데스전적보던가,KR2
12122,사과사라다,KR1
12123,원섭s2,0001
12124,붕챔전문,KR1
12125,어차피무시,협곡미친개
12126,누 리,kr4
12127,월배재겸,KR1
12128,재 숭,123
12129,Invictus,1888
12130,Cat Tower,Cat
12131,어 한잔해,그라가스
12132,Radiohead,KR232
12133,건축과구보승,KR1
12134,vfs,KR1
12135,긍정맨,긍정적인
12136,내여친십오야아가씨,6459
12137,삐 두,KR1
12138,홍석현,hongs
12139,인천수염,KR1
12140,ycehsip,121
12141,대박이득,KR1
12142,개념원리,수학2
12143,방극현,강력계형사
12144,바다에 이는 물결,KR1
12145,15백운초싸움킹,4057
12146,권장군,권유빈
12147,딸 깍,666
12148,영어교사 이진주,사랑합니다
12149,귀여운 기원이,KR1
12150,탑인간문화재,KR1
12151,제제킹,KR1
12152,도구는무조건차단,KR1
12153,삼각근,KR00
12154,후 너무쉽다,KR1
12155,농담농담,KR1
12156,김철수 씨 이야기,KR1
12157,SubJect,KR77
12158,세최정글김병만캬,KR1
12159,첼 시,4781
12160,수자폰,KR1
12161,그냥사라,KR1
12162,서리를베어문,0210
12163,대깨코그모,1234
12164,말모이1,KR1
12165,창어니부기,LEE
12166,이준수의 니플패치,앙젖꼭띠
12167,춘천김치사냥꾼,KR1
12168,한국산리신장인,KR1
12169,ヲヲヲヲヲヲヲヲヲヲヲヲヲヲヲ,캬캬캬
12170,글싸개,KR1
12171,리서지오,KR1
12172,JunTheGarden,KR1
12173,전판초가스,트위치
12174,980420,KR1
12175,조은날조은데이,KR1
12176,에헴할아범,KR1
12177,조쨍이,KR1
12178,빨아줄께,KR1
12179,지 호,77777
12180,천상천하유아돈존,0811
12181,타 리,NTAIL
12182,상우야 잘좀해,KR2
12183,마지막까지해봐라,KR1
12184,샘송불매운동,KR1
12185,socialdistancin,001
12186,핸 뇨 ,KR1
12187,Kanye West,KR69
12188,Ampia,KR1
12189,공부할시간일텐데,KR1
12190,짜바라기,KR1
12191,교량들던 헬창,6122
12192,넌 이미 죽어있다,444
12193,혜지하면여눈삼,KR1
12194,와코우,ISRG
12195,홍수현,KR1
12196,흘러가자,KR1
12197,멘탈을지키는법,KR1
12198,기환이였던것,KR1
12199,쌀래 말래,애매하긴해
12200,경 고 한 다,KR1
12201,OFFONOFF,KR4
12202,하이 눈 워윅,KR1
12203,몽람지,KR1
12204,납골당의어린황자,KR1
12205,운칠기삼,kr7
12206,나는혜지다명령에복종한다,KR11
12207,유연하게남탓하7I,KR1
12208,죽기장인,KR괴델
12209,원필성진도운영현세윤식스레츠고,DAY6
12210,척추꺾여도황원주,1002
12211,용일이는아이스티,KR1
12212,Space,0213
12213,은가뉴,윤관호
12214,2024년12월04,KR1
12215,동엽이사랑해,KR1
12216,암살자너프좀부탁,KR1
12217,Youha팬,KR1
12218,이 겅 우,KR1
12219,AEILO,KR1
12220,규법이와쪄염,KR1
12221,서윤공주님,8385
12222,지 건,2372
12223,비주류jungler,KR1
12224,딱다구리부리박기,2953
12225,뜨르흐지믈르그,k1004
12226,아싸되고싶은인싸,KR1
12227,Rouist,KR1
12228,제이스의굵은망치,KR1
12229,혀엉우,KR1
12230,버디버디,KR1
12231,이 바보 퍼피,KR1
12232,시진핑워씽시스탭,워씽시
12233,나는공주일수도,KR1
12234,양심 잃은 사람,KR1
12235,02임찬호,KR1
12236,딸기맛승미,맛있어요
12237,땡구의파이크,KR1
12238,Bonheur,0409
12239,테이에리 안리,블루록
12240,이멀전씨,LA23
12241,전국공부자랑,KR1
12242,야호붕붕 91호,KR1
12243,준서 또바기,KR1
12244,k2 crested,dmdm
12245,연금술사94,KR1
12246,메카제로 박진성,KR1
12247,gechobo,KR1
12248,교관 럭키맨,KR1
12249,추진력수집가,0001
12250,솜사탕,854
12251,붕의 반란 ,KR1
12252,닥피고롤,0305
12253,원딜하다불교입문,KR3
12254,입후보,KR1
12255,버블티주세요,KR1
12256,리얼캠퍼,KR7
12257,김디완,KR1
12258,킹오른,3849
12259,마싯는치킨,KR1
12260,소프트 자크,KR1
12261,이주빈,4860
12262,죽이지마로라,KR1
12263,공하늘,KR1
12264,용운동 원딜러,KR1
12265,ITsSTorMy,KR1
12266,01022344176,중국꺼저
12267,태 란,KR1
12268,사리면서파밍만해,KR1
12269,시네마지옥,7368
12270,똥꼬성애자,KR69
12271,탈론으로 암살중,KR1
12272,GOTAP,ASDF
12273,남탓을할수도있다우리는남이니까,그만싸우자
12274,원딜아탈주하자,KR1
12275,탑 솔 로,KR2
12276,밥은찰지게먹자,KR1
12277,탑 오공,돌숭이
12278,연그린,KR2
12279,미슈랭 오스타,8256
12280,난 이제 화만 나,KR1
12281,오로라공주,0226
12282,골치가살짝아프네,KR1
12283,메카커피,아아사줘
12284,예승이롤Z,KR1
12285,도경이잉,KR1
12286,입털어봐 손해좀보자,KR2
12287,용인 Oner,KR1
12288,MACALLAN,887
12289,v에리,KR1
12290,뤠져언드,KR1
12291,lasting dewdrop,KR1
12292,이태리습하게띠,KR1
12293,블러드 더 덕준,KR1
12294,모래닭,1234
12295,뽀노스,KR1
12296,오카다,KR2
12297,긴코맹숭이,KR1
12298,새 싹,4920
12299,ClarkJungler,KR1
12300,요란한녹청오크,7342
12301,Allof2and1,9821
12302,시노이 신우,KR1
12303,아기상어,메론못먹빵
12304,선사시대 쥬라기,0001
12305,깨비야,GG0
12306,wondergoat1,goat
12307,숙련도만 프제짱,KR2
12308,즐겜용아이디,KR1
12309,얼그레이스콘,1234
12310,한국제약 황사장,king
12311,탑원거리하지마라,KR1
12312,에효효효효효효효,KR1
12313,불곰파둘째딸,불 곰
12314,Golden kiwi,7782
12315,쟝지한,KR1
12316,죤나져서닉바꿈,이기고싶어
12317,숟 탉,KR1
12318,이주완,kr3
12319,박복자,KR1
12320,mokun1,KR1
12321,G 4,KR2
12322,unwer,KR1
12323,승찬이임다,KR1
12324,가 을,552
12325,전두광,gh11
12326,호야나라 룰루공주,0001
12327,모래요정돼지돌이,KD1
12328,피시중임,KR1
12329,Zenith,KRMID
12330,LVNDMARK TV,KR1
12331,카 르 마,KR22
12332,콩스프,KR1
12333,하버아빠,KR1
12334,HLE Zeka,1204
12335,눈물날것같아요,kr2
12336,식인식물소환사,KR1
12337,lllIIlIIIlllll,KR1
12338,박춘배할아버지의기적의돌려차기,KR3
12339,팀원싸우면안함,KR1
12340,Only Tabi,야랄금지
12341,하늘마을 김곤용,KR1
12342,tpdusrhdwn,KR1
12343,은돔벨레의 탈압박,1111
12344,컹스말라이쿰,KR1
12345,찬바람이 슝슝 ,KR1
12346,조 건,kr2
12347,얼음동동딸기라떼,KR1
12348,냥냥거리는지원씨,KR1
12349,web발신너는하상욱을존중해야한,web
12350,탐 배,마니머거
12351,Marid,1024
12352,열심히해봐요,KR3
12353,이거 해야돼,그냥박아
12354,햄치즈딸기,KR1
12355,Clutch,클러치
12356,털찐앵무,KR1
12357,김치찌개탕,KR1
12358,술먹는진글,KR1
12359,재복이뽀뽀,KR1
12360,wo shuo hanyu,KR1
12361,Nlcodemus,KR1
12362,킁킁퉤,KR1
12363,큐트펭수,KR1
12364,01057370965,KR1
12365,화염룡,KR1
12366,koieh,KR1
12367,킹콩콩콩콩,KR1
12368,나는 이런거 그냥 들어가버려,KR정욱
12369,띠요잉요,KR2
12370,김머중롤체전용계정,123
12371,물기냥보리,KR1
12372,서폿갔더니봇이터진봉이,6999
12373,광주우럭딱,KR1
12374,깡통원챔,KR1
12375,과일은 멜론,KR1
12376,KIMBIGMAN,KR1
12377,Chill함,909
12378,도파의함정수사,KR1
12379,로또체스장인,KR1
12380,말랑한 몰랑이,KR1
12381,Psychopomp,VIIX
12382,개 모,KR00
12383,고경빈2,KR1
12384,련듕이,KR1
12385,언제 강등되노,KR1
12386,소리집사,KR1
12387,행복한협곡전도사,0603
12388,느그딸래미탐켄치,KR1
12389,여탕돌진,KR1
12390,게스트하우스,KR1
12391,fc상주상무,KR1
12392,도라마르,KR1
12393,잡 스,KR1
12394,perf2ct,KR1
12395,응수빠진피오라,KR1
12396,차쏘갱,KR1
12397,박계감,KR03
12398,산타실제로본사람,KR1
12399,Mouck,Mouck
12400,6월8일입대,KR1
12401,커여운쭈니,KR1
12402,빡빡이대머리,KR1
12403,아니제발우리팀,KR1
12404,유기몬,KR1
12405,연속함수의최솟값,KR1
12406,덕춘장,KR1
12407,TOPTOP탑TOPTOP,KR1
12408,한타형탑유저,KR1
12409,xia xiao fei,KR1
12410,긍정룔고수,KR1
12411,KOR Sexy Pig,KR1
12412,랜선여포황인업,KR1
12413,kyrokami1111,5177
12414,숟가락의발악,7150
12415,야무진MAN,SEXY
12416,초기값,KR1
12417,편안한드럼통,KR1
12418,김헤수,KR1
12419,쵯지호,KR1
12420,옛집행,KR69
12421,와이 쏘 시리우스,KR1
12422,airprotrc,kr2
12423,봉곡동황태자,KR1
12424,너무힘들어요,KR1
12425,비 철,KR1
12426,동나잔희,KR1
12427,노동자 우석,KR1
12428,도리도리짝짝짝,KR1
12429,네다음민찬,KR1
12430,클리드,KR121
12431,つΟωΟつ,고양이
12432,미친개,1233
12433,나는고래다,KR1
12434,Arrpeone,KR1
12435,はじまり,JP2
12436,jeju 골목대장,KR1
12437,가 을,1120
12438,41100490del,KR1
12439,Mr SunW,KR1
12440,감삼동 구마유시,KR1
12441,억까하면갖다박음,KR1
12442,justin Jung,USA
12443,soo,1212
12444,아 빠,5949
12445,칼에 손을 베이가,KR1
12446,규카츠,3661
12447,Byck,KR1
12448,혜리 이뻐요,KR1
12449,연 솔,KR123
12450,그대진정억울한가,KR1
12451,비트코인 도사,KR1
12452,석 현,석 현
12453,용커피,KR1
12454,조철기,KR1
12455,Lagos,PT1
12456,애 선,KR1
12457,Nam Joo Hyun,KR1
12458,29292564del,KR1
12459,오레오레먹을오레,KR1
12460,싸웅이,KR1
12461,샬랄라롤라,0000
12462,박 보 영,pan
12463,솜수건,KR1
12464,야형이우스오,KR1
12465,문어지지않는인생,KR1
12466,1픽 미드감,KR1
12467,카스이 쥰,KR1
12468,Baal,KR122
12469,영창간 다리우스,KR1
12470,도후닝이이,KR1
12471,김모르쇠,KR1
12472,부캐부캥,KR1
12473,웰시동준,0531
12474,warus,8080
12475,개백정백범준,KR1
12476,무무완전쎄쥬,KR1
12477,응꿀오소리,KR1
12478,느 엥,1001
12479,정글 싸일러스,KR1
12480,그릇된 신념,성 석
12481,중근사마,KR1
12482,개얄틀까,KR2
12483,난곡숟가락,KR1
12484,당후니,KR13
12485,렝가는 못참아,KR1
12486,쓰레쉬,4994
12487,브븝부붕,KR1
12488,걸어다니는 충전형 물약,150
12489,강혜원,광 배
12490,진 선,JYM
12491,롤 동 석,KR1
12492,tora7H,KR1
12493,Police Officers,KR1
12494,Nil desperandum,Swim
12495,아주 제법이십니다,123
12496,료맨 스쿠나,KR1
12497,AMARUS,KR1
12498,바이오맨,KR1
12499,123,일 이 삼
12500,제로자키,KR1
12501,희끗희끗,KR1
12502,The 1st Album,KR1
12503,이상혁,TGK
12504,망나니이씨,KR1
12505,kanbujian,KR1
12506,야 앰비션,KR1
12507,여자를울려라,KR1
12508,강선규,KR1
12509,무쌍맨,KR2
12510,zi존롤짱민혁z,KR1
12511,제발좀오라고요,KR1
12512,매드맨,MDM
12513,엑소오빠들사랑해요,사생팬
12514,20251112전역,ROKAF
12515,청담 쌍칼,KR1
12516,타이완가자,KR1
12517,옥천대대,KR1
12518,의사는누가살려,KR1
12519,가보자 가보자,1234
12520,Pantheon,2013
12521,풍운승려,KR2
12522,Zeus3,KR1
12523,손요미,KR1
12524,개미친드레이븐,KR1
12525,별수호젤리자크,KR1
12526,맥주한캔에넷플,KR1
12527,이러시면곤란해요,KR1
12528,방 패,00000
12529,Ming 2 Gu,KR1
12530,500원,GODS
12531,Terri,1119
12532,나는 말로 안해 그냥물어,KR1
12533,갱플랭크로하층민들학살하는계정,화약통이다
12534,가나다라마법사,KR11
12535,슈퍼유승한,남바원
12536,규웅현,KR1
12537,집이 사라진 기사,KR1
12538,ol재민,KR1
12539,pray letsgo,123
12540,봉명동살인사건,KR1
12541,괘씸보이,KR1
12542,hanef ,KR1
12543,투명 파우치,KR1
12544,욕먹으러왔음,KR1
12545,배고프다앜,KR1
12546,구마유시,99999
12547,사막여우상,3351
12548,미동박,KR1
12549,갓볶은김치,KR1
12550,땅유링,KR1
12551,꼬꼬에뽀뽀,KR1
12552,근본미드다,KR1
12553,Revati,KR1
12554,오연투척검,Mk2
12555,한방문세환,0715
12556,은평구불주먹,111
12557,멀로하면,KR1
12558,수연야,KR1
12559,제라스OP,KR1
12560,ajselfdlwl,KR1
12561,연무동사는인섭이,KR1
12562,우리는이이야기의끝을알고있다,KR2
12563,Hyst,Hyst
12564,안녕허세,KR1
12565,47년생 임춘득,KR1
12566,6강의실,KR1
12567,시시호우,6672
12568,할짓 없누,KR1
12569,바구미,KR1
12570,skyblaze vote,KR1
12571,검은것은 항상 큰 것을 지녔다,코코볼
12572,설구라,KR1
12573,다리세트뭐가좋누,KR1
12574,김훈기군,KR1
12575,솔양진이,TOP
12576,야야숨쉬어,KR2
12577,지나가도좋습니까,KR1
12578,선점중대,KR1
12579,행복버튼누르세요,KR1
12580,서포터캐리좀,KR1
12581,느그전자,손 절
12582,서강욱,KR1
12583,쵸 비,GenGG
12584,뺑뺑이,욱자야
12585,왱알웽알,9293
12586,응애고양이이,3773
12587,graysaekkiya,KR1
12588,앙병석,KR1
12589,성화씨진짜여,kr2
12590,시비걸면대포강타,KR3
12591,술 담배 도박 계집,7526
12592,서울에살아,KR1
12593,김판용,KR1
12594,서폿장인,0521
12595,안녕쏘현,KR1
12596,정동철,목운중8짱
12597,호석핑,KR2
12598,대흉근이란,KR1
12599,아니재현아,KR1
12600,가오리아나,KR1
12601,엥에에엥엥,KR1
12602,종화나무,두부2
12603,설 친,KR1
12604,대왕문어발튀김,KR1
12605,Hound of justice,KR1
12606,qwer1234,4554
12607,또배불러,KR1
12608,첼린저갈남자,KR1
12609,임꺽정,괴력맨
12610,qwer1996,5847
12611,배리타스럭스메아,KR1
12612,unluckym,real
12613,3691572del,KR1
12614,쿠주릐,KR1
12615,컴퓨터이론및응용,KR1
12616,치즈김뱝,KR1
12617,동 짜,KR1
12618,얼음만남은컵,KR2
12619,벌레들과함께춤을,KR1
12620,GoId Ahri,KR1
12621,총대장,대도검
12622,이졍빈,0709
12623,The shy,KR01
12624,야미보잉,KR11
12625,뜻밖의떡볶이,KR1
12626,Bento,Saiko
12627,큰 칼,1KR
12628,박다령,KR1
12629,DARIUSiuuuuu,KR1
12630,포항대지,KR1
12631,독도사는강치,KR1
12632,게이판별사,마라탕2그
12633,믓쨍이,토마토
12634,요다당,KR2
12635,이근호,이구노
12636,고요한 고양이,KR1
12637,녹  스,KR1
12638,Lovelyz,1112a
12639,owl rock 지욱,KR1
12640,비스킷먹다배탈남,KR1
12641,논 챗,KR1
12642,강철같은바람처럼,KR1
12643,인간와드 김종민,8344
12644,CupNote,KR1
12645,죽쓰기장인,KR1
12646,무미무미무미,KR1
12647,너 사용법,에디킴
12648,견강부회,KOR
12649,프레이앤,KR1
12650,연습용아뒤,KR1
12651,쉿성장중,이기적인미
12652,언떠바,0872
12653,삼류호구,6782
12654,위노바,KR1
12655,08프로지망생슈웃,KR1
12656,INFJ 피카츄,KR1
12657,무네링,KR1
12658,zeus,topof
12659,양소연,KR2
12660,미움받을용기가있는자,crack
12661,잠시머리만식히자,111
12662,갈짜오,신리오
12663,잘하자,jal
12664,BESTTOPNUGURI,1999
12665,민붕이,KR3
12666,알파카,복실복실
12667,Hans DarkAle,KR1
12668,lllIIlIllIllII,1112
12669,경기도미드,KR1
12670,중년여성파트너,KR111
12671,이상한어,KR1
12672,kimsansam,KR1
12673,쿠 로,lol
12674,고냑맨,KR1
12675,애니비아,9119
12676,일승태,안경잡이
12677,안녕하세요,스위트걸
12678,혼자서캐리,KR1
12679,한 울,1111
12680,은평구딸피,3122
12681,바이뚜,KR1
12682,야생숭이,KR1
12683,주사위부탁드려요,KR1
12684,ThreeOneSix,7444
12685,명이나물좋아요,삼겹살
12686,Christina Perri,KR01
12687,STEVEN GERRAD,KR1
12688,시이나 마히루,Angel
12689,무버러지,KR1
12690,홍은채,KR4
12691,wltldhs,8777
12692,liq1,KR1
12693,리 마 왕,KR1
12694,장난감방패,KR1
12695,SSAM MY WAY,KR1
12696,유채영,유채영
12697,진지빡종,KR2
12698,장래희망레드오션,KR1
12699,종 훈,0801
12700,대히8,KR1
12701,이이이창규,KR1
12702,현타온 놈,KR1
12703,규이원,KR1
12704,BOMBERMAN,폭겨기
12705,조병장호소인,KR1
12706,근두광,1203
12707,뭐어쩌라고여,KR1
12708,초딩검객,KR1
12709,호 두,KR5
12710,요키몬,KR1
12711,뚤기라니,KR1
12712,운좋다잉,KR1
12713,기어가는 포도,March
12714,이건 너무한거 아,KR1
12715,718박스터GTS40,KR1
12716,재승이,9883
12717,잔재된 기운,다이아
12718,모래황제,KR1
12719,Cherno Alpha,KR1
12720,권선동아이유,권선방범대
12721,야생동물 에호가,어흥어흥
12722,나는야주스될거야나는야케찹될거야,KR1
12723,CMS0933,KR1
12724,류 빵,KR1
12725,우우우우아이,KR1
12726,금요일공강,KR2
12727,꼬우면로하PC,KR1
12728,장난없는찐실력,KR1
12729,핑준X지,드흐드흐
12730,하 얀,우 유
12731,Haku and Mata,KR1
12732,지나쳐온행복은그대에게전해져,SK1
12733,man in blue,KR1
12734,할래 말래,얘매하긴해
12735,올 한,KR1
12736,진짜너무하네,KR2
12737,뭘 째래보니,KR1
12738,도 너,9204
12739,하남자,krkr
12740,하리보3호,KR12
12741,지존최강원딜뿌뿌,KR1
12742,김재우1224,KR1
12743,내성격까먹었지,콱시그냥
12744,MID gap vladimir,KR1
12745,뿡뿡빵빵삥뽕,KR1
12746,지 맹,0205
12747,슈슝빠바방,Cu2
12748,신입 원딜러,KR1
12749,블루 냠냠권,KR1
12750,T1 Oner,KR422
12751,한라봉 김준수,KR1
12752,차카네,KR1
12753,내가 김상기,KR1
12754,IceMokaccino,KAF
12755,Asmoday,32위
12756,팽 귄,팽 귄
12757,지퍼내려갔다,KR1
12758,빠때루자세,KR1
12759,양파머리명자,KR1
12760,나혀누,KR1
12761,정 왕,031
12762,unknown is,KR1
12763,마리요,KR1
12764,커플링보다정글링,KR1
12765,1999 10 02,KR1
12766,뉴진스차기혁,KR1
12767,물만두에초간장,KR1
12768,버스왕 타요,KR1
12769,람머스,1233
12770,주 작,4444
12771,희선이 남편,KR823
12772,수까락아님,KR1
12773,브라움,1990
12774,소환하라고,KR1
12775,노력을 못하네,KR1
12776,티명적,KR1
12777,zl존 파워 전사,KR1
12778,new someone,KR1
12779,우울한쿠키씨,KR1
12780,일등입니다,KR1
12781,꼬깔목,KR2
12782,아이정말미지근해,KR1
12783,소환사 진우성,KR3
12784,gyblue,KR1
12785,강지훈,KOR1
12786,양 혁,아 님
12787,더치생맥,DSM
12788,깜깜깜은 응애야,1001
12789,8월19일입대,0819
12790,AirDrOp632123452,KR1
12791,쌔비킹,KR1
12792,제라준,KR1
12793,花無十日紅,KR2
12794,끄루룽,KR1
12795,인소인간,KR1
12796,그이름,0710
12797,alrsugox,1724
12798,아만다S2프리드,KR1
12799,원딜 왕자 지성,KR1
12800,심술두꺼비,KR30
12801,내가 하늘에 서겠다,1557
12802,빽스토리,KR1
12803,순백순백,KR1
12804,김묻었다잘생김,KR1
12805,꺄르와느와르,KR1
12806,한방전도사,KR1
12807,오레오맨과 개돼지맨,YBNL
12808,우람한그곳이보여,KR1
12809,호라갈레스,KR1
12810,코무영담당일찐,KR1
12811,비모의과자세상,KR1
12812,데빌호,kkrr1
12813,야내가지켜줄게,KR1
12814,뷩 닭,KR1
12815,공포의캐스터네츠,KR1
12816,blug,KR1
12817,도궁초등학교,KR1
12818,내가슈우웅해줄갱,KR1
12819,승패보다값진우정,KR1
12820,호날두,SSIUU
12821,1지수,1234
12822,오버다,KR1
12823,수웨이진란,KR1
12824,와쮸고나두,KR1
12825,논산훈련소,0415
12826,캐러비안베이가,KR1
12827,t1 제리,KR2
12828,쟤는 왜 또 굴러,KR1
12829,Y2k,KR3
12830,앙 칼,KR1
12831,BJ유윱,KR3
12832,즐겜계정,6847
12833,마 루,123
12834,私が愛した波,wave
12835,best of RYZE,KR1
12836,텍풀까마귀,JUST
12837,XLIM,9094
12838,Rainbow,YEON
12839,세상에서 제일 빠른 달팽이,KR12
12840,함녕지곡,KR1
12841,땅이울면흙흙,1234
12842,릭옵레,KR1
12843,OoVin,KR1
12844,Lunastro,9252
12845,레드베리카카오,KR1
12846,벌레판독기,7402
12847,두들겨맞는중,KR1
12848,슬피우는소쩍새,KR1
12849,하린이3세,김내하
12850,우진동,KR1
12851,T1 Gumayusi,AD99
12852,ONNGII,KR1
12853,DDULGI,12345
12854,사람인사람,KR1
12855,알라딘항문,KR1
12856,개마띠츠맞고질질짤진팡이,0430
12857,마 로,따거형
12858,멘탈담당유리,KR1
12859,꼬정북전용도구,KR2
12860,Andra Ragoon,KR1
12861,상호입니다,KR1
12862,누 러,KR1
12863,용인뚝배기살인마,KR1
12864,Oxygen,wait
12865,kinisuruna,3633
12866,아카ね,ずっと
12867,oordorc,moon
12868,영 규,1234
12869,정현빈,4299
12870,MaRyeong,부활함
12871,xxxx1,xxxxx
12872,숭늉차,KR1
12873,ROKSF,0731
12874,미드대학교,KR1
12875,해파리대왕,1234
12876,9162026del,KR1
12877,비엔나커피하우스,KR1
12878,핑퐁핑퐁,6745
12879,무사시의발닦개,극세사
12880,탑 유미 장인이요,KR1
12881,llliliiillliii,KR1
12882,OnOvO,KR1
12883,abcd,asdf
12884,가로우,kr12
12885,장모거세게반대스,KR1
12886,이천제일전자과,KR1
12887,김김썬이,KR1
12888,정신나간 브라이어,kr2
12889,osskiz,KR1
12890,든든한국밥요정,KR1
12891,바닐라쌤,KR1
12892,송하빵,100
12893,SonaTarik,BELAK
12894,도연김도연,7449
12895,jax cex,KR1
12896,삶이 아무리 고달프더라도,Thend
12897,양동선,KR1
12898,저도 집은 가야죠,웨이백홈
12899,울혈이,KR1
12900,쥬 비올레 그레이스,0706
12901,륜지똥,KR1
12902,사랑해사랑해사랑해사랑해사랑해,KR999
12903,Darlian,KR1
12904,0 0,KR112
12905,제티친구우유,kr12
12906,8546856,73456
12907,Kawaii,9730
12908,랜챗 박하민 짱짱,KR1
12909,덕산안동김씨,Шумел
12910,노가다오장갑,KR1
12911,feelss,KR1
12912,이래라저래라하지마,KR2
12913,광주원딜왕,KR1
12914,카리나윈터장원영원희해린민지,11111
12915,병원가라,정신병원
12916,틀 니 맨,KR1
12917,누룽지123,123
12918,사연이있었다니까진짜,KR10
12919,깡촌SWAG,KR1
12920,나랑드티즐순두부,치지직
12921,휴대phone허브,KR1
12922,94833486del,KR1
12923,Finale,KR7
12924,코끼리꼴따스,KR1
12925,굉장해 엄청나,lulu
12926,두넉은왜두넉,KR1
12927,CDG,PDD
12928,666,kr6
12929,젠지 트윈스,KR1
12930,Mac 젤리,KR1
12931,오기공주,KR1
12932,과로사유튜브,KR1
12933,스껄롬,스껄롬
12934,착 중 뒤 중,KR1
12935,정글왕 진선생,KR11
12936,심 현 뷰,KR1
12937,main actor,KR0
12938,Zhenhao,KR1
12939,민코코코,KR1
12940,weary of world,KR1
12941,다민콩,KR1
12942,잼민혐오주의자,KR1
12943,입닫고하는계정1,KR1
12944,어쩌라고,3967
12945,문신진,4444
12946,왕귀챔중독,8068
12947,고선욱,KR3
12948,작은가슴매니아,6974
12949,남극바다코끼리,KR1
12950,정글 차이,정글 차이
12951,터프한 정글러,KR1
12952,그걸맞네,KR1
12953,구구콘치즈,1999
12954,이세민,KR1
12955,호치초이,KR0
12956,c언어,KR11
12957,김경호,0617
12958,아웃복서,速不台
12959,윤 석 열,수구리당
12960,긴상연,7942
12961,사연많은 원딜러,KR2
12962,봄설아,KR1
12963,qoT오Top,KR1
12964,별에서온김영훈,KR1
12965,Glamorous,KR1
12966,경험적증거,KR1
12967,제이스 월식,KR1
12968,문즈샌재인,KR1
12969,감자의반란,헿헿헿
12970,차정근,KR1
12971,저러꿍,KR1
12972,이둔더,KR1
12973,이래도 될까요,9999
12974,모네냥,찬도그
12975,바 다,바 다
12976,파 린,KR1
12977,꽃이 지는 계절,KR1
12978,성심당베이글스,11111
12979,슬픈한남자,KR1
12980,아가아들아버지,KR1
12981,배고픈거잘참는편,5228
12982,겜 생,KR1
12983,T T,sad
12984,그입술을막아본다,KR1
12985,나는야청담동갑부,KR1
12986,비전동얼리버드,KR1
12987,DESEMPLEADOS,KR1
12988,LAST DANCE 04,KR1
12989,펜타토닉,KR1
12990,이름잘못지음,KR1
12991,비눗방울따가워,KR1
12992,황제문도,KR1
12993,안 산,4257
12994,리 바,UMP45
12995,탑에원거리들고오는젠첩들머갈부숨,88848
12996,뽀이닝,KR1
12997,전라도프로패드립퍼,가나다라
12998,탑골공원훈수할배,KR1
12999,유망주 금쪽이,KR1
13000,내일을 향해 쏴라,KR1
13001,특 틀,KR1
13002,허서현,KR1
13003,탱탱두,KR1
13004,상병 정상길,KR1
13005,핫식스 중독자,KR1
13006,이태건,KR3
13007,박근혜 윤석열,KR2
13008,1a2a3a4a5a6a1,KR1
13009,에득이,KR1
13010,서 똥 욱,KR1
13011,홍대토목왕,KR2
13012,왼손잡이다,KR1
13013,코코넛야자오일,애니타임
13014,시련은극복하는편,KR1
13015,아가리파이터,KR1
13016,유성공고 윤가민,다팬다
13017,Ogiver,KR1
13018,쥐쉑기,KR1
13019,力不終心,0703
13020,햄ster,KR1
13021,나는악마김연진,KR1
13022,박앵웅,KR1
13023,붕실붕,KR1
13024,오른Ornn,CHRIS
13025,화이팅 우리탑,KR1
13026,버섯빼주세요,KR1
13027,각성알파메일빵빵이,옥지얌
13028,어째서이름을못써,KR1
13029,illliliiiliiiii,KR1
13030,신조차능멸하는악마의재능박상현,KR2
13031,문이나닫어,KR1
13032,진 드,KR1
13033,RNG Xiaobai,KR1
13034,9832590del,KR1
13035,머쉬Venom참말로GO독하구만,Sm9
13036,하얀냥이또리,민 호
13037,Ekko,OPGG
13038,양치질을잘합시다,kr2
13039,올무시잼,0814
13040,chochul,ccp
13041,dsafafea,KR11
13042,ITZY 유나,sjh
13043,곽두팔,4344
13044,blue71,5702
13045,양현이짱12,KR1
13046,굴다리의 싱하,KR1
13047,ALL라,IN더
13048,신나는협곡,하고싶다
13049,바삭바삭한,0000
13050,볼 록,KR2
13051,카페모카,KR2
13052,YoyAkali,KR1
13053,리버틴 MD,KR1
13054,뚝딱망치,KR1
13055,Mike Ekko,KR1
13056,범준식,KRA
13057,허거덩,7469
13058,i have a candy,1111
13059,안녕하세요반갑습니다잘부탁드려요,안녕하세요
13060,롤한척,KR1
13061,작은love,KR1
13062,롤로노아,5009
13063,Bonsior,KR1
13064,상   혁,KING
13065,ciento por cient,KR3
13066,에스파,3802
13067,l of l player,KR1
13068,GINU,KR1
13069,믈마시고싶다,KR1
13070,초비현,KR1
13071,롤체인생,1234
13072,ppcom014,KR1
13073,혼또오네가시마스,KR1
13074,미드장인용사,KR1
13075,시크릿쥬쥬,언콩123
13076,니게하지 각키,KR1
13077,빵빵이,603
13078,온수정해인,KR1
13079,칼날부리먹는원딜,KR1
13080,고슴딩가,KR0
13081,1go,KR1
13082,섹시에코,KR1
13083,딱희뭘,KR1
13084,료하스쓰리,KR1
13085,Llolv,zzz
13086,UNKNOWN,249
13087,SAM,BS1
13088,루 시,쿠시나다
13089,유빈이 브라 도둑,1234
13090,LoL,pkkk
13091,Fantastic Youth,KR1
13092,창혀니형,KR1
13093,maring5789,4875
13094,천아름,KR1
13095,T1 Pray,9847
13096,햐햐햐햐햐햐햐,KR2
13097,love zed99,KR1
13098,설명이필요해요,KR2
13099,Knife Knight,KR1
13100,다재무능 김승원,KR3
13101,하트펜던트,KR1
13102,냥냥펀치,0224
13103,홍대원주민,KR1
13104,오 른,MT1
13105,저랑로블록스하실래요,robux
13106,급발진손떨림,00000
13107,IIIIIIIIIIIIIIlI,Ko1
13108,즐겜한다건들지마,KR1
13109,민제형님,KR1
13110,휘발유에튀긴치킨,휘튀치
13111,작은햄토리,이다희
13112,둔탁한 칼,KR1
13113,아구몬,아구몬1
13114,Xinyaoming,TOP
13115,바텀노견,KR1
13116,koala3,KR1
13117,마운틴듀개꿀맛,KR1
13118,원숭이,2345
13119,나만 인정,KR1
13120,듀오왜해줌,KR1
13121,두비두밥비둘기밥,KR1
13122,차가놀라면카놀라유,KR2
13123,강한량A,KR1
13124,욕좀해주세여,KR1
13125,후식이두마리,KR1
13126,살 료,KR1
13127,나만나면탈주해라,KR1
13128,hanol,KR3
13129,건 빵,우마이
13130,같은뿌리,KR1
13131,조이커엽,KR1
13132,쾌변전사,6641
13133,괴물쥐,전민동
13134,재미없는것,KR2
13135,애기핑구,KR1
13136,마 루,0506
13137,케민첩준,KR1
13138,ksiun,KR1
13139,mmMMmm,KR2
13140,albgj,KR1
13141,에벱베,KR1
13142,편견에사로잡히지마,1235
13143,초보자의여행,KR1
13144,잘느끼는서폿,KR1
13145,정비조교,KR2
13146,버텍스 화이팅,KR1
13147,스웩 충만 정현,KR1
13148,남촌 아주스,4971
13149,꾸시오페아,KR2
13150,살아있던 전설,KR1
13151,Hereforinfinity,1847
13152,볕 쟁,KR1
13153,암별냥,KR2
13154,바닥의삶,8789
13155,팔따따딱,KR1
13156,얼룩돼이지,0728
13157,디치기장인,KR1
13158,필살권신,KR2
13159,봉 근 석,KR1
13160,1등 정글 ,KR1
13161,태전동전윤재,KR1
13162,고독의라인,KR1
13163,xhite,KR1
13164,아뮤어맨,KR1
13165,2022년 11월 07일,KR1
13166,유부초밥왕,KR2
13167,T1 Zeus,krII
13168,ping 보라구요,KR1
13169,찍예쁜사슴,KR1
13170,해물짐,KR1
13171,조정뱅이,KR1
13172,스물다섯번째밤,1102
13173,털 기 리,KR1
13174,baked potatoes,KR1
13175,정자목,KR1
13176,Melon,Yam
13177,개오짐,KR1
13178,도도밀키,KR1
13179,애니팡공기팡,KR1
13180,엉덩국물,KR1
13181,삼다수,KR11
13182,하명옥,KR1
13183,응OI겼어,KR1
13184,나만하는연애,KR1
13185,paysent,KR2
13186,라 면,1004
13187,paybackone,KR1
13188,ガッキーすき,6423
13189,환타오렌지혐오자,KR1
13190,속초 악어,KR1
13191,폭주버스,KR2
13192,치즈바디,KR1
13193,로철이찐찌,KR1
13194,머리민용식찡,KR1
13195,황금고추,0509
13196,송 쫑,KR1
13197,네모대가리,KR1
13198,선박우,KR1
13199,환OI,KR1
13200,봉남이소세지,KR1
13201,최강 딜러 선우,KR1
13202,항아리김치수제비,KR1
13203,정글은 미움받을 용기있는 위인,정글의눈물
13204,Blue,KR201
13205,비번바꾸지마Tlqk,KR1
13206,김 상 칠,KR1
13207,뉴메타아님안함,KR1
13208,해 방,kr11
13209,선서빠,KR1
13210,파스텔 카라,KR1
13211,솜사탕신,KR1
13212,롤로노아 야스오,KR123
13213,반기문사무초장,KR1
13214,하암졸려,kr3
13215,충 벤,대한민국
13216,스티븐시걸,가라테킹
13217,양현우,KR2
13218,Jungle,9177
13219,내계정돌리도,3577
13220,온시코기,멍몽이
13221,똥땅징,KR1
13222,R키빼고합니다,620
13223,원징징죽이기,KR2
13224,레인보우 샤베트,ice
13225,음경까,KR1
13226,애옹리언,KR1
13227,비포비,KR1
13228,ナニモナッカー,4379
13229,강경도 봇,85kg
13230,시원하게맞짱뜰분,KR1
13231,gomath,2693
13232,권쫑윤,KR1
13233,자극하면박는계정,KR1
13234,브실 패왕,KR1
13235,챌린저가고싶은데팀들이가로막네아,십알진짜
13236,오빠들아야해,KR1
13237,del000000000,KR1
13238,XX원,5424
13239,Sköll,해를삼킨자
13240,01028771041,가다마이
13241,기도중인 망나니,KR1
13242,HornyFemboy,KR1
13243,chill guy,정말칠하다
13244,허거덩,xau
13245,민성파워123,KR1
13246,버섯 캐는 농부,KR1
13247,너나알아,KOR
13248,정처없는 분노,KR1
13249,갱플랭크,征服者門主
13250,원 딜,징카이진루
13251,WAY ROUTE,KR1
13252,유채령,KR2
13253,Uniq r 점올끄,KR2
13254,타르코,KR1
13255,CRT NO WARNINGS,KR1
13256,오승철,111
13257,창원의 태양,KR1
13258,멍뭉이내꺼임,KR1
13259,이태권의설날버닝,KR1
13260,마곡개미,KR1
13261,뚜시뚜시,0317
13262,헤이타,KR1
13263,감귤로 세계정복,KR1
13264,건실하게살자,jsm
13265,김태형꼬치,KR1
13266,KT HyBriD,KR1
13267,죽였당,KR1
13268,태공태강,1015
13269,짱 구,제발말려
13270,lllilliiiilllll,KR1
13271,a pencil case,KR1
13272,신장기부받아요,KR1
13273,xi ni de pigu,KR1
13274,화려한재간둥이,KR2
13275,첼cs,KR1
13276,빅보카,KR1
13277,귄성민,KR1
13278,비이상,계염령선포
13279,비이상,계염령선포
13280,떡잎마을자이2차,ili
13281,우왁굳의 팬티,KR1
13282,상체 송승주,KR112
13283,이기고싶다,plz
13284,주석아좀씻어라,KR1
13285,유연한남탓,cwy
13286,생갈치1호의행방불명,KR033
13287,허거덩,6921
13288,와플곰,1122
13289,P Fe,KR1
13290,하 늘,극 월
13291,너내용없어,KR123
13292,꼬우면꼬북잉,KR1
13293,만 해,1999
13294,퇴사버프김영웅,7777
13295,잔두녕,KR1
13296,블루레드양보,KR1
13297,해냈다해냈어버거가해냈어,띠용띠용용
13298,에구돈3,KR1
13299,버섯이빨딱,KR1
13300,제로산소,zero1
13301,난말로안해,KR332
13302,so much fun,0101
13303,변비왕자,sexy
13304,동대문백수,KR1
13305,펭귄크면팽도리,KR1
13306,평온 공연한 물개,KR2
13307,7931517del,KR1
13308,lliIIIIIli1IIIli,KR1
13309,그만둬,KR3
13310,감쟈링감쟈띠,KR1
13311,도령이,하도령
13312,I eSports I,KR1
13313,창현이,KR1
13314,어메이징잠자리맨,AZ1
13315,알티미남,KR1
13316,채연이,0710
13317,이바라 마야카,148
13318,박쥐용사,KR1
13319,GeneralGeorge,KR1
13320,웃음자판기,jug
13321,송 미,1111
13322,계양의 드럼통은 푸르다,Drum
13323,김 개,KR1
13324,고A를보면참을수가없어요,123
13325,뽀개지마,KR1
13326,부자나라필립공주,KR1
13327,Hide on bush,31810
13328,쫑보단잘하자,KR1
13329,나한테이러지마,KR1
13330,꾸 통,KR1
13331,웅지세무대학교,KR1
13332,petty,kr903
13333,S2떽띠춘대S2,KR1
13334,YORDLEKING,요들킹
13335,BlueWhale,배추이론
13336,신도림동,kkkkk
13337,gyu793364,KR1
13338,거제정글킹,KR1
13339,Ramgak,KR1
13340,쳐맞은병국,asd
13341,근 황,KR1
13342,김낑꽁,KR1
13343,미래기술산업,3315
13344,루루똥,1682
13345,힐받을사람,KR1
13346,Choco emongs,KR1
13347,대흉근,6928
13348,불성실한 놈,KR1
13349,LeevGod,KR1
13350,배고파,247
13351,미안합니탓,KR1
13352,말없이 탑만갈게,KR1
13353,IRSE,806
13354,둘기셈,6969
13355,킹혜웅,KR1
13356,하이머딩거,서폿함
13357,46490463del,KR1
13358,조까つoωoつ,kr777
13359,지비비,KR1
13360,난몰라난몰라,114
13361,재원티비,KR1
13362,건들면뭅니깡,KR1
13363,보리맛미니언,KR1
13364,주 영,0119
13365,흑성진,KR1
13366,天災地變,天 罰
13367,스고이모찌,KR1
13368,몬스터광현,KR1
13369,피슈케,KR1
13370,도구문제,KR1
13371,NiR,3928
13372,콜 파머,0325
13373,일해회VVIP이도규,KR1
13374,임진강고라니,KR1
13375,용기없는 호랑이,KR1
13376,RuSiah,KR1
13377,탱 구,snsd0
13378,Mr자비,KR1
13379,꿀밤체리,KR1
13380,mskhh,KR1
13381,강휴지,KR1
13382,갱오면 번호줌,KR1
13383,08수진이,KR1
13384,블라킹,KR1
13385,Ariana Grenade,KR1
13386,이상현이상현,KR1
13387,아작아작하자,KR1
13388,짹짹찡,KR1
13389,우르곳,4296
13390,CG memories,001
13391,이여각,0412
13392,성인간호학 IV,KR1
13393,Was Permitted by,KR1
13394,소악마의 매혹,KR1
13395,SUZY,skrrr
13396,어기야,KR1
13397,버니스,전우협
13398,바텀개,원딜왕자
13399,육지에서살아남기,KR2
13400,Aster Koraiensis,KR1
13401,써누차니,이몸등장
13402,바텀짜내기,착즙기
13403,병장 김태주,KR1
13404,이바나뽀,구독중
13405,디 뚱,KR1
13406,PSYCHOGATH,00000
13407,손일기,KR손
13408,펜타우로스,KR1
13409,뚜두둥좡,KR1
13410,정정현,KR2
13411,베 짱,KR1
13412,후으후으우흐우,KR1
13413,맛 우,KR1
13414,무뇌kim,KR1
13415,정점붕어,KR1
13416,괴복치 ,KR1
13417,믹스오라썸,KR7
13418,산타크로즈,KR1
13419,갓모대위,1515
13420,오버이트,KR1
13421,매 화,king
13422,top grave,csgod
13423,역천핵,KR1
13424,트라케라톱스,백악기
13425,랜덤박스무료나눔,KR1
13426,바위게도움,KR20
13427,ccj98,KR1
13428,탱탱볼이,KR1
13429,사냥꾼의야메테,0000
13430,뿌니비아,KR1
13431,허리피고게임해라,KR1
13432,JY MS,KR1
13433,귀욤뽀짝오찬양,2832
13434,basoon,KR1
13435,털난챔프전문가,SANAI
13436,부지보수기,KR1
13437,허니펀치 박승현,KR1
13438,사람들데프트,KR1
13439,오늘설날,KR1
13440,악귀이상준,KR1
13441,l다나카l,KR1
13442,D HACK 090SAMA,KR1
13443,낮잠자는 짹짹이,KR1
13444,탑라인은외로워,KR1
13445,칼라홍삼,999
13446,Break Them,KR1
13447,구양모,KR1
13448,응애 나 악의티모,KR3
13449,중국인,6974
13450,너가 입 열 자격 있냐,입닫아sb
13451,상하이크림,KR1
13452,효 진,0113
13453,영혼의 꽃 이용우,KR1
13454,방전용량,KR1
13455,미움받을용기,5CCNW
13456,Hide on push,hionp
13457,1년차 롤룽이,KR1
13458,니엄마와사바리,KR2
13459,POCKET LOCKET,KR2
13460,마늘먹고티모,KR1
13461,캐리함,KdR1
13462,청수건,KR1
13463,준승고,0211
13464,anjgkfRk,123
13465,조선왕조실록셀로,KR1
13466,노력형 인간,0514
13467,경남유치원교사,KR1
13468,태건이야,KR1
13469,참1수,KR1
13470,원정뽀,KR1
13471,으앙콩,kr3
13472,A891,KR1
13473,사랑꾼,KR3
13474,김두한,장군의아들
13475,이재명,jail
13476,저격조이,KR1
13477,칼잡이,Top
13478,テンニンカ,kr2
13479,알수없으다,KR1
13480,start by muteall,KR1
13481,늙고병든혜그랑땡,KR1
13482,중 딱,1649
13483,Ando Meritee,KR1
13484,웃긴걸보면짖는개,KR1
13485,이주빈,100
13486,gyeolmaker,KR1
13487,Les Paul,KR69
13488,새순유치원,111
13489,광펑저우의13억인민좌절슛,9999
13490,맑은수,KR1
13491,밥쳐묵자,KR1
13492,GloryKR ,KR1
13493,HenaK,KR1
13494,탑 개,0534
13495,luxurious,셔 리
13496,bibigo mulkimchi,500G
13497,안녕안녕,반가워
13498,만지면물어용,KR1
13499,인생은 빨간색,KR1
13500,도리도리 돌돌이,심청이
13501,지 남,KR4
13502,KANAVI,7763
13503,두꺼비,0100
13504,argasmmm,KR1
13505,브실골은사람이다,KR1
13506,준현이의작은아이,귀요미
13507,꿈을 이룰 남자,KR1
13508,zi존강지원,KR1
13509,물똥벌레,KR1
13510,젭이  젭젭이 ,KR1
13511,화려한인사,KR1
13512,탈공탈토,KR1
13513,알유다딱스,3313
13514,뽕 글,KR1
13515,JustLikeThatKR,WHY
13516,뿌행행행,KR12
13517,Aindo,KR1
13518,ToT bangbang,KR1
13519,한재싱,KR1
13520,마이픔,KR1
13521,사업자득,KR1
13522,똥냄새설사,KR1
13523,암스트롱물고기,KR1
13524,지구최강종쮸,4271
13525,슬라이스치즈,슬라이스
13526,저지능지체아,이상완
13527,하프처,KR1
13528,g0rAni,동물의왕국
13529,project 알파,KR1
13530,유기남,KR1
13531,읏짜읏짜갱생맨,KR1
13532,시호공주,씹호련
13533,아쉐르,KR1
13534,火火火火火火,llll
13535,쮜쮜훈,KR2
13536,aaaavvvv,KR111
13537,여름인데요,KR1
13538,얍만던,kr2
13539,ZARD,ker10
13540,레과힐,KR2
13541,젊음 광란 자유,KR0
13542,nugeS,KR1
13543,최재원,KR3
13544,Snorra,KR1
13545,루 나,0724
13546,숟가락살인마,KR12
13547,임성빈바보,KR1
13548,Mid side,KR1
13549,환경가,KR1
13550,제 이 카,리즈이사
13551,넌정수,KR1
13552,한 퉤 원,KR1
13553,문이열리네요,KR3
13554,Master태우,KR1
13555,IISYS,KR1
13556,Dopa,JPG4
13557,INFJ,2142
13558,무학여고 최린,KR432
13559,Keria,0403
13560,정 열 조,KR1
13561,고영 도당 창족,KR1
13562,내 남편 볼리베어,KR1
13563,갱안오면갓다박음,KR2
13564,마이큰 잭스,KR1
13565,블랙오리,KR1
13566,이게 250,KR1
13567,완전무력화3초전,3210
13568,게임좀하는편이야,KR1
13569,폭탄처리반,8282
13570,민트초코 크로플,KR1
13571,낮강자,KR1
13572,사공소총,KR1
13573,기벼진,KR1
13574,애국보수다리우스,KR1
13575,뉴진스나가,KR1
13576,강 건,0323
13577,타워가부서졌어요,KR1
13578,TAKOCHI,KR1
13579,꿀 LifeHack 꿀,KR1
13580,핵츤욱,KR1
13581,기대하지않는사람,KR523
13582,배란다고양이,KR4
13583,ll천랑ll,KR1
13584,정목이가젤멋져,KR1
13585,이지녀,KR1
13586,철강의 심장,KR1
13587,24200586del,KR1
13588,조용히겜하기,kr2
13589,ZH12,KR1
13590,기사님,9939
13591,흑월광,KR1
13592,임채벌,KR1
13593,Hide on bush,UM1
13594,계란말이먹은사람은걔란말이야,계 란
13595,뉴벨즈,KR1
13596,요르치,KR1
13597,이럴수박,KR1
13598,정상화의신,우리팀을
13599,DeviLFuRy,KR1
13600,운리단길,KR1
13601,아톰아 물어,KR1
13602,인생은니나노호,KR1
13603,노동착취협박살인,조선족
13604,xiaIu mei,KR1
13605,정글오너,sd12
13606,알리가내맘을알리,KR1
13607,올속에,꿈속에
13608,마제민찌,1487
13609,산기슭토깽이,KR1
13610,구 체,GEN
13611,하고싶은거할게니들도하고싶은거해,KHW
13612,긴세월에변하지않는사랑은없겠지만,오래전부터
13613,MySignatureStyle,KR1
13614,BIN,KR0
13615,소라카공듀님,KR1
13616,대한독립만세,KR2
13617,라이브스코어,kr11
13618,LoED11,KR1
13619,탱글성욱,KR1
13620,나종인,나종인
13621,유지민,KR411
13622,중국집상속자,KR45
13623,경 슨,KR1
13624,영빈아다탈출기원,26년째
13625,기리보이,KR12
13626,김진석,001
13627,봄의 낙화,11111
13628,맹 화,ekko
13629,느 좋,1234
13630,Ghost,UM90
13631,우리팀정글은어디,KR1
13632,미한남,KR1
13633,롤체지닌,KR1
13634,메가톤맨,KR2
13635,수영장 파티 김태수,KR1
13636,어제앉혔던아가씨와다방레지,4434
13637,박수엽,KR1
13638,엿두개오천원,KR1
13639,허거덩,KR223
13640,한서롱,KRI
13641,신또버,KR1
13642,2025년12월16일,1234
13643,자유로운영혼,즐기자
13644,민간인 진,KR1
13645,XxX,X3D
13646,권오길 손국수,KR1
13647,갱민Yee,KR1
13648,킹우중의 한방,KR1
13649,야근에바야,KR1
13650,한국월드컵우승,KR2
13651,원딜마빡딱대,KR1
13652,미움받을용기,칼잡이
13653,그럴까나,KR1
13654,정글고아라박아요,jgmom
13655,SPAWNDIEREPEAT,KR1
13656,참새주스,KR1
13657,샤워한듯이풀려힘이,1221
13658,몸통믹서기,head0
13659,킬맛도모르면서,KR1
13660,컴순이콩,LOL
13661,긔여운 연성,KR1
13662,이나은 존예,KR1
13663,HHope,KR3
13664,삐리카삐리랄라포포리나페페르트,KR1
13665,저를막만지셨잖아요,1122
13666,최강멸공박정환,KR1
13667,도끼병,8543
13668,야이사람아,010
13669,김꽃비,KR1
13670,조치원고등학교,KR1
13671,明 星,JSH
13672,이게원딜이쥐,KR1
13673,T1 Faker,96057
13674,삼딸견,KR1
13675,가현중학교,KR1
13676,질 리 언,KR34
13677,NIA feLix,KOR
13678,짱 가,1484
13679,동글이와 방글이,KR1
13680,정글정글정글정글차이차이차이차이,KR1
13681,녕 안,2308
13682,Kellani,KR1
13683,종암 가온 pc방,KR1
13684,햐안색한지,KR1
13685,IlIIlIIIIlllIl,KR1
13686,비뚤어진 대나무,KR1
13687,곰배산전선끊기장인,369
13688,짜희누나 Fan,0306
13689,박정희,계엄선포
13690,事 必 歸 正,1111
13691,삼겹살100인분,KR1
13692,섹 시,KR777
13693,XunJie,KR1
13694,럭 스,원 챔
13695,콩나물 제국,콩나물
13696,오낳괴,KR1
13697,임현숙,KR1
13698,함광철의무음모드,010
13699,수정구망나니,KR1
13700,스고이컷,KR1
13701,엔비디아,KR25
13702,JUNGLEBACKJUNG,KR1
13703,소통이어려운사람,KR1
13704,찻집스텔라와,KR1
13705,엘키리아스나,KR1
13706,용인 양아치,KR1
13707,dyundyun,KR1
13708,지코바정자2호점,KR1
13709,지공섭,개태수
13710,도근쓰,KR1
13711,gamecho,KR1
13712,희워늬,0212
13713,군산대표덤벙이,하나님사랑
13714,함박웃응,15681
13715,권아윤,공쥬사랑
13716,사랑했다고마웠다,KR1
13717,경성대다리털미남최태영,개꿀따라시
13718,노인과낙지,KR1
13719,민들찌,KR1
13720,Ruler,KR100
13721,atapel,KR1
13722,부산경찰서지박령포리,흠르르
13723,엉이네집,KR1
13724,미드가는 현이,KR1
13725,MID,MID23
13726,뒷구녕조심해,KR1
13727,엔터빼면티어상승,KR1
13728,곱창 떡볶이,KR1
13729,즐겜용아이디,1234
13730,czx132,KR1
13731,1류준열,KR1
13732,송하영,09 29
13733,사랑체리,KR1
13734,꼬마무너,KR1
13735,구 칸,2480
13736,박 조 헉,KR1
13737,02 07 08,KR1
13738,야무야무참참,KR1
13739,즐겜할게욧,KR1
13740,광역섹시도발,KR1
13741,돌아온 탕아,tangA
13742,yc그리너,001
13743,오세밍,KR1
13744,통감자코너,KR1
13745,5번고객,KR1
13746,카트라이더라이,KR1
13747,매우 깊은 구덩이,KR1
13748,익자현지,KR1
13749,원딜잡았는데정글,KR1
13750,잘조여,KR1
13751,영무나,hanna
13752,iSginM,KR1
13753,늙고병든,88년생
13754,Hina Ringo,KR1
13755,수족관아저씨,KR1
13756,나는개도물어,1999
13757,l 김아름 l,KR1
13758,좋나 좋같다,KR1
13759,핑핑이눈찌르기,KR1
13760,Attractive,YW8
13761,Master Darren,KR1
13762,KMUVCD,KR1
13763,공주의품격,9999
13764,멘탈조진탑신병자,KR1
13765,두 식,1030
13766,KataKuri X,KR1
13767,rO 3OI,KR1
13768,추두애,KR1
13769,히라씨,0105
13770,망겜모임,KR1
13771,15일뒤 석화에서 풀리는 용사,1234
13772,퓨슈유융,KR1
13773,제라스만사랑할래,KR1
13774,Radiohead,ROKA
13775,꽁즈리얼,KR1
13776,팔팔팔사팔,3315
13777,봇미경,KR1
13778,Garald,KR1
13779,저으교,KR1
13780,싸또연다,KR1
13781,다이아찍어보자고,KR1
13782,Nver Show Off,타 잔
13783,TaeDu,KR1
13784,p1zl,KR1
13785,ktstorm,KR1
13786,73세박점례,KR1
13787,kr hwn,9898
13788,키야 나 쩔지,KR1
13789,정글은 세주아니,KR1
13790,카라멜프랖치노,KR1
13791,岐 炫,0520
13792,눈 내린 겨울날,KR1
13793,정글과도구전용,KR1
13794,탐 이,KR1
13795,4번타자트런들,KR1
13796,딤태암,KR1
13797,이상호만나면트롤,KR1
13798,갱 준,KR1
13799,롱알로에,5188
13800,안산섹시가이,KR1
13801,안개비,kr2
13802,명동고라니,KR1
13803,개구쟁이병진,588
13804,스타콘덤나이트,KR1
13805,소촌동보안관,KR1
13806,박대리,KRKR
13807,지  욤,KR1
13808,민예나,KR1
13809,김 밤 수,KR1
13810,Violet Scenery,KR1
13811,Riven,YHJ
13812,ABXY,1889
13813,패드리퍼잼민이,KR1
13814,원펀맨사부,KR1
13815,허정씨,KR1
13816,르블랑요네제드,KR99
13817,어려워 롤은,KR1
13818,Helper 이즈나,KR1
13819,경남 사천시,KR1
13820,LeoNautiluS,KR1
13821,호씨네 아이,2400
13822,APKorea,KR1
13823,패배장인,KR08
13824,윤재상,7450
13825,어진 아커만,KOR
13826,호석자,KR1
13827,엑소익소,KR1
13828,검정돌,KR1
13829,시간이멈춰있고,KR1
13830,욕먹는부용이,KR1
13831,실수할까 두렵다,KR1
13832,만원짜리지페,KR1
13833,광쥐팥쥐,KR1
13834,거울로 보는 얼굴,KR1
13835,멘탈가출아이디,KR1
13836,봉알탱탱곤,KR2
13837,곰바인,KR1
13838,WangDdu,KR1
13839,카이니스,KR1
13840,Rioxxxx,KR1
13841,명란젓쿠키,KR1
13842,포기하면 즐거움,KR1
13843,트리오브세이비어,KR1
13844,뽕망치기,KR1
13845,킴철석,KR1
13846,orco,KR0
13847,협곡유치원 흰둥,KR1
13848,암호론,KR1
13849,척준경,KUPA
13850,저기로가나모르가나,6974
13851,누나가좋아요,KR1
13852,New트윈,KR1
13853,포롱포롱냥이,냥냥냥냥
13854,M Perro94,KR1
13855,빠또맨짱짱123,KR1
13856,Byms,KR1
13857,유기농 포도잼,KR1
13858,빛의인도자홍준표,KR1
13859,아 얘,KR2
13860,아메리한잔,KR2
13861,내일도갱한갱,KR1
13862,금쪽이중호,KR1
13863,가루멘탈취급주의,KR1
13864,부러우면지는거야,KR1
13865,너는달도아닌데 왜밤마다떠오를까,라면1
13866,민 영 2,7874
13867,딸긔공주,KR1
13868,계엄의택,999
13869,먼 슴,KR1
13870,아이자와 미나미,SB1
13871,김달혜,KR1
13872,재선리,KR1
13873,can not win,KR1
13874,장작패기장인,장패장
13875,JACK,VXOO
13876,세균맨,식빵맨
13877,우니아이,KR1
13878,알고있냐,모르는데
13879,GOOD GAME GG XD,kh1
13880,상큼한너굴씨,KR1
13881,니 꽃,앵 두
13882,평리동불도저,KR1
13883,호영동생,KR1
13884,우주 럭스,0138
13885,남우혁도구년,KR1
13886,마라탕 먹구 시퍼,KR1
13887,세나 히데토시,9158
13888,Bus OR Surrender,KR1
13889,바이탈부스터,0366
13890,농축밀크맘마통,BOZI
13891,능지호,KR1
13892,김호석,KR1
13893,죽기장인,12322
13894,하쏘쓰,KR1
13895,님들님들니달리노궁,KR2
13896,로얄카드2호,KR1
13897,1234,효 찬
13898,이기구시펑,KR1
13899,2윤재,KR1
13900,하 이,there
13901,아따그러브네,KR1
13902,앵그리비아,KR1
13903,모기모깅,KR1
13904,감자국의망나니,KR1
13905,부천역 노숙자 신문도둑,마계부천
13906,taeyeon8903,KR1
13907,모모는 무지게,KR1
13908,キルベロス,119
13909,파키티,KR1
13910,닷지해라,KR1
13911,환석봉,KR1
13912,Yoonkid,KR1
13913,꼬쿼러취,KR1
13914,다좋아요,KR1
13915,우리들은소중해요,KR1
13916,위기를 기회로,1111
13917,클쓰리,KR1
13918,정준호,KR1
13919,모르겠다진짜나는,KR1
13920,나미나미오나미,KR1
13921,참 빛,KR1
13922,왕자님,1118
13923,이딸리아,KR1
13924,Übermensch,KR9
13925,순양가 막내손자,KR1
13926,과니어디과니,KR1
13927,심해의공포쓰레기,KR1
13928,모든라인캐리가능,KR1
13929,호 성,HS0
13930,추억속산책,KR1
13931,그게맞냐맞냐고,KR1
13932,폐지줍는빌게이츠,KR1
13933,marcopark,KR1
13934,주거라앙마드라,4444
13935,또각또각신부입장,KR1
13936,11972035del,KR1
13937,롤하면3수함,KR1
13938,무지성탑은이게맞아,8496
13939,불에서태어나재로,KR9
13940,도 령,6305
13941,컴퓨터쌤,KR1
13942,Joker TFc,KR1
13943,lllililillll,KR1
13944,사랑보기,KR1
13945,헬롱2,KR1
13946,강절래,KR1
13947,도구의서러움,말해뭐해
13948,예쁘다영,KR1
13949,미킨이,KR1
13950,서늘한 밥공기,KR1
13951,Solol1,KR1
13952,alsdkzxnwqeewq,KR1
13953,abcba,KR1
13954,인생은한여자,KR1
13955,윤성남,KR1
13956,율성아빠,KR2
13957,물렸다 멍멍,KR1
13958,김명종교수동생,1234
13959,No짱,두부외상
13960,터치커피,KR2
13961,Skirrr,4714
13962,탑겜하거나지거나,그저탑
13963,skskksksk,story
13964,박정우,미 남
13965,kllax,KR1
13966,우직하게,우직하게
13967,무법자근희,KR1
13968,탑 건이,KR1
13969,전또잉,KR1
13970,이 별,KR5
13971,영혼의 꽃,Yone
13972,승  률  갓  임,KR1
13973,너의 호흡을 따라,4441
13974,AkshanNo1,KR12
13975,가렌 붓,KR1
13976,OwO,9912
13977,조지긴하네,KR1
13978,hivanmipkanda,KR1
13979,탑신병자가되었다,KR1
13980,공주시 페로몬남,KR1
13981,143545,0131
13982,황제 정글,KR31
13983,달의 호흡 이지러지는 달 암월,KR1
13984,CSCs FDC,KR1
13985,2618205580707488,KR1
13986,IOKI,KR1
13987,돼지피카츄,KR1
13988,수면입니당,KR1
13989,이세계 수문장,KR1
13990,Stride,425
13991,01022936255,KR1
13992,기므링,KR1
13993,몽글몽글 뜬구름,0000
13994,부리수수숙,KR1
13995,Cloud Strife AC,KR1
13996,컴퓨터는컴마윙,KR1
13997,민지꿍꿍,KR1
13998,미드안가는 탑,KR1
13999,SteliveAkaneLize,Stel
14000,낌영민,KR1
14001,괴 군,조 연
14002,흑월의지배자 남두철,KR111
14003,귀찮게하지마,142
14004,A D,0507
14005,귀뚤뚜기,4214
14006,April Freesia,KR2
14007,기분상하면안해요,서울대
14008,꾸 딩,0906
14009,잠온다,Zzzz0
14010,Rooftopmeatparty,KR1
14011,김덕ldH,KR1
14012,미니맵터짐,KR1
14013,고독한 금쪽이,0331
14014,T1 Tusin,KR1
14015,매력꿍,KR1
14016,양바오,야 가지마
14017,말벌벌꿀오소리,KR1
14018,중국정치게임,3747
14019,카와라기 모모카,걸밴크
14020,양수카나비룰러,KR1
14021,롤로노아 김재경,KR1
14022,무기력한노인,KR1
14023,뽁뽁이 터뜨리기,KR1
14024,rOgy,KR1
14025,IlllIIlllIl,KR1
14026,흑인조이,KR1
14027,O갓겜히오스O,KR1
14028,중간이 없는 자,KR1
14029,강가네 손만두,KR1
14030,멘트는 받긴 했어,사망띠
14031,쏘good2,KR1
14032,하나만하자 쫌,KR1
14033,디애이,KR1
14034,동두천벌꿀오소리,KR1
14035,야고보지성전,KR7
14036,염우스,9176
14037,세계일주중입니,KR1
14038,대답해라대답,KR1
14039,금강불괴지신,6666
14040,T모티모,KR1
14041,전빵실,KR1
14042,Jiang xin wu xin,KR1
14043,구맹덕,KR1
14044,도라이사이코,KR1
14045,너네아싸인날너무좋아하는거아니냐,이세계
14046,아직차다,KR1
14047,미쿡드립,KR1
14048,이누냉이,KR1
14049,20230729,KR1
14050,실종된 맹구,KR1
14051,난양념,KR1
14052,트리플이응,KR1
14053,태백산흑곰,5656
14054,천 안 전 민 성,KR1
14055,돌아온이쨉쨉,KR1
14056,호양놈,KR1
14057,Yellow 5,KR1
14058,김빱마리,KR1
14059,moofy,KR1
14060,준 의,KR1
14061,Lumen,033
14062,진의 리신,0328
14063,된장찌개끓여온나,KR1
14064,pain agony,KR1
14065,펭귄대장,Siba
14066,외쳐원석갓,KR2
14067,KaiSa,KRl
14068,GILSH,KR1
14069,절도사공파27세손,KR1
14070,Dr Kiss,KR1
14071,즐겜용,김덕배
14072,손발긴긴씨,kr10
14073,T1 DORAN,세최탑가자
14074,니달리풀캠3분52초,0352
14075,조하눌,KR1
14076,서폿챔프,KR1
14077,통무마무,KR3
14078,문어빵,KR1
14079,집가고시퍼여,KR1
14080,제왕 킨키,KR1
14081,양진수,KR1
14082,다변수함수삼중적분,KR2
14083,장 췐,KR1
14084,백덩렁덜렁,KR1
14085,그대의아버지,KR1
14086,402호,KR1
14087,KKang,KR01
14088,roll back go,KR1
14089,서로믿어보아요,7210
14090,erkejtlekwnt,KR1
14091,매 화,KR100
14092,삐지기장인출신,매우 수줍
14093,사과나무귤냄새,KR1
14094,삐롱기,삐롱기
14095,꽈자작,KR1
14096,IllIIlIIIl,KR1
14097,헐레벌떡,kr3
14098,9989592del,KR1
14099,롤이란것때문,KR1
14100,펄기아,KR22
14101,롱터우,8312
14102,웅 황,kr777
14103,또 사람을 죽였다,KR1
14104,명륜역5번출구,KR1
14105,짱구야,0829
14106,노코스트,KR1
14107,주4일제,jusa1
14108,바드 장인,바드 장인
14109,not finish,5245
14110,팜하니,세나1
14111,소통의 부재,KR1
14112,불당동후위,KR1
14113,정 글,01년생
14114,제천대성,KR50
14115,INFP o0o,KR1
14116,블랙핑크컴백기원,KRI
14117,설수환,12345
14118,또띠빠띠,KR1
14119,동래구박사장,KR1
14120,폭격기 ON,KR1
14121,무력한 어린이,KR1
14122,zl존엽이,yeop
14123,성 구,12372
14124,올라프로훌라후프,KR1
14125,wosmd,KR1
14126,망겜못접는지능,kr2
14127,黒 棺,9 0
14128,하이머딩석,KR1
14129,시오미호,4096
14130,평광 바로고,KR1
14131,탑이지는건정글차이,JGgap
14132,IIIIl,777
14133,실시간원딜꿀챔,KR1
14134,허거덩,00709
14135,솔 난,난 솔
14136,머야미신사,KR1
14137,zxcasdsa,KR1
14138,Huru,KR2
14139,mmr망해버린사람,KR1
14140,닉네임을잊은사람,KR1
14141,IllIIlllIIIllIl,KR1
14142,암호화폐피해자,KR1
14143,화려한솔로킬,0825
14144,2872175del,KR1
14145,미니언잡는게어렵나,어렵더라
14146,21학번공대,KR1
14147,Dicky MD,KR1
14148,야 너네 일로와,come
14149,fdfdfdfkd,kr05
14150,박치기공룡,2012
14151,인생이힘드네요,0523
14152,오빠 힐줄게 해줘,KR1
14153,15151561,KR1
14154,라이웟병자새끼,KR1
14155,다소니참살이,KR1
14156,몽광연필,KR1
14157,포슬포슬,계란찜
14158,상하차맨,BOX
14159,뷔 치,KR1
14160,시 아,공 주
14161,타잔아놀자,KR1
14162,97세백경인할아버지마지막점멸,KR2
14163,미스포츈외길인생,KR2
14164,영주나요 안영주나요 안영준,KR1
14165,DRX Classic,KR1
14166,BWB,0222
14167,YoLoSwag,KR1
14168,좀 강,KR1
14169,98373680del,KR1
14170,랩하는 소나,KR1
14171,민지렁이에요,KR1
14172,아 이건선넘지,KR1
14173,쉽지않음,진짜임
14174,JMK9999,KR1
14175,손만넣고잘게,111
14176,spicy한시키,KR1
14177,카피바라,2434
14178,봉담솜주먹,573
14179,개가치죽음,4444
14180,쿠아피에르,KR1
14181,칼날부리 소매치기,chick
14182,고등어등고,0713
14183,말걸지마 혼자해,KR1
14184,Mangddung,KR1
14185,회초리압수,1262
14186,안녕하세옆,KR1
14187,박현준은곧휴가철,KR1
14188,귀찬희즘,LCH
14189,콜라를까놓고안먹었네,조직먹방
14190,jyo,kawai
14191,토게나시토게아리,새끼손가락
14192,jsurl,srm02
14193,크루스아더,KR1
14194,공주김강민,KR2
14195,핸드폰찾는중,KR1
14196,백만볼트,KR3
14197,탑으로모데감,KR1
14198,king 0526,KR1
14199,내 인생은 참 특별해 히히,1016
14200,노상방뇨중임,KR1
14201,동동롱동,KR1
14202,PandaTV88270,KR1
14203,INTJ JUG,BYS
14204,Mad Runaway,KR1
14205,덕산초싸움짱,KR1
14206,동탄탱크보이,KR1
14207,배달비 너무 비싸,KR1
14208,주악구옥주이녁,1234
14209,신안염전노Yeah,pyke
14210,오패산 족발당수,KR1
14211,윤 성,4691
14212,llllllllllllllll,MHG8
14213,효02,KR1
14214,ColdShower,KOREA
14215,방깐만,똥깐만
14216,나없는셈쳐라,KR1
14217,하와이검은모래,2077
14218,01023226507,KR1
14219,남 꺼누,7876
14220,Sense E,KR1
14221,주악구 옥주휘,KR01
14222,나는 이장희,KR1
14223,살살해줄래요,KR1
14224,빼어난,KR1
14225,06 너구리,KR1
14226,양혁승,KR12
14227,절정 창술,KR1
14228,초신성,kr4
14229,성포동 까마귀,KR1
14230,부레인쩌구,KR1
14231,암스트롱,METAL
14232,센터열어,KR1
14233,25년9월전역,살려줘
14234,한 줄기 강의 왕,KR1
14235,일단들어가,5633
14236,시크소녀,KR1
14237,코뚱잉,KR98
14238,Green,Seoul
14239,너구리의검,곰도리
14240,사나이 인태영,KR1
14241,전보송보송,KR1
14242,이기고싶으면개처럼짖어바,왈왈왈
14243,다 희,1234
14244,한 지,한 지
14245,안모이면던질게요,KR1
14246,바다위의성3,KR1
14247,낭만 런갑조,autoQ
14248,건보 방와와,KR1
14249,뿌뚜루뿌루루,KR1
14250,수딱e,KR1
14251,Uraot,KR1
14252,남쌀롱,KR1
14253,예비서울대생,KR1
14254,빵빵아,인종차별
14255,물고기상인,KR1
14256,zxzzxxzzzxxx,KR1
14257,金承洙,0407
14258,Jorok,KR1
14259,만만콩떡,KR1
14260,Ama et fac quod,V1s
14261,정 헌 식,식품공학과
14262,방아간잃은소고기,KR1
14263,운문댐,KR1
14264,은가뉴,2400
14265,아무래도,좀 그렇지
14266,Van Cleef,조다은
14267,빠콩식끄,KR1
14268,임형길,KR1
14269,야 꼴받냐,KR2
14270,문현준1,KR1
14271,SIUUUU,KR2
14272,ASCENT,SOAP
14273,회 찜,22222
14274,hshs5124,KR1
14275,찌모띠모,KR1
14276,신승호똥손,KR1
14277,고양이택시기사,목적지바텀
14278,바리스라리,KR1
14279,젠지 묘비,zhang
14280,가붕이만할게요,7386
14281,Kiana Kaslana,SEIN
14282,늙고병든련,KR2
14283,Aria della Luna,KR1
14284,쵸 비,2135
14285,4ranghae,KR1
14286,따뜻하게 대해줘,KR2
14287,국악인 송소희,KR1
14288,피해망상정신병,KR1
14289,YOUNGMAN,ZERO
14290,룟 아,KR1
14291,Rendezvous,twlv
14292,밀양인,KR1
14293,데이비뚱,KR1
14294,고츄털필무렵에,KR1
14295,롤하면엠생됨,KR1
14296,고라니12,121
14297,포비 서준,KR1
14298,쿨 쿨,zoe
14299,HSH 곽민근,4274
14300,신속배달 빡빡이,KR1
14301,방수햄,KR11
14302,길 밖에서 만난 사람,KR2
14303,연초록빵,KR1
14304,문 주 디,KR1
14305,정확하게보셨어요,KR24
14306,이옹디,KR1
14307,Mannoroth,0203
14308,뚱인뒈요,KR3
14309,니가 보고싶을 때,겨울을그려
14310,팝콘충,KR1
14311,가라가라가라가라,KR1
14312,홍차니,1027
14313,솬솬이의하루,KR1
14314,skwed,mid
14315,누나안녕하세요,KR1
14316,휘 치,마요네즈
14317,단검줍는꼬마,KR1
14318,1차선 정속주행,안비켜
14319,Bitten Bullet,KR0
14320,Adops,KR1
14321,이놈아저씨가이놈,KR1
14322,cao xi ma,KR1
14323,야스오전용부캐,KR1
14324,요염한조한슨,KR2
14325,다진이,다진이
14326,영준한,KR1
14327,장수Ya,KR1
14328,Terius,tamen
14329,히 또,로 또
14330,카이사,KR35
14331,차도남솔이,KR1
14332,똥 2,KR1
14333,trem,45644
14334,우동집,KR1
14335,고통받는 가붕이,KR1
14336,JunY7,KR1
14337,눈물점여우,KR1
14338,공치료,KR1
14339,아메리카노도둑,KR33
14340,메이뜰스토리,KR1
14341,운암고,KR1
14342,전두환,5180
14343,SkyPc2,KR1
14344,퍼지게자보자,KR1
14345,장만더러기,KR1
14346,타락파워성욱,KR1
14347,호날두,Real7
14348,개따슥,KR1
14349,인간답게만해라,KR1
14350,숨쉬는 삼백원,KR1
14351,Confusion,KR1
14352,블라디미르,적혈구
14353,강 아 지,2098
14354,시구노도,KR1
14355,celebrity,444
14356,앞비전만참으면,플안빠진다
14357,서센세,KR1
14358,병장 이성현,KOR05
14359,Hway,KRI
14360,xiangguwuyan,KR1
14361,동공듀,4918
14362,조이보이,鄭宰煜
14363,랄의 정 점,KR1
14364,익스올라잇턴라잇압도정진,1005
14365,보라색오렌지,9319
14366,나무늘보나무뺏기,3062
14367,아 똥 joonna 마렵네,DDONG
14368,이야기모띠,KR1
14369,DeeYuu,KR1
14370,연례행사,KR1
14371,국밥미새,KR1
14372,검사은막,KR1
14373,09년생 소띠,KR1
14374,폼포코링,3764
14375,Courage,Mut
14376,SoloRankda,KR1
14377,이강재붕신,KR1
14378,한마음정육식당,충북청주
14379,Dead or dead,KR1
14380,One Ezreal,EZ1
14381,햄찌방구뿡,KR1
14382,아트원챔아니다,KR1
14383,눈 마주치면 무는 개,7559
14384,안에 할까,KR1
14385,치킨배달,8282
14386,유하사루,KR1
14387,그만하고시퍼요,KR1
14388,똥싼지얼마오렌지,KR1
14389,Redpantiess,KR1
14390,아롱져 반짝이는 수천 개의 빛,shine
14391,깊고어두운락커룸,KR1
14392,Last Destination,KR1
14393,kasikoii,KR1
14394,4월 19 대리시작,KR1
14395,저지 원챔,저지 조아
14396,퐁당퐁당,0000
14397,딸기맛 순하리,KR1
14398,너구리궁댕이,KR1
14399,세상이 미운 자,KR1
14400,개구리3회차,KR1
14401,골드야 기다려,7008
14402,챔프폭연습계정,333
14403,자다쿵해쪼,123
14404,포포이,1126
14405,늑대는인간을찢어,KR1
14406,오뚜기300분카레,KR1
14407,post meridiem,nonam
14408,금연성공하면닉변,KR1
14409,빠삐코,KR12
14410,뭘꼬라바,조팡매야
14411,짱아가울어,KR1
14412,삼라만상,森羅萬象
14413,할머니지팡이도둑,지팡이
14414,푸우우우푸링,KR1
14415,석 호 준,나는썩씨야
14416,비비빅자zi,KR1
14417,W c r a z y 주,KR1
14418,정형섭1,4377
14419,엄청약한아이,KR1
14420,개땡Seven,KR1
14421,I남사장I,KR1
14422,일단안아줄게,KR1
14423,홍천재,KR1
14424,Dangerouslyyy,KR1
14425,원딜은도란검,KR1
14426,나는신이니라,KR1
14427,메가기영,메가기영
14428,팥찌콩찌,KR1
14429,꿀벌 포로,0708
14430,사미라 할꺼야,KR1
14431,여민구,KR1
14432,HyunD0,KR1
14433,JOE연습용계정,KR1
14434,오뚜기가래,카악퉤
14435,설이사촌형,KR1
14436,한대치면두대,KR1
14437,이쁜가오나시,KR1
14438,신짱구 5살,부리부리
14439,끌리면자살각,KR1
14440,은진러브3,KR1
14441,일만하는서포터,KR2
14442,행복 하니,happy
14443,석호씨,KR1
14444,현 진,카리나
14445,Black ggochu,KR1
14446,MOB02,KR1
14447,벌써 에이징커브,KR1
14448,똑단발 김채원,KR1
14449,앙 성무띠,KR1
14450,문도 대장,KR1
14451,오공춘,KR1
14452,아리송아리쏭,544
14453,구름덕춘,KR1
14454,병영생활룰토의,KR1
14455,허거덩,0408
14456,작은전쟁,KR1
14457,0nTheBus,KR1
14458,왕오춘,2004
14459,APTe,KR1
14460,제천아낙네,KR1
14461,말랑자두,KR1
14462,조아조아백수,KR1
14463,신싱리통닭맛집,KR2
14464,Thyme,백리향
14465,부암김성수,KR1
14466,미니하게하고싶은,KR1
14467,숑찡이남편,KR1
14468,마킹맨,KR1
14469,듸링거리길,KR2
14470,호평동갈고리,KR1
14471,강필승,KR1
14472,둘리버리,KR1
14473,주 인,6016
14474,samagas,KR1
14475,고독한 명사수,5580
14476,King Kong,MAUI
14477,폼폼유승,S2 S2
14478,Seong Bum,KR1
14479,별 은,FAN1
14480,오 퍽,KR1
14481,초콜랫줘봐,KR1
14482,늠 나,KR1
14483,담배술여자원딜,KR1
14484,2023 3 18,KR1
14485,기므지서그,KR1
14486,잭에스,KR1
14487,스노우플레이,KR1
14488,열라이 뽕따야,지 원
14489,리영훈,KR1
14490,포동포동살찐포도,KR1
14491,냥귤이,UwU
14492,샤로수길,SHA
14493,토코몬 주인,KR1
14494,integrity verify,111
14495,17627472del,KR1
14496,감귤귤감귤,KR1
14497,Ia초신성,KR1
14498,NO SSA,KR1
14499,뜽 배,KR1
14500,콩존맛,0901
14501,뭐하지,1473
14502,때려보던지,KR1
14503,암바사,KR3
14504,건우야 정신차려,KR1
14505,한다면,하 는
14506,김뽀롱,김뽀식
14507,롸우짱짱짱,KR1
14508,이태림c8련,3937
14509,엉 큰,KR1
14510,CorgiAudi,KR1
14511,응애킨드눈나죽어,KR1
14512,동천동 테디,KR1
14513,학연혈연지연,KR1
14514,JXX김수현,KR1
14515,찬히차니,KR1
14516,냉정하고 침착하게,사필귀정
14517,DaCapo,Korea
14518,FLY Inspired,JGL
14519,Clangoddess,KR22
14520,겜방소떡소떡,kr12
14521,yiwan fuweng,8462
14522,박좀범,KR1
14523,달 빛,0324
14524,도끼수집가,수집가
14525,말랑가뿐복슬몽글,1366
14526,원피스 강함순위 19위 화검의,비스타
14527,안씨집안,KR1
14528,오늘따라파란하늘,KR2
14529,산이 주인 민이,KR1
14530,SUPrise,KR1
14531,김규헌긴급구조대,119
14532,리메이크 아우렐리온 솔,KR1
14533,레드카드블루카드골드카드,KR1
14534,모노폴리즘,KR1
14535,협곡여행기,KR1
14536,대전롱스톤,KR1
14537,파란달이뜨는날에,KR1
14538,강성욱,KR2
14539,Ongbum,KR1
14540,북한하프물범,KR1
14541,장명호,123
14542,qkdrkdnjdy,KR1
14543,정 원,CR7
14544,Peyz,1209
14545,엑셀렌C,KR1
14546,기인기인,3595
14547,장난똥빠냐,KR1
14548,Stellar,1020
14549,에티하드스테디움,KR1
14550,천리만개,KR1
14551,전광훈의살인미소,KR1
14552,황혼의Shen,KR1
14553,Radiohead,꼭조쿠상걸
14554,고혈빠는정글,KR2
14555,大 韓 民 國,11111
14556,혜지나라파이크왕,KR1
14557,조우제,마편박시온
14558,엘로아 티페레트,KR1
14559,쮸 아,쮸 앙
14560,렝 가,신상훈
14561,남장XX,KR1
14562,GARDEN,BOX
14563,하니팜,푸른산호초
14564,어떻게대머리가사람,머머리
14565,candy of me,KR1
14566,일찍일어나는새,KR123
14567,무례한몸매,KR2
14568,안프로,KR986
14569,잊지말자고기리,KR1
14570,녹은버섯,KR1
14571,보옥산길,KR1
14572,힝핑퐁,KR1
14573,5초에 한 마디,KR1
14574,CJ CloudTemplar,lee
14575,HMC Nuguri,KR2
14576,01230,KR1
14577,X Willow,KR1
14578,underamo,KR1
14579,adidasJJJ,KR1
14580,홍내동,KR1
14581,최신핸드폰,KR1
14582,무료급식소사냥꾼,99999
14583,부산 김동욱,4061
14584,볼빨던너네엄마,ok662
14585,유주혁,KR2
14586,숲속에서방귀소리,KR1
14587,1017gh,KR1
14588,골로감다,KR1
14589,정 글 러,KR99
14590,1111100,KR1
14591,나라시,포실핑
14592,부   산,KR777
14593,하시영,KR1
14594,Turtleblue,KR1
14595,야스머신상빈,KR1
14596,코칼콘,KR2
14597,감승엽,KR313
14598,재 웅,KR1
14599,이상호 따라잡기,KR1
14600,김정은대장군,KR1
14601,대벨벨,kr22
14602,손안되면칼챔금지,KR1
14603,좡 맹,KR1
14604,노언랭,KR1
14605,구운고구마수미칩,KR1
14606,ANSOOHYUN,KR1
14607,던질깡말깡,KR1
14608,쌉리스털,쌉이TV
14609,문영이1호노예섹시상남자김태기,Rub
14610,쩡민이 불륜남,KR1
14611,비 삘,KR1
14612,1승보단 포탑1개,ES1
14613,몽글몽글 솜사탕,KR1
14614,리븐충,KR12
14615,원 딜 러,8138
14616,95년생,KR2
14617,권씨가둘째아들,권부용
14618,그래서아프다,KR1
14619,우장박,KR1
14620,Zhang Qian,KR1
14621,3DaePants,KR1
14622,후딘이1,KR1
14623,도파의 서폿론,KR1
14624,패드보단탭,KR3
14625,배정선,4444
14626,아니 먼데,KR1
14627,보노팬더,KR1
14628,냥 냥,3255
14629,너의 체취를 느끼고싶어,GRboy
14630,포천 비둘기,KR1
14631,Tian Xiao,KR01
14632,참새제비너구리,KR1
14633,미드만하는 새끼,KR1
14634,옷코츠 윤타,KR1
14635,광주재벌3세,KR1
14636,봄의소리,KR1
14637,정정진,KR2
14638,흩뿌려진피,9999
14639,나진 찡,KR1
14640,탱공주,KR1
14641,나노봇,KR11
14642,원해소원해,KR1
14643,애니망가,KR1
14644,スフえの,KR2
14645,형님저에요,KR1
14646,히 림,KR1
14647,단숨노트,KR1
14648,하늘을나는코뿔소,KR1
14649,보오쌈,KR1
14650,ktaps159,KR1
14651,돌덩 이대호,KR1
14652,서폿어머니살아계심,7753
14653,그만하자,plz
14654,lsmel,KR1
14655,삼진아웃,KR1
14656,노I가 녹아버린 병록,뇌녹병
14657,0몽니쟁이0,KR1
14658,오렌지풍년,KR1
14659,까리뽕삼,KR1
14660,까치발얍,kr2
14661,에메랄드주차계정,KR1
14662,잠이매우많은사람,Dream
14663,루 당,KR1
14664,Fiddlesticks,Bburi
14665,TWOSTONE,KR1
14666,제드96,KR1
14667,박진나,KR1
14668,박건우가갱좀오래,KR1
14669,헤  햇,KR1
14670,쉔앙인,KR1
14671,전주 오윤희,KR1
14672,끌 깡,KR1
14673,차은혁의 개들,0422
14674,Mariah carey,fan
14675,큰 부엉이를 보는 꿈,KR0
14676,MoeYS,8145
14677,인다 카라네,9월9일
14678,Black,P2nk
14679,HAMZZI,Hong
14680,콜라는펩시,pepsi
14681,부리부리몬,수고비십억
14682,신용불량자,4444
14683,전현민,KR0
14684,3월 13일 오후1시,3333
14685,탁한소주,KR1
14686,솜솜숨,KR1
14687,쿄 히,2122
14688,Always Learn,KR1
14689,Cantonio,KR1
14690,롤체국,KR1
14691,흐긴송,1698
14692,일 구,0106
14693,문학소녀,KR2
14694,라이너랑대화안함,euly
14695,서포터 연습계정,겁나 못함
14696,ひかり,seo
14697,예뻐서게임못함,KR1
14698,SOODANG,1111
14699,이거요참쉽죠,KR1
14700,원인불명고양이신경근육병증확산,뒤돌아봤을
14701,다람쥐맛맛동산,KR1
14702,승 하,오승하
14703,FoSheanXiQiao,KR1
14704,때려줘때려줘때려줘때려줘때려줘항,쳐맞기전문
14705,조개학살자,KR1
14706,LoNGTIMENoSHoWER,KR1
14707,늙기싫다,KR32
14708,마 라 싫 어,KR1
14709,그만하고 싶습니다,KOR
14710,한우지,KR1
14711,지블몬,KR1
14712,반등하자 T1,KR1
14713,진인사대천명,2305
14714,이허언증말기환자,KR1
14715,전라인연습중임,KR1
14716,유나달달,KR1
14717,성심당빵연구소부장,7554
14718,더나은내일을향해,KR1
14719,20021106,KR1
14720,황금죠스바,KR1
14721,문도 원장,KR1
14722,thats real life,kr7
14723,존중배려믿음,kr2
14724,Emili4,KR1
14725,도와줘도라에모옹,KR1
14726,힘 쓰,KR1
14727,쨈이 없다,KR1
14728,Goat of Zed,KR1
14729,넘추웡,KR2
14730,은 척,KR1
14731,탑승모드,KR1
14732,Jong20,KR1
14733,남탓하면 오픈,KR2
14734,myynsu,0420
14735,송파구대미장식,KR1
14736,배추의모험,4035
14737,zeus,KR333
14738,달맞이빵,zdz
14739,인류정점,KR1
14740,유지민,KING
14741,엠제이와이,KR1
14742,하르모사,KR1
14743,메야호야,KR1
14744,양산형휴면계정,KR1
14745,fishwishsushi,KR1
14746,레벨업대신벌크업,KR1
14747,돼지국밥라떼,KR1
14748,임동혁,보고배움
14749,Hype boy,kr0
14750,닉네임 다 못지어,KR1
14751,BJ하이명환,KR1
14752,짜릿해 늘새로웡,KR1
14753,First LOV,KR1
14754,우 겸,0925
14755,냉철한 상황판단,KR1
14756,차단후겜시작한다,KR1
14757,P O G 자크,KR1
14758,이로비루꽁,이로비루꽁
14759,죽음의사도 Kata,KR1
14760,한다노빛이,KR1
14761,피파박스접기달인,KR1
14762,볍신1닥,KR1
14763,진묭이,KR1
14764,곤질라5,KR1
14765,811145461,KR1
14766,행 신,krl
14767,아기인찍,KR1
14768,열심히 죽일생각,KR1
14769,고아축구단,KR1
14770,익서스봇,KR1
14771,첫눈에반해버림,KR1
14772,pnpm,KR333
14773,불꽃쥐 뉴트리아,KR1
14774,뀨 삐,KR1
14775,IMDOW,신이야
14776,173JIS,KR1
14777,フレイア ヴィオン,ごりごり
14778,이새빈,KR1
14779,쪼꼼옹,KR1
14780,김미호,KR1
14781,팔문둔갑 김온유,KR1
14782,조만간접자,언젠간
14783,테라리아,KR2
14784,섹시초콜릿보이,KR1
14785,김정민,KJM
14786,배고니,9720
14787,메쉬마리골드,KR1
14788,빅크림치즈,KR1
14789,프로하고쉽다,KR1
14790,진로두꺼비정타비,TABI
14791,will grow,KR1
14792,행원리,KR2
14793,서폿은 팀이 밉다,KR1
14794,행복한수비니하루,KR2
14795,고생이,KR1
14796,Flair,또먹혔네
14797,정글 인성,KR1
14798,찰리민스톤,5861
14799,SKT T1 ZEROS,KR1
14800,착착감기네,KR1
14801,오지원,KR1
14802,정도운,KR1
14803,친구야나좀지켜줘,KR1
14804,늙다리는외롭다,KR2
14805,원숭이찌릿내,1178
14806,Like Us,KR1
14807,아직어린크롱,KR원
14808,형섭머리네개,KR1
14809,redestart,KR1
14810,위기는기회,0000
14811,소환사재미업음,KR1
14812,Tl Smash,KR3
14813,ZikSo You,KR1
14814,mo로할까,KR1
14815,고구마정글러,kr2
14816,날좀 구하소서,KR1
14817,공건과오진성의팬티,KR01
14818,발준하,4046
14819,마계인천의레전드지옥불마왕홍우빈,666
14820,커피요정,o0o
14821,이즈리얼,999
14822,살인전차 장득춘,KR1
14823,애 옹,123
14824,요네 야스오 르블랑,4757
14825,수촌대장빡구,KR1
14826,포기마,KR1
14827,건민아버스받자,KR1
14828,롤체하는 돌아이,창남노
14829,여친생기면ID바꿈,KR0
14830,노무현,7577
14831,Espresso,Lungo
14832,내꿈은던지기마스터,KR2
14833,건강한씨앗,KR1
14834,뿌 잉,뿌 뿌
14835,Top Rengar Give,KR1
14836,초시동차,KR1
14837,장규진,NMIX
14838,강쌍9,KR1
14839,Zizz,KR1
14840,약블리,KR1
14841,멸치공익박성혁,KR2
14842,김덕타,여수빈
14843,시진핑원숭이두창,KR1
14844,대학생 연합 학회 아카이브,999
14845,소방관 이동현,KR1
14846,나의힘12,KR1
14847,세글장,KR1
14848,짜증나면 던져,KR1
14849,침산 이마트,KR1
14850,하얗고 섹시함,KR1
14851,방 법,HOW
14852,골드까지워윅,KR1
14853,15GG,KR3
14854,Rocket Fire,KR1
14855,구론산맛있다,KR1
14856,ThanksForThat,KR1
14857,민0솔,KR1
14858,메론맛 콘돔,KR1
14859,세탁기,KR1
14860,초코송송,KR1
14861,일산동구불주먹,KR1
14862,맨탈붕띵,KR1
14863,하루히카게,MyGO
14864,알파메일 뚝딱이,빡병단
14865,조 개 폭 격 기,KR1
14866,신의로태어나,KR1
14867,노인과 심해,KR1
14868,케동이,KR1
14869,한명은죽이고간다,KR3
14870,미 도 리,하루S2
14871,18500136del,KR1
14872,핫쵸쿄무,KR1
14873,Bayd,KR1
14874,룰루 죠아요,KR1
14875,기사너무어렵다,KR1
14876,홍삼순액,KR1
14877,내아뒤사라짐,KR1
14878,근 노,KR1
14879,승광민,KR1
14880,거 제,KR2
14881,착 취 공 장,KR1
14882,레오나올때메로나,KR1
14883,God Thunder,9922
14884,문일고등학교학생,KR1
14885,나는 늙었다,KR2
14886,KenZo,KR1
14887,김둔딕,KR1
14888,이대렬,KR1
14889,김뱅장,KR1
14890,고대유산,KR1
14891,너잼노잼,KR1
14892,훈성김,KR1
14893,HLE JihaN,2008
14894,나의 검은 당신의 것이오,마스터이
14895,미스포츈미스포츈미스포츈미스포츈,4444
14896,87세황교수인생최후의크랙플레이,KR2
14897,정글밖은위험해잇,9534
14898,닉네임을찾았어,KR1
14899,도구찾아 삼만리,kr2
14900,규니는 대식가,KR1
14901,Class 1,KR1
14902,ASD ZZZ WWW,KR1
14903,TakeCakeFake,888
14904,김피탕먹고싶다,KR1
14905,SD건담캡슐파이,KR123
14906,바텀라인전혼자함,KR1
14907,얏쓰호,KR1
14908,Tiki taka,KR1
14909,Rathmines,KR1
14910,롤처음하는22살,0315
14911,훈제오리궁둥이,KR1
14912,옹졸한 옹골참,HP1
14913,신림김재환,KR1
14914,무지신무지,프레첼
14915,Nichjou,KR1
14916,씅부사,0ha
14917,유닛탑승,1463
14918,달구벌의병,KR1
14919,마녀 블츠,KR1
14920,artsert,KR1
14921,lii1lil11liil,KR1
14922,히히이판도지겠네,KR1
14923,햄짜쓰,KR1
14924,노현우의베프원준영,둘이 베프
14925,양념 chicken,KR1
14926,셰뗌보하에후,KR1
14927,ilIllIiilI,123
14928,jin pa,KR1
14929,그레이브즈,연막탄
14930,30렙빨리좀,2899
14931,NutionE네버다이,KR1
14932,고독한 늑대,0308
14933,WBG The 5hy,KR1
14934,괘종시계,째깍째깍
14935,송천동방범대장,KR1
14936,그거방탄분신이야,KR1
14937,ฅÒωÓฅ,OuO
14938,haze,KR3
14939,탈모최강,원펀맨
14940,이redvirus,KR1
14941,t1 김길규,11211
14942,뿌직현,KR1
14943,19유스오,KR1
14944,이가네 예랑,0571
14945,미국갔다돌아왔다,KR1
14946,요한볶음,KR1
14947,돔 황 청,KR1
14948,전빈네세차장,KR1
14949,허수경gta5,KR1
14950,회준아,KR1
14951,비 치,9184
14952,앙미뇽,KR1
14953,에어콘트는김정은,KR1
14954,딜도박는게이,KR1
14955,송파구 사미라,KR1
14956,할머니,KR10
14957,GM 이브이,KR1
14958,순 방,KR32
14959,다해줬잖아,협곡의정상
14960,뀨대리기사,KR1
14961,호떡깨,KR2
14962,괴물쥐,KR김나연
14963,02동헝잉,KR2
14964,CUCCI Charles,KR1
14965,브론즈100위,KR1
14966,바론 스틸 전문가,KR1
14967,베이가가멜,KR1
14968,AnaPunch,KR1
14969,야스오형은야스육,KR1
14970,KOROKO코로코,KR1
14971,zHeadshotz,KR1
14972,mk8624,8624
14973,Pyke,KR991
14974,망치컷,KR1
14975,자야는잠 자야돼,KR1
14976,새콤달콤 너구리,KR1
14977,Happy 리븐,KR1
14978,ฅΟωΟฅ,냐 옹
14979,승리간절한인간,KR1
14980,모렛성전,KR1
14981,kOfy2mb35q,KR1
14982,예림콩,2494
14983,백 호,야차룰
14984,이번판은이기냐,KR1
14985,엘 티,KR1
14986,5월의 눈,KR1
14987,몸사리는손흥민,KR1
14988,손이굳었다,KR1
14989,원딜좀줘라,KR1
14990,또안오시는거죠,KR1
14991,준호다무섭지,KR1
14992,후플루프,1234
14993,호박고구마,KHJ
14994,동태와청래,KR1
14995,빙구는 150cm,라고 했다
14996,강승상이보이지않,KR1
14997,Risicha,1111
14998,Apdo,c0900
14999,옳은 말을 한 죄,KR3
15000,운명의 랜턴,KR1
15001,아기냥,KR1
15002,문철하자,KR4
15003,맛좋나,KR1
15004,탑은그런거몰라니네가해줘,kr01
15005,블2츠장인,KR1
15006,오호라,9740
15007,참감사한세상이다난정말행복해,정말만족해
15008,호 쟝,KR1
15009,심플한 흑누나,KR1
15010,앙염전띠,1945
15011,이민흑염소,KR1
15012,어지러운 곰팡이,KR1
15013,난여기까지인가봐,KR1
15014,르블랑사일피즈3툴,throw
15015,생각은 했니,KR1
15016,내 짝꿍 에밀리아,KR1
15017,아이스 아메리카노,5345
15018,대머리이주묭,대머리독수
15019,dark미르,KR1
15020,아르마딜호,KR1
15021,Redone Mx,KR1
15022,챗팅하려고롤함,KR1
15023,홍구갓,KR01
15024,CS가맛있는서포터,KR1
15025,잠들지 못하는 밤,KR1
15026,마카롱 별사탕,KR1
15027,쟁취리쟁쟁,KR1
15028,부쉬속맹수모모,1818
15029,리련지,KR2
15030,수상구조,KR 1
15031,정복왕,KR1
15032,와진짜뭐하냐고 ,KR1
15033,으아싼다,KR1
15034,죽기장인,prray
15035,GP 너구리,GIMPO
15036,훈 이,2028
15037,엄봉민,KR1
15038,리니임쉬,KR1
15039,루            간,KR1
15040,파이킥,KR1
15041,혜화역자취남,KR1
15042,부캐즐겜용계정,KR1
15043,흡딱빡,KR1
15044,주챔프가없는사람,KR1
15045,사랑꾼빵야,KR1
15046,ADcarry,SDH
15047,뽀큐맨,뽀큐맨
15048,장티장티,KR1
15049,조원초등학교,KR1
15050,봉 혼,KR1
15051,영주 일진,KR1
15052,몰루는몰루,KR1
15053,아 현,윤아현
15054,모찌두부,KR1
15055,우 반,호랑이
15056,애봉이집사,KR1
15057,빠꾸안하는사람,KR1
15058,Blue,KR337
15059,Choi hongsu,KR1
15060,아슈발꿈,KR1
15061,억까하지마라,lol
15062,Tur ar ais,KR1
15063,밍구리,KR1
15064,삶에 현타가 온다,KR1
15065,유캠프,KR100
15066,몬스터 중독자,망고 로코
15067,아그작아그작,KR2
15068,ZED98,KOR
15069,한 별,1227
15070,주멍멍,KR1
15071,김장해줘황준아,KR1
15072,너어는진짜못됐다,KR1
15073,초지고등학교,KR1
15074,웅재지,KR1
15075,텔레포트쿨,KR1
15076,전투대장멀록,KR1
15077,멤 몸,KR1
15078,Dreamland,KR1
15079,콧물로간맞추기,KR1
15080,seethatimicy,KR1
15081,양천구 힙스터,KR1
15082,아도라,KRI
15083,미장원가발도둑,kr2
15084,최강뽀또,SUP
15085,취중진담고백,KR1
15086,딩구리,데이즈
15087,고광민,1995
15088,변백현,EXO92
15089,미역다시마톳파래,8922
15090,니어머이,5877
15091,Que sera sera,KR777
15092,Pnpm,KR74
15093,강민석,울산동구
15094,안경잡이 김부선,KR1
15095,타 협,1227
15096,내가 너 좋아할수도 있는거잖,그래안그래
15097,너가해보던가,1201
15098,때려서죽이기,KR1
15099,저년준,imjun
15100,물 개,235
15101,뚜꾸또꾸,kr12
15102,연준이가누구야,KR1
15103,면민소욱슈,gidle
15104,징징인데뭐,징징징
15105,규탱탱,KR11
15106,KING,UFC
15107,정지먹은 박란둘,KR1
15108,glory Skipp,KR1
15109,이주현,ZTA
15110,후드그림자멍이,omen
15111,PD수첩,1990
15112,료 운,KR1
15113,보라보랑해,KR1
15114,Mr Kiting,adc
15115,나그대아주작은일까지알고싶지만,KR2
15116,Blue,KR76
15117,oI하니,KR1
15118,실버에서안나간다,KR1
15119,훈이라니,KR1
15120,znxm,KR1
15121,드레이븐,3218
15122,왕곳휫털보아재,KR2
15123,테헤란로맨티스트,KR1
15124,김건부싸랑해,KR1
15125,팔팔막걸리,KR1
15126,Anfild,KR530
15127,초해상도,KR1
15128,국가망신급 실력,Mini
15129,김도영,DY05
15130,말하지않아모르면말해도모른단거야,KR1
15131,지금니입냄새,KR1
15132,넌강해졌어돌격해,KR1
15133,로밍가는쓰래쉬,KR1
15134,쓰래기미드,KR1
15135,캔 비,KR1
15136,명란크림파스타,KR2
15137,미 하,KR1
15138,냥이캔따개,KR1
15139,봉조리카,KR1
15140,알리오보단마요,KR1
15141,온 천 댕,KR1
15142,계속쳐꺾이는마음,싸아아아발
15143,一3一,KR9
15144,날씨가 좋았으면,KR2
15145,똥만싸고레벨업,KR1
15146,スフえの,123
15147,sfr12345,KR1
15148,씹게이,0315
15149,입 편,0000
15150,너 전공은 너,KR1
15151,롤그만할게요이제,KR1
15152,인코코,KR1
15153,유아순발력,KR1
15154,노원 전설의 딸배,KR1
15155,2020계정,KR1
15156,마태복음서,KR1
15157,챙챙챙기,KR1
15158,부산북구 김종민,3407
15159,고도리,123
15160,Up down AD,KR1
15161,Asads,KR1
15162,cheonac,KR1
15163,미 소,미미미
15164,mute them,UA80
15165,호날두,KR888
15166,윤 슬,물 결
15167,아침은먹어야지,1737
15168,칭찬해주라,0000
15169,미드연습계정,ggg
15170,프린트맛,3377
15171,01신승재,KR01
15172,예절주입기,매너채팅
15173,아파잉때리지마잉,KR1
15174,물오징어덮밥,KR1
15175,안암동 맥길로이,KUMC
15176,하라면하겠어요,KR1
15177,KBAO,에버랜드
15178,규카츠먹고싶다,0527
15179,마법공학 점화,KR1
15180,qwerab,qwera
15181,공쥬가간다,KR1
15182,폭식 또했수다,KR99
15183,유기묘,이다냥
15184,한밤두밤세밤,KR1
15185,굴러가는호바오,1230
15186,zi존검맥z,KR1
15187,뱅가드 오류 VAN 68,좁BUG
15188,못생길래,7007
15189,conatif,KR1
15190,li1lli1,KR1
15191,Snowing With You,KR1
15192,나주 꿀배 9900원,KR1
15193,원딜로갈게요,KR1
15194,가렌의크고딱딱한,KR1
15195,jk딕션,KR1
15196,시럽킹,KR1
15197,Iron 도우,KR1
15198,whdnrms,KR1
15199,yuiop01,KR1
15200,헐랭빵구,KR1
15201,잔떨림,KR1
15202,우주속탱탱볼,KR1
15203,고기킹만두,KR1
15204,OiZi,너무ez해
15205,연쇄삽입중,김숙희
15206,꽉조이는박근혜,KR1
15207,칼챔혐오증4기,KR1
15208,친척 어머,KR1
15209,로무세,KR1
15210,5Dark,KR1
15211,싸고튀기전문가,9765
15212,T1 Zeus,대한민국
15213,원숭이딜러,원딜챠
15214,꼬우면대구로왕,KR1
15215,bdbdbd,kr2
15216,맨날지는평타,KR1
15217,ASHY1027,KR1
15218,로제 해물 파스타,KR1
15219,주님의가오,KR1
15220,자 크,파 란
15221,요괴화,KR1
15222,나찾으면대포강타,KR1
15223,인계동노숙자,KR99
15224,그랩장인,0101
15225,롤초보123,1004
15226,자연스레만두추가,KR1
15227,터프한 원딜,A D
15228,JungJum,KR1
15229,몸냥합서,KR1
15230,PgDn,KR1
15231,Bishu,KR1
15232,다람쥐맛두유,KR1
15233,KOR Jack Sparrow,KR1
15234,이선우123,KR1
15235,너도좋잖아,9171
15236,돌 추,KR1
15237,Pretender,KR5
15238,귀찮게하지마,A D
15239,미역줄기싫어해요,KR1
15240,종북좌빨 김연승,KR1
15241,누나는 핑 보면돼,KR1
15242,뿡뿡숑숑,KR1
15243,뽀삐대장,KR1
15244,라인전 못하는 놈,KR1
15245,키보드가먼저다,KR1
15246,롤토체스재미있다,2023
15247,HEHEHEHE,KR3
15248,신견o,KR1
15249,말보는겐가,KR1
15250,은빛낭,KR1
15251,화 절대 안냅니다,KR1
15252,고려장,타세요
15253,우 기,0124
15254,Michiel,KR1
15255,원 헨드릭스,JIMI
15256,기범재용사빈영민채민,KR2
15257,경계선,호날두
15258,를 류,KR1
15259,Lisianthus,사 랑
15260,IiIiliillIlliliI,KR1
15261,대신맨주상철,KR1
15262,꼴리면던지는기계,KR1
15263,alsdyd,KR1
15264,빛나핑,핑핑단
15265,Whysoserious,봉봉이
15266,도도한 나꼬,nakko
15267,야동보는계백같이보는관창,광개토대왕
15268,엉금희,KR1
15269,다누사,KR1
15270,김민정,쩡 이
15271,3637948del,KR1
15272,운전면허소지자,KR1
15273,ofpower,KR1
15274,파스타 랍스타,KR1
15275,도롱미린,KR1
15276,o2o2믿고있었다구,KR1
15277,table leg,KR1
15278,귤혜향,KR2
15279,이해했습니다,4NA2
15280,나 너 좋아해,KR2
15281,Veigar 교수,KR1
15282,가보자심형사,KR2
15283,사딕이 될 남자 ,KR1
15284,김하누,KR1
15285,정지원,KR3
15286,뒷통수장인,KR1
15287,너는 달밤에 빛나고,나가노메이
15288,봄 의 달 빛,KR1
15289,Archie,5172
15290,노갱갖다박음,KR1
15291,バーガー,hue
15292,원정이의따까리,KR1
15293,ICANTFLY,KR1
15294,총잡이,6204
15295,JeUS,태산테
15296,梅花劍尊,1111
15297,flowoo,KR1
15298,한양대 주당여신,KR2
15299,ATHLETE OTTER,KR1
15300,귀아꽃,KR1
15301,800원,판키워봅세
15302,폭격기해미,0516
15303,JustLikeThatKR,1723
15304,20300630,uhg
15305,곽로로,KR2
15306,횽현철,KR1
15307,전역을 찾아서,KR1
15308,ZziZzi떡,KR1
15309,The Blackward,KR1
15310,짱 구,JJ9
15311,크크케케,KR1
15312,갈겨라,KR1
15313,세리엠,KR1
15314,zl존간지S2,KR1
15315,홍야잇힝,KR1
15316,I3ad,KR2
15317,왕고추이상석,KR1
15318,초코라떼,탕후루
15319,무 메 이,MEI
15320,KDF Taeyoon,1557
15321,푸른빛 봄,KR1
15322,Kisea J Nah,KR1
15323,엽떡 좋아해요,KR3
15324,미안내실수임,KR1
15325,모어쩔건데영,저쩔티비
15326,뭉 치,김선욱
15327,키쪼깐작은애,KR1
15328,세스코충청북도무료상담,4979
15329,썸녀와따묵꾼,따묵꾼
15330,안녕난유,KR1
15331,징쿠수,KR1
15332,우중충충,KR1
15333,깍 둑,i992
15334,암살왕닌자박,KR1
15335,Kiralio,KR1
15336,조은혜 귀요미,KR1
15337,국담이,KR1
15338,빡ehowl,KR1
15339,道高魔盛,6271
15340,17살 미드가는심슨,KRN1
15341,용한이,KR1
15342,마약 방구차,KR1
15343,나가지는말자,KR1
15344,죽인다,죽인다
15345,lIllIllllIlllIll,lIlIl
15346,백청랑,0131
15347,레드압수하는사람,KR1
15348,민초맛없음,KR1
15349,제궁극기포인트얼마인지궁금하시죠,가려버리기
15350,짠 쭝,KR1
15351,윈 터,524
15352,BoHEM CARibe,KR2
15353,MC몽의말년휴가,12345
15354,서니러버,1758
15355,비꼬는겁니까,KR1
15356,딜해주면서,KR1
15357,hide on bush,VG63
15358,한국형 실업부조,KR1
15359,Q웅cho,KR1
15360,해 린,3930
15361,dulacivyd,000
15362,Queer,001
15363,아이언,6418
15364,나리산호백록,3019
15365,조금더김숙희,KR13
15366,Desperado,0827
15367,촌 씨,KR1
15368,잭스그웬,3133
15369,SupremeX,1111
15370,물방울꽃,2688
15371,우리손자건제,KR2
15372,우기는 못말려,KR0
15373,3시20분,KR1
15374,찐득한할매의그물,123
15375,aRIsandra,T1fan
15376,4시30분 퇴근,KR1
15377,삼전화,KR1
15378,CARTERHunter,KR1
15379,u S2 me,KR1
15380,은가뉴,CH1
15381,김녕김가,KR1
15382,말걸면템팔음,KR1
15383,솜사탕파이,사탕이
15384,참이슬처음처럼진로청하대선백두산,KR1
15385,Premia Partners,KR1
15386,IDG Slayer,KR1
15387,반인반수인간,KR1
15388,우식이존잘,9487
15389,이겜처음하는사람,KR1
15390,Karma,업보청산
15391,트페보다 잘 춤,KR1
15392,ItJiMaYo,KR1
15393,Akaps,박영식
15394,134679134679,KR1
15395,파 멸,충동적파괴
15396,킹갓제너럴슈퍼울트라지영,앙기모띠
15397,오빠나야일라오이,KR1
15398,이스라엘 아데산야,0619
15399,최악이야,김원주
15400,패드민턴,KR1
15401,너를 소중하게,KR1
15402,불난집에부챗살,KR1
15403,퍽퍽한짜장면,KR1
15404,히 루,KR 1
15405,김민재,고윤정
15406,astr30176,KR1
15407,간절한 신수민,KR1
15408,난 말로 안 해,999
15409,카스트 상위의 그녀,4524
15410,안녕뭐주까,KR1
15411,시 풉,KR1
15412,지순두목,KR1
15413,여름멋쟁이,KR2
15414,Ruler,5766
15415,문구엉아,KR2
15416,연애가어려운남자,KR1
15417,Lv1너구리,KR31
15418,유튜브하이,KR2
15419,레 고,0000
15420,호로록챱찹,KR1
15421,뿌삐뽀삐,KR1
15422,여름이 까미 주인,KR1
15423,watchbug,KR1
15424,Flex의 대명사,KR1
15425,봉 셋,KR1
15426,차 차,차차차
15427,뜨거운슬러시,KR1
15428,기본차단,KR1
15429,고초란,KR1
15430,진 키,진 키
15431,롱 터 우,5252
15432,리그오브레전드,joat
15433,골이요,KR1
15434,I K,KR1
15435,킁킁이님,KR1
15436,케인만 할거다,KR1
15437,주드 벨링엄,hey
15438,부산 영도 이시현,KR1
15439,donggufish,동구물고기
15440,바텀유기,불광동
15441,캴바람챌린져,KR1
15442,Mega JJ,KR1
15443,AD Carry,15GG
15444,광주병호형이야,3637
15445,홍길동파이크 ,KR1
15446,연습량은페이커,KR1
15447,시비걸면이게임은패배,KR7
15448,채민중,KR1
15449,음 쪽,KR1
15450,밀양 박로로,KR1
15451,베르망,edge
15452,찰리와단무지공장,KR1
15453,올뮤트채팅끄기,KR1
15454,민뎡찡,KR1
15455,구이수즉돌이,xxx
15456,부족함을인정하다,KR1
15457,흐접맨,KR1
15458,버섯학과티모선생,KR1
15459,소젖쭉쫘,KR1
15460,saffari,KR1
15461,베게로널배개,KR1
15462,합류좀해라,라이너들아
15463,가장슬픈달,KR1
15464,신경훈앰2,KR1
15465,killamurder,KR1
15466,Sskykid,KR1
15467,오니사냥꾼김민수,KR1
15468,정글임요,KR1
15469,맹금수,KR1
15470,강한 미드가 강한 팀을 만든다,롤의 진리
15471,이츠미니2,KR1
15472,킴메이,KR1
15473,너의 옆에 내가,KR1
15474,몽쓰으,31530
15475,폭력천사,KR1
15476,Frenzy,9548
15477,오만스,K R
