p1Name,p1Tag,p1Lane,p1KDA,p1KP,p1GPM,p1Vision,p1WinRate,p2Name,p2Tag,p2Lane,p2KDA,p2KP,p2GPM,p2Vision,p2WinRate,totalWinRate
dowlucks,kr2,4,6.88,58.14,435.15,0.86,43.33,알파카엉덩이는탐스러워,2025,2,4.85,49.43,404.90,0.80,49.08,63.64
문힐시티,KR1,4,7.74,56.88,408.43,0.73,44.44,KataTopia,도봉KR1,2,2.68,42.82,366.20,0.91,59.00,84.62
리그오브양학게임,KR1,2,3.63,46.80,380.12,0.94,53.47,그냥 알아서 해라,차단하고함,1,2.80,54.43,375.40,0.72,56.52,75.00
불타는레몬,7942,0,7.05,61.38,372.39,1.87,88.46,똥쟁이 채민기,KR1,0,4.55,54.00,331.73,1.66,57.14,66.67
오리너구리 페리,2234,2,5.91,48.95,405.68,1.06,56.25,앰 넷,kr4,2,3.14,43.25,366.63,0.80,55.06,69.23
제우스,okok,1,4.61,52.00,361.65,1.97,85.71,빵굽는 유미,파티시에,0,8.65,46.67,247.39,1.93,47.66,50.00
GuarDian Tree,KR1,4,3.77,53.25,363.49,1.22,52.38,카타의단검,KR1,2,3.03,52.00,394.79,0.67,52.58,53.85
여정모,KR1,2,3.42,45.38,393.08,1.03,47.30,수능 수학 선생님,공부합시다,2,2.15,48.55,377.39,1.44,55.20,84.62
여정모,KR1,2,3.42,45.38,393.08,1.03,47.30,울산큐티남허재,KR1,2,3.52,50.31,389.09,1.28,42.31,58.33
이천수,Good,4,5.11,50.71,428.93,0.95,33.33,H I,KR17,1,2.70,46.85,417.95,0.67,53.41,66.67
SCNTST,RUST,0,5.34,68.67,324.34,1.43,36.36,Fungиs,13JM,0,6.79,54.75,328.61,2.06,54.72,76.00
붕어빵꼬리조아해,KR1,0,5.79,49.00,262.61,1.96,53.36,야밤의 상탈 러닝 현정환,친추주세요,2,3.64,65.67,444.24,0.65,0.00,56.00
이진랑,KR3,4,6.53,56.15,429.95,0.78,54.29,Vanilla,KR24,1,4.12,62.64,393.65,1.13,80.00,59.26
이온음료,SHD,1,3.00,53.17,377.75,1.17,51.55,치치야짖지마,KR2,0,4.07,57.67,318.64,1.86,53.15,50.00
hale bopp comet,KR1,3,5.29,40.14,445.43,0.73,83.13,정글에서살아남기,kr97,0,4.56,58.56,314.66,2.14,47.51,50.00
달려볼까,KR1,3,3.37,48.73,387.08,0.79,45.95,모 망,KR1,4,3.72,55.30,363.53,1.26,48.09,62.50
라비네,KR1,3,5.06,43.53,371.32,0.90,56.76,네이비,Maybe,0,3.82,51.69,302.22,1.96,36.59,54.55
눈이잘보임,KR1,1,3.30,53.75,402.02,0.89,68.42,MOST CARRY VAYNE,KR1,0,6.61,56.50,311.91,2.30,0.00,61.54
놀로노아 김동현,KR1,0,9.26,59.80,251.17,2.65,55.23,뭐하노 누나야,KR1,1,2.58,41.06,379.65,0.78,61.90,81.82
재란방구,KR1,4,4.59,49.64,404.57,0.55,50.20,원시인,7985,1,4.71,48.40,387.54,1.10,55.65,61.54
薄 紫,2222,1,4.50,50.54,425.77,0.63,53.75,신 정,신 정,0,5.37,45.00,253.76,1.99,50.88,66.67
薄 紫,2222,1,4.50,50.54,425.77,0.63,53.75,메가 정우,KR2,4,3.69,51.50,383.20,0.78,33.33,36.36
LPL AD,3333,1,4.56,50.86,428.03,0.72,49.82,단 검,6988,0,6.55,56.40,281.75,2.21,66.67,70.00
HwanHeeKR,KR1,4,3.44,53.92,399.69,1.03,55.10,말 랑,1837,0,4.63,49.79,385.52,1.13,54.55,56.67
RED CLOUD,KR1,3,3.22,37.40,345.08,0.70,40.74,뮤트 올,광 호,4,5.20,62.08,403.68,1.18,52.94,75.00
하 루,수 정,0,4.32,54.50,271.11,2.62,50.00,여르미,KR1,2,4.52,64.43,430.39,0.77,51.01,67.86
포르잔 air teeth,KR1,3,4.42,52.06,384.24,1.14,83.33,Rainbow,kr0,1,2.13,45.18,402.46,0.43,55.33,64.29
형보수지 찢재명,도련님,2,4.73,50.77,379.42,1.14,63.83,오리빵디,KR1,4,4.72,59.75,436.76,1.06,53.57,62.50
rudco,KR99,1,2.74,41.14,400.83,0.71,52.27,아인즈,KR1,0,5.05,49.33,298.47,2.39,53.38,27.27
경노까,KR2,2,4.62,53.00,398.38,1.03,57.14,몰탄고양임신구속훼재,KR333,3,3.43,39.50,391.55,0.74,53.25,56.67
박재윤,박재윤,1,4.90,41.92,408.42,0.60,51.13,Xiao pang,CN1,2,3.96,41.75,406.23,0.63,59.80,81.82
김유준,T1 06,0,5.85,50.17,270.62,2.17,58.82,Hurt,1210,1,3.89,43.71,368.81,0.75,53.90,62.07
점화 따가워요,아뜨뜨,1,4.15,53.50,419.61,0.52,51.81,네모메몸,EMONG,0,5.08,55.50,250.79,2.14,54.93,70.00
티아민질산염,KR1,1,3.31,54.50,436.82,0.84,45.45,해운대따따PC방,KRΙ,0,6.93,63.50,275.30,1.97,53.93,65.22
피해주기,쉽다쉬워,2,4.35,58.30,413.93,0.86,51.85,탑갱점,KR1,3,2.65,43.17,369.39,0.46,50.57,68.00
Sims,KR1,1,5.39,56.90,434.93,0.75,0.00,준형의 냥냥이,0419,0,8.35,72.33,257.61,2.03,71.11,78.95
명 근손실 ,KR1,2,4.33,42.50,408.81,0.67,59.72,렝 가,KR123,4,3.45,45.55,381.27,0.82,0.00,73.68
스크류바 먹방남,0821,2,2.58,47.62,404.23,0.53,46.02,섹시한곰팡이,KR1,4,5.42,58.00,406.41,1.04,55.41,66.67
꼬 마,0523,0,5.83,46.50,298.36,1.89,58.33,야채리,0000,4,4.47,61.83,414.62,0.95,56.16,61.90
히링야,Poro,1,4.16,50.55,341.76,1.59,46.59,뇌비우고겜하는중,KR1,2,5.91,39.75,377.83,0.62,51.52,61.90
라 톰,KR1,0,3.98,60.50,305.04,2.32,45.45,Taeven king,KR123,1,3.51,47.65,419.97,0.74,54.17,38.46
웃고있는 가면,KR1,4,5.72,62.83,373.26,1.37,0.00,비가 그치면 ,KR1,3,3.06,42.87,349.77,1.04,55.81,41.67
원채령,KR1,0,4.26,50.87,353.71,1.60,66.67,미친괴물원숭이,2토끼,1,3.44,45.08,332.10,1.12,65.00,68.75
맥그리거VS할머니500명,할머니압승,2,5.61,50.85,360.02,1.04,54.55,언제나 그랬듯 서있을 거야,좋아해,4,3.40,45.07,357.76,0.84,52.07,70.00
내가 김동현이다,KR1,2,3.28,44.33,398.06,0.66,0.00,곡물빵,맛있어요,4,3.89,54.00,386.93,1.07,58.82,53.85
미리죄송요,3912,0,4.46,46.44,337.77,1.59,51.63,묵직한 한방,4427,1,3.97,52.69,396.79,1.14,58.29,78.95
이승준,1228,1,3.01,49.50,365.90,0.79,56.11,WXYXYW,KR1,0,9.89,68.33,295.22,2.33,50.18,75.00
WXYXYW,KR1,0,9.89,68.33,295.22,2.33,50.18,이승준,1228,1,3.01,49.50,365.90,0.79,56.11,77.78
WXYXYW,KR1,0,9.89,68.33,295.22,2.33,50.18,승 준,2556,1,3.78,53.00,403.52,0.79,53.81,66.67
좀 접어라,KR1,1,4.85,44.83,426.01,0.91,54.29,내잘못은아닌듯,아무튼아님,0,3.74,52.75,322.21,1.65,54.63,66.67
청심정,1111,0,3.58,57.20,311.87,1.75,58.33,여 불,KR1,1,3.47,44.75,403.29,0.44,50.38,66.67
렝가 원픽,KR1,3,5.04,45.67,388.57,0.76,44.74,갱플랭크,청소년,3,2.29,41.43,351.61,1.18,44.44,47.62
상식적으로,토도미,1,4.38,60.55,408.56,1.06,55.81,토도미,상식이,2,3.68,42.25,295.87,1.25,46.74,59.09
모두를줘팰시간,KR1,0,5.95,57.06,277.37,2.59,62.71,뒷 돌 갱,KR1,4,4.44,46.57,351.25,0.74,55.21,66.67
차하야,구르트,4,3.76,55.68,406.49,0.81,52.56,Cola는 Coca콜라,KR1,1,4.87,45.15,397.23,0.54,49.64,73.33
의문의혜웨이,cex,3,3.76,41.67,372.08,0.48,44.79,kitagawa,ε з,0,5.54,49.57,248.81,2.48,54.06,75.00
처음만들어본부캐,KR1,2,4.03,58.56,399.15,0.78,51.61,애니똥챔인건나도알지만어쩔수없어,KR2,2,3.90,47.00,370.27,1.02,61.59,66.67
ADC Taeven,KR11,1,5.19,57.62,469.18,0.76,65.15,DE4N,KR1,0,3.35,46.41,301.27,1.84,50.23,53.33
ADC Taeven,KR11,1,5.19,57.62,469.18,0.76,65.15,안오면나도안함,KR18,2,2.04,48.06,369.35,0.91,42.62,81.82
피스타치오버블차,KR1,3,2.70,46.67,422.13,0.93,53.65,PaIm,KR1,2,5.49,44.29,355.81,1.40,53.49,60.87
εS2з,486,0,10.28,65.00,275.03,1.80,67.92,8 8,8 8 8,1,2.59,43.12,334.51,0.84,54.02,65.22
우에하라아이,JA1,2,4.43,44.05,369.92,1.11,55.07,고창모,KR1,1,3.25,43.83,350.29,1.09,50.35,68.75
나 비,바 보,0,7.10,55.12,252.47,2.11,51.19,lulu,234,2,2.76,47.11,409.85,0.75,0.00,56.52
동규형2,KR1,1,5.50,59.67,422.64,0.87,51.09,김범륜,0000,1,4.20,58.12,399.89,0.80,52.09,63.16
여름아넌너무추웡,KR1,1,4.54,41.50,398.86,0.92,54.02,도리도리대마왕,8461,0,4.55,47.08,260.86,1.68,53.45,70.00
반죽맨,KR1,3,2.69,41.42,400.72,0.77,49.02,섹시조커,KR1,1,5.04,45.08,407.44,0.56,84.62,62.50
소담보담,KR1,0,6.29,58.12,271.72,2.49,51.43,새 벽,GOD,1,2.23,63.22,441.38,0.84,51.61,63.64
가지맛물감,KR1,3,4.57,41.58,380.94,0.86,48.41,aksfjhaskjfhaosa,KR1,4,4.71,51.00,388.14,0.83,55.32,76.92
Master prisoner,KR1,4,4.82,48.07,387.36,0.91,33.33,음바제,KR1,2,4.58,40.75,371.55,0.88,49.19,72.73
권태식돌아왔구나,KR2,1,5.49,50.07,394.96,1.01,60.67,왕자를지켜라,KR2,1,3.95,43.83,403.67,0.88,47.39,72.73
같이가 멈춰,멈춰 같이,0,4.77,58.62,294.53,2.33,53.91,멈춰 같이가,KR1,1,5.84,54.65,455.33,0.89,53.91,56.67
멈춰 같이가,KR1,1,5.84,54.65,455.33,0.89,53.91,같이가 멈춰,멈춰 같이,0,4.77,58.62,294.53,2.33,53.91,56.67
흑 당,혐오자,0,3.90,53.09,265.96,2.47,0.00,나한테왜그래,KR222,1,3.37,48.76,413.18,0.91,54.28,60.00
thgink9z,KR1,0,3.95,49.40,320.94,1.14,54.55,뇌가수박이됨,KR1,2,3.60,38.36,386.94,0.73,50.00,82.35
괴물쥐,1866,0,4.35,44.86,249.85,2.29,51.43,쓰레쉬,HY99,3,5.23,48.00,381.32,0.51,64.37,75.00
Shin,10 10,0,4.66,53.12,272.87,2.22,66.67,뽀송뽀송한모포 ,KR1,4,8.38,52.00,409.99,1.01,63.22,80.00
이길줄모르는사람,0913,0,4.54,61.00,273.86,2.42,53.33,할수있어요서폿님,KR1,1,4.03,52.00,390.85,0.69,54.76,60.00
애교꾼,KR2,-1,0,0,0,0,0,나랑랑이,KR3,0,5.45,60.31,300.40,2.54,61.90,90.00
이름없는호수,KR1,1,5.32,51.00,364.15,1.39,58.33,안죽는미드,KR3,0,4.54,47.50,289.79,2.26,75.00,70.00
탁구왕이강인,손흥민,1,4.01,42.67,447.36,0.68,43.75,즐라탄 이브라히모비치,GOAT,4,3.81,51.67,376.49,0.89,48.28,40.00
Hmmmm,404,4,7.02,55.20,450.08,0.84,44.12,늙은이,1121,4,2.92,42.22,386.94,0.70,50.57,65.22
feijidawang,pdx,1,5.66,57.12,462.20,0.55,60.00,복숭아,과일이,3,2.34,44.53,373.54,0.93,48.98,62.50
Warwick King,TPE,3,2.02,44.67,376.58,0.69,50.70,DouYu丶牛奶辅助,mkmk,2,3.82,51.44,371.13,0.99,48.57,54.55
지 니,정 탈,2,3.70,31.17,385.37,0.45,67.39,メンヘラ,kr3,1,3.47,45.00,364.77,1.05,66.67,66.67
Hearts2Hearts,214,0,7.80,51.25,265.17,2.39,60.56,さくや,りょう,4,7.52,55.88,418.99,1.14,67.09,66.67
مرحبا,kr11,2,5.30,50.00,447.18,0.88,54.43,29 라스트댄스,1997,0,4.50,66.33,322.08,1.98,52.66,58.33
Yuumi,0930,1,9.48,54.33,404.06,1.27,0.00,뚱 남,140kg,1,5.45,46.36,405.78,0.85,48.65,76.47
저희 곧 결혼해요,KR1,3,5.21,42.60,339.96,1.03,58.97,건들지마세요,KR5,3,2.08,41.24,368.64,0.75,52.41,77.78
심규제,바 텀,1,3.74,57.10,428.28,1.37,56.41,욕하기싫어요,KR33,1,4.45,45.82,387.41,0.43,51.17,46.15
사미라징크스제리,KR1,1,5.22,48.35,415.89,0.57,0.00,Denty,KR1,4,4.24,53.60,368.46,1.38,50.00,70.00
김대건1,KR1,2,3.51,35.62,318.36,1.08,53.68,애벌레통구이,KR1,4,4.23,48.96,424.38,0.83,35.29,84.62
말 랑,1837,0,4.63,49.79,385.52,1.13,54.55,HwanHeeKR,KR1,4,3.44,53.92,399.69,1.03,55.10,75.00
Error,Fatum,0,4.15,56.86,292.84,2.49,53.54,송제우,KR1,2,3.37,43.94,370.31,0.89,51.63,80.00
öッö,öッöヲヲ,4,6.36,45.60,376.66,1.07,80.00,야미 동희,KR1,2,4.14,52.06,389.45,1.09,62.96,72.73
T1 Clid,민정이,4,4.85,55.85,401.48,0.76,46.51,bring bring,KR2,2,3.73,45.45,403.21,0.62,51.79,50.00
아케보시,KR1,2,5.51,54.60,387.28,1.30,58.62,胜不骄 败不馁,zypp,1,3.73,46.50,354.12,1.29,55.91,52.94
머리박기,KR1,3,2.29,35.70,414.74,0.59,57.78,siin,kr99,4,4.96,55.00,463.17,0.99,68.97,63.64
쓰레기무단투기,0629,1,4.15,46.36,398.62,1.10,61.70,이상하게 생긴 기린,이생기,4,3.47,47.38,405.83,1.32,48.82,75.00
어떻게 이별까지 사랑하겠어,악동뮤지션,1,4.33,58.00,431.51,1.04,60.24,Hi Hi Z Z,KR1,1,4.84,43.80,437.48,0.87,49.13,61.54
꼬마차니,꼬마차니,4,7.06,52.92,361.89,1.11,62.94,짐승아메리카노,1리터,0,6.56,60.46,274.39,2.80,62.50,64.71
멘트줘봐,KR1,2,4.13,43.36,380.22,0.71,57.48,느낌좋고,KR1,2,4.83,50.75,398.82,0.71,57.32,72.73
그게 바로 나니까,KR1,3,2.66,36.92,357.60,0.92,53.92,롤박사 제도리,KR1,4,3.06,54.64,360.09,1.29,22.22,69.23
자몽아간식먹자,0607,1,4.61,42.73,386.51,0.96,57.78,Cover JG,6587,4,3.15,44.00,378.59,0.69,52.70,82.61
장전리,KR1,3,3.27,47.08,317.01,1.44,48.00,AD123,8098,4,3.39,53.14,387.08,1.13,51.43,50.00
똘 박,9703,1,3.61,48.75,435.88,0.67,59.65,연애하자승철아,KR1,0,5.11,60.00,291.93,2.72,56.56,66.67
Piungsin,KR1,2,6.20,52.56,384.02,0.98,46.55,살려쥬라기,0000,3,5.16,51.74,400.95,0.78,83.33,69.23
니달리거대한구멍,KR1,4,4.61,49.83,359.96,0.82,48.60,석승환,석승환,1,2.45,45.25,418.21,0.63,53.16,70.00
김갑환이,KR1,2,4.87,46.30,412.31,0.57,53.33,온천 가드맨,12321,3,2.74,44.00,376.88,0.70,53.42,71.43
예경누나이쁘다,1215,0,4.96,51.00,256.14,2.03,42.35,그릇 도 빛날 빈,KR0,0,4.61,57.43,290.59,1.64,44.35,66.67
나는야 이동춘,동춘리,3,4.08,45.50,399.59,0.72,63.55,오디세이 조이,KR1,2,3.11,42.94,352.50,1.27,47.79,57.14
Iziio,KR2,2,5.05,67.00,394.81,0.82,62.16,머리를 콩,KR1,4,4.74,51.12,389.43,0.74,47.83,62.50
월향량,연습계정,4,4.91,44.62,391.06,0.87,55.16,내이름이진우,KR1,1,5.73,55.20,420.72,0.82,68.85,83.33
시훈데용,KSH,4,4.69,53.27,379.72,0.96,58.54,53456436,KR1,1,6.67,47.86,416.36,0.41,51.90,62.07
xoot,KR1,1,4.60,51.67,428.33,0.93,56.94,만수무강,0101,3,1.26,41.90,375.86,0.63,51.87,65.00
1115555414,KR0,2,3.11,41.75,355.99,0.70,70.83,Bisu,1120,2,2.67,45.47,384.33,0.76,51.08,66.67
오은깃,0708,0,4.27,55.50,289.97,2.40,49.71,Coco,SCV,4,4.89,47.10,384.21,1.06,70.00,63.64
악어의 노란 우산,장맛비,0,4.79,59.25,252.17,2.47,56.68,KOA SOBORU,궁딩이딱대,0,4.38,48.56,349.93,1.27,52.83,57.14
아이브 리즈,동민전,1,5.46,56.00,479.50,0.93,0.00,rheldqhwl,kr123,1,3.06,48.85,432.79,0.73,51.39,66.67
광 어,참이슬,1,4.82,49.40,368.84,0.86,64.41,미드게임점,1234,2,2.33,46.57,393.31,0.92,51.39,80.00
재 구,KING,1,3.67,52.00,426.71,0.60,52.59,탑미드하는사람,KR2,0,4.49,56.00,262.71,2.52,53.16,65.22
준호는 못 말려요,KR1,2,6.62,51.70,385.36,0.78,55.24,MAEUM은 챌린저,KR1,3,3.71,45.70,373.03,0.80,52.00,66.67
볼보아이언,KR1,1,5.27,53.90,418.30,1.02,50.30,F니깐청춘이다,KR1,2,4.09,47.56,367.64,0.80,48.10,60.00
갱이누나이쁘다,천 사,1,4.22,44.14,430.38,0.68,51.67,아장아장 유미,1028,0,4.82,62.25,271.93,2.19,53.19,57.14
봉풀주 블리츠크랭크,홍보대사,0,6.09,49.00,250.93,2.42,0.00,신거미,KR3,4,5.20,57.12,415.44,1.09,58.97,61.54
113 2,1966,2,4.58,55.64,458.93,0.65,50.00,IlIlIIlIllIlIIll,1111,0,3.38,49.57,250.65,2.55,54.55,65.22
반고등,KR1,4,6.35,47.56,367.55,1.06,53.25,아가1리묵념,KR2,2,4.79,45.25,293.92,1.56,50.27,90.00
정모레,KR2,0,3.39,47.78,252.44,2.44,53.59,엉덩국 갱승제로,KR1,1,2.97,49.40,399.61,0.89,52.59,33.33
새벽에롤해요,퇴근후빡겜,0,5.42,54.00,257.98,2.60,50.63,뼝 씬,KR1,1,2.88,47.54,381.25,0.49,53.89,45.45
조용히좀해라,1111,2,5.18,54.20,444.55,0.85,53.06,イスリ,9999,0,5.66,60.00,254.73,2.22,53.01,60.00
육중한몸매,2837,3,3.04,48.50,352.47,1.53,56.52,구창도,1133,0,3.48,52.57,290.65,2.00,54.73,60.00
과로사 엄마,KR1,2,4.91,47.82,364.11,0.99,59.18,맹지훈,치매걸린노,2,3.43,48.68,383.99,0.55,54.86,78.57
지성이는 힘들어,KR1,4,6.69,54.12,383.64,1.09,56.25,적 적,1992,3,3.80,41.50,330.17,1.04,53.09,66.67
북 신,KR1,0,3.98,51.00,279.47,2.73,0.00,denie,KR1,1,3.00,55.45,412.81,0.67,46.94,66.67
Kaye,KR1,2,5.54,51.12,376.00,1.02,52.55,1종보통 신지드,Dock,3,3.12,41.00,315.74,0.65,52.20,76.92
이잉사랑해요,테스트전용,1,5.44,44.00,406.10,1.08,63.74,신 첸,KR1,4,6.06,41.57,396.43,0.69,57.42,81.82
헤 매,비디디팬,2,3.53,42.00,395.93,0.58,54.33,로아하라곰,남극곰,4,4.34,44.12,427.25,0.48,54.44,59.09
아오빠빨리싸줘,KR1,1,3.55,59.00,389.52,1.54,60.25,팀 운,goat,4,2.78,47.94,371.93,0.78,52.34,76.47
자J크G,KR1,4,3.27,54.22,352.62,1.33,44.83,제갈훈,KR1,2,3.63,53.33,340.33,1.61,52.13,40.00
I Dice I,KR1,3,4.36,44.60,402.02,0.41,64.84,천원짜리정글,KR1,4,3.93,54.25,386.64,0.98,55.56,57.69
High Water,개고수,3,3.94,40.62,395.95,0.87,48.15,군계일학,정 점,1,5.85,46.50,416.25,0.57,50.41,66.67
부아아아아아아악,KR1,0,3.35,53.71,325.02,2.11,55.67,鬪 神,KR3,3,2.40,38.50,349.71,1.07,74.19,45.45
리수연,리꿀벌,4,4.41,51.60,430.28,0.91,64.71,연시내,sine,2,2.31,43.77,381.05,0.70,54.92,45.45
동치미국물시원해,KR1,4,3.91,55.00,366.09,0.89,54.72,여봐라술과계집을,KR1,3,4.30,40.87,360.40,0.86,51.28,64.29
배중석,0602,2,6.00,37.58,353.82,1.00,35.90,유워니,KR1,1,2.37,43.22,377.41,0.81,52.49,68.42
소금새우,냥이가좋아,1,4.62,51.33,437.17,0.87,72.00,기사상시모집,KR1,0,4.63,46.68,328.36,1.56,53.48,91.67
61420265del,KR1,3,2.77,41.91,373.32,0.61,55.67,OOOO0OOO0O0,KR1,3,1.62,36.85,355.72,0.67,55.75,78.57
에이셔화성간다,2222,2,4.82,38.50,380.26,0.65,58.57,구마유시,6342,1,4.41,47.27,393.75,0.78,49.37,70.59
씨유박스화이팅,KR1,0,4.29,54.00,351.92,1.42,70.97,엔믹스 릴리,kr02,3,2.17,40.32,386.10,0.64,49.56,61.54
족삼리,KR1,1,5.56,57.20,428.66,0.90,56.78,제라스 장인 성,KR1,0,4.47,44.75,280.56,1.69,53.97,60.00
미 니 언,미 니 언,0,3.04,55.00,335.07,1.54,52.07,33이3,KR1,1,4.18,46.91,383.42,0.85,53.21,45.45
대한민국 천안시,KR1,2,4.30,44.83,377.01,0.95,58.49,Hi I am GA,teach,2,2.92,45.82,362.73,0.70,45.45,45.45
뽀삐사루 개추,KR2,0,3.87,47.31,329.80,1.44,53.21,김환성뱃살,113,1,2.71,50.41,407.97,0.87,55.07,50.00
비비빅,비비빅2,1,3.58,37.44,349.60,0.68,60.12,참는다는 마인드,KR1,0,8.69,61.33,278.91,1.92,60.23,71.43
WILD SHACO,KR1,0,3.64,51.67,348.20,1.34,50.00,망 구,입니다,3,2.08,36.71,392.92,0.37,53.57,40.00
티피언,KR1,1,4.73,49.73,380.78,1.31,0.00,AkikA,KR1,0,3.08,47.06,298.44,1.39,51.79,60.00
parliament1,KR1,1,5.06,49.88,418.75,0.86,66.67,쪼렙이다말로하자,8699,2,4.81,43.43,373.58,0.86,54.17,68.18
PaIm,KR1,2,5.49,44.29,355.81,1.40,53.49,일단짖고보는개,KR1,3,3.27,46.08,395.61,1.08,45.76,81.82
SoulCrow,KR1,0,4.68,60.25,287.29,1.87,48.00,Erysichthon,KR1,4,3.79,41.60,382.88,0.78,45.90,46.15
a멋쟁이a,KR1,2,2.62,41.29,357.99,0.85,52.38,sehoho,KR1,2,3.16,46.73,389.97,0.60,52.40,40.00
꽉지은,KR1,3,3.81,49.62,461.48,0.72,55.56,OAO,AAA1,0,3.86,50.44,301.90,2.21,53.57,53.33
저는요져도알빠노,7777,1,4.05,55.10,445.71,0.73,56.76,마라샹구리,하지마라,0,4.48,53.67,277.60,2.03,46.34,50.00
長壽天牛很帥,sichu,4,3.22,51.27,354.26,0.84,45.56,카즈하,주하하,3,1.55,40.93,373.30,0.43,55.39,23.53
도레미레오나,KR1,0,3.31,47.90,266.79,2.14,48.58,솔 민,KR1,1,3.32,49.50,380.76,1.00,52.27,26.32
미드 부캐,KR123,2,4.19,48.79,356.33,0.89,0.00,티모인뒈,KR1,4,3.87,48.67,372.89,0.78,54.35,45.45
이푸카,KR1,2,5.17,46.14,371.90,0.93,52.31,계속 한밤중이면 좋을 텐데,ZUUTO,4,3.14,49.20,422.76,1.01,52.50,57.14
인 연,0102,4,4.82,55.35,440.36,0.96,43.92,새벽산책,KR3,2,4.48,52.50,402.87,0.94,89.47,75.00
ssuya,KR1,1,4.34,48.44,406.26,0.67,26.32,포 로,0905,0,6.36,55.86,266.52,1.87,43.09,69.23
FEARNOT,KR3,3,2.54,36.69,368.46,0.77,60.38,이유석04,0703,4,4.92,57.44,358.50,1.29,55.04,46.15
3캠미드갱,123,4,3.71,51.68,382.37,1.01,55.56,subarasiman,KR1,3,5.21,44.35,404.25,0.59,55.96,73.08
감자탕과소주,KR1,4,3.77,47.25,358.83,1.04,51.67,어지러울 빈,KR1,2,3.18,46.26,406.98,0.63,47.37,38.46
감자탕과소주,KR1,4,3.77,47.25,358.83,1.04,51.67,J H,0315,1,2.15,47.68,399.40,0.51,50.84,54.55
식 인,KR1,1,3.85,51.12,438.82,0.48,54.38,병역기피,KR1,0,7.08,53.30,288.52,1.84,53.47,66.67
롤닉네임변경어떻게해요알려주세요,어떻게바꿔,3,2.69,36.53,379.06,0.68,42.86,요 정,KR1,4,4.35,53.33,373.84,0.98,57.14,26.67
과 니,gwan,0,3.58,52.92,287.35,2.08,50.00,트린버프좀,KR1,3,3.78,45.71,370.15,0.98,52.63,63.64
시야따개,KR1,0,4.87,58.75,269.68,2.77,36.84,모카초코칩프라페,KR1,1,3.19,43.86,355.52,0.78,51.52,50.00
후카다 띵근이,KR1,0,3.19,47.83,288.37,2.30,49.25,따거가든,KR1,3,1.79,43.74,388.93,0.90,50.09,50.00
평타빼고다피함,kr2,4,2.86,49.38,416.06,0.62,51.34,평타빼고다피함,KR1,2,2.65,39.38,338.66,0.92,53.11,56.67
우리바텀을응원해,KR1,2,5.45,44.56,395.79,0.74,57.14,마틸다님,KR1,1,4.32,42.93,417.22,0.84,51.65,68.18
똥맛카레맛똥맛,KR1,0,5.17,59.89,279.65,2.26,55.65,zac,jida,3,3.79,43.38,351.67,0.79,61.54,44.44
poongheol,KR1,0,5.13,57.33,269.84,2.52,0.00,우 쓰,KR01,2,2.63,39.17,350.98,0.82,49.11,50.00
부 표,KR1,0,5.33,49.54,271.38,2.38,43.59,누구양 나얌,KR1,1,3.69,52.61,360.13,0.96,51.96,72.22
도매니져,KR1,2,5.83,44.23,366.98,0.86,51.72,Karina,KR37,2,3.08,48.65,376.33,0.85,51.38,57.14
나는자연이야,KR1,3,3.87,47.23,424.51,0.90,47.79,투자로100억,KR1,3,4.10,45.11,382.94,0.61,56.52,40.00
안양의 멸치담당,KR1,3,2.91,38.19,368.31,0.61,61.90,몰라알수가없어,엄정화,1,2.04,47.83,339.48,1.10,51.24,66.67
play9123,1214,2,6.54,46.75,348.43,1.21,64.29,블라디미륵,vla,3,2.47,52.25,370.85,0.59,57.14,51.85
KSANTE KING,KR1,3,2.88,40.23,422.11,0.69,58.49,Arikured,666,1,4.05,55.20,398.82,1.10,56.03,75.00
jotaemin0722,eorjs,3,1.92,44.75,350.09,0.72,26.67,김미녕 노예,KR1,4,5.38,53.80,372.23,1.01,53.33,42.11
윤석열,5828,2,5.71,54.58,420.37,0.99,58.54,곰이곰곰하네,KR1,3,2.61,45.27,360.31,0.87,54.35,63.64
Poltan,KR1,3,3.50,41.71,367.22,0.80,55.64,상냥한 찬우씨,KR1,2,3.72,42.00,419.33,0.66,52.76,76.92
03팍순이,RK1,0,9.68,63.00,271.03,2.46,0.00,기훈기훈,12345,1,5.41,48.67,413.37,0.63,51.57,63.33
hhhkii,KR1,1,4.52,55.90,440.45,0.75,80.00,모은콩,KR1,2,3.17,37.94,387.76,0.53,77.27,50.00
Paella,피정현,1,4.98,51.33,455.89,0.76,55.56,은스케,KR2,0,5.14,59.29,264.26,2.14,51.46,52.94
Paella,피정현,1,4.98,51.33,455.89,0.76,55.56,king is back,wow,0,8.91,59.82,287.97,2.80,86.96,81.82
공 주,캐 리,1,3.75,62.20,433.21,0.73,62.00,그게 너야,1029,0,7.54,59.60,251.11,2.33,52.62,44.44
현재야욕하지말자,KR1,4,7.25,54.67,396.94,1.02,55.56,손정현,KR1,3,2.76,29.45,358.76,0.51,51.09,75.00
버니합,1234,4,5.48,60.45,416.79,1.13,50.00,STANDARD,0824,0,2.64,48.52,308.29,1.77,50.00,56.00
뱃살 충만 돼지,오잉크,2,4.55,51.12,405.11,0.69,50.00,냥바닥할짝,000,0,5.34,54.33,258.91,2.46,60.28,62.50
HLE Quad,KR1,2,4.45,28.40,381.58,0.73,0.00,GANGKINGKING,KR1,4,6.06,53.25,399.50,0.89,82.93,90.91
공익 전까지 챌감,KR1,4,3.54,53.82,400.97,0.88,51.18,하염없이팀운제로,KR1,2,3.94,46.90,324.15,0.82,51.41,42.86
슬치생,KR1,2,3.83,40.67,334.96,1.45,75.00,Carry or piss,KR1,4,5.30,48.78,353.20,1.15,58.06,69.23
퀘오타니,TANI,1,4.84,62.00,470.36,0.96,58.42,방학식,zzang,1,3.70,41.91,378.81,0.63,50.20,58.33
Aimyon,아이묭,4,6.95,61.56,433.34,0.91,51.56,혁이는못말려,0406,0,2.55,46.67,280.64,1.83,51.56,60.00
신난 야옹이 뀨꿍,KR1,3,2.87,46.00,393.99,0.67,56.67,QvtT,KR1,4,4.60,56.09,325.87,1.31,56.44,60.00
사 일 러 스,Pyke,2,3.69,41.36,368.58,0.98,49.56,계셰육,0315,3,4.17,46.20,398.79,0.81,56.52,65.00
P A,PAPA,2,4.04,50.25,389.22,0.84,54.09,주태현,4325,1,4.24,54.42,350.23,1.12,48.47,57.14
근 본 도 구,KR1,2,9.99,46.62,405.50,0.84,0.00,잠 잘 까,KR1,0,9.20,61.00,321.35,1.55,48.00,72.73
땡기는중,KR1,0,6.74,59.69,387.88,1.36,58.62,woxiangzhandou,2002,4,5.67,50.65,444.49,1.03,58.46,69.57
And pigs Can fly,KR1,1,6.50,62.73,487.08,0.86,66.67,Antimage,KR3,0,4.72,57.50,265.58,2.94,64.00,60.00
PTA,haeng,3,5.30,44.67,457.08,0.80,52.78,할꺼하고롤해,KCS,4,4.12,61.82,394.97,1.19,51.68,76.47
삐딱한 연우,KR1,0,5.10,56.67,312.91,2.11,50.00,Valstrax,VTEC,4,5.84,51.27,406.98,0.56,44.44,74.07
top l top,KR1,3,2.63,48.43,390.70,0.79,50.00,칭찬 격려 배려,KR1,4,3.20,65.00,408.31,0.68,54.55,69.23
top l top,KR1,3,2.63,48.43,390.70,0.79,50.00,영콩이,KR2,4,4.81,50.13,408.18,1.16,52.90,53.85
갓 독,0919,3,2.16,27.18,379.62,0.74,0.00,Nuguri,LMJ,1,5.13,44.69,412.72,0.78,57.38,60.00
즉   흥   곡,KR1,2,5.54,53.88,433.11,0.78,54.74,톤 이,kk1,1,4.38,49.30,397.40,0.38,47.01,83.33
Viper,0212,3,2.54,50.70,433.80,0.89,0.00,아이폰사용합니다,KR1,2,2.68,45.25,404.23,0.80,45.16,57.14
가나다 초콜렛,KR1,1,3.79,58.50,437.27,1.01,82.35,하 헬,hahel,0,4.83,48.00,257.05,2.13,39.02,59.26
미안 내 잘못,2187,0,4.42,57.20,353.99,2.20,51.33,好きだから,KR17,3,3.25,47.64,433.32,0.62,44.44,66.67
기분이조아오,KR1,1,4.46,56.00,446.26,0.99,37.50,반해써,0000,4,4.31,46.27,408.35,0.74,55.22,63.64
기분이조아오,KR1,1,4.46,56.00,446.26,0.99,37.50,Paul Blanco,KR00,0,3.83,60.29,324.35,2.86,77.78,60.00
스초생,444,0,3.08,54.92,262.17,1.88,58.24,포차코,지비츠,1,4.03,64.10,519.25,0.77,56.38,60.00
Cthe,KR1,2,3.99,49.71,376.23,0.99,52.10,사나이 이바다,KR1,3,2.24,44.33,431.84,0.46,49.62,63.33
최지웅,KR3,2,2.96,46.88,366.99,0.79,50.00,밴 베크만,나니모스루,3,3.74,40.42,373.92,0.75,58.06,34.78
허총무,KR1,1,4.78,51.33,339.91,1.20,54.32,애옹김,KR1,0,6.38,58.17,274.92,2.16,0.00,63.64
독도한라봉,KR1,4,5.98,60.20,392.25,1.51,61.54,얼음단비,KR1,2,3.14,52.82,434.94,0.66,60.29,70.59
사나이의묵직한주먹,Pray,1,3.10,49.19,342.58,0.98,50.91,TFT pro,4080,4,4.25,53.25,391.96,0.79,45.89,50.00
앞만보는 사나이,KR4,2,5.37,47.88,409.47,0.83,0.00,권 천,SKY,4,4.84,59.42,400.13,1.30,48.97,66.67
민초버터칩,KR1,0,6.28,54.00,271.31,2.33,48.63,금연2달남음,KR2,1,4.42,59.53,453.15,0.72,54.31,62.50
감 자,424,0,3.76,65.40,287.86,2.72,57.14,vnfmsk10,Zzzzz,4,3.99,49.00,342.24,0.78,71.32,80.00
감 자,424,0,3.76,65.40,287.86,2.72,57.14,슈퍼크랙이상호,KR1,4,3.30,51.22,347.96,0.85,68.97,30.00
잘하고싶다,7777,2,5.52,49.20,393.02,0.92,50.00,땅 두 닛,KR1,0,4.02,55.83,284.76,1.96,50.44,63.64
잘하고싶다,7777,2,5.52,49.20,393.02,0.92,50.00,이기고싶다,0000,0,3.96,49.84,347.50,1.50,41.85,50.00
비키니시티야생해파리보호협회,KR0,1,3.89,44.80,359.08,1.24,49.23,이겨봐,KR234,1,3.85,50.45,385.42,0.66,0.00,65.22
ヲヲヲヲヲヲヲヲヲヲ,0613,1,6.75,60.00,482.49,1.01,61.63,벼랑위의 분뇨,오줌발싸,0,8.02,54.75,260.38,2.74,56.11,70.00
롤은인생의활력소,KR1,3,3.16,30.14,390.45,0.50,0.00,노랑 피카츄,KR1,2,4.27,43.71,321.00,1.22,51.01,68.75
희망을주는구세주,KR1,1,5.27,53.54,407.50,0.91,50.76,베벱부,KR1,3,5.38,33.27,385.09,0.48,52.38,68.18
야 이기영,KR1,0,10.68,60.00,274.20,2.06,100.00,각시탈원딜러,KR1,1,4.64,51.00,476.51,1.13,56.82,69.57
16년생탑프로지망,KR1,3,3.59,45.12,324.88,1.60,58.82,히 또,Psken,3,4.15,47.08,394.20,0.59,36.36,43.75
이게임을열심히왜함,KR2,3,2.45,37.78,422.50,0.56,49.35,북풍이만든바이킹,KR1,2,2.67,46.80,408.58,0.49,48.72,50.00
두카티부가,KR2,1,2.88,47.60,396.41,0.80,57.69,괴물쥐 구조대 ,KR1,3,2.38,40.14,371.63,0.67,53.33,38.46
두카티부가,KR2,1,2.88,47.60,396.41,0.80,57.69,ホワイトノイズ,0111,3,3.65,42.00,368.38,0.64,49.28,50.00
스타킹팬티,0217,3,2.76,45.67,378.61,0.44,60.00,쉼쉼미역,KR1,1,4.04,56.23,399.51,0.72,45.83,41.67
조선왕조실룩샐룩,0608,1,2.04,45.27,364.97,1.24,56.15,Eraaaaa,KR1,4,7.03,54.50,345.30,1.39,55.17,38.89
simply lovely,top,3,3.02,31.80,417.89,0.48,50.00,내게의문을가지지말것,KR10,2,3.11,45.00,347.32,0.89,52.10,40.91
딱따구리,부리박치기,1,3.32,45.77,392.41,0.49,54.41,김 성 호,6974,0,5.11,48.09,294.38,1.91,48.76,58.62
롸킥스,KR1,0,5.58,62.00,307.87,1.85,56.52,빵붕이,KR1,0,7.21,59.00,311.23,2.29,66.67,62.50
윤유현조련사배상준,KR11,3,3.28,39.06,413.35,0.80,33.33,rkasdcoivkdlal,KR1,4,2.63,46.79,375.21,1.24,50.88,53.57
쩡호햄,KR1,2,2.28,44.67,364.04,0.89,60.87,단단운직,KR1,3,3.28,43.85,382.53,0.68,50.91,42.11
일리쉬,124,4,3.39,48.08,401.83,1.00,57.71,한키어x69,KR1,0,2.39,59.00,382.84,2.35,55.26,60.00
나유연,KR0,1,4.34,45.73,362.22,0.88,90.91,윤마치,KR2,2,3.28,49.00,328.40,0.99,58.26,69.23
일반인 미드,KR1,2,3.94,48.00,390.74,0.99,0.00,모자란련롬들,1234,3,2.94,43.20,376.88,0.77,52.34,65.52
lllIlllIIII1,KR1,2,5.73,41.45,355.26,0.59,61.22,게이트,KR1,0,3.60,38.33,269.96,1.00,51.69,52.63
후시구로 토우,0524,1,3.14,52.93,443.96,0.77,0.00,niwakaharu,1999,2,3.07,46.36,384.45,0.92,50.00,33.33
아요이키우기,KR3,2,3.18,51.60,380.44,0.97,45.16,시 로,666,1,5.68,52.29,412.96,1.16,51.72,55.56
코코아는 내꺼임,KR1,2,3.77,40.33,405.96,0.57,0.00,제드 일짱,KR1,2,3.30,47.53,423.11,0.73,53.03,70.00
타우타이 심바사,모투페투,1,4.66,53.83,392.62,0.86,33.33,쥐괴물,물괴쥐,0,3.62,49.69,329.42,1.44,44.00,47.06
첨지마요,KR1,1,3.65,44.35,397.48,0.69,49.06,김랜지,KR1,0,3.92,55.56,324.11,2.17,55.00,46.15
Marauder Olaf,KR1,3,3.78,42.92,409.69,0.71,54.18,탕수육찍먹,Yong,2,4.15,50.89,377.65,0.99,46.97,61.11
한뚝배기마스터,KR1,1,4.15,56.77,454.58,0.92,48.98,24년도전역입니다,KR1,3,3.03,43.65,374.01,0.74,0.00,64.71
저시나,KR1,1,6.34,55.58,458.81,0.80,57.14,뉴진스삼촌팬,KR312,0,4.37,59.38,352.52,1.85,50.00,51.85
개돼지,dgpg,3,3.48,38.22,384.31,1.08,72.22,lHluman,KR1,4,4.25,51.82,380.15,0.90,49.42,66.67
이석현 도구,KR1,0,3.93,51.76,310.19,1.72,47.37,boiled dumplings,KR1,1,4.17,45.27,376.75,1.07,48.30,71.43
마유치,Liyuu,3,1.21,47.25,380.51,0.72,51.85,식케이,권민식,2,3.20,42.00,403.07,0.65,49.47,42.86
95392551del,KR1,1,3.97,54.90,393.46,0.82,75.31,자기야라면좀,KR1,0,5.94,61.33,280.91,2.34,52.40,60.00
아이응맨,KR1,1,5.06,48.50,423.21,1.03,53.75,나도 잘하고 싶어,1111,2,3.03,34.50,418.71,0.73,50.66,41.67
아이응맨,KR1,1,5.06,48.50,423.21,1.03,53.75,23 July,KR1,2,5.87,44.93,350.82,1.02,50.97,60.00
즐겜용,탑바루스,3,3.19,53.53,434.36,0.72,62.50,갑각류fan,NOT,2,4.54,44.29,396.21,0.58,60.00,56.00
아침이싫어,KR1,0,3.85,55.38,286.54,2.34,57.38,격분유발협곡,KR1,2,3.20,47.29,391.39,0.66,54.02,60.00
花様年華,화양연화,2,2.61,40.33,388.29,1.17,50.00,별수호자까루,106,4,3.87,45.25,374.67,0.90,47.30,53.57
we lover,S 2,0,3.33,59.91,304.49,2.19,68.00,we loves,kr2,1,4.29,56.50,481.62,0.99,0.00,65.22
hejunfans,KR1,0,5.92,62.41,318.00,2.61,67.27,3an,KR1,1,3.45,56.77,399.65,0.96,46.72,46.15
유미장인 윰윰이,KR3,0,4.51,56.12,334.05,1.79,63.16,망고먹다왜망고징,KR1,1,3.29,54.12,422.83,0.98,55.77,56.00
조하트양말,KR1,1,4.30,53.27,367.19,1.04,54.17,미드품앗이,KR1,2,3.40,54.00,377.49,1.15,48.84,50.00
자치로운삶,KR1,0,3.01,52.26,325.33,2.21,50.00,너구리섭취중,KR1,0,4.01,52.07,346.23,1.51,51.79,48.15
또또또 까분당,확그냥,3,3.18,42.11,384.62,0.72,52.08,파디샤,1221,2,3.29,40.82,351.18,0.91,51.75,58.82
티 격,KR1,0,4.04,51.00,259.89,2.19,51.47,녹 번,KR1,1,2.99,57.62,423.20,0.73,57.33,66.67
곽팔돈,KR1,3,4.85,56.47,453.58,1.07,0.00,노갱시블루먹음,KR1,2,4.50,51.57,377.78,1.08,51.61,56.25
화 못참는 사람,KR1,2,5.68,53.14,440.05,0.87,44.64,정평게이밍,kr2,1,3.67,55.23,380.54,1.39,0.00,66.67
째미닝,KR1,4,5.58,54.18,392.15,0.92,48.57,씨몽키 초장 국밥,KR1,0,3.34,49.93,334.89,1.65,57.83,76.47
범인탐지견,KR1,4,5.00,50.42,404.94,1.10,37.50,벌써이십대,KR1,3,3.08,40.75,383.92,0.92,50.00,38.46
안녕바보들,KR1,4,4.00,48.40,408.86,0.83,53.25,꽃피느 봄날속의,1213,3,2.88,48.70,410.52,0.76,48.13,57.14
Wade Williams,KR1,0,4.61,54.67,377.61,1.37,54.88,화창한토요일,KR1,4,3.95,44.36,360.81,0.97,48.87,68.75
Übermensch,vida,2,2.73,43.89,430.17,0.64,52.60,勝ちたい,PLZ,1,4.64,50.80,444.31,0.74,73.33,52.17
exys,KR1,1,4.09,51.50,431.90,0.89,46.59,분노절망배신증오,KR1,2,2.30,45.38,335.43,1.37,51.98,71.43
Bobmukjja,KR1,4,3.69,53.40,372.31,1.01,72.73,클린한명예소환사,kr2,3,2.75,40.45,379.75,0.81,51.55,60.00
올 마이트,나히아KR,2,2.49,45.00,381.12,0.72,47.45,히키코모리김지환,KR2,1,2.45,43.35,380.73,0.94,51.09,57.14
따라하지말라고,εïз,3,5.54,48.00,368.44,1.10,51.92,Tei,Pill,3,2.75,40.06,390.00,0.47,62.96,81.82
봉 명 초,KR1,1,5.09,55.30,422.80,0.76,63.24,네 봄,KR1,0,5.75,59.00,260.25,2.05,45.61,56.67
되 냐,KR1,4,2.52,49.95,373.60,0.67,52.50,Advocate,KR1,2,2.61,41.62,395.99,0.57,55.38,30.00
어디든지갈게용,KR1,1,2.84,48.33,412.09,0.64,50.46,와드자판기,KR1,0,3.48,57.70,267.70,2.30,55.56,61.54
2창우,KR1,0,5.05,60.20,278.13,2.42,70.00,기우스엉,KR2,1,4.23,52.69,412.90,0.87,55.12,75.00
솔랭의제왕 석현,7790,1,5.12,57.33,414.41,0.94,59.66,jishiyu,hyu,2,4.26,49.40,386.60,0.87,53.10,66.67
강새에로이,KR1,0,2.37,47.40,254.05,2.17,83.33,러플광,KR1,1,2.17,44.00,361.66,0.86,83.33,60.00
나는 이 게임을 해봤어요,한 번 더,1,3.18,47.60,410.12,0.52,42.42,채팅안봄,K23,2,5.48,42.00,390.53,0.75,45.23,52.38
1apodo,KR1,4,6.62,56.83,405.31,1.29,0.00,신덕리,KR1,2,3.85,46.58,374.71,0.95,71.43,60.00
꽁 설,KR1,3,3.46,50.50,435.48,0.69,53.85,초록색,연 두,2,3.44,42.71,402.72,0.93,53.15,70.00
반짝반짝 최금쪽,KR1,0,9.91,57.50,250.89,2.30,57.69,류선생,KR1,1,4.90,37.67,355.84,0.77,52.94,72.00
낌찌원,KR1,2,5.04,50.06,426.51,0.78,50.72,너는쓰레기에요,0622,3,3.03,34.38,376.82,0.42,0.00,60.87
클라나스,KR1,1,3.73,52.33,452.74,0.99,53.00,26세황금동김민회,0000,4,2.88,51.27,352.19,1.66,53.12,64.29
태섭 제자1호,KR1,1,4.95,54.61,436.12,0.70,63.41,칼집꼬리 박쥐,KR1,3,2.33,37.65,386.02,0.66,0.00,66.67
너원딜재능없다고,정글가,3,4.30,50.17,407.62,0.71,48.47,탑가만히있자,KR1,4,4.00,47.50,359.66,0.97,55.36,86.67
5년늙은 구마유시,KR1,1,4.30,60.62,499.98,0.91,44.50,서울 명소 해운대,KR1,0,6.17,54.89,341.83,1.73,0.00,66.67
할수있다 나라면,1202,1,4.51,49.00,393.27,0.72,52.53,김밥처럼달콤해,두산베어스,2,4.31,51.79,342.45,0.95,48.98,35.00
고광윤,KR2,2,5.64,49.00,400.18,0.97,49.53,비싼참치,KR1,1,2.66,42.33,358.65,0.81,52.50,58.33
남자주인공,6207,2,3.87,50.18,385.88,0.84,48.28,Pachycephalosau,박치기공룡,3,3.45,48.42,405.06,0.60,53.85,70.00
내가 제일 잘낫찌,독재자,4,3.46,54.45,361.68,0.70,62.07,JUNHYEON,AHN,0,1.73,43.00,336.93,1.42,54.12,69.23
음악과,KR1,3,4.01,33.60,354.79,0.86,38.89,젊고병든,딩딩딩딩딩,2,5.63,49.47,444.61,0.77,0.00,84.21
웃긴웃긴,KR2,3,2.62,41.75,417.64,0.78,48.00,뚜크리따크리,KR1,2,4.09,48.65,394.32,1.08,65.52,50.00
캐치김,KR1,1,3.99,51.24,363.56,0.90,57.14,이기꼬야,아기맹수,1,4.59,45.88,404.76,0.93,54.55,58.33
캐치김,KR1,1,3.99,51.24,363.56,0.90,57.14,뚝배기 찍어버려,KR1,4,6.06,49.07,405.47,0.88,46.25,54.55
애니비왈,KR1,2,7.41,43.33,364.24,0.94,72.22,XiJinPingSexyBoy,KR1,3,3.85,37.90,301.49,0.80,53.64,69.23
똘망코,KR1,4,4.62,56.67,403.05,0.98,47.54,두부한모세,KR1,4,4.07,53.00,398.24,1.12,50.15,30.77
똘망코,KR1,4,4.62,56.67,403.05,0.98,47.54,민주 광배 쌈무,KR1,-1,0,0,0,0,0,80.00
조코파이,KR1,2,3.78,43.44,421.17,0.67,60.61,마법공학문재인3,KR1,0,2.98,49.00,307.55,2.51,55.93,57.89
조코파이,KR1,2,3.78,43.44,421.17,0.67,60.61,Ocurt,KR1,2,4.44,48.00,354.66,0.65,48.15,63.64
윤현호,KR1,1,3.69,44.92,369.31,0.81,53.85,지나가던돌맹이,KR1,0,3.13,53.91,278.59,2.60,46.81,32.14
혹시삼국지좋아하시나요,三國志,2,5.28,48.00,377.58,1.04,62.50,똘망코,KR1,4,4.62,56.67,403.05,0.98,47.54,80.00
혹시삼국지좋아하시나요,三國志,2,5.28,48.00,377.58,1.04,62.50,포악한 도토리햄,KR1,3,5.01,36.50,397.61,0.60,60.00,70.00
Migung,KR1,3,4.90,44.93,407.18,0.90,0.00,다 운,0413,2,5.65,41.21,341.00,1.06,50.75,76.47
동탄센트럴정형외과,KR92,1,3.55,51.11,393.58,0.61,44.79,윤하찡사랑해윤,KR1,3,3.66,42.00,376.05,0.81,53.66,45.45
싱싱한배추,KR1,2,1.86,43.21,358.84,0.70,57.69,CELINE,55555,3,2.19,49.43,401.66,0.80,47.62,38.89
나를 꼭 지켜줘,DM해,3,2.25,37.72,370.41,1.02,52.38,길가다비비탄맞음,KR1,2,3.86,48.75,394.12,0.73,67.39,60.00
NIKE,NICE,1,3.44,52.83,381.68,1.12,32.00,공 주,LOVE,0,8.05,59.50,302.83,1.82,47.18,83.33
한밤에 한침대,KR1,3,3.37,41.83,402.57,0.82,58.70,김진섹,KR2,2,4.89,48.00,353.40,1.08,49.70,54.55
한밤에 한침대,KR1,3,3.37,41.83,402.57,0.82,58.70,원나블 디펜스,KR1,1,4.81,45.79,408.56,0.88,47.92,81.82
빈순이,KR0,2,4.18,55.18,347.88,1.04,53.52,Bepo,북극곰밍크,3,4.09,53.50,381.94,0.73,43.92,40.00
김창영,KR1,2,6.86,53.50,339.26,1.52,76.47,깡패민우,KR1,3,2.75,41.14,379.49,0.65,51.91,76.47
김창영,KR1,2,6.86,53.50,339.26,1.52,76.47,ghanyi,KR1,4,5.13,43.87,368.39,1.16,66.04,58.33
개 민 수,1559,2,4.10,43.53,434.40,0.49,58.16,김준석,9485,3,2.73,38.52,384.73,0.75,0.00,73.33
애국한양선봉공대,열혈에너지,3,2.87,46.88,435.64,0.70,38.46,태 쿡,KR1,0,4.43,54.50,344.30,2.03,44.44,40.00
지구는 네모다,각개전투,0,5.71,57.40,306.26,1.79,0.00,패왕 김찬,KR1,2,2.65,46.00,379.45,0.59,72.73,64.00
연 식빵,KR1,0,3.98,59.20,313.35,2.28,37.23,하 마,4639,2,3.04,42.22,364.11,0.88,47.01,58.82
냥멍냐냥,KR1,2,3.42,49.00,443.69,0.85,54.55,연 슬,εïз,0,3.48,54.44,297.94,2.10,0.00,60.00
제발핑좀들어제발,KR1,2,2.62,47.26,350.00,0.97,47.37,Born to be,Life,3,3.95,41.40,372.37,1.11,51.85,33.33
왜또뭐가문젠데,KR1,4,5.53,55.33,393.37,0.83,47.32,해적왕이된사나이,KR1,1,5.01,51.44,437.66,0.56,49.17,46.15
Vsync,KR1,3,3.98,39.75,401.70,0.62,54.46,Amnolys,KR1,2,3.95,48.38,395.06,0.60,50.93,70.00
단단묵직탄탄,KR1,0,3.52,56.33,268.06,2.10,38.89,아니진짜머해,kr25,1,3.40,53.89,429.02,0.58,55.80,68.75
유브2,KR2,4,3.47,57.30,368.95,1.35,50.00,심술두꺼비,건들이지마,2,4.39,49.15,378.86,0.92,54.01,66.67
김순혁,KR7,1,4.04,43.80,370.57,1.05,50.44,호호허허히히,KR1,3,4.04,42.46,422.50,0.61,50.00,52.94
kogie,KR1,0,5.52,62.00,263.42,1.61,42.86,DAK kogie,KR1,1,2.11,47.15,363.49,0.43,47.91,53.33
타워에서받아먹자,KR1,0,4.75,62.08,336.43,1.54,54.49,동탄 최재혁,KR2,1,5.87,51.00,415.01,0.77,62.28,57.14
쫏해피롱,KR1,2,6.85,50.67,423.91,0.81,55.56,T1 Keria,sk1,0,4.44,49.67,263.49,2.33,51.14,56.67
있긴있잖아,KR1,1,3.68,48.50,419.52,0.73,80.00,설탕닢,Maybe,2,3.14,42.88,347.18,1.03,48.63,46.15
태 양,KR111,2,3.40,49.00,386.96,0.78,52.00,장례식장에서윈드밀,kimch,3,2.34,49.62,396.85,0.78,46.70,44.83
볼베보다콜라잘빰,KR1,1,4.00,51.83,315.95,1.53,50.43,꽃 피면 돌아갈게,KR1,0,3.68,48.67,266.20,1.78,53.04,43.75
MelodySound,2853,0,4.97,50.29,300.07,1.64,51.67,아이스초코빵,5885,1,4.27,46.40,353.30,0.97,100.00,50.00
김대중,QWE,1,3.87,40.44,375.43,0.51,50.87,백 호,132,0,2.75,46.56,309.97,1.41,51.83,44.83
초코라떼먹고싶당,KR1,2,4.28,48.80,388.34,0.78,56.00,나 김지율 행동으로 보여주겠다,KR2,0,2.73,46.67,275.20,1.99,50.62,66.67
개구리 뽀글이,4700,4,4.00,53.06,400.11,0.71,55.56,김재힝,KR1,0,2.91,47.72,335.59,1.15,50.70,38.46
원조쎈놈,KR1,0,4.63,61.38,267.53,2.16,33.33,Looz,KR1,1,2.87,47.53,407.52,0.62,53.33,47.37
영도구 사포장인,138,3,3.51,48.86,400.27,0.78,0.00,공부접다,KR1,2,4.21,43.50,367.83,0.60,49.52,44.44
원하는게 없,KR1,1,4.89,61.94,502.15,0.59,0.00,쓸모없는서어폿,KR1,0,5.52,58.10,288.68,2.06,0.00,73.33
Rsyozu,0517,2,2.85,46.38,392.67,0.73,56.70,작 촌,KR1,0,3.59,58.00,331.57,1.84,0.00,20.00
한 통 속,KR2,1,6.34,53.36,492.83,0.83,63.64,뭐하냐ヲヲヲヲ,ヲヲヲ,0,5.00,47.80,270.89,2.86,41.67,65.00
저글링,5050,2,5.97,55.82,431.13,1.00,55.05,진해김승달,1111,4,2.21,46.50,415.79,0.78,51.99,81.82
힐써도 죽어,KR1,0,5.33,57.56,375.32,1.41,48.98,개변태,개변태,1,1.71,40.12,388.17,0.53,41.51,77.78
힐써도 죽어,KR1,0,5.33,57.56,375.32,1.41,48.98,연습용계정,7911,0,6.41,53.40,281.36,2.31,52.51,27.27
동생누나,0807,2,5.71,48.29,455.26,0.58,0.00,리산드라,kr71,3,2.75,46.14,408.20,0.70,52.11,85.00
동생누나,0807,2,5.71,48.29,455.26,0.58,0.00,첫 눈,kr33,0,2.40,42.60,296.45,1.62,50.87,40.00
장금순,KR1,2,3.88,51.94,419.27,0.78,0.00,Sh BIN,KR1,1,3.26,42.40,387.01,0.65,51.75,48.00
잣 야,랏 칸,1,4.44,51.12,387.42,0.90,52.63,오줌싸개,7744,0,4.50,57.33,326.16,1.47,52.63,48.15
소금이 죽으면,죽 염,0,4.54,61.69,342.39,2.17,57.24,송파구 치료사,0624,1,3.39,47.60,357.80,0.90,49.08,33.33
치즈카츠,돈카츠,0,6.49,45.05,344.22,1.44,76.92,927화요일,KR1,2,5.13,47.53,458.23,0.60,68.75,70.00
나뒤만보고갈래,KR2,0,4.25,45.88,324.65,1.21,54.55,환 희,폼미치따,1,4.63,47.00,348.29,1.36,47.81,70.00
경 민,0126,4,5.48,57.50,398.40,0.76,58.44,정신꽉잡아,KR1,1,4.46,47.15,384.32,0.88,52.44,70.83
베인허벅지핥짝핥,KR1,2,2.99,43.79,378.23,0.75,49.02,미션달성이벤트,KR1,4,3.28,55.86,364.69,1.02,48.86,47.06
찌앙크미,KR1,2,5.28,46.00,356.78,1.22,51.11,공3업시즈탱크,KR3,2,1.83,49.10,375.70,0.65,57.69,53.85
메 스,KR1,0,4.25,48.00,290.34,2.26,48.96,2종보통 누누운전,KR1,2,2.46,45.33,366.57,1.03,46.09,63.64
Jazz Standard,KR1,0,3.03,53.00,254.34,2.19,69.77,오버액션꼬마곰,KR1,3,3.98,28.17,324.02,0.65,53.33,40.00
가지무침,가지가지,2,2.86,49.89,433.94,0.79,46.70,방구뀌고싶다,0606,4,5.00,51.68,432.38,1.08,52.60,66.67
빵굽는 유미,블랑제,0,6.75,35.00,247.59,1.84,51.06,내가조련한야옹이,KR1,1,5.02,55.14,482.32,0.53,56.12,35.29
힘들게하지마렁,KR1,4,5.43,59.55,427.66,0.93,75.00,sorry my bad,0123,0,3.37,55.31,330.45,1.52,48.68,62.50
봄날의 햇살,smile,3,2.58,42.22,410.20,0.63,52.63,나이먹기싫다,3686,0,3.49,58.67,286.18,2.52,49.49,40.00
nniqp,KR1,1,4.19,47.21,377.72,0.93,50.00,천하무적양짐승,KR1,4,4.40,52.31,385.76,1.09,53.33,38.46
용감하지못한사람,KR1,0,3.54,54.00,266.08,2.42,54.12,절실하지못한사람,KR1,1,3.40,48.62,377.66,0.49,54.12,51.72
TGS NaRak,KR1,1,4.53,46.89,365.75,1.14,45.97,너만의겜을해,mute,0,4.27,48.15,314.37,1.62,51.34,64.00
메 리,KR11,1,4.92,57.12,435.24,1.07,52.17,ReturnZER0,KR1,3,3.16,39.55,332.27,0.94,49.29,61.54
메 리,KR11,1,4.92,57.12,435.24,1.07,52.17,죽기아님까무러치기,칠전팔기,0,2.46,58.17,261.94,2.45,47.22,50.00
이설아,GoetY,1,4.98,48.88,397.92,0.95,0.00,왕소금,니집가,4,3.07,53.29,350.38,0.87,46.88,60.00
blue,khkh,1,3.33,39.69,396.98,0.54,50.67,소름돋는일반인,KR1,1,4.34,44.07,396.89,0.65,52.65,55.17
천 사,42151,2,5.35,53.76,457.43,0.82,0.00,도이치 모터스 ,KR1,4,3.26,45.00,315.91,1.57,43.96,78.95
zkxh,KR1,2,4.76,44.50,440.47,0.61,0.00,坚固而沉重,鄭聖勳1,3,1.78,39.82,344.91,0.75,42.86,60.00
쑥쑥지느러미 멀록,111,4,3.72,43.22,385.46,0.97,48.15,MC武鉉,0523,4,4.98,48.38,392.19,0.87,50.00,45.45
징계 is my life,KR1,4,3.19,53.44,439.43,1.07,51.85,내잦이는황금잦이,KR1,1,2.65,47.95,421.31,0.69,40.30,76.92
초록내복트타,KR1,4,3.15,49.10,397.23,0.91,20.00,엄청 아픈 모기 ,KR1,2,3.09,38.17,404.89,0.51,54.38,62.96
Skitty,KR1,1,6.82,49.80,427.66,0.72,62.96,파카해적단,파카조아,2,3.01,44.54,394.76,0.96,54.72,56.25
qwerasdfzxfvhila,KR1,1,4.11,66.57,442.52,0.63,60.00,zI존최강재원S2,KR1,3,3.08,43.90,328.54,1.03,52.73,55.56
qwerasdfzxfvhila,KR1,1,4.11,66.57,442.52,0.63,60.00,젱 너,KR1,3,3.03,48.53,322.30,1.39,59.02,80.00
홍봉자,KR1,2,3.94,46.33,383.81,0.74,25.00,내가간다123,KR1,1,3.06,53.83,354.46,1.60,58.33,41.67
바 큥,KR1,4,4.99,51.33,395.23,0.87,62.00,이 서,022I,3,4.38,41.38,367.42,1.01,50.00,62.96
김다빈,BIN,4,5.02,52.44,395.34,1.25,94.74,정환이는 못말려,KR1,0,2.70,50.57,364.37,1.38,56.38,100.00
김다빈,BIN,4,5.02,52.44,395.34,1.25,94.74,포항양현서,KR1,3,3.42,46.64,356.13,0.77,49.46,72.73
street,vibe,1,3.55,46.38,443.77,0.79,49.48,오창섭,gang,0,4.92,55.42,267.78,2.56,52.21,54.55
유석킴,KR1,2,2.69,48.71,378.34,0.77,52.76,ELELELELE,KR1,2,3.18,44.58,384.86,0.48,50.90,53.85
인혁이달린당,KR1,0,2.34,49.77,294.40,1.70,54.23,김규민,RG20,1,4.39,45.64,349.94,0.95,55.84,44.00
문희영,KR1,4,6.67,31.00,302.65,0.59,53.12,vazirac carlcox,2027,2,3.88,23.00,345.55,0.55,51.18,53.33
장애인라이너들,2001,4,3.94,52.11,400.16,0.95,58.82,포기는배추셀때나하는말이다,kr2,1,5.33,56.47,407.29,0.95,53.15,36.36
도 구,망나니,3,3.25,46.42,346.85,1.04,61.36,매혹적인 구미호,KR1,1,2.89,45.45,363.54,1.04,43.90,70.00
종줍는 생쥐,KR1,2,2.90,50.06,423.98,0.81,58.82,あやふや,1100,3,3.18,46.43,386.72,1.20,57.04,60.00
빠담바담,KR1,1,2.61,44.50,408.66,0.68,54.47,bongjourlife,KR1,1,4.49,41.17,396.26,0.67,50.00,50.00
숙련도LEVEL5,KR1,0,4.58,58.08,301.85,2.19,0.00,오리옆구리,Duck,1,4.54,55.15,365.39,1.26,51.88,56.25
호야치,KR1,0,3.90,61.14,264.88,2.11,0.00,폐관수련하는사람,2457,4,3.94,50.22,394.95,0.81,71.43,66.67
도구는받들라,KR1,0,4.80,53.57,293.82,2.05,46.31,허 니,9905,1,4.63,52.22,421.75,0.85,55.56,82.35
아추워추어탕,5555,0,4.15,62.59,302.76,3.02,0.00,밤빵2,KR2,1,4.98,46.85,352.20,1.04,50.62,61.11
가나다마나,KR1,3,2.65,51.86,425.59,0.76,43.08,내가귀여워서미안,5870,0,6.16,55.00,251.35,1.86,65.38,58.33
혁수문,KR1,3,4.02,47.56,431.00,0.66,57.89,OI성주,KR1,4,5.78,54.00,397.27,0.95,60.00,91.67
똥 영,0418,0,8.25,49.00,256.25,1.73,0.00,오 때,오 때,1,3.34,43.40,415.69,0.70,43.75,72.73
화내는사람,화난다,3,4.52,49.75,451.65,0.73,0.00,에코넘어질때에코,KR1,0,2.75,42.50,276.00,2.04,56.88,54.55
CAPS,KR2,4,6.58,60.50,410.42,1.30,73.08,배뭉뭉댕,뭉냥뭉냥,3,2.71,47.93,372.85,1.03,50.00,76.92
애웅 김애웅,KR1,2,2.82,50.12,366.76,1.71,38.89,마라도복어,KR7,4,4.31,55.75,425.89,1.16,50.77,50.00
acme de Ia vie,KR1,0,5.30,48.45,371.18,1.38,53.33,夜 叉,Club,1,4.00,49.63,418.77,0.79,55.17,57.14
개잘죽,KR2,2,3.73,48.10,372.00,1.52,61.54,뜨거운고구마,1122,3,2.29,43.25,373.22,0.68,32.99,50.00
박 하,박 하,3,3.66,48.72,408.04,1.24,0.00,뽀 미,2007,2,3.43,45.00,375.61,0.92,68.75,46.15
비련시,KR1,0,5.75,51.83,290.19,1.97,48.97,나무숟가락,숟가락,1,4.51,34.86,379.31,0.60,60.71,60.00
일본인,KR3,1,4.36,54.54,395.93,0.93,52.50,oasis,1697,3,3.06,38.36,440.66,0.50,50.89,73.33
나는야현빈,KR1,4,5.37,60.40,452.90,0.88,73.68,LOLOch,KR1,4,4.68,55.60,429.53,0.98,55.56,64.71
꺾이는 탱커 ,KR1,3,3.70,40.33,411.14,0.48,75.00,The Crazy,애미아,3,3.30,37.30,336.44,0.70,43.48,60.00
방 크,KR1,2,2.69,42.87,380.52,0.86,50.00,i am jg,의 정,4,5.60,53.25,409.20,0.92,49.13,52.38
투리한유명구슬,8947,1,4.11,47.08,431.36,0.88,38.46,기무예준쿤,KR1,0,5.16,57.45,293.99,2.24,46.32,70.00
탑 노플 오면 킬,KR1,4,3.75,44.80,405.08,0.80,56.52,김x현,KR26,1,3.23,49.00,423.15,0.71,60.00,72.73
냉면은,물냉면,1,5.11,57.83,384.43,1.37,41.38,다영이는 듀아아아아,KR2,0,2.58,44.11,301.33,1.63,53.79,63.64
커버못가요,KR1,4,5.03,53.13,344.96,1.69,52.63,Amane Kanata,0422,2,4.61,52.69,394.51,0.78,52.27,65.22
아득한 밤,KR1,3,2.33,36.12,390.37,0.69,42.42,ting ring,KR1,1,3.28,52.31,415.55,0.71,54.76,80.00
나는 이 게임을 해봤어요,4560,0,4.38,54.81,269.09,2.61,0.00,어스름늑대,KR777,1,4.15,50.43,395.74,0.88,45.00,60.87
발 쿠 니,KR1,4,3.93,56.08,368.27,1.02,50.00,광명돌주먹,KR1,1,4.45,48.17,428.90,0.57,50.00,50.00
장원욱,KR1,3,3.04,41.10,411.07,0.78,48.44,앙노니,KR1,0,3.75,53.92,371.50,1.60,42.86,69.23
장원욱,KR1,3,3.04,41.10,411.07,0.78,48.44,박지원,KR8,1,4.83,51.68,388.23,1.07,40.00,30.00
대깨메,KR1,0,3.73,49.36,311.99,2.03,52.38,주하성똥냄새,6126,2,2.67,47.00,393.86,1.01,47.35,46.15
Streuselkuchen,KR1,0,3.43,48.00,342.02,1.28,60.00,Rest In Hope,KR1,3,2.66,43.91,343.02,1.15,70.00,53.33
정신과4범,올라프,1,2.65,41.85,372.59,0.67,0.00,Show n prv,KR1,0,3.62,55.50,289.52,2.26,55.32,57.69
めへめ,かわい,1,4.22,54.67,467.17,0.63,56.60,Lv 1 샨구리,KR1,4,2.95,49.50,330.06,1.35,64.29,73.33
고기고기물고기,KJY,0,3.54,43.20,345.74,1.25,58.36,宵崎奏,引きこもり,1,3.38,42.92,390.18,0.70,42.65,33.33
여왕새싹,KR1,1,4.55,59.42,470.63,0.56,48.00,캇 쨩,KR1,0,6.42,56.14,274.73,1.95,51.11,67.86
오로롱,오창창,1,4.54,46.38,374.39,1.44,56.82,OεO,0425,4,3.02,55.86,351.45,1.49,53.55,60.00
달려라흑순,KR1,2,5.44,40.82,425.06,0.64,38.60,251126,vvv,2,3.99,40.43,370.14,0.70,38.10,50.00
20260128만기전역,0128,2,3.34,47.00,393.27,0.77,53.73,O c O,XXXXX,2,2.14,41.44,406.72,0.70,38.64,30.77
자두에이슬,KR1,4,4.34,52.39,421.84,0.91,50.00,곤듀는탑갈래,KR1,2,3.46,45.91,387.16,0.98,56.36,68.42
아카네 리제,SANA,3,4.27,45.40,409.21,0.62,51.83,한 판 더,KR2,3,3.90,46.71,439.75,0.60,70.97,70.00
도깨비,gods,3,3.70,51.89,447.53,0.77,48.45,괴 물,무자비,3,3.06,40.88,402.06,0.54,53.33,70.00
철판무릎,KR1,4,5.44,54.42,379.85,1.01,51.61,박 통,0106,0,4.17,55.69,286.84,1.59,54.81,50.00
주다스,KR1,2,2.64,38.38,370.74,0.72,49.18,때리는 형태의 노진구,도태한남,4,2.98,57.67,418.76,0.72,53.06,46.67
고유성,KR2,3,3.46,39.62,418.43,0.49,47.83,손 1,KR1,0,2.76,51.25,330.83,1.51,54.84,23.08
우 건,2002,4,4.07,52.88,434.58,0.93,48.65,코끼리호랑이사자,KR1,1,3.84,47.40,381.56,0.89,45.57,58.33
태연이러버,KR1,4,6.13,49.33,382.69,1.16,63.28,매너채팅해,KR1,4,6.88,57.67,381.84,1.36,49.70,53.33
뿔테안경,KR1,1,3.48,49.88,437.88,0.66,50.00,coddl,KR1,0,2.93,53.20,254.74,2.66,59.05,37.04
망나니귀환,1112,2,3.44,48.29,392.30,0.74,52.48,불친절한정글러,KR1,4,2.91,53.00,334.92,1.41,42.59,50.00
AD GAP,2003,1,3.91,53.88,359.29,1.12,57.14,머리빠진 서포터,KR1,0,3.99,54.27,274.29,2.01,48.70,61.90
soldda,KR5,2,3.93,44.82,386.04,1.84,49.12,차 단,2025,1,3.31,51.89,389.37,0.86,52.29,71.43
차척병할아버지의쥐불놀이공중제비,MSC,0,3.84,61.82,289.37,2.61,37.50,z1z1z1,1234,1,2.68,51.15,384.22,0.67,48.80,38.46
한뚝배기597,KR1,4,4.43,50.25,371.19,1.00,47.00,청포도이육사,KR1,1,4.75,53.00,423.26,0.55,53.85,60.87
뭘꼬라봐,123,4,4.00,53.78,394.94,0.87,52.17,장협지,123,1,2.61,47.00,329.55,1.11,48.39,60.00
유덩덩,KR1,3,2.73,42.00,379.93,0.62,0.00,외눈검사 가츠,216,1,3.25,52.15,439.13,0.59,51.79,41.38
Melancholy Blues,KR1,1,3.19,49.80,438.88,0.85,56.41,고장난 백미러,KR1,2,2.93,48.40,349.74,0.78,45.76,61.54
1인2메뉴,2인분,2,3.60,48.00,377.50,0.71,55.08,츄라잇,KR1,3,2.58,44.60,354.67,0.72,51.82,43.75
1인2메뉴,2인분,2,3.60,48.00,377.50,0.71,55.08,쿠로롱,KR2,3,2.45,41.78,358.53,0.71,44.93,50.00
망나니 김주형,0223,3,2.55,43.58,365.62,1.17,50.85,주보리,귀여워,2,4.05,44.54,405.35,0.93,57.30,66.67
서강준박서준홍영준,3대대표준,3,2.01,43.80,357.73,0.87,48.48,넴 롱,KR1,1,3.48,54.24,454.98,0.80,100.00,46.67
제드살라고만듬,KR1,1,3.08,48.37,365.03,1.03,53.46,뜨그뜨,KR1,0,3.07,51.64,290.60,2.35,54.26,60.00
One For All,LeeTH,1,3.84,49.50,389.45,0.62,49.38,퍄퍄용,2094,2,4.59,54.73,358.79,1.05,66.67,59.09
샤 코,000,4,5.12,54.00,409.18,0.95,49.51,누르고,KR1,3,3.09,33.00,355.38,0.51,52.63,69.23
탑버리면난팀버림,KR1,3,2.61,38.20,365.52,0.60,48.41,erfwq,KR1,2,2.60,48.00,387.99,0.94,67.50,62.96
Kairas,KR1,1,3.23,49.95,386.24,1.03,56.67,Love,KR5,0,4.89,52.85,336.96,1.26,59.46,55.56
진돗개69호발령,KR5,1,2.58,51.62,406.89,0.71,54.50,조도너어마이,KR2,0,3.81,55.21,362.00,1.79,58.82,54.55
고 군,1227,1,4.02,52.33,345.88,1.37,46.67,타르타르쏘스,타타쏘,0,3.34,44.52,353.76,1.33,46.30,36.36
RangRang,KR1,3,3.74,36.29,355.16,0.73,50.73,천재kk,KR1,4,4.48,49.79,371.08,0.88,45.95,50.00
찬우야헤드쏴라,000,2,4.94,50.00,413.24,0.91,57.14,용굴기,KR1,4,5.16,56.50,382.70,0.96,50.00,61.11
찬우야헤드쏴라,000,2,4.94,50.00,413.24,0.91,57.14,골뱅이비빔국수,2437,3,2.54,42.08,375.15,0.64,45.28,75.00
Seoul,1004,1,2.51,44.37,380.52,0.76,52.05,무리는 하지마라,KR1,2,2.39,38.60,328.88,0.77,0.00,30.00
꾸우엉꾸엉,KR1,3,3.69,37.75,390.43,0.57,0.00,찬드풀,1004,3,1.86,39.40,360.57,0.70,55.06,53.33
깜찬이,KR1,1,3.21,42.88,390.51,0.60,44.90,공과 덕 ,KR1,0,4.49,50.17,338.18,1.23,53.42,91.67
Aocs,KR1,4,5.64,55.30,416.16,0.85,0.00,민초 카페라떼,KR1,0,4.00,49.62,380.44,1.46,46.88,64.71
Congratulation,KR100,0,5.82,52.33,366.53,1.83,76.92,96 JUGKING,KR96,4,4.11,50.50,329.65,1.67,83.33,66.67
Congratulation,KR100,0,5.82,52.33,366.53,1.83,76.92,메트로시카,KR1,2,2.20,38.27,348.49,0.82,51.47,66.67
ADC CARRYY,KR1,2,4.69,57.39,430.46,0.92,51.92,갱당하기장인,0908,3,2.61,34.50,363.50,0.43,50.99,64.29
컵라면,신라면,3,2.77,37.23,383.67,0.58,51.36,바지속에 룰루 궁,KR1,0,3.98,55.67,258.75,1.99,48.21,61.54
SuNg1L,KR1,0,5.37,48.15,275.14,1.88,45.68,띤 따,KR1,3,2.78,40.57,327.31,1.41,50.46,50.00
퐝라스,KR1,3,4.50,54.00,319.74,1.26,88.89,파란스님,KR96,2,5.57,47.50,342.18,1.17,47.06,76.92
삐 킹,KR1,3,5.21,54.40,383.13,0.86,0.00,바세린,글리세린,0,2.97,51.40,322.04,1.47,53.23,86.67
눈 꽃,내 린,0,5.49,61.50,266.64,1.88,42.22,Bourbon,KR11,1,4.05,50.00,421.99,0.72,58.73,47.83
아무무가 세상에서 제일 멋있어,우헤헤헤헤,4,4.20,50.40,428.26,1.19,51.69,버티고 싸워,KR1,2,3.73,38.29,325.86,1.17,45.45,60.00
떡잎방벙대,KR1,4,6.70,50.71,403.15,0.67,57.01,발베르데,KR03,1,2.39,52.17,454.25,0.60,58.93,58.82
2026 04 13,kr10,1,4.52,49.24,416.08,0.94,50.00,우치하 정스케,KR2,3,2.14,36.55,339.77,0.62,39.71,50.00
2535481706235200,KR1,4,3.81,54.24,424.22,0.89,0.00,내겐 겁은 없어,KR1,2,2.84,44.44,354.44,0.77,50.90,50.00
xiwangshu,KR1,2,5.69,50.67,416.44,0.75,51.32,6픽만 믿어요,KR1,3,2.54,39.78,388.23,0.48,49.49,64.29
안오면갖다박음,KR12,3,4.03,50.00,358.82,0.83,55.81,운이너무좋은사람,1120,2,1.87,47.11,346.95,1.01,52.36,39.13
볼비비,KR1,4,6.16,51.71,357.84,1.48,65.79,hwa zln cha,KR1,2,4.06,55.70,406.19,0.99,51.16,72.73
I밍 규I,KR1,2,2.93,50.67,399.64,0.80,60.00,원무새,3579,1,4.27,47.50,392.36,0.71,55.07,42.86
Aimyon,kor,3,2.78,37.50,386.06,0.57,55.26,승 원,KOR,4,4.15,51.75,406.87,0.88,59.70,50.00
김치현,8143,2,3.91,46.94,440.62,0.59,53.54,oasis,KR2,0,3.83,55.06,354.83,1.88,48.07,76.92
참을수있는남자,KR1,3,4.54,52.76,383.81,1.22,54.02,장미끝,KR1,2,4.59,40.00,386.83,1.22,75.00,76.92
육뽕 낙타,KR1,1,4.37,53.73,446.10,0.69,80.56,다니엘,MUC,3,2.69,33.67,364.09,0.52,28.00,61.90
로우랜드,KR1,1,3.57,45.56,385.26,1.16,77.78,인직하트만숙,KR1,2,2.81,43.07,392.40,0.84,40.98,66.67
사랑한다 이준영,KR1,4,5.21,50.36,406.88,0.94,52.94,순댕이,KR1,1,3.39,50.43,402.53,0.80,50.40,57.14
듀 옹,KR1,4,4.22,55.71,430.67,1.31,46.88,Linkin Park,0320,1,2.92,49.30,384.55,0.74,51.55,43.75
모 모,KR11,4,5.54,60.29,463.35,0.81,51.35,남 자,화싸남,4,5.30,49.62,401.91,0.72,57.69,60.00
Ga Lo Wu,KR1,2,8.35,56.88,439.69,0.93,55.00,我爱你爱宝,777,2,4.31,44.33,337.36,1.61,48.37,61.11
굿집갱,구찌갱,1,3.48,45.79,384.58,0.95,52.07,운동하기실타,KR1,2,4.59,42.55,398.37,0.95,55.56,37.50
군인이다능,KR1,0,3.53,49.59,326.80,2.42,51.83,크랙필,KR1,1,3.35,37.56,336.34,0.91,47.80,63.64
니가 정말 밉다,KR1,3,2.96,38.06,406.84,0.69,70.97,Rocket Racoon,KR1,4,6.02,53.43,444.86,0.99,53.74,85.00
쏩 뻬,KR1,4,4.94,55.24,423.00,0.98,63.27,WKWO,KR1,3,3.26,48.62,385.74,0.73,49.30,60.00
쏩 뻬,KR1,4,4.94,55.24,423.00,0.98,63.27,fengmi wei,1202,2,5.02,40.79,359.20,0.74,54.93,50.00
안경잡이여드름충,KR1,2,5.91,52.71,425.43,0.68,0.00,탑님제발힘내세요,KR1,1,3.35,48.88,370.09,1.14,51.59,100.00
Do not read chat,KR1,1,4.38,51.37,390.05,1.21,50.64,쩡 근,KR1,2,4.42,54.20,342.69,1.43,51.40,57.14
구본준이라는완벽,KR1,4,3.48,55.55,418.09,1.25,58.47,뽀로로,안경빨빨,1,4.35,61.45,379.98,1.18,46.59,61.11
장시혁,5479,1,4.66,40.00,400.86,0.75,57.89,내시반청남탓필패,KR1,0,3.38,49.33,352.84,1.83,0.00,77.27
내탓아님무조건남탓,1016,4,4.60,54.27,404.84,0.90,53.45,달의강림,KR1,2,3.32,39.88,337.36,1.06,50.54,61.54
인지해 생각해,KR1,4,4.65,55.64,421.74,0.83,54.98,행집욕부,KR777,2,5.84,43.11,364.55,0.61,54.07,38.10
우삼이,KR1,2,2.84,50.14,435.34,0.63,36.84,찰토체스,KR1,4,3.28,43.67,372.64,0.74,62.69,46.15
모찌피치,szsz,1,4.96,52.50,419.17,0.90,55.47,kitty,0 3,0,5.09,49.44,259.66,2.50,41.46,50.00
두리도치,도치단,0,2.24,56.50,296.05,1.75,57.86,그마갈여편네,잠이오냐,1,5.83,59.30,423.36,0.74,44.44,20.00
화강진는최,KR1,1,5.28,52.92,372.21,1.06,58.33,세젤예 송우기님,KR1,0,3.72,56.75,343.07,1.33,52.27,50.00
시 냥,0305,1,2.90,43.75,423.72,0.75,53.52,채 냥,1009,0,5.40,57.00,283.76,1.99,53.73,66.67
허거덩거덩스,KR33,4,5.32,55.22,336.59,1.08,62.50,天下無敵,123,2,3.25,47.17,357.18,0.70,57.81,41.67
일렌시아전사,KR1,0,3.90,50.09,309.24,1.95,58.16,알렌시아전사,KR1,1,2.90,39.33,371.64,0.76,47.87,46.67
소나만 할꼬야,KR1,4,4.09,54.67,349.91,0.77,63.89,냥 냥,폴 짝,2,4.29,42.58,355.57,1.24,47.37,36.84
ˇヘˇ,hayo,4,4.76,47.90,370.13,0.96,46.15,검은늑대단 폐급 백성대,잡아먹을게,4,5.14,51.95,356.15,1.09,48.86,58.82
미분딜러,KR1,3,2.02,46.14,399.17,0.48,50.82,방학전용계정,KR1,4,2.37,48.25,372.84,0.72,50.00,37.50
우스너클 ,KR1,0,3.89,53.84,377.68,1.08,53.01,얼랭이,KR1,2,3.35,39.89,421.95,0.61,53.19,65.22
Lamb 88,2582,2,2.37,47.78,415.35,0.70,45.13,차단하세요,5544,1,3.03,44.78,363.94,0.55,52.22,51.85
롸몽이,KR1,1,2.89,46.11,372.47,1.01,52.36,도 리,lee,0,2.69,50.90,272.19,2.22,44.00,70.00
또이킁킁,총총총총총,0,4.47,52.30,319.99,1.93,62.86,Prologue for you,YG97,4,5.09,49.33,371.40,1.13,55.07,62.96
원무새,3579,1,4.27,47.50,392.36,0.71,55.07,I밍 규I,KR1,2,2.93,50.67,399.64,0.80,60.00,42.86
원무새,3579,1,4.27,47.50,392.36,0.71,55.07,공 격,0828,0,2.37,52.80,301.23,1.88,78.26,18.18
zl존 왕zr님,KR8,1,3.77,52.61,376.29,0.87,36.36,좋다고 말해,KR1,4,2.92,42.55,367.72,0.63,50.00,42.86
Agoon,3492,3,2.67,46.40,397.48,0.88,53.40,bb2k,KR1,0,5.74,52.38,253.19,1.64,58.82,53.85
Agoon,3492,3,2.67,46.40,397.48,0.88,53.40,럴커는마린을찢어,KR1,2,3.15,45.14,395.27,0.65,54.95,36.36
별이는겁쟁이,star,0,4.30,61.12,334.23,1.76,100.00,윤공주한선월온리팬스가입한민경빈,yoon,0,2.83,48.00,342.61,1.21,53.02,64.29
살살해줄게요,KR1,4,6.68,58.73,404.14,0.99,43.64,Disfigure Blank,KR1,2,4.70,50.00,383.25,0.72,44.68,69.23
칼과 주먹 망치,KR1,3,3.62,46.73,317.61,0.89,49.23,강제집행 철거반,KR1,3,2.90,40.22,388.99,0.76,43.94,81.82
촉촉한마늘빵,KR1,0,4.05,60.75,371.10,1.39,44.16,경주이씨즈리얼,KR1,1,4.78,50.91,426.77,0.64,60.00,72.73
오도짜세기합해병,KR1,1,4.23,51.12,433.69,0.74,57.84,양성호,KR 1,4,3.45,56.45,388.08,1.30,61.29,64.71
안무서운사람,사실무섭지,2,3.27,56.50,434.09,0.82,0.00,Vanana,1021,3,2.64,35.33,353.96,0.59,52.46,48.28
탑만 감,2008,3,3.17,44.33,340.12,1.29,50.63,勇往邁進,2000,3,3.98,45.30,369.45,0.97,51.86,58.82
so1o,kr2,2,2.59,45.57,333.35,0.99,59.77,말랑야채,KR1,3,5.25,40.50,422.40,0.60,43.96,45.45
머멍이,KR1,4,5.99,55.33,423.83,1.06,0.00,뭉 치,kr7,0,5.80,65.33,257.34,1.70,49.47,70.00
윤석열,갱안오면계,3,4.27,44.45,368.43,0.76,70.97,질병게임1,123,0,6.23,50.67,257.43,2.32,36.36,69.23
갓구운닭꼬치,KR1,2,4.52,44.14,400.43,0.96,44.44,15GG,skrr,4,2.70,46.13,395.34,0.97,54.68,59.09
콩콩이금동이아리,486,3,2.04,36.33,386.14,0.55,62.16,10 JG,KR123,4,4.67,48.62,360.58,0.72,46.28,50.00
슈리마 광팬,KR1,3,6.05,45.80,372.17,0.91,0.00,yasuo й irelia,KR1,2,2.65,42.11,354.75,0.78,51.85,50.00
블라디레나 밀리제소령,핸들러 원,3,2.44,45.17,357.49,1.37,53.17,호두과자주세요,0000,1,5.09,48.75,396.53,0.73,62.07,27.27
I Need you here,KR77,4,3.88,57.00,476.90,0.83,70.59,이러다가30대까지롤하면어쩌지,2001,0,4.83,60.89,311.51,1.88,56.31,68.75
I Need you here,KR77,4,3.88,57.00,476.90,0.83,70.59,남자친구생기면롤접음,9999,0,4.27,56.00,306.30,1.78,44.88,40.00
호주머니짱돌대기,호짱대,4,3.66,54.60,419.89,0.92,53.01,김경태1234,KR1,4,4.61,50.20,417.89,0.73,49.05,63.64
잠재성장률,KR1,1,4.55,57.57,487.93,0.96,62.50,서마루주인,ISFP,0,6.02,52.57,275.53,2.18,56.29,66.67
냐 옹,ฅΟωΟฅ,0,5.24,49.67,256.00,1.68,0.00,곰 탱,까 미,3,2.89,31.90,370.10,0.71,58.89,41.67
우마무스메PD,KR1,4,4.95,61.00,437.35,0.83,58.96,혜지전문원딜조무사,3494,0,3.77,48.00,270.22,1.36,49.58,56.67
머진맨,123,2,5.64,50.21,434.85,0.97,68.42,사 샤,143,0,6.47,54.90,301.22,1.75,53.10,71.43
여우몬,KR1,3,6.93,36.67,383.27,0.53,59.49,빡치면짖느은개애,KR1,0,5.98,48.89,317.28,1.61,50.52,64.29
화성인,KR1,3,3.58,40.00,342.15,1.13,49.82,의료원폭격기,KR1,4,4.91,61.00,378.11,1.04,52.38,56.67
lhjdd,KR1,4,6.21,55.65,394.14,1.25,0.00,소름돋는일반인,KR1,1,4.34,44.07,396.89,0.65,52.65,66.67
강인하,죄송합니다,2,4.18,45.47,420.80,0.93,50.91,08김아린,고양이공듀,4,4.73,53.10,440.03,0.71,40.23,52.38
채팅끄는게답,KR1,0,4.38,54.65,343.06,1.69,53.04,1010101110111011,10101,4,2.94,48.93,353.08,1.01,72.22,68.18
짧게깎은손톱,KR1,4,2.57,50.86,338.76,1.61,54.31,키드밀리fan,KR1,2,3.96,51.80,362.57,0.95,55.97,40.00
공주는 밥,KR1,1,4.09,53.85,402.41,1.23,0.00,째 재,KR1,0,5.99,47.09,284.62,1.86,42.86,60.00
많이 피곤합니다,KR1,3,2.73,44.16,395.09,0.75,53.66,파카팀 원딜,PAKA,1,3.76,46.18,351.32,1.05,40.00,33.33
중단조자룡,KR1,2,3.79,49.17,432.19,0.72,56.43,無我之境,GAP,1,3.15,49.22,386.01,1.23,62.16,58.33
제이스못함,KR1,2,1.90,40.71,383.52,0.62,51.16,Korean favorite,KR1,4,5.07,52.93,407.36,1.15,48.53,63.64
아이돌문전규,KR1,2,6.28,51.92,366.00,1.51,75.00,윤원희,윤원희,4,4.41,45.33,375.04,0.92,56.04,75.00
yco,KR1,1,3.37,41.58,389.67,0.82,60.00,침묵의추적자,1138,0,3.98,52.62,281.34,1.87,67.16,60.00
세종시 이마트,KR1,1,4.64,51.10,423.22,0.68,0.00,세종시 한솔동,KR1,4,4.18,51.94,400.13,0.90,57.47,62.50
비 챤,고라니,4,5.17,55.90,426.33,1.20,0.00,여 울,Code,0,6.69,57.64,299.03,2.18,40.00,59.26
Enlightening,KR1,2,4.49,49.69,421.90,0.93,0.00,밥묵다배터진개구리,1009,2,3.71,44.47,385.94,0.64,58.51,64.71
역 전 틀 딱,KR1,3,3.12,39.06,362.16,0.92,51.98,쉥 호,KR1,1,4.89,53.64,377.07,1.29,0.00,73.33
연습용계정000,KR1,4,4.82,49.50,399.15,0.99,55.77,예가미데,KR1,3,1.78,39.24,364.54,0.79,46.91,42.86
니가 흰둥인거얌,KR1,0,4.27,56.56,360.72,1.60,54.60,xoix,KR1,1,3.91,47.00,353.06,1.24,53.66,40.00
니가 흰둥인거얌,KR1,0,4.27,56.56,360.72,1.60,54.60,Peyz,KR55,1,4.16,55.91,417.17,0.67,52.27,45.45
응봉산 무야호,KR2,0,5.52,49.25,334.36,1.44,0.00,지잘또,GOAT,4,3.39,42.57,309.02,1.39,52.05,69.23
퉁퉁이엄마모퉁이,만퉁퉁,0,4.42,51.62,302.87,1.80,80.00,The shy,smash,1,3.47,50.42,428.14,0.80,46.15,50.00
cscscscscscscscs,123,1,5.83,50.53,439.88,1.13,41.67,박치기공룡,입니당,1,2.90,47.07,395.69,0.68,49.78,60.00
십수딘,TFT용,4,3.64,48.67,362.70,1.39,55.47,박 초식이,KR1,0,4.38,57.17,290.17,2.37,56.07,53.85
시로히게,4784,3,2.94,49.33,397.09,0.78,46.67,HarmonicShield,kr2,4,3.24,58.42,384.62,0.76,61.11,50.00
서크몽,반역왕다리,1,4.87,45.56,375.92,1.15,52.46,szsz,1414,2,3.03,47.15,420.84,0.75,37.25,57.14
Royal HighNess,KR1,2,3.53,41.78,374.23,0.73,58.93,꽃령월,KR1,0,4.15,51.00,259.21,1.98,57.04,81.82
흙더덕,KR1,2,6.32,47.50,373.58,0.69,45.95,조형기의 소나타,KR1,3,4.69,40.00,426.67,0.66,65.38,89.47
촌 녀,KR1,2,3.59,47.57,387.56,0.89,49.10,게임수리사,KR1,3,2.35,40.85,378.34,0.72,53.18,53.33
장원영,KR21,4,6.56,57.27,411.41,0.90,54.96,영구와땡칠이띠리리리리리,KR1,0,7.31,51.05,348.80,1.58,49.60,73.33
쌍수달,KR1,2,4.66,46.42,338.73,1.26,38.89,기 어,KR1,0,3.25,42.71,328.17,1.21,49.21,64.00
감자마을연쇄케찹마,맥도날드,2,6.46,58.40,459.41,0.52,61.11,채헝숭,KR1,3,4.46,40.00,388.63,0.75,50.29,71.43
감자마을연쇄케찹마,맥도날드,2,6.46,58.40,459.41,0.52,61.11,HeavyMental,KOR1,4,4.65,49.86,416.46,0.55,43.97,63.64
Gras ipeksseu,KR1,3,1.94,33.13,368.14,0.75,0.00,어등산육두선인,dkqdk,3,2.45,43.69,395.77,0.78,0.00,55.17
죽기장인,9804,3,3.01,43.75,400.65,0.83,63.33,스물다섯번째 밤,9804,2,3.42,42.60,388.17,0.86,62.50,60.87
개 패 는 놈,KR1,3,4.48,44.84,440.71,0.90,48.77,나 여기까지 할게,KR2,4,4.12,55.33,376.02,0.81,44.86,46.15
죽는거는페이커,KR1,4,5.85,60.81,422.54,1.10,50.00,winters coming,KR1,3,3.52,39.44,401.01,0.76,50.00,56.25
죽는거는페이커,KR1,4,5.85,60.81,422.54,1.10,50.00,링 클,과레터,3,3.22,43.21,421.18,0.50,76.47,66.67
논불방,KR1,3,3.49,44.29,441.54,0.52,49.21,윰 윰,Ker10,0,3.48,53.89,267.52,2.07,68.29,50.00
양토끼,KR1,1,4.09,54.55,441.45,0.79,57.89,2민재,KR1,0,4.43,54.50,355.90,1.61,49.30,70.00
iwnoo020,KR1,3,3.07,44.15,425.24,0.48,60.00,DW Jaevy,KR1,2,3.61,47.65,366.49,1.02,38.89,50.00
2026년1월19일,전 역,1,4.96,47.08,422.58,0.84,0.00,산타난쟁이,요 정,0,4.24,57.56,280.95,2.25,49.35,52.63
뒹굴뒹굴판다,KR2,0,3.50,52.95,339.86,1.45,58.06,xnx,xxxxx,1,2.94,43.64,375.60,0.84,58.82,42.11
원딜 버프 시급,KR1,3,3.68,36.62,393.84,0.65,57.81,사회적악성재고,KR1,4,4.36,49.85,386.53,0.82,52.17,57.14
갱가면킬양보좀,KR1,4,3.44,53.67,415.88,0.82,50.00,유니꾸,지니꾸,4,2.34,42.09,344.58,0.97,51.44,30.77
갱가면킬양보좀,KR1,4,3.44,53.67,415.88,0.82,50.00,코카콜라공장,KR1,1,3.71,49.59,421.60,0.83,51.10,54.55
어짜피니못올라가,KR1,0,5.55,58.56,307.62,2.18,0.00,상상이현실이될때,KR1,2,4.00,34.64,343.00,0.80,61.54,72.73
훈남태근,KR1,4,4.89,58.00,382.79,1.47,0.00,배부르게먹는사람,KR1,3,3.43,34.50,397.54,0.68,47.06,69.23
프로미스나인 이채영,감자칩,2,3.73,53.65,403.41,0.93,55.17,두 영,0417,3,3.01,39.73,369.17,0.88,46.75,53.33
역법하면머리박음,KR1,2,3.25,49.95,386.81,1.43,57.14,하체절단 망나니,KR1,3,2.62,35.06,400.70,0.69,50.00,41.67
임하율,KR2,0,7.05,61.00,272.16,1.90,0.00,팔도꼬꼬면,KR1,0,4.54,63.25,375.52,1.43,66.67,50.00
딸기쌍쌍bar,1879,0,4.34,54.38,289.16,1.77,64.29,꿀 먹는 꼬뇨,KR2,2,4.81,45.67,373.78,0.96,61.54,58.82
Last Whisper,숨 결,0,4.37,54.33,339.91,1.76,0.00,RIzZ,929,1,4.29,48.70,429.48,0.81,0.00,52.17
Toon Zorc,KR1,4,4.70,57.46,431.28,0.77,71.43,Vol Jin,KR1,2,4.29,43.67,369.11,0.88,58.48,58.82
캡틴토끼,KR1,1,3.77,40.67,392.23,0.84,65.96,예쁜산,san,0,3.27,42.00,306.21,1.38,83.33,70.83
망 라,KR1,2,6.54,47.22,391.34,0.85,58.82,eazynew,o3o,4,3.29,53.14,402.42,0.89,52.75,57.14
돌진기 300초,가붕가붕,3,2.69,39.83,377.71,0.82,47.50,완전 맛있는,KR1,4,5.39,52.00,364.27,0.80,47.62,54.55
happy study,KR1,1,3.68,46.05,433.85,0.81,78.57,frozzen,KR1,1,3.44,52.82,375.24,0.82,44.90,81.82
반오십 룡,KR1,3,3.97,41.86,440.79,0.52,58.33,케익의 평화,AKMU,4,4.27,53.33,408.03,1.05,61.40,73.33
08원딜 잘부탁,KR1,1,4.41,50.92,397.28,0.91,51.16,담배 여자 술,KR12,0,4.03,56.92,329.24,1.92,41.86,56.25
08원딜 잘부탁,KR1,1,4.41,50.92,397.28,0.91,51.16,널 뱅,KR11,2,3.95,47.00,364.65,0.67,52.17,57.14
족가쉬바럼아,KR1,0,5.56,65.27,328.52,2.21,48.39,Kim Tae Hong,KR1,0,3.99,51.69,326.16,1.98,54.43,45.00
Gen G Chocovy,MID,2,4.60,51.09,389.08,0.96,60.24,Perrytheplatypus,KR1,4,4.65,56.18,392.11,1.00,44.74,45.45
바닐라셰이크,KR1,3,3.11,36.43,407.79,0.55,80.00,ol렐,KR1,2,3.99,46.10,376.29,0.64,60.00,66.67
노오오오오옥턴,KR1,0,3.33,53.15,331.11,1.42,56.60,히스이,일륜회,0,4.52,52.25,324.69,1.56,51.25,30.77
Chama,yaso,2,3.93,48.71,384.47,0.69,50.58,이타적인정글러,KR23,4,6.26,52.00,407.39,0.85,58.33,53.85
팬티안에 룰루궁,커져라,0,4.65,55.80,272.07,2.24,54.81,굳건한딜두,kr2,1,4.77,57.57,493.75,0.62,41.51,63.64
흔한건싫은솔의눈성애자엄준식,KR1,0,2.28,54.00,326.28,2.67,40.00,past master,BNH,4,1.84,48.17,379.16,0.80,43.75,43.75
죽어서집가는사람,9816,4,4.41,53.35,434.40,0.91,48.24,잠자기 좋은 날,KR1,2,3.32,42.29,371.27,0.77,68.00,64.29
혁주손,KR1,2,2.65,46.00,391.73,0.90,56.25,장군봉 어린이집,Arado,0,2.54,46.45,320.20,1.31,50.00,41.18
내 세상은 너였어,마지막으로,1,2.85,42.50,355.87,1.05,0.00,볼베상향해야됨,KR1,3,2.57,38.88,334.85,0.85,56.25,66.67
예의범털,5339,0,3.39,49.94,360.73,1.39,45.45,협곡 섬나라,KR1,1,4.18,49.33,378.10,1.44,53.16,55.00
예의범털,5339,0,3.39,49.94,360.73,1.39,45.45,내이름은진돗개,KR1,0,3.14,50.19,367.85,1.65,0.00,80.00
풍동나부랭이,KR1,2,4.68,54.29,379.33,1.04,58.82,전판 그년,범인은그놈,3,3.76,42.41,350.98,1.11,50.79,51.72
바보와또랑,KR1,3,2.35,41.67,377.89,0.86,63.64,WWVVWVVWW,KR1,4,5.74,48.00,396.65,1.01,64.00,33.33
lilillliiillll,KR1,3,2.93,37.95,396.10,0.80,70.45,외로운건영이,KR1,4,6.38,52.88,370.14,1.44,59.44,72.41
목표설정,KR1,4,5.26,60.30,437.68,0.78,51.04,찬 빈 최,KR1,4,3.90,38.64,383.15,0.93,55.86,73.33
Rest In Hope,KR1,3,2.66,43.91,343.02,1.15,70.00,Streuselkuchen,KR1,0,3.43,48.00,342.02,1.28,60.00,53.33
Rest In Hope,KR1,3,2.66,43.91,343.02,1.15,70.00,Jkxcd,KR1,3,3.61,43.82,313.34,1.08,0.00,50.00
어째서일까,KR1,2,4.11,53.81,398.24,0.76,55.17,쥐드뤠건,KR1,0,3.05,47.92,290.57,1.92,53.65,56.25
인화성 물질,KR2,1,5.15,55.75,355.33,1.72,59.09,동성고4년제,KR1,3,3.26,38.50,397.75,0.72,47.12,69.23
극복할 것,KR2,2,4.70,54.05,378.44,1.07,56.25,태극기,123,0,4.01,50.80,351.51,1.71,41.30,54.55
loseyongseok,KR1,3,3.67,34.83,356.97,0.55,51.67,yongyong1101,1101,4,3.79,52.08,357.16,1.15,55.00,58.62
독일산 유모차,BMW,1,3.79,51.20,448.45,0.51,45.63,채팅안봄,K23,2,5.48,42.00,390.53,0.75,45.23,66.67
핑보면빼라좀,KR1,4,4.16,52.16,408.84,1.09,0.00,何もなかった,KR98,2,4.59,53.75,361.25,1.13,50.28,47.37
우최서또삐,KR1,3,4.25,47.70,384.18,0.98,0.00,택블로드,KR1,3,3.72,44.82,375.47,0.75,58.86,63.16
달궈진 야구빠따,KR1,3,3.80,51.75,457.75,0.65,0.00,MD킹,KR2,2,2.70,40.25,350.11,0.78,55.56,56.00
도토센,KR1,2,3.58,44.89,399.29,0.87,0.00,우원재,wujae,3,3.05,36.11,377.77,0.90,48.45,55.00
백챵럴,KR1,4,5.15,59.38,422.25,1.03,77.78,태후스,KR1,3,2.82,34.08,367.13,0.83,40.00,60.00
수 니,아 들,3,3.60,43.50,408.33,0.67,47.02,멋진남자정세원,1cm,0,2.61,48.00,381.88,1.16,52.80,61.54
Deft mind,KR1,4,3.39,54.56,394.70,0.94,18.75,으쌰라으쌰,KR77,4,3.52,52.85,401.25,1.18,49.58,72.73
Deft mind,KR1,4,3.39,54.56,394.70,0.94,18.75,vicious,jhin,1,3.31,43.69,366.00,0.95,47.89,50.00
찰빙어,KR0,0,5.04,57.00,307.62,1.79,49.77,TRIPGUIDE,0628,0,2.89,50.17,321.99,1.76,52.22,72.73
늙기싫다,0927,4,6.59,61.62,421.69,1.05,62.16,dosisis,KR1,2,4.12,41.29,364.30,0.80,48.06,65.22
우진띠,KR1,3,4.26,43.13,362.31,0.76,48.65,GODS,NJZ,1,4.84,53.27,405.52,0.85,47.80,45.45
햇     반,3881,1,3.74,60.86,467.61,0.63,70.18,룰 루,눈 누,0,5.16,58.78,325.65,1.84,71.43,64.29
야포로,야포로,1,4.71,61.24,467.72,1.51,45.97,공              주,혜   지,0,3.64,56.19,345.06,1.65,40.00,100.00
너만보면 순보,KR1,2,4.68,56.00,359.72,1.05,47.06,리리훈,KR1,1,4.00,53.69,366.99,1.31,50.43,42.86
이석호,EHK,3,3.90,48.92,406.80,0.83,66.67,Radiohead,낭만정글러,4,4.44,40.20,422.62,0.81,54.42,56.25
바보같이,KR1,1,3.83,55.75,419.51,0.92,51.23,그르릉,0421,0,7.49,54.33,250.57,1.86,44.28,35.71
김치찌개라면사리,KR2,1,3.40,42.15,390.58,0.80,51.90,오트연유라떼,KR1,0,4.71,47.00,322.83,1.52,50.26,60.00
뚱마유시,배고파,0,5.08,55.44,335.70,2.15,55.56,나는 영후,KR1,0,4.21,53.33,289.96,2.58,58.33,43.75
뚱마유시,배고파,0,5.08,55.44,335.70,2.15,55.56,원딜가는 영후,KR1,1,3.47,54.75,436.95,0.80,50.00,50.00
냥바닥할짝,000,0,5.44,54.67,258.54,2.45,60.28,EQUETA,00000,4,2.85,54.59,374.81,1.06,0.00,41.18
외 걸,KR1,2,5.11,47.82,364.67,1.33,45.45,몰 매,KR2,4,2.91,48.00,393.27,1.08,66.67,62.50
잘넣는형,KR1,4,4.72,53.30,395.03,1.25,64.29,김희은,KR1,0,8.87,60.12,270.61,2.51,50.85,43.75
루 루,OvO,0,4.40,61.00,262.77,1.98,75.00,망나니 현집사,KR1,2,3.42,51.04,371.34,1.03,56.52,29.41
ANMB,KR1,3,2.74,37.36,427.71,0.56,60.78,용용이간다,6966,0,4.65,52.26,328.61,1.54,39.29,50.00
빠스달다,KR1,2,3.44,51.86,381.65,1.19,58.82,난아직젊다,KR1,3,2.01,39.71,351.98,0.78,37.50,46.67
아람뽀,KR1,1,4.25,48.07,400.01,0.64,65.71,qq11qq11,KR1,2,1.91,27.92,376.69,0.62,77.27,50.00
HERMIONEE,KR1,0,3.82,52.23,319.94,1.45,53.00,이승민05,KR1,3,3.02,42.15,412.29,0.48,49.46,68.18
주먹곰,KR1,4,5.18,54.14,378.73,0.82,50.47,왕꼬룡,KR1,3,1.51,41.33,366.13,0.81,50.31,53.33
지모취,나는지모취,2,2.37,42.45,360.78,0.80,41.67,Benz SLS63 AMG,KR1,4,4.92,56.53,408.22,1.06,56.11,55.56
놀러왔어요I,KR1,2,3.63,41.00,357.78,0.76,51.85,판 권,KR1,3,2.54,47.50,328.58,1.30,55.56,63.33
황지선,KR1,4,6.66,58.00,415.63,1.01,50.00,하다보니여기까지,KR1,1,3.39,46.21,379.13,0.78,53.33,63.16
늙고병든바나나,KR1,1,5.55,54.08,392.31,0.93,66.67,혼자살아남기,내로남불,0,3.83,45.00,279.50,1.85,57.14,70.59
Kim Ye Bin,KR1,1,6.07,58.22,477.43,0.91,77.27,원딜그루밍,U L,0,7.11,59.50,273.15,1.84,53.49,72.22
로모띠한콩조림,KR1,3,3.57,42.40,359.76,0.71,45.71,무서운똥,똥똥똥똥똥,4,2.88,48.00,417.80,0.68,51.49,91.67
온 세상이 리선족,Maple,3,2.38,45.00,362.17,1.06,52.24,투지를 불태우며,KR1,2,2.60,44.16,361.08,0.81,45.92,57.14
우띠룩,KR1,3,3.86,41.00,313.19,1.46,56.14,깨달은사람,0000,3,1.41,29.92,340.04,0.57,45.35,70.00
인생이 참 힘드네,KR1,0,3.00,56.62,280.10,2.00,52.63,격식있는사람,KR1,0,5.71,57.43,323.76,1.51,50.49,53.33
Nike,그냐앙해,2,6.08,58.33,344.21,1.28,64.44,ZAC,KR422,3,3.99,39.25,365.15,0.93,52.00,41.67
카시카서스니달리,KR1,1,5.38,55.82,446.74,0.81,65.52,바지속에 룰루 궁,KR1,0,3.98,55.67,258.75,1.99,48.21,62.50
거북거북거북2,1243,4,4.42,39.33,357.42,1.04,44.83,빠라바라빠라바랍,KR1,3,2.35,32.00,371.09,0.74,51.23,40.00
Kainney,PJG,2,6.19,41.20,359.48,1.31,44.74,원딜 기본기,KR1,1,3.04,50.36,389.92,0.89,60.20,50.00
김민붕,KR333,3,5.97,50.00,407.03,0.75,67.44,akaps,KR135,2,7.14,52.64,372.87,1.09,58.00,68.42
제sky,kr2,4,5.55,56.48,424.99,0.89,43.88,기본만해주자,KR1,4,4.36,44.00,389.82,1.09,54.61,68.42
08년생프로지망생,KR1,1,3.16,48.56,433.72,0.73,0.00,실버 정상길,KR1,3,2.11,39.07,334.76,0.69,51.44,53.85
산 푸,KR1,1,3.00,51.57,369.85,1.37,50.88,왔다춘식이,KR1,3,2.66,43.76,364.40,0.90,53.45,40.00
너가사람이긴하냐,KR1,1,6.27,51.50,405.49,0.56,52.94,COWKlNG,KR1,0,4.45,59.93,336.55,1.77,54.62,63.33
넌 웃는게 귀여워,KR1,0,3.55,51.45,340.83,1.65,42.86,전주유민서,KR2,1,2.61,52.67,359.12,0.81,56.52,55.56
넌 웃는게 귀여워,KR1,0,3.55,51.45,340.83,1.65,42.86,백 등,KR1,1,2.41,56.61,384.24,1.26,51.96,41.67
盲目冲锋,000,1,4.53,42.79,399.52,0.64,0.00,TOP,여수밤바다,3,2.80,36.27,353.89,0.54,46.07,80.00
양딱딱,KR1,0,3.29,42.75,334.75,1.77,0.00,2822423336076576,KR1,1,3.35,53.44,391.90,1.02,0.00,30.00
Expecto Patronum,KDF,3,3.02,43.62,383.02,0.82,53.31,돈이없어영,KR1,0,3.86,52.00,363.38,1.96,54.05,50.00
밤재우다,KR1,0,1.39,42.29,310.64,1.86,53.12,Jkxcd,KR1,3,3.61,43.82,313.34,1.08,0.00,54.55
막둥이의 다락방,KR1,1,3.22,56.44,419.44,1.01,62.75,김댐비,KR1,0,1.92,52.00,283.83,2.27,49.84,50.00
탕수육 부먹 최고,KR1,2,4.33,53.78,377.53,0.91,61.54,Xiao Xiamen,CN1,2,4.69,42.00,326.52,0.74,51.16,47.06
cex is sports,adc,1,3.56,56.22,405.36,0.89,0.00,화 색,KR1,0,5.79,51.27,303.16,1.41,48.20,45.00
사각척,KR1,3,2.19,39.00,315.78,0.89,62.11,대공처장강협지,KR2,4,3.46,46.17,365.03,1.01,100.00,42.86
Coppia,KR1,3,3.22,40.86,396.03,0.77,60.98,나투투,KR1,2,2.58,44.40,392.32,0.85,55.77,61.54
faker shockwave,what,0,3.95,55.95,334.22,1.41,68.97,just solokill,KR1,1,4.13,43.73,358.69,1.10,60.61,23.08
똔요니,KR1,1,4.49,54.09,427.62,0.95,57.45,양순식,KR1,2,2.83,42.62,385.96,0.83,53.66,63.16
똔요니,KR1,1,4.49,54.09,427.62,0.95,57.45,수호왕자,KR1,0,4.90,52.15,330.38,1.47,56.62,60.00
Aseado,7777,2,3.24,47.33,434.29,0.85,65.12,evolution,KR69,1,2.42,40.31,371.38,0.69,51.78,60.00
아냐는귀여워,KR1,1,4.01,45.75,421.03,0.76,52.30,22982590del,KR1,0,3.74,50.00,274.22,2.18,51.47,61.54
Quickly,KOR,0,7.98,63.25,269.06,2.22,56.12,йiйu,KR2,1,5.02,49.50,374.29,1.14,57.41,70.00
치와와,1008,2,5.73,49.50,395.54,0.68,70.83,라면양조절장인,KR1,1,3.54,46.38,348.31,1.27,55.81,60.00
thisiskim1e,KR1,2,3.20,53.65,393.81,0.57,61.11,침착하고여유롭게,카이팅,1,5.15,51.12,361.95,1.38,48.92,47.62
알면서물어보는놈,KR1,1,6.66,59.15,395.85,1.05,0.00,OmicronXBB,24819,1,2.23,50.43,330.03,1.08,57.59,73.33
꿈꾸는 마음으로,2018,1,5.05,60.39,417.72,1.21,40.00,꺄 항,꿀 넝,0,3.82,60.29,314.48,2.13,59.26,78.57
화끈한 도끼,axe,0,4.44,47.44,401.24,0.98,51.65,원딜장인 이지은,KR1,1,5.25,50.25,422.64,0.88,50.48,53.33
화끈한 도끼,axe,0,4.44,47.44,401.24,0.98,51.65,지학이,KR1,4,4.06,55.07,398.48,1.20,42.65,58.33
버러지 요릭,버 릭,3,3.48,38.92,362.75,0.87,44.44,우에하라 아리,우 아,2,2.93,41.30,384.00,0.59,53.57,40.00
버러지 요릭,버 릭,3,3.48,38.92,362.75,0.87,44.44,mid is Gyulking,KR1,2,3.84,47.12,410.65,0.81,51.28,46.15
blue,kr113,2,3.13,49.87,402.99,0.79,54.22,WE3KND,KR1,0,4.36,52.08,313.05,1.75,52.38,60.00
그때는 너도 나를,KR1,0,3.20,54.67,304.37,2.33,52.78,잘해드릴게요,화이팅,1,5.28,51.95,426.20,0.92,49.25,60.00
승 혁,0114,4,5.22,59.70,440.43,1.10,66.67,개포동 쵸비,쵸비상,3,2.63,35.33,380.16,0.44,56.60,90.00
도피성 수면장애,KR1,3,2.57,26.33,330.64,0.40,43.86,검은색크림,000,1,4.38,49.93,368.44,1.36,48.89,71.43
souls Absorption,KR1,3,2.49,42.20,376.48,0.66,56.67,Aileri,fan,2,2.59,49.11,389.74,0.98,39.13,78.57
건이못함,0213,0,4.31,50.31,294.19,1.59,28.57,준원서,KR2,3,4.09,45.35,404.77,0.79,46.02,57.69
대모기,KR1,2,4.45,50.16,398.03,0.70,55.81,버스가없는사람,1215,1,3.62,49.38,360.83,1.46,51.31,44.44
다소 늙음,kr111,2,3.97,53.58,352.73,1.47,52.17,Akaps,전설의심지,3,2.60,43.21,401.33,0.63,54.36,66.67
당 림,KR1,4,5.52,55.50,373.70,1.63,66.13,Daru,hay,3,3.84,47.62,339.26,0.79,56.04,50.00
De una vez,wish,2,7.15,57.00,454.27,0.91,0.00,고양이,ÒωÓ,0,5.46,54.29,269.64,2.26,51.11,59.26
나넨이오,KR1,1,3.75,50.05,435.97,0.92,61.90,박현민,간헐적폭발,1,2.72,54.47,393.79,1.00,57.50,50.00
친구꺼,KR1,0,4.01,54.00,367.03,1.51,55.26,개프리,CODE,1,4.73,51.53,348.29,1.29,51.72,56.52
구르 장,KR1,3,4.45,51.74,401.33,0.91,66.67,금 똥,금 뚱,0,5.10,56.80,270.69,1.92,51.23,66.67
크림파이제조장인,KR1,3,2.53,47.24,421.53,0.67,53.12,SEALSQ,1891,4,2.81,47.96,427.35,0.72,66.67,44.44
하나이치,KR1,1,5.98,43.09,412.49,1.02,60.00,예술가12,4671,4,3.19,46.36,361.97,0.79,50.00,76.92
k7037kr,KR1,0,2.85,58.11,298.43,1.95,0.00,빌지워터 박근혜,KR1,1,4.11,50.22,379.05,1.19,50.87,50.00
INFP,조 이,2,4.57,43.00,405.73,0.93,0.00,1212,1222,4,5.86,55.81,464.50,0.73,53.61,90.00
힐 끔,1129,1,3.88,48.94,390.95,0.71,52.54,헤 헤,바 보,0,5.50,62.00,254.27,2.18,51.69,60.00
Duo,2229,4,5.54,54.60,405.03,1.01,76.12,Enchanted,4299,0,5.63,54.91,263.57,2.18,54.00,57.14
Renxinyue,0708,4,3.84,52.53,468.54,0.71,0.00,dzzz,KR1,3,1.62,42.08,419.24,0.50,62.50,62.96
5라인중원딜이롤을개처못함반박처,하지마라,0,4.50,60.78,281.19,2.27,0.00,ynnxiao,6666,4,5.54,51.88,427.05,0.78,70.37,41.67
귀엽기만 한 게 아닌 시키모리,시키모리양,2,3.55,51.42,394.55,0.73,49.21,olzlonz,KR 1,1,2.98,42.87,370.53,1.16,51.59,58.33
약하게때릴게,미안해,1,3.81,47.11,378.07,1.42,53.97,불행한 아이,개식물련,2,4.54,45.33,345.70,1.02,60.14,80.00
Viper,4350,1,4.87,59.71,446.87,0.93,66.67,젖은뷰지,6974,4,6.71,61.83,450.39,0.90,71.43,69.23
이 누,woo,4,3.95,55.69,341.91,1.67,54.55,맵못보는아이,sry,3,1.48,36.73,353.10,0.74,52.67,56.52
퀴 호,KR1,3,2.52,49.67,407.67,0.77,58.56,guysworld,KR1,1,4.72,46.00,345.29,1.10,50.33,53.33
윈 터,남 친,1,6.49,45.60,401.37,1.00,51.75,Frosi,KR1,4,4.17,52.62,389.46,1.31,60.38,72.73
삼성고불도끼,KR1,2,4.40,54.67,384.04,1.06,48.96,하츄핑,츄 츄,0,5.24,49.08,322.28,0.96,45.60,55.56
빵굽는 유미,즐겜용,0,8.85,35.25,255.54,1.76,36.36,앵 무,앵 무,1,3.73,43.44,380.84,1.09,47.92,57.14
Qiyana,YYN,3,2.41,45.25,426.25,0.72,46.34,박갱치,KR1,1,2.71,45.23,338.96,0.85,44.32,53.33
달 문 곰,KR2,0,3.96,59.28,286.56,1.91,63.64,괴 물,AP1,2,3.84,38.50,342.69,0.68,55.38,62.50
트린을 알려주겠다,킁킁킁,3,3.04,51.00,407.46,1.48,0.00,외 교,KR1,1,6.56,49.33,404.91,0.92,51.39,53.85
Dplus KIA,쇼메쇼메,2,4.94,49.06,431.28,0.79,56.99,Won Ho,3484,0,2.69,47.24,361.42,1.06,47.79,47.37
판자촌 에이스,KR1,1,5.65,43.94,412.24,0.53,52.27,Aatrox,20312,3,3.10,33.91,388.32,0.78,46.30,61.90
ThreeCond,KR1,3,2.95,37.00,386.89,0.50,54.01,Kingyong2,KR1,4,2.00,42.00,355.88,1.24,55.41,70.00
준영3,KR1,4,6.44,58.40,410.15,0.97,53.33,화니뇽,KR11,0,4.91,58.25,266.28,2.36,59.65,63.64
느님1110,KR1,2,2.45,41.56,371.44,0.88,0.00,chessoccer,KR1,0,2.44,53.00,335.83,2.58,49.69,50.00
중딩녀,KR1,4,4.33,50.95,400.82,0.97,25.81,Secretus Man,KR1,3,4.39,48.00,359.90,1.40,44.00,55.56
폐 신장 건강해요,KR1,0,5.52,58.40,333.06,2.12,61.54,병장 이은빈,KR00,1,3.87,38.55,362.96,1.04,44.74,52.63
태아니짱,KR1,0,5.37,61.00,294.90,2.35,60.22,상냥한 찬우씨,KR1,2,3.72,42.00,419.33,0.66,52.76,75.00
이렐아칼리,1791,2,2.92,50.14,388.22,0.92,76.47,천둥새,0216,2,2.99,46.15,369.57,0.83,43.24,52.63
xx서원준xx,787,1,3.33,54.86,451.04,0.87,56.45,우유맛 알파카,0325,3,3.54,44.96,380.23,1.13,29.41,50.00
춘봉박,KR101,2,4.72,47.00,386.53,1.33,68.42,요네버프는 대체 뭐냐,요네밴,0,5.78,46.18,259.15,2.34,40.00,80.00
SiRiuS1976,KR1,3,3.58,45.62,391.84,1.08,57.89,연필9,KR1,0,3.21,49.67,266.76,2.53,53.67,33.33
공공년생,KR1,3,5.75,51.05,439.81,0.73,47.37,리코PC,KR1,1,3.18,48.67,380.25,0.96,33.33,75.00
파 니,2000,2,4.73,46.40,426.31,0.76,65.00,야 곱,야 곱,4,6.55,49.55,391.30,0.97,68.75,90.00
ADADADADAD,KR3,1,5.40,49.18,402.89,0.68,53.75,초코에몽123,KR1,4,4.19,44.38,369.55,0.74,60.98,61.54
간호하는남자,KR1,1,4.07,52.08,402.16,0.85,54.68,장종현,나상규,0,4.05,53.70,272.06,2.43,55.38,78.57
날아서갈게요,KR1,2,5.65,38.86,357.45,1.15,61.90,홀리나이츠,KR2,0,3.35,58.10,350.87,1.74,39.22,55.17
박뎀숌,KR1,1,2.85,46.80,389.49,0.61,50.41,Step to Platinum,KR1,4,4.09,46.12,334.68,1.17,50.65,64.00
요들의 왕,요 들 킹,1,3.36,54.84,414.51,0.69,44.25,물망초,poro,0,4.38,54.71,257.52,2.19,41.49,29.63
犧 牲,12345,0,3.00,51.00,247.81,2.75,51.54,캐리or죽음,KR1,4,4.28,60.50,425.82,0.82,57.52,33.33
대 잡,KR1,3,3.52,45.29,395.42,0.62,60.00,사나이 송준혁,KR1,0,4.59,56.00,342.21,1.45,49.60,60.00
시원시원한솔킬,1502,2,3.57,45.25,397.36,0.78,41.38,피들이 너무약해,KR1,4,4.06,60.25,298.12,1.66,53.80,76.92
soda82126,KR1,4,5.98,51.25,381.14,1.02,0.00,원 칭,KR1,1,3.32,47.00,384.10,0.76,52.66,45.00
이상범,0627,1,3.97,50.27,391.10,1.02,0.00,KHKTW05,KR1,0,3.78,48.06,294.85,1.70,59.62,51.72
슥 넨,KR1,2,2.69,41.86,399.30,0.88,53.73,S A C,KR24,1,2.32,34.86,355.34,0.81,58.62,50.00
하늘맛시나모롤,KR1,0,3.05,55.56,328.03,1.96,52.38,T1 Chovy,2208,3,2.99,39.83,366.88,0.83,33.33,53.85
FrozenCry,KR1,2,4.95,45.00,360.28,1.27,50.00,멋있는 ID,KR1,3,4.14,41.80,351.71,0.61,64.29,53.33
FrozenCry,KR1,2,4.95,45.00,360.28,1.27,50.00,온수동 ISTJ,KR1,3,4.76,50.17,350.04,0.76,0.00,53.85
뢰명진,KR1,2,2.99,42.00,413.59,0.67,47.37,jparkitrighthere,KR1,3,3.17,39.06,414.27,0.74,43.75,80.00
낙 진,KR1,0,3.67,55.44,260.41,2.42,59.57,게임을할때에는,KR1,2,4.45,49.62,409.45,0.66,71.43,46.67
나는야유진,KR1,0,3.69,50.56,340.26,1.56,52.75,부쉬 안 애쉬,KR1,2,2.57,46.20,367.59,0.98,48.28,30.00
형빈이따까리,KR1,1,3.42,56.68,406.56,1.27,17.65,3333333333333333,h1101,0,4.69,57.75,266.47,2.80,55.76,85.71
사랑해요이건영,KR1,2,3.85,48.50,409.64,1.04,55.38,리신장인 마준영,KR1,4,3.59,57.75,415.08,1.06,77.78,66.67
지리미,KR1,1,3.65,42.91,425.95,0.49,0.00,켈롤로,동그래미,0,2.65,43.14,271.25,1.90,48.74,71.43
강 늑,KR1,2,4.94,45.00,413.62,0.96,0.00,만 덕,만 덕,4,5.38,51.25,345.79,0.96,49.33,60.00
단단김묵직,KR1,1,3.64,44.17,399.65,0.62,51.47,유자비,MID,2,3.52,53.12,338.73,1.19,54.17,33.33
엽도리,KR1,1,3.25,52.71,387.59,0.69,0.00,홍난당,까불면,0,5.39,50.25,268.04,2.24,52.74,50.00
슨 엠,KR1,0,7.23,57.30,302.88,2.20,74.07,탑쿠키,KR1,1,2.94,41.73,347.43,1.04,52.35,77.78
김릴파의애완박쥐,KR1,0,5.82,48.67,315.54,1.48,68.57,혜지는똑땅해애,KR1,3,3.13,46.25,378.21,0.61,48.65,47.62
혬니가살려볼께,오빠차이,1,4.33,45.00,385.43,1.06,80.00,혬니랑함께라면,언니차이,2,4.09,34.40,319.90,0.65,89.47,88.89
14159265358,KR1,0,7.83,54.50,252.78,2.05,53.33,기달 고추,KR1,1,5.47,46.11,359.50,1.42,45.45,53.33
야 응 칠,KR1,0,5.53,56.89,311.57,2.61,0.00,쉽게쉽게,KR 1,4,2.64,48.27,373.84,1.04,57.89,76.47
복드라이브,VOK,4,5.29,56.33,358.12,1.37,70.00,초코라떼먹고싶당,KR1,2,4.28,48.80,388.34,0.78,56.00,58.33
귤 통,KR1,3,5.05,52.17,388.72,0.83,69.23,이준뽕,KR1,2,4.37,52.10,396.09,0.92,49.29,44.44
귤 통,KR1,3,5.05,52.17,388.72,0.83,69.23,레드두개먹을래요,KR1,1,4.49,50.73,354.86,1.10,49.22,66.67
추나카,KR1,3,5.21,43.00,428.22,0.66,46.15,새싹의세계,KR1,0,3.33,46.25,284.39,1.60,72.13,27.27
정 훈,0802,4,4.83,52.45,363.74,1.37,56.25,미드는 박튜브,KR1,2,3.80,46.20,378.35,1.00,46.15,40.00
피자나라수혁공주,JMT,2,4.90,41.44,396.11,0.94,80.00,김치치즈도리아,JMT,3,3.70,49.29,412.00,0.77,42.86,70.00
금 호,KR4,4,6.79,56.67,394.82,0.77,61.45,Daisy,coco,0,6.91,53.22,260.60,2.12,50.22,45.45
죽기직전,dustn,3,3.15,36.80,378.61,0.64,51.79,Peyz,100,3,2.42,38.75,401.79,0.46,51.41,44.44
티모버섯으로캐리,KR1,0,3.18,42.25,317.21,1.42,45.61,죄 송,죄 송,2,2.52,34.38,361.29,0.94,50.57,41.67
재성2,KR2,1,5.48,58.14,429.30,1.19,56.25,왕만두왕짬뽕,KR1,1,4.12,46.50,363.23,0.44,59.62,45.45
GaeSiBalNom,KR1,4,6.81,59.00,489.15,0.90,53.85,전상독,KR2,2,3.53,50.00,316.93,0.87,48.60,83.33
GaeSiBalNom,KR1,4,6.81,59.00,489.15,0.90,53.85,마루는 다이농,KR11,4,3.92,55.50,377.58,0.91,47.77,58.33
캐 리,KR465,3,3.70,42.86,365.72,0.96,37.50,이게팀게임인가,KR1,3,2.97,41.71,379.12,0.53,54.55,70.00
카리나타,KR1,3,2.20,38.69,374.99,0.78,48.19,쳐박는데 막오름,KR1,4,3.21,48.88,377.05,0.65,51.47,55.00
뽀정이,KR1,4,4.66,57.95,423.83,0.72,0.00,Blue,87967,1,4.48,50.18,431.57,0.75,53.24,42.86
이휘전하,KR1,1,2.90,43.36,399.65,0.68,43.48,팀운차이전망롤겜,KR2,0,3.51,61.83,253.56,2.51,48.51,43.75
뇽 뇽,1115,0,3.62,55.33,276.76,2.12,55.26,김빠진용조,KR1,1,5.12,60.80,436.45,1.13,0.00,63.16
뇽 뇽,1115,0,3.62,55.33,276.76,2.12,55.26,짜장빵,KR1,1,4.92,56.43,502.70,0.93,57.69,36.36
mohage,0 2,2,2.59,45.35,401.71,0.86,57.14,친칠라,명탐정,0,3.63,54.64,308.23,1.97,54.76,46.67
ADWARD,KR1,2,2.45,42.50,381.47,0.71,45.45,맹 현,hyeon,4,3.88,46.94,381.48,0.69,51.08,25.00
ADWARD,KR1,2,2.45,42.50,381.47,0.71,45.45,굳건맨,최후의명작,3,3.58,39.00,363.18,1.20,60.66,57.14
러버덕 꿍해쪄,KR1,1,2.33,41.06,370.93,0.95,60.00,LNG Kanavi,KR1,4,3.36,47.95,428.40,0.81,35.14,46.15
고건 미안하다,1234,0,6.55,48.67,303.86,1.37,60.29,다람쥐인간,KR33,1,4.29,49.12,406.75,0.59,63.89,60.00
전효원,KR1,2,2.97,42.39,404.07,0.80,53.12,라인꼬이면 져라,SJ1,0,4.87,48.71,262.94,1.78,44.58,53.33
ONZED,KR11,2,2.87,50.23,386.25,0.76,40.00,개망나니,KR 1,3,2.25,36.00,343.41,0.64,50.38,33.33
MP4,KR0,3,3.08,51.60,340.62,0.89,0.00,xkffldidnjscoa,123,4,3.88,49.71,402.97,0.90,77.27,69.23
내닉은끊어지지않,KR1,2,3.68,44.29,367.19,0.83,52.63,Light Green,KR1,3,1.68,40.50,311.40,1.00,46.15,52.17
이걸끈다구,KR1,0,3.41,51.25,277.56,2.42,0.00,곽 권,KR1,3,4.09,46.29,380.63,0.93,51.39,72.73
02 이창호,KR1,3,2.73,37.43,345.42,0.39,48.84,찐 민 띠,9194,2,3.31,37.27,337.94,0.90,65.12,45.45
김하성,CODE,0,4.86,46.17,295.13,1.56,61.54,힘들어도꼭버틸것,KR1,2,2.55,49.24,414.16,0.87,81.82,45.45
머리는차갑게맘은뜨겁게,KR2,1,3.52,46.11,393.92,0.53,52.38,정당자 고추,KR1,0,3.67,56.78,296.21,2.13,52.63,55.17
히로혜린,KR1,1,3.74,44.60,356.27,0.87,50.00,쥐포친구막포,친구여포,0,5.69,53.14,256.37,2.51,41.18,52.94
unknowns,kor1,0,4.20,54.15,317.34,1.99,47.95,바텀차이,GAP,1,3.01,45.00,340.73,0.84,57.58,53.85
한남 김민우,2568,3,1.71,45.33,398.83,0.74,60.87,설효림,별Ol삼샵,2,4.14,42.44,375.57,0.99,53.85,50.00
선모와 윌럼프,KR1,2,3.21,45.06,376.21,1.05,58.82,발목부스케츠,kr7,3,3.62,38.38,375.69,0.88,59.09,57.14
앞 태,KR1,4,6.62,54.50,398.66,1.00,52.38,상 티,2285,1,3.17,54.88,412.99,0.92,41.67,69.23
supergate,Korea,2,3.69,42.56,398.71,0.87,53.47,도란의 트포,KR1,3,2.17,40.90,383.87,0.47,69.64,36.84
rnlrnlrhlrhl,KR1,1,2.65,56.25,366.84,1.26,46.15,밝기조절내컴퓨터,3587,2,4.08,45.67,321.39,1.60,56.25,52.17
현 욱,5020,0,4.11,47.48,348.43,1.09,34.21,Cloud,5020,3,2.62,44.41,380.82,0.81,55.93,64.29
Last Dance,Team,0,4.42,60.67,282.64,2.66,52.94,심술두꺼비,KK1,4,6.72,54.50,410.03,1.12,55.26,76.92
Leaper1,최기명,4,4.00,58.79,443.91,0.83,70.00,김해빈,0220,0,5.80,55.80,271.03,1.81,0.00,51.72
엽 아,KR1,2,3.77,50.14,361.33,0.91,55.56,달콤tv,KR1,4,4.19,58.50,380.07,1.00,50.64,36.36
lol goddam,KR1,4,6.21,60.83,396.26,0.82,44.21,L P S,KR1,1,3.78,45.58,398.17,0.89,58.06,40.00
포 탑,자동사냥,3,3.70,36.50,373.72,0.63,0.00,헤드샷,자동조준,1,4.97,41.43,357.41,0.69,38.89,47.06
끄이끄이,2909,1,3.10,39.50,358.75,0.72,50.53,멘탈관리못해요,KR1,3,4.43,43.56,367.96,1.33,51.00,46.67
영암 원펀맨,KR1,2,3.48,56.30,430.98,1.01,65.96,Swanlx,KR1,2,2.67,40.56,392.51,0.62,57.58,66.67
DARIKING,5546,3,3.76,40.50,355.60,1.13,49.32,초코우유가진리라는사실,04120,4,2.94,39.82,398.53,0.94,54.46,50.00
창녕홍준표,KR1,3,4.76,48.71,430.44,0.91,57.30,스타대장김상엽,KR1,2,2.60,41.55,320.38,0.98,51.92,66.67
인지적부조화,KR1,1,3.26,51.00,413.75,0.77,45.63,사람이없네요,7307,0,4.49,49.79,259.92,2.14,43.24,58.33
민예서,KR1,0,6.40,44.60,252.78,2.13,51.61,Keria,8799,1,4.51,62.84,474.57,0.69,51.30,55.00
INK,KR2,0,3.12,54.33,260.10,2.31,41.59,재 현,kor,1,5.12,54.17,372.99,1.01,52.22,48.15
얼굴에싸주라,KR1,4,4.12,57.36,391.07,0.95,52.63,C0C0C0C0C0D,Kr2,3,2.87,35.83,380.68,0.63,50.00,50.00
공포의 쓴맛,aaa,2,2.66,45.13,386.46,0.94,57.14,검찰개혁공수처,KR1,4,3.83,49.89,396.89,0.65,0.00,63.64
망설임만 없는자,KR1,4,4.27,59.67,347.43,0.81,50.44,나랑하면필승임,KR1,1,3.60,47.44,399.35,0.47,38.89,64.71
숨이 죽은 배추,KR1,3,2.92,47.50,368.25,0.61,50.63,봉구스박보검,KR36,4,3.28,55.62,378.69,1.02,59.46,44.44
갱 와봐 당해주나,KR1,0,5.74,58.40,315.81,1.95,52.42,x3x,0070,1,4.29,50.08,331.22,0.95,51.32,83.33
금정신동현,KR1,3,2.34,44.00,370.86,1.30,54.55,예 니,777,2,2.37,38.00,322.38,0.70,69.23,16.67
각성 서경민,KR1,4,3.41,50.71,436.24,0.87,39.47,교피루,KR1,3,2.54,45.10,391.74,0.78,50.90,41.18
도 엠,KR1,0,7.06,45.00,258.45,2.21,64.71,매력능력,KR1,1,4.18,46.80,415.47,0.68,56.06,66.67
꼬우면닷지해라,123,4,5.57,59.65,420.20,0.92,54.07,Suyya,KR1,2,4.01,43.00,368.99,1.01,55.74,73.33
찰토끼,KR1,4,3.61,45.35,398.46,1.11,54.32,우소우소짱,111,2,2.27,41.20,375.71,0.76,45.33,57.14
타릭남친이즈,KR1,2,5.27,43.43,340.05,1.26,60.00,Oner,아니에요,4,3.14,47.25,404.25,1.01,50.94,80.00
App God,기억찾기,1,3.47,48.06,422.80,0.74,61.16,앞만보고판단,KR1,3,2.51,35.57,378.24,0.80,50.91,62.50
abc11,1111,3,5.18,39.54,398.25,0.81,0.00,허 아,kr99,2,4.88,31.83,375.24,0.75,62.37,58.33
채수민,kr2,0,6.93,50.12,322.32,1.39,0.00,유 령,arpeh,0,3.36,43.33,313.38,1.47,60.75,52.94
왕와아왕와아왕아,KR1,2,4.47,50.47,341.54,0.85,51.57,제바나나,KR1,2,3.12,36.80,368.19,0.97,54.07,52.94
왕와아왕와아왕아,KR1,2,4.47,50.47,341.54,0.85,51.57,킴바나나,KR1,2,2.70,46.36,382.77,0.67,61.11,81.82
아야츠노 유니,재 해,4,3.96,55.83,404.42,1.01,56.04,주인공에게 시련을,9999,1,2.75,43.82,397.71,0.70,62.50,60.00
미안하다 말로해라,KR2,1,3.51,52.43,434.30,0.67,0.00,시간지나면,KR1,0,3.19,52.96,282.68,2.89,62.50,66.67
꾸릉이빵댕이,KR1,2,6.16,57.11,394.93,1.08,53.28,87세나종우인생최후의어그로핑퐁,KR22,2,3.26,43.62,360.70,0.91,52.61,69.57
작 교,rk1,2,4.84,51.36,429.68,0.67,48.65,이긴 은혁,ROKMC,3,4.16,44.33,355.54,1.39,46.92,62.96
Afecto,2007,3,1.96,41.80,403.50,0.36,48.74,Shinomiya K,KR3,1,2.30,49.19,391.17,1.05,55.04,46.67
주유쿤,KR1,0,3.52,56.10,267.05,2.19,50.00,겜을접어야하는디,KR1,1,4.17,42.75,431.92,0.71,61.29,56.25
Q1776707802,KR1,4,4.17,60.50,432.90,0.95,59.65,십사검희,xxzz,3,2.62,40.33,432.64,0.56,49.44,91.30
六道仙人,CN3,1,2.04,42.35,400.69,0.65,67.44,Xxxxxxxxxkxxxxxx,xxxxX,4,3.60,43.43,370.34,0.89,0.00,38.10
간질오,KR1,4,5.60,48.80,365.39,0.99,51.72,최고순,kr777,3,5.88,31.50,355.40,0.59,53.64,62.50
내잘못이야미안해,KR1,0,5.34,57.00,305.28,2.81,0.00,sdase12k4a89sd,KR93,2,3.92,49.59,368.35,0.91,54.55,45.45
규쓰이,0427,3,2.39,47.50,426.30,0.68,51.72,つOωOつ,εïз,0,5.68,52.33,258.28,1.89,48.95,70.00
성아조,KR1,0,3.90,53.00,307.02,2.25,62.03,지돗개,KR1,1,3.29,46.94,400.74,0.88,0.00,52.94
성아조,KR1,0,3.90,53.00,307.02,2.25,62.03,뽀로포로,KR1,1,3.53,45.43,370.93,0.99,50.00,54.55
제 발,이겨줘,1,4.63,50.22,428.83,0.78,66.67,해 봐,지켜줄게,0,5.11,55.00,278.60,2.74,48.68,65.00
전우치님,KR1,2,5.53,59.33,395.61,1.03,57.58,노장은 죽지않는다,1999,4,2.89,58.56,383.14,1.10,50.00,61.54
LuLu,ffff,0,7.81,55.50,278.26,2.39,80.00,Fatal,KOR,2,2.52,45.67,350.36,0.71,29.41,60.00
잠지는공주의숲속,KR1,2,4.87,58.44,396.29,0.95,63.41,KHLee117,0117,1,3.56,43.92,339.22,1.17,49.39,40.00
바 밍,Bomb,0,5.08,54.50,284.64,2.46,62.07,늑대에게 선택받은 자 스웨인,KRI,1,4.00,48.13,399.31,0.69,50.00,55.00
정병멘헤라남,파오후뚱남,0,4.38,58.21,282.98,2.22,56.25,유기해봐죽을게,KR2,2,2.95,39.75,315.70,0.92,54.15,31.25
간절해 내게와줘,KR1,2,2.99,37.50,406.97,0.58,57.63,또 그 라인이야,2020,1,4.15,45.81,405.13,0.79,45.45,64.00
폐리카나,KR1,1,4.35,41.42,404.91,0.70,65.38,너 그러다 뒤져요,KR0,1,4.50,52.82,379.27,0.88,60.66,70.00
폐리카나,KR1,1,4.35,41.42,404.91,0.70,65.38,sup세라픽,KR1,0,7.88,47.71,257.73,2.16,62.71,70.00
제육잘볶는 룰루,맛 집,0,3.98,58.29,403.78,1.41,50.30,돈많은친구들이정이많아,1052,1,5.01,56.46,412.10,1.20,50.97,56.25
kokoala77,9339,4,3.20,46.50,432.33,0.89,56.36,옥동자,OK1,2,3.21,43.33,379.49,0.57,50.00,54.55
개감수,0101,3,5.75,47.82,440.09,0.99,66.67,Stey,KR1,0,3.95,60.00,290.73,2.92,68.75,77.27
동 민,03a,2,2.35,38.73,415.05,0.64,59.26,킹뱅크,KR 1,3,2.77,38.80,398.88,0.76,48.99,45.45
always sacrifice,KR1,3,4.61,47.60,364.97,1.06,58.26,흥미가 떨어졌어,KR1,1,5.63,50.00,368.57,1.14,52.27,68.18
주차전문가,kr0,0,5.19,56.71,289.21,1.77,53.57,돌아온탕아헌선생,KR1,1,3.55,51.50,396.28,0.69,52.17,51.85
로그보태기,KR1,1,4.03,48.91,368.16,0.82,54.78,91년생티모장인,KR2,2,3.44,42.38,357.35,0.84,56.00,60.00
장래희망 쵸비,KR2,1,4.06,44.69,400.68,0.70,53.57,선 우,0121,1,3.30,45.93,398.72,0.95,53.68,58.33
미안 던져볼게,KR1,4,4.41,51.45,402.92,0.64,50.93,Hensu,KR1,1,4.55,51.33,445.06,0.82,55.38,81.82
would of lol,KR1,1,2.45,50.44,448.51,0.59,50.00,hhggyy1206,1206,3,2.96,50.39,323.98,1.07,40.74,56.52
Call Ma Names,KR1,0,5.87,56.93,317.07,2.28,51.57,짱 구,19326,4,3.92,51.71,391.09,0.73,51.75,60.00
안전불감증,안전불감증,2,3.85,43.50,404.08,0.80,40.74,니게룽다요,구라띠,4,3.28,42.81,408.36,1.08,57.81,44.00
검   사,KR100,2,3.08,48.52,407.16,0.58,56.52,롤렉스는 안돼,KR1,1,3.58,44.62,412.67,0.72,53.64,60.00
밥 텅,KR1,2,3.46,50.00,338.71,1.03,0.00,12345678del,병 충,3,2.58,39.09,371.74,0.51,59.09,54.55
늙어 지친 남자,KR1,2,2.75,43.71,377.45,0.69,44.44,상한귤,KR2,3,4.94,40.33,433.56,0.42,52.63,50.00
Cog1LMo,Hello,0,6.08,60.55,281.16,3.01,60.87,190701,KR1,1,6.02,48.36,397.41,0.97,53.10,78.57
Wither Herb,KR1,0,7.40,57.25,338.62,1.83,55.24,우리는 아름다웠기에,KR2,2,4.65,46.15,334.95,1.14,51.43,63.16
세 연,KR2,0,5.56,55.75,333.08,1.44,50.00,똥지린예수,001,4,7.16,47.00,323.80,0.90,54.17,57.89
가장 큰 위험은 위험없는 삶,7771,4,7.82,55.20,461.04,0.97,100.00,메루시보구,롤접음,3,2.54,39.80,374.41,0.55,21.74,100.00
태풍 종다리,2024,2,3.68,47.00,376.28,0.84,54.35,우직하게전체차단,고추맨,2,3.84,44.33,377.95,0.92,57.44,64.00
김민지,저에요,1,5.03,51.00,399.39,0.84,56.79,가야동 페이커,KR1,4,3.45,52.18,343.25,1.21,47.37,70.00
샤이번,KR1,4,7.04,66.00,336.46,1.04,35.00,멸 준,KR2,3,2.11,44.45,381.73,0.60,63.19,69.23
간단한거야,so ez,0,4.51,54.30,323.14,1.87,55.83,오볼리,KR1,1,4.08,51.50,416.68,0.95,30.00,75.00
옹 자,KR2,3,4.42,47.80,396.97,1.01,53.85,귀여운양,평취주루,4,2.73,43.88,382.05,0.73,50.91,61.54
Panvale,KR1,4,5.30,56.60,379.20,1.22,58.33,그냥뺄걸,KR1,3,2.14,34.06,388.41,0.64,53.73,50.00
saddas,KR1,0,3.77,61.00,280.05,2.16,46.09,Letuda,KR1,1,5.99,59.90,409.87,0.73,0.00,67.86
oH 바,KR1,1,2.63,45.14,407.75,0.73,64.00,애교천재고양이우리아들이름은블랑,BLANC,0,3.42,46.67,261.26,2.25,53.76,54.55
브라키오사우르스,연무동,4,6.78,57.89,443.69,0.95,44.44,명탐정 코난,170,2,3.77,44.46,395.92,0.47,58.89,71.43
This is 야스오,KR1,1,2.91,45.23,415.61,0.45,50.00,봄 잉,0930,0,5.88,56.25,261.41,2.34,53.45,66.67
짱귀요미김철민,KR1,2,3.10,45.21,388.24,0.75,45.45,발부에나,KR2,4,3.86,40.79,366.37,1.00,44.87,57.14
화려한 솔로킬,하모예,1,3.87,56.18,372.20,1.23,50.00,오시돌이,KR1,3,3.37,42.60,396.18,0.62,50.98,31.58
왕자 지현태,Tae,3,3.52,49.83,457.87,0.36,46.43,不死大魔王,KR111,0,2.98,50.71,297.44,2.04,67.80,58.33
해킹좀처리해라,KR1,0,3.56,56.71,343.35,1.59,49.15,롤린이 현영,KR1,1,4.16,48.25,338.35,1.40,45.65,56.67
23범,KR1,2,2.79,47.56,395.56,1.05,51.16,오큐리,KR1,0,2.79,46.50,326.83,1.72,46.15,66.67
닥치고벨트차,KR1,4,5.09,58.38,404.57,1.11,53.93,로밍간다호응해라,KR1,0,3.55,48.71,277.65,2.40,53.30,60.00
감전철거드레이븐,k r,1,4.37,52.62,392.93,0.74,0.00,夢魔者,k r,4,3.15,54.00,386.07,0.86,54.07,53.85
이만큼소중해정말로,1120,0,4.20,44.00,315.18,1.92,58.33,IIIlllIIll,su1,1,5.59,54.69,472.71,0.84,58.73,60.00
GRF Sword,KR2,3,2.50,49.29,375.62,0.88,53.16,Temu Peyz,무료배송,2,4.12,50.82,397.00,1.07,52.10,42.86
정숙한용,KR1,3,2.55,40.20,391.97,0.68,52.50,케익의 평화,AKMU,4,4.27,53.33,408.03,1.05,61.40,57.14
하 율,hayul,0,3.67,56.00,257.00,2.21,60.53,유 담,hiyo,2,3.37,47.14,390.28,0.95,58.82,41.67
미움받을 아이,0000,1,3.52,50.82,399.45,0.56,51.99,chaeheejoon,KR1,0,4.96,58.71,289.95,1.73,50.67,66.67
무엇이 이 하늘에 닿을까,0409,4,3.05,58.00,390.76,0.70,52.12,baxk,KR1,2,2.96,45.59,414.56,0.67,55.56,27.27
무엇이 이 하늘에 닿을까,0409,4,3.05,58.00,390.76,0.70,52.12,초낙k,KR1,1,3.93,53.67,420.89,0.77,40.48,50.00
노란 Jay z,KR1,0,5.46,49.67,356.11,1.53,48.72,디태일 좀 살리자,디테일,1,2.95,48.71,379.83,1.31,55.84,80.00
잠자는 왕,KR2,4,2.96,49.82,417.33,0.81,47.37,Kuby,KR2,2,3.77,43.91,360.70,0.96,55.13,67.86
조화에요,조아해요,3,3.01,63.50,441.10,0.49,0.00,말 랑,0823,0,4.28,52.86,254.82,2.50,41.46,73.91
현상금 사냥꾼 렝가,KR1,3,2.32,36.80,309.63,0.70,57.41,Shalltear,KR1,2,4.06,49.89,388.18,0.80,52.49,50.00
칼리스타 오너,KR1,4,2.70,50.88,390.23,0.88,58.33,현수야놀자,KR1,3,3.60,36.50,416.49,0.61,55.76,50.00
말랑백구윈터,KR1,2,2.35,43.00,369.60,1.00,56.34,15s,KR1,1,4.07,58.33,415.25,0.85,54.49,38.46
EsjSmjJgh,KR1,3,3.40,41.53,368.24,0.74,0.00,잭스친구 JACKSON,KR1,4,5.91,51.91,388.50,0.82,57.58,52.94
EsjSmjJgh,KR1,3,3.40,41.53,368.24,0.74,0.00,정글차 딱 대X발,KR1,4,4.58,56.00,412.96,0.90,46.43,61.54
Fakre,KR4,4,4.68,58.81,416.54,1.10,56.92,이쁘니,KR123,3,4.39,31.20,341.78,0.56,53.91,64.29
Thisis50,KR1,3,5.46,44.50,359.18,0.76,47.06,파워서플라이,KR1,0,6.40,55.00,264.63,2.78,0.00,60.00
Thisis50,KR1,3,5.46,44.50,359.18,0.76,47.06,소담하다,1212,0,4.46,40.38,290.30,1.82,45.45,60.00
강민준,999,1,3.84,53.06,397.94,0.86,50.96,Rokudenashi,ただ声一つ,4,4.60,49.47,360.26,2.01,49.05,72.73
F점멸만 조저요,KR1,2,4.45,48.14,382.67,0.52,51.42,청와대문도박사,KR1,3,3.60,38.20,316.61,0.73,50.47,58.62
Xayah Luv,KR1,1,4.28,40.50,407.62,0.48,63.64,량 옹,ISFP,2,2.37,49.00,393.65,1.04,51.52,41.67
Hell Joseon,KR1,0,4.80,54.87,316.22,2.35,0.00,미 정,0423,3,4.23,43.14,338.68,1.36,42.42,54.55
애기버기,KR1,3,2.55,50.15,378.72,1.20,26.67,Jaedeok,KR1,1,3.86,43.00,388.17,0.59,42.42,20.00
뎃 킹,KR1,2,4.07,39.08,382.02,0.81,38.89,니도구쩔더라,TOOL,0,3.28,56.50,285.53,2.63,52.29,53.33
내잦이는황금잦이,KR1,1,2.65,47.95,421.31,0.69,40.30,이경딘,KR1,0,3.75,52.45,331.27,1.55,50.45,61.11
밍  여,KR1,1,3.09,57.00,427.10,0.63,60.23,de123,KR1,0,3.63,57.12,365.15,1.07,49.51,57.89
밍  여,KR1,1,3.09,57.00,427.10,0.63,60.23,씹떡맨,KR1,0,4.13,49.35,331.58,1.22,0.00,54.55
동이퍼,KR1,1,6.00,54.93,392.04,0.79,58.18,이게 힐링이지,KR1,3,6.01,43.00,327.28,0.80,55.32,45.45
트롤왕,KR10,4,5.39,52.27,366.94,0.91,72.73,인더북,KR1,3,3.90,46.14,401.99,0.96,57.95,66.67
뭉 가,KR1,4,3.78,52.47,394.52,0.67,40.00,하 늘,KR01,1,1.76,33.50,390.01,0.44,57.22,40.00
Winter,VHXG,4,3.77,50.85,358.99,0.96,52.33,Chama,Gr22,3,2.96,52.50,433.88,0.60,53.79,47.62
윤드로저,KR12,1,4.93,47.67,446.58,0.58,51.05,브랜드교과서,brand,2,2.21,49.15,364.71,0.82,49.06,64.00
사회적 두리거기,KR1,2,5.83,57.60,460.58,0.66,83.33,양벌통,KR1,0,9.75,57.00,271.53,1.70,50.68,95.83
먹구름,123,1,3.84,50.20,400.05,1.25,50.00,왜나만안돼,KR1,4,4.21,55.73,403.58,0.78,45.12,43.75
자이로스윙,KR1,2,3.29,46.29,348.43,0.92,66.67,망원동오너,KR1,4,4.69,53.57,404.41,0.95,50.00,51.85
뉴욕 거북이,KR1,3,3.19,40.25,430.65,0.66,50.00,배추가좋아요,KR1,2,3.92,56.18,392.39,1.18,50.00,68.97
벚 꽃,gosu,3,2.31,38.33,382.27,1.29,43.75,썬 콜,썬 콜,0,4.71,55.40,323.39,2.12,31.58,53.33
Jin Air TaNa,KR1,2,4.85,56.32,441.35,0.96,85.71,VicaL,5965,3,1.84,38.83,367.55,0.65,62.50,60.00
아갈장군,KR7,1,2.55,49.60,369.61,1.31,68.75,빵빵아 밥먹자,배고파,4,3.76,42.50,404.20,0.57,59.42,53.85
Akaps,전설의심지,3,2.60,43.21,401.33,0.63,54.36,다소 늙음,kr111,2,3.97,53.58,352.73,1.47,52.17,64.71
이유는있을거아냐,KR1,2,2.47,43.64,337.92,0.77,60.32,도구덕모,KR1,4,3.24,50.18,347.65,1.00,58.70,36.36
이유는있을거아냐,KR1,2,2.47,43.64,337.92,0.77,60.32,구원해주세요,guwon,4,3.75,52.62,357.97,1.24,52.50,60.00
공중에 뜸,상태이상,1,5.69,60.60,479.57,0.81,62.50,공중에 뜸,1SEC,0,4.32,61.08,286.00,2.25,51.85,70.00
th레sh,KR1,0,3.06,50.40,248.21,2.23,51.95,JDG gram,KR1,1,3.49,39.42,374.70,0.77,51.16,40.00
틸 모,KR1,2,5.77,55.50,427.08,0.72,56.76,Smile,miso,1,3.07,48.87,408.35,0.78,49.29,57.69
태 환,KR2,1,7.13,47.07,369.04,1.11,28.00,CELLENIQUE,KR1,2,5.08,53.83,428.86,1.10,51.25,85.71
미친만두,KR2,1,4.19,46.67,420.13,0.65,47.06,주어꾸억주이,KR1,4,4.13,59.75,380.70,1.05,66.67,56.25
어그레SIBAL,KR1,2,4.55,44.44,376.61,0.97,56.78,살려쥬라기,0000,3,5.16,51.74,400.95,0.78,83.33,50.00
밍 누,KR1,0,4.92,52.00,360.26,1.57,0.00,AD Carry,KR5,3,4.69,40.65,412.54,0.68,46.20,76.47
밍 누,KR1,0,4.92,52.00,360.26,1.57,0.00,늙은 원딜러,KR1,1,4.96,52.50,345.95,1.10,54.60,46.15
흙묻은칡먹은닭잡은삵,asd,2,3.31,44.38,407.62,0.86,51.67,으랍쇼,KR2,3,3.71,39.47,436.14,0.59,55.00,64.71
내이름이진딱,KR1,2,5.20,58.71,410.90,0.99,51.11,죽기장인,아제발,4,3.32,50.40,366.16,0.93,54.09,48.15
나와내이웃에게,KR1,4,4.16,48.37,380.50,0.87,51.23,월1000백수,KR1,3,2.74,48.94,418.42,0.72,50.00,42.31
5세현,KR1,2,4.77,50.00,341.08,1.27,52.73,양끼리3센치,양끼리,1,3.06,49.50,384.26,0.62,37.50,61.54
떡chill생각만 하는 김중호,칠가이,1,4.59,55.67,393.48,1.10,60.87,Selene,ch74,2,4.09,48.04,365.84,1.30,51.79,47.37
RPK 역행,1999,3,2.16,39.00,355.87,0.52,50.78,가 을,한가을,2,2.40,37.64,351.34,0.71,52.63,30.00
굵고단단한도끼,KR1,3,5.39,45.29,466.68,0.74,59.09,칼챔안해요,사실함,2,2.43,49.00,362.04,0.63,64.00,60.00
우리집도카카오바이크되게해주세요,kakao,1,5.27,53.31,394.85,0.75,58.16,현 우,kr22,2,3.15,42.83,366.44,0.60,50.75,71.43
x볼빨다 싼춘기x,KR1,1,4.43,50.62,454.34,0.90,50.00,쥐 여 워,KR1,1,3.44,51.59,358.12,1.32,47.43,54.55
쇠퇴기찬,KR1,1,3.74,49.50,368.16,1.14,67.68,vvint9r,888,0,6.50,51.60,262.14,2.07,51.12,60.00
آلة الجنس,KR69,2,4.69,48.56,392.95,0.75,40.00,대포알봉,KR1,3,3.08,35.18,401.47,0.59,55.74,56.67
포 로,2627,3,4.09,44.50,442.12,0.72,54.29,1픽얼굴내얼굴,KR1,4,5.01,49.05,436.68,0.69,65.45,76.92
후픽솔킬이범인,1111,2,3.86,46.60,356.56,1.13,50.26,순양맨진성준,KR1,4,5.66,57.17,429.76,0.55,50.77,57.14
zheuisa,KR1,3,2.83,52.52,461.02,0.65,55.43,백정의삶,7777,4,1.83,43.52,388.09,0.80,57.39,56.00
나졸리거든,KR1,2,3.07,52.71,364.16,1.22,60.00,YEOUK,KR1,2,3.34,46.93,365.82,0.86,54.58,40.00
전성하의오묘한발차기,전성하,2,4.99,51.35,373.12,0.67,54.72,한국대표백수,0423,4,4.70,53.64,397.26,0.82,56.38,46.15
아안먹,7468,4,6.89,55.00,422.45,1.20,57.92,Blue,kwb,2,4.29,49.57,374.86,0.65,57.69,63.64
간다따라온나,KR1,4,3.99,49.60,366.22,1.10,50.00,최지원,1999,2,4.46,50.37,407.07,0.83,53.21,58.62
Charlieputh,3064,3,3.08,51.00,423.65,0.56,46.34,칭찬 격려 배려,KR1,4,3.20,65.00,408.31,0.68,54.55,66.67
춘밑마,KR1,1,3.39,58.43,468.08,0.93,51.43,군 들,KR1,0,3.70,48.61,311.53,1.55,0.00,61.54
크레이님,9999,2,1.78,38.13,362.07,0.85,82.61,Xi7l,qqq,3,4.62,52.06,424.47,0.80,80.00,39.29
박경표,KR1,1,4.35,45.12,393.22,0.72,54.93,룰루랄라,작아져라,0,5.21,49.27,246.55,2.25,55.63,46.43
무시무시한복숭아,hmm,0,3.15,53.67,368.66,1.23,51.79,직스똥꾸멍에폭탄,KR1,0,3.39,48.40,352.78,0.78,53.75,47.06
게임못하는사람,kr2,3,3.64,37.00,385.34,0.49,75.00,Overcome7,KR1,2,3.05,44.83,393.10,0.71,51.67,66.67
Deft,KR0,1,4.42,49.50,393.88,0.71,62.32,Seum Dero,KR0,2,5.46,49.60,333.12,0.99,56.67,57.14
끼루룩끼루룩,3447,2,5.34,43.40,410.19,1.29,56.60,말걸지마세요,대꾸안함,4,3.07,44.88,370.12,0.65,46.32,80.00
Xi7l,qqq,3,4.62,52.06,424.47,0.80,80.00,크레이님,9999,2,1.78,38.13,362.07,0.85,82.61,43.33
鸡公煲鸡公煲经过我的胃,麦当劳,2,6.17,53.20,423.12,0.90,76.47,左手的锤子保护右手的花,斗罗大陆,4,4.90,45.08,379.85,1.00,78.57,69.23
주 밥,KR1,1,3.85,56.80,364.42,1.42,51.06,거 거,KR1,0,4.67,45.56,317.88,1.91,55.88,43.33
채팅치지말고겜하자,ddd,1,4.15,50.75,433.22,0.54,58.16,입열지말고겜하자,ddd,0,5.17,55.79,254.80,1.42,76.47,46.67
원딜폭주족,0112,1,4.42,55.29,404.17,0.98,0.00,아이스 아메리카노,5014,4,4.55,55.14,419.87,0.88,48.17,45.45
양홍열,KR1,1,6.02,55.50,424.57,0.71,0.00,가위든니달리,KR1,0,4.18,52.00,244.35,1.99,61.29,66.67
명반행동,blond,3,2.42,32.00,373.75,0.54,54.31,왕구리,kr2,1,2.50,49.85,330.03,1.24,53.85,31.25
어쩔수없잖아 세상은 잔혹하니깐,미카사,3,5.07,44.80,367.19,1.06,0.00,아무것도 버릴 수 없는 사람,1234,2,3.45,40.57,386.71,0.82,46.92,52.38
히  또,현숭이,4,3.49,47.20,409.33,0.80,56.00,火 影,004,2,4.64,44.25,405.59,0.91,53.18,37.50
Rocher,300,1,3.49,46.08,430.33,0.56,82.35,석 나가면 유준,0821,2,4.70,44.00,403.79,0.51,46.48,50.00
소나 vs 그라가스,5877,0,8.72,65.00,317.41,2.63,44.19,짙어진 R,KR1,0,2.04,44.69,347.90,1.51,30.56,83.33
qkrdhksgh,25th,1,2.61,53.20,390.21,0.53,84.21,크리스티아노메시와리오넬호날두,호메날시두,0,5.15,54.83,339.52,1.51,55.00,33.33
zl존다크재훈,KOR1,1,5.51,55.44,533.50,0.51,75.61,쪼 리,등 장,0,3.10,49.88,255.70,2.22,84.31,75.00
Tayod,ddd,1,3.74,48.91,399.26,0.82,43.75,Qian Xun,111,1,4.37,45.89,401.91,0.92,45.71,55.56
기 인,하 늘,0,5.63,56.08,362.99,2.32,62.50,채팅안칩니다 말 걸지마세요,3587,0,3.54,49.11,325.91,1.93,48.05,77.27
약점체크 드릴,7423,4,7.08,57.33,386.61,0.86,56.25,감자 껍질,KR1,3,3.10,40.50,369.62,0.46,59.20,62.96
only Tanking,0317,4,4.24,48.89,382.14,0.92,0.00,unforgivable,KR1,2,3.10,43.25,331.71,0.71,49.38,54.55
아동센터 대장,ljh,1,3.13,60.47,405.44,0.83,75.93,삭 기,tkrrl,4,5.50,52.50,378.41,0.92,48.19,31.25
LOFi,1024,1,4.12,52.58,464.22,0.54,56.96,정찬묵,KR1,3,1.99,35.25,373.63,0.46,53.93,57.14
Deft,小挽心,0,4.08,58.08,262.42,2.54,76.47,accccbbbbbaaaaaa,KR999,1,3.79,51.20,447.38,0.53,51.61,50.00
정글은 백정 서폿은 도구,2009,3,3.32,40.20,440.32,0.73,0.00,Die4Guy,0101,4,4.33,53.00,411.90,0.86,62.60,65.22
멍 멍,짖 어,0,3.82,45.58,292.47,1.79,61.97,주문은 토끼입니까,코코아쨘,2,5.45,40.92,336.94,1.04,55.31,43.33
은서콩,다주거써,3,3.21,35.83,365.89,0.62,0.00,일단나점프할테니까뒤좀봐줘,zac,2,3.40,52.00,356.94,0.94,56.19,56.67
대상혁팬티도둑,신상혁,0,2.83,61.75,324.72,1.80,0.00,HAPPY,데이식스,1,3.38,54.38,413.65,1.16,50.81,44.44
1game1ciga,jojo,4,5.37,60.39,370.72,1.36,65.00,Syndicate,KR3,1,3.51,41.20,383.38,0.53,54.58,61.11
Motoyuusha,moto,4,4.97,60.00,377.66,1.07,0.00,기적논증,KR1,2,2.98,43.60,327.30,0.94,50.62,61.90
뚜루루빵,KR1,4,4.68,57.30,450.29,0.98,65.22,바 둥,바둥단,0,3.65,48.85,336.23,1.56,0.00,66.67
이원재,kr2,3,2.98,36.75,378.46,0.39,54.05,경상남도,666,3,3.71,48.40,464.77,0.77,49.38,40.00
대한민국군대들지금까지뭐했노이기,stone,2,2.86,49.17,410.97,0.84,52.94,윤진성,kr2,3,2.31,39.86,418.44,0.60,56.67,52.94
폴 포그바,충남대,0,4.41,54.00,314.74,2.01,57.58,영 진,КR1,1,3.87,52.62,388.80,0.78,50.93,63.64
자라나는검은새싹,KR2,1,4.61,43.12,374.60,0.64,42.42,윤여환내이름석자걸고해,0000,3,3.17,30.12,366.33,1.00,52.14,27.27
펭도리,포켓몬,2,4.39,53.10,388.19,1.30,50.00,꼬부기,0308,4,2.40,51.36,435.89,0.57,72.92,47.06
오산 거주 롤대남,1206,2,5.55,50.00,421.79,0.80,55.00,광주 거주 롤대남,7777,3,4.53,62.75,317.57,0.50,0.00,56.67
기 회,KR92,4,4.24,57.00,425.83,0.87,60.26,Emit,1234,1,4.29,49.14,393.28,1.23,50.06,40.00
어린 시절의 꿈,0001,2,2.92,40.86,370.67,0.52,80.49,탑에사람살아요,88488,3,4.63,58.50,402.80,0.31,33.33,83.33
아니1,jojo,4,3.47,53.31,411.65,0.84,70.00,Witch,857,3,2.34,44.26,407.62,0.47,51.35,42.86
아니1,jojo,4,3.47,53.31,411.65,0.84,70.00,不要抓悦悦,1001,1,4.61,59.95,421.63,0.85,56.76,40.00
광주 거주 롤대남,7777,3,4.53,62.75,317.57,0.50,0.00,오산 거주 롤대남,1206,2,5.55,50.00,421.79,0.80,55.00,50.00
Flow,Just,4,3.95,56.81,375.01,0.98,67.69,Glyph,7040,2,4.04,51.47,384.29,0.95,54.25,41.67
산나수,0607,0,5.63,52.67,260.32,2.29,0.00,늘 꺾인 마음,KR1,1,4.09,44.83,421.26,0.54,52.05,56.00
엔터키뿌숨,K R,4,5.01,49.09,397.62,0.67,58.33,말 라 크,K R,4,3.46,52.45,428.24,1.33,44.06,50.00
領域展開,MID,2,5.35,51.10,415.52,0.76,62.50,달 렛,KR1,4,4.60,56.86,387.39,1.05,59.70,58.82
不要抓悦悦,1001,1,4.61,59.95,421.63,0.85,56.76,무봉중검,重剑无锋,0,5.86,55.50,323.09,1.13,51.23,65.52
余命宣告,0830,3,2.28,39.29,379.34,0.74,52.87,푸림이아빠,김푸림,3,4.47,39.59,400.01,0.80,49.01,53.33
Bhauer,2525,2,4.17,49.10,376.20,1.13,53.33,개구쟁이 노혈래,KR1,1,2.92,53.00,445.18,0.55,44.29,50.00
프렌들리,9919,0,5.64,57.00,287.50,2.16,65.38,수준개bs,KR1,1,3.45,59.83,409.82,1.15,51.48,50.00
나혼자만레벨업,나혼자,3,4.81,48.08,407.19,1.18,87.50,A heroic hero,KR1,2,4.56,45.40,383.90,0.61,60.00,61.90
Nut Top,2002,3,1.95,31.31,357.53,0.58,81.48,hebi,0823,1,2.85,52.00,410.07,0.71,51.57,55.00
레 렐,렐랠렐,0,4.10,52.40,275.64,2.42,54.23,건강한소환사님,KR1,1,4.35,59.29,414.12,0.67,55.83,54.55
Artias12,KR1,4,4.61,60.67,366.65,1.18,0.00,크게꺾여버린마음,KR1,3,2.54,35.12,372.58,0.76,0.00,70.83
찡얼찡얼 앵무새,찡얼찡얼,0,3.70,54.71,305.00,1.89,80.85,두데지 목장 주인,두데지렁이,2,4.91,45.88,444.69,0.79,56.41,72.73
노정택,KR2,3,2.51,32.67,367.04,0.57,53.28,신 느,KR1,2,3.57,61.33,427.26,1.09,0.00,66.67
Ong,wort,0,8.24,63.00,275.16,1.87,63.13,아 젱,KR1,1,4.91,64.00,480.61,1.02,69.35,57.14
어제보다나은오늘,LIFE,2,3.06,46.00,379.44,1.09,0.00,김언호,KR12,2,3.89,49.50,358.50,1.07,52.14,55.56
무봉중검,重剑无锋,0,5.86,55.50,323.09,1.13,51.23,不要抓悦悦,1001,1,4.61,59.95,421.63,0.85,56.76,66.67
anheq,3326,1,3.81,42.92,397.51,0.74,59.09,JKL Fan,31117,0,3.16,48.60,274.24,1.87,39.29,54.55
김뭉먕,뭉먕이,2,2.69,45.29,352.51,0.54,56.25,설효림,KR223,1,2.25,45.50,375.53,0.53,50.54,30.77
한 번만 끌려줄래,그랩원툴,0,4.20,59.00,273.52,1.98,0.00,2024년7월1일전역,KR1,1,4.48,54.50,460.33,0.55,0.00,61.54
빨간망토맛토스트,kr0,3,5.90,47.50,378.71,0.76,64.29,개패줄게,3626,2,2.85,44.20,337.41,0.82,64.29,60.00
dopamine,33333,4,5.21,58.82,405.24,0.88,62.50,넌밑에있을때이뻐,인정받,4,4.35,52.40,374.26,0.73,48.72,65.00
AyaseHaruka,KR2,4,3.19,52.14,411.65,1.33,66.67,胜不骄 败不馁,zypp,1,3.73,46.50,354.12,1.29,55.91,42.11
lIIIIIIIIII,IlllI,1,3.16,37.80,387.94,0.98,54.29,박민주,귀여워,0,7.43,40.50,245.78,1.32,47.85,69.23
TFE 트포이,KR1,3,3.44,42.29,370.42,0.95,57.14,나빵이,KR124,1,2.62,44.11,373.78,0.62,57.38,44.00
오복련,0607,0,6.47,56.14,263.10,2.28,0.00,늘 꺾인 마음,KR1,1,4.09,44.83,421.26,0.54,52.05,51.72
방 가 루,봉 봉,4,6.27,59.67,421.55,1.17,76.19,Mid xerath,제라스원챔,2,3.65,40.50,332.84,1.14,56.14,82.35
준영영영영,KR1,2,3.63,37.60,394.21,0.79,55.84,도구말좀들어줘,KR1,2,2.44,45.80,356.10,0.88,52.46,43.75
이상혁정지훈정상길남궁환렛츠고,kr999,2,2.94,40.17,371.46,0.56,49.18,굽네배달원,KR1,3,2.62,39.19,372.76,0.65,54.24,30.00
Fury,SSG,1,3.57,52.40,468.01,0.72,91.67,광동귀환,KDF,0,2.83,58.00,257.87,2.48,76.47,57.14
박치기공룡입니다,0000,2,3.56,52.30,396.12,0.87,60.00,쉬운것이라곤아쉬운것뿐,7777,4,4.14,45.30,360.21,1.11,53.62,50.00
쉬운것이라곤아쉬운것뿐,7777,4,4.14,45.30,360.21,1.11,53.62,박치기공룡입니다,0000,2,3.56,52.30,396.12,0.87,60.00,50.00
노 건 영,NGY08,3,4.80,46.20,468.26,0.64,0.00,披荆斩棘,JUJU,2,3.71,48.71,327.14,1.31,53.42,50.00
코쿠시보우,9709,3,3.16,35.25,407.99,0.74,0.00,Thk about U,KR2,2,4.63,46.88,398.68,0.86,73.33,53.33
patienceiskey,1253,4,1.99,39.10,362.86,0.58,0.00,옥 순,세최묘,3,5.00,49.12,430.96,0.62,100.00,80.00
묵언수행,0925,1,2.88,38.00,404.81,0.66,57.58,묵언수행,0926,4,4.94,53.82,389.99,0.92,57.58,56.67
섬모희,0607,0,5.79,52.71,263.24,2.02,0.00,늘 꺾인 마음,KR1,1,4.09,44.83,421.26,0.54,52.05,55.00
박치기공룡,KR00,3,3.52,37.17,383.93,0.65,56.00,삼랑진,KR1,3,5.15,51.50,413.47,0.66,53.12,58.82
박치기공룡,KR00,3,3.52,37.17,383.93,0.65,56.00,GODS,NJZ,1,4.84,53.27,405.52,0.85,47.80,60.00
勸善懲惡,zypp,4,5.95,51.43,434.43,0.74,77.27,피 로,Day,1,7.05,47.62,443.46,1.19,56.52,100.00
지우개,KRl,2,3.46,46.80,413.53,1.03,55.00,카와이레너드,0406,0,2.92,44.00,254.16,2.11,51.85,50.00
광동귀환,KDF,0,2.83,58.00,257.87,2.48,76.47,Fury,SSG,1,3.57,52.40,468.01,0.72,91.67,56.52
xiaoganguo,lll,4,4.96,63.60,444.63,0.73,55.76,acca,cca,1,3.63,43.00,413.42,0.68,46.15,61.11
찡찡이mom bomb,kr2,1,3.52,48.62,396.42,0.65,0.00,Rookie,MID,2,2.81,36.40,387.25,0.94,54.26,64.71
Kyrie Irving,kr10,3,3.04,40.33,378.82,1.00,65.56,강우민,0830,1,2.70,47.44,411.79,0.55,56.47,38.46
새 우,mnn,2,4.35,48.00,347.97,0.58,42.86,걷다보니벌써,겨 울,4,4.83,54.62,390.53,1.02,42.22,55.00
87세박옥춘할배인생최후의카이팅,KR2,1,3.00,49.44,383.38,0.87,60.80,김겨리06,KR1,3,2.90,33.57,365.39,0.55,48.52,38.89
리 퍼,1004,4,4.64,51.65,398.07,1.05,81.82,king paca,KR1,2,4.88,54.07,381.15,1.12,45.83,60.00
원 딜,아 기,1,2.54,32.57,324.55,1.22,71.43,ap most pick,KR1,4,6.20,43.25,401.97,0.48,55.37,92.86
smile,yaha,3,2.69,45.00,385.05,0.60,60.41,フリーレン,猫猫qvq,4,3.85,43.29,381.35,0.85,61.40,52.38
라이전의악마거리조절의,KR3,2,2.00,39.80,388.60,1.06,54.55,먹보 수길,KR1,3,5.07,42.50,421.42,0.68,58.06,73.33
여 우,웅 수,2,4.65,39.80,331.00,1.03,54.61,Karina,331,4,5.42,54.47,408.65,1.18,60.47,72.73
앵 두,КR1,1,2.83,46.00,432.02,0.66,85.71,コリラックマ,づへど,0,5.02,58.29,271.26,2.23,51.14,38.46
아스팔트박치기공룡,kr2,2,3.55,42.00,390.20,0.84,0.00,뿌르뚜쥬르,KR1,3,3.15,37.11,380.79,0.69,46.34,64.71
이즈리얼만하는계정,ezrl,2,4.46,47.00,422.28,0.78,54.00,跳梁跋扈,fleta,1,3.10,39.60,404.13,0.35,53.85,59.26
Юми,냥  냥,0,6.42,47.00,238.33,1.68,51.81,운 명,4050,0,3.16,51.18,354.43,1.81,33.33,47.06
무직백수배규이,스팸구이,1,1.85,52.73,391.69,0.75,53.05,무직백수김거녕,배규이,0,5.44,53.82,343.11,1.76,0.00,30.77
무직백수배규이,스팸구이,1,1.85,52.73,391.69,0.75,53.05,김거녕 키우기,뚱냥이,0,6.18,61.14,287.04,2.58,48.66,30.00
전민경,1234,3,4.21,50.62,365.80,0.70,59.15,아스널,KR11,1,3.67,50.92,399.73,0.80,58.06,57.14
규창씨,KR1,4,3.21,48.00,362.14,1.16,48.80,           YSLLL,KR1,4,6.51,50.20,357.45,1.16,39.47,62.96
티팬티스폰지밥,kr24,1,2.66,53.00,438.22,0.65,52.38,쥬돌이,KR1,0,3.21,57.38,266.16,2.13,45.45,21.43
야생의목이버섯,5908,2,3.06,37.33,366.79,0.88,0.00,Shako,911,0,2.68,50.33,320.14,1.39,50.00,54.55
러 브,S 2,0,5.37,46.20,235.42,2.13,38.46,Happy,A32,1,3.24,48.33,416.62,0.67,50.61,66.67
미드가 지면 정글탓,1211,2,3.03,53.63,402.53,0.84,37.50,발이나먹어라,KR1,1,4.64,51.85,418.68,0.91,57.14,38.46
돼지보이,132kg,0,3.41,40.67,326.47,0.85,57.66,민주바라기,KR722,1,2.72,41.89,420.04,0.65,53.98,66.67
돼지보이,132kg,0,3.41,40.67,326.47,0.85,57.66,3miaohoushanile,lulu,1,5.19,49.00,425.36,0.74,48.14,81.82
나무킹,우드득,3,3.75,38.54,374.19,0.98,47.83,운이 전부,0423,2,2.92,49.11,402.75,0.99,50.00,59.26
純靈魂對話,bye,4,4.59,58.00,416.62,0.72,94.74,DOG4444,6106,4,4.23,48.31,393.40,0.98,57.71,61.54
IllIllIlllll,qsaz,1,3.56,50.62,410.88,1.02,0.00,IllIllIllll,zczxc,0,4.87,55.31,299.19,1.63,62.50,50.00
겜도못하면뭐잘해,돈잘버니,2,4.31,45.00,316.37,1.07,0.00,동구여중꽃미녀,KR1,2,5.74,58.00,388.96,0.95,54.93,57.14
Lanos,KR5,4,5.91,58.57,408.74,0.94,58.82,곰젤리파두목,KR1,0,2.81,43.35,350.58,1.29,50.85,63.33
스물다섯번째밤,KR3,4,6.53,41.50,395.88,0.68,60.00,sibarsegi77,KR1,3,3.78,34.88,388.61,0.56,55.88,66.67
빙 하,둘 리,2,5.15,46.33,346.37,1.28,71.74,화기중대엄지원,KR1,4,6.74,55.17,415.56,1.06,85.00,74.07
NAVERGIVEUP,WIN,0,3.42,53.60,290.27,2.38,0.00,미친과학 자직스,boom,1,4.35,41.20,388.97,0.53,55.04,72.41
JustLikeThatKR,8629,4,5.13,59.50,392.63,0.85,57.53,한폴낙 도 낙이다,50000,1,3.41,48.87,378.37,0.69,60.56,64.29
부천나라배달공주,라이더,0,4.73,55.32,351.96,1.30,0.00,아이에스티제이,KR1,1,4.16,47.89,388.68,1.06,49.80,60.00
헤카림두개골덮밥,kr2,4,2.58,45.73,340.05,1.24,60.00,먹색그림자,KR1,0,3.24,52.00,367.61,1.68,52.08,54.55
Emperor,KR4,1,5.33,48.29,376.15,1.16,54.94,yayk,STRBY,4,4.21,54.17,386.26,0.67,50.93,66.67
나 이휘성 아니다,0113,3,2.58,47.88,454.38,0.55,72.41,머그호랭이,3121,2,2.71,41.95,416.53,0.66,57.14,40.00
나 이휘성 아니다,0113,3,2.58,47.88,454.38,0.55,72.41,수 호,기 사,2,3.92,42.75,354.28,1.29,44.04,64.29
scsd,wywqd,0,2.48,44.54,372.95,1.22,59.35,暹罗猫,baby,1,1.82,46.80,385.92,0.56,46.33,64.71
맥날더블쿼파치장인,7777,2,5.09,42.00,344.55,1.16,49.14,화염독성학,KR1,4,2.65,52.82,381.37,0.75,54.55,46.15
메피스토,펠레스,0,3.21,60.83,263.62,1.82,46.67,흥분돼서폿아,KR1,1,1.63,37.20,397.88,0.72,50.94,45.45
메피스토,펠레스,0,3.21,60.83,263.62,1.82,46.67,으 앓,KR1,1,2.42,45.91,364.79,0.84,59.52,45.45
qqqqq,wywq,4,4.31,56.60,390.69,1.07,51.56,tweetypie,2006,1,2.28,46.40,352.30,0.89,55.93,52.63
요 미,0301,0,7.88,66.00,267.83,1.76,60.00,야 미,0301,1,5.21,59.71,460.28,0.55,0.00,53.33
Zhitao,QAQ,0,5.10,63.82,326.28,2.35,0.00,딸타가먹고싶은이지형,완병철,1,2.99,51.10,445.93,0.90,49.66,80.00
핫플짐,KR 1,3,5.05,51.67,364.16,1.07,30.77,괴물쥐,1277,1,4.32,41.38,392.89,0.53,43.18,66.67
핫플짐,KR 1,3,5.05,51.67,364.16,1.07,30.77,졔드킹,KR1,1,3.51,40.50,381.26,0.62,50.98,46.67
푸르미르,0420,3,3.02,35.57,372.95,0.56,53.22,꼬발이,KR1,1,2.75,52.00,361.29,1.13,52.75,47.37
SESCO,벌레박멸,4,4.44,46.89,354.29,1.27,57.14,나는카정너는걱정,KR1,2,3.78,46.58,369.93,0.61,75.51,43.75
임준휘,0821,2,3.99,38.00,340.01,0.87,46.51,킁킁이,킁 킁,3,3.85,41.50,411.94,0.59,48.08,50.00
정예진따까리,잘할게,3,4.88,48.81,439.61,0.58,60.24,뜨 엥,1020,0,3.47,43.75,340.87,1.22,54.55,61.54
단테 파우스트,KR1,2,3.62,47.30,427.05,0.35,0.00,완벽한 일격,우주류검술,4,4.60,50.88,354.24,0.60,52.91,46.67
아이스아메리카노,카페라떼,0,4.22,56.08,325.59,1.88,60.00,프링글스,1234,2,3.07,44.77,370.85,0.83,53.33,56.25
용현동 구마유시,KR1,1,4.43,54.78,387.55,0.60,49.45,도구와 백정 그 사이,KR01,4,3.72,54.50,367.12,1.35,48.39,50.00
인성터진정신병자,rex,4,3.61,62.50,440.66,0.95,55.56,십사검희,xxzz,3,2.62,40.33,432.64,0.56,49.44,53.33
저돌적,1892,1,3.15,44.58,384.24,0.89,47.22,엉큼한거북이,1234,4,4.35,52.57,382.90,0.98,47.69,28.57
엄마밥줘여,KR1,2,3.91,46.62,404.56,0.85,33.33,霹靂一閃,네모네모,3,4.31,46.16,354.95,1.12,0.00,60.00
백소월,백XX,0,6.45,55.83,295.00,1.93,88.89,피지컬 없는 플레,KR1,4,4.47,48.79,387.07,0.62,49.60,69.23
커피한잔,123,4,4.55,49.56,356.16,1.17,71.43,응애애애애애애애,KR1,3,4.09,34.58,364.75,0.46,52.63,43.75
한남심장폭격기,4241,1,3.86,54.00,376.39,0.90,94.12,얼 돼,KR1,3,3.71,39.80,345.10,0.65,59.60,50.00
冬 眠,hao,1,2.57,45.50,363.86,0.47,53.92,CAQ神德,dadi,0,2.14,55.62,276.94,2.04,48.51,36.00
전생의 업,건실하게,2,4.26,46.45,402.40,0.84,48.00,진찐찐찐진진,REAL,3,3.94,47.30,405.31,0.78,63.16,61.90
リブンタロン,ITRYY,2,3.26,51.35,400.75,0.82,0.00,Black Hamster,KR1,4,4.03,48.38,398.24,0.74,45.45,47.83
RNineT,0424,2,3.08,48.30,396.57,0.91,0.00,거품많이,KR1,4,3.99,57.80,383.65,1.20,49.09,58.33
tianxiaweigong,0312,1,3.75,46.82,418.77,0.57,51.67,桜流し,101,2,4.44,51.40,377.65,0.47,56.45,45.45
이리재미뗘재미뗘재미뗘,이터널리턴,1,3.55,53.54,419.19,0.64,48.82,장경철,1818,2,3.73,46.22,368.67,1.18,40.00,45.45
你好1,你好 1,2,5.50,52.27,449.90,0.78,69.67,아이스팀 카서스,123,0,2.34,46.55,321.64,1.64,51.30,60.00
hbinaaa1,0810,1,5.35,51.59,429.83,0.87,57.14,마딱이까지뮤트올,kr2,4,5.14,54.38,377.97,1.37,50.57,75.00
자 크,kor11,4,7.88,57.00,397.88,0.96,54.52,이쁜가현,KR1,2,3.55,46.58,346.62,1.02,58.62,76.92
오공자,KR1,3,1.96,42.50,357.21,0.90,0.00,엔 따,KR1,1,3.66,49.42,420.24,1.01,57.78,36.36
beanoo,0331,0,4.96,51.17,302.78,2.12,0.00,LY june,KR1,1,3.43,49.83,445.90,0.55,0.00,68.97
소년가장 원딜,7185,1,3.70,55.00,450.61,1.04,58.33,단무지 두 장,KR1,2,2.27,47.50,361.65,1.08,54.26,70.37
자몽허니블랙티 벤티,스타벅스,3,1.90,41.10,387.71,0.72,48.67,아이들을 위해,KR0,2,2.55,44.12,383.25,0.65,49.37,60.00
괴물쥐,sexy9,3,4.38,46.56,385.03,0.88,0.00,기석두,KR2,1,4.28,54.12,400.83,0.71,66.67,70.59
Rando,777,2,5.47,37.80,394.99,0.75,81.82,암흑의별쓰레쉬봇,KR1,0,3.71,50.27,265.17,2.16,57.84,76.92
Rando,777,2,5.47,37.80,394.99,0.75,81.82,새로운 나,치 우,1,3.82,54.20,378.29,0.98,52.96,76.92
안녕 나는 주리미,미생물,3,4.58,36.56,407.99,0.61,65.96,오구리,GEN,3,2.70,40.21,357.55,0.90,54.42,58.62
내가 다 미안해,SAD,2,5.78,49.67,458.48,0.59,75.56,여 자,계 집,4,5.55,60.00,365.77,0.95,55.70,83.33
ice,yuy,1,5.03,50.43,371.00,0.71,0.00,wobutaijide,8822,4,4.74,49.59,372.22,0.92,0.00,46.15
냥냥이,9918,0,7.21,62.86,266.22,1.78,70.00,집 사,1903,1,4.98,57.00,409.50,0.66,85.71,60.00
집 사,1903,1,4.98,57.00,409.50,0.66,85.71,냥냥이,9918,0,7.21,62.86,266.22,1.78,70.00,60.00
대 고 츄,TOP,3,3.46,37.67,405.05,0.55,73.20,카투차,KR1,0,3.38,51.00,270.14,2.39,61.54,50.00
엔비 데마라,1111,4,4.39,49.39,427.68,0.75,72.22,S2erkoy,KR1,1,1.61,38.17,369.56,0.49,50.00,51.72
무색무취,7853,1,3.38,54.25,442.49,1.26,63.64,받아친다,KR1,0,3.11,58.25,328.93,1.75,44.74,73.08
깅동웅,2222,2,4.33,46.67,378.56,0.88,43.86,안녕하욤,KR1,0,7.32,59.20,266.87,1.57,51.30,63.64
고양이두루치기,0109,1,3.97,47.07,379.87,0.83,50.94,Puff1129,KR1,1,5.12,47.67,407.43,0.72,53.16,44.44
매너롤유저,KR1,1,5.75,51.90,417.90,0.62,71.79,숟가락제조,KR1,0,6.82,60.10,290.07,1.74,36.36,59.09
서은뉴냐,0815,1,3.96,62.31,419.81,1.36,48.89,thisx2woo,KR1,2,3.33,47.95,391.95,0.94,50.00,81.82
오늘도나혼자홀로,kr3,2,5.25,47.88,371.59,0.71,0.00,갱공구,KR1,2,2.08,31.80,358.69,0.72,51.42,63.64
돌아온킹정석,KR1,2,2.84,50.81,401.20,0.69,65.85,침착하고여유롭게,카이팅,1,5.15,51.12,361.95,1.38,48.92,61.90
본진기억이안나,look,0,6.44,54.00,408.67,1.70,0.00,바토쫄병,동그라미,4,4.06,52.20,369.25,0.82,49.00,50.00
아뿔싸대마왕,KR1,2,5.54,47.80,403.64,0.66,46.43,자라도리,KR1,4,4.64,57.38,362.61,1.05,53.62,64.29
아뿔싸대마왕,KR1,2,5.54,47.80,403.64,0.66,46.43,용찬우,Neo쎄용,2,2.91,49.00,353.82,1.01,62.79,38.46
큰 실력 차이,asd,1,4.62,51.25,423.24,0.73,60.00,엄성호,KR1,0,3.09,48.50,279.62,2.27,48.09,69.57
그대가그리운건지그때가그리운건지,KR1,0,4.63,49.90,302.96,2.09,0.00,알록달록 해커 아크샨,KR1,2,4.93,36.00,382.52,0.56,0.00,80.00
조선제일검,owo,3,2.51,36.50,338.33,0.67,71.43,하나코 나나,KR2,2,3.96,45.12,405.68,0.80,0.00,43.48
말랑카우 꼬집기 5단,비틀고싶네,1,4.32,59.00,482.75,0.52,74.36,바텀개,개서연,0,7.47,52.83,300.15,1.22,64.71,73.08
즐겜용,0720,0,3.79,50.47,382.85,0.98,49.35,공협지,kr7,1,2.55,49.31,345.34,1.67,33.33,52.38
엄성호,KR1,0,3.09,48.50,279.62,2.27,48.09,춘천남부초등학교,KR1,1,4.72,53.40,447.20,0.50,50.14,66.67
가치없는사람,0209,4,4.48,56.43,417.59,1.04,51.02,이오덕과이말룡의도주,KR2,0,2.91,53.67,260.96,1.70,66.67,70.59
uuu,bbb,3,3.56,40.31,387.98,0.53,0.00,Blue,UZG8,1,2.85,47.88,334.13,0.78,60.32,35.71
Reichtum,企業家,1,4.74,44.36,401.66,0.64,73.33,Eye of Twilight,0805,3,3.34,39.14,380.77,0.48,59.69,70.00
잘 지내자 우리,여름날 우,1,4.41,53.33,470.49,0.85,64.91,규 디,넷카마공주,0,5.19,56.67,257.79,1.90,49.16,60.71
NEXUS,ADC01,2,2.75,43.33,410.12,0.80,50.29,재 리,KR125,2,2.64,39.56,344.05,0.94,0.00,56.00
쵸천지,0303,2,4.20,47.43,368.76,0.95,75.00,나건드리면물거야,KR1,1,2.36,50.45,383.25,0.82,51.52,70.00
깨비드릴조7777,KR1,4,2.90,46.31,389.62,0.73,53.62,김상혁,1207,2,2.75,47.73,423.58,0.76,70.83,40.00
koi no yokan,1101,0,4.09,55.79,382.61,1.48,0.00,whatishurt,6883,2,5.55,48.50,412.57,0.87,72.73,80.00
미움받을 용기,슈퍼크래액,1,4.26,49.25,400.87,0.55,44.44,이재우05,KR1,3,1.95,37.30,347.42,0.88,48.91,33.33
세현공쥬,KR3,3,3.56,50.79,438.28,0.78,51.97,귀 주 출 천 방,KR1,4,3.34,51.20,373.79,0.99,45.05,55.56
엉덩이미남홀란드,KR1,4,3.14,47.17,354.00,0.68,46.09,김통하,KR1,2,3.18,49.75,379.07,0.82,50.00,50.00
DWG Nuguri,6666,3,2.07,38.67,377.23,0.58,52.17,gum1412,KR1,4,3.88,57.15,437.16,1.06,54.35,66.67
DWG Nuguri,6666,3,2.07,38.67,377.23,0.58,52.17,Lucid,AKAA,4,4.50,55.88,334.14,1.41,54.02,27.27
옷코츠 유욱타,111,2,2.72,38.53,387.62,0.87,52.38,T1 구마유신,KR1,1,2.88,55.50,420.56,0.58,51.22,66.67
롤은 간단하게,KR1,2,5.02,50.58,381.49,0.99,0.00,어지러울 빈,KR1,2,3.18,46.26,406.98,0.63,47.37,52.17
Mauve,연보라색,4,6.12,52.45,403.94,0.99,74.07,이지원,КR1,0,4.47,58.50,270.43,2.43,55.22,73.33
Mauve,연보라색,4,6.12,52.45,403.94,0.99,74.07,원딜연습계정,KMK,1,3.63,49.77,392.61,0.98,35.90,76.92
이화여대최순실,KR1,4,3.50,48.89,375.16,1.01,53.19,171323deI,KR2,0,2.94,55.38,315.45,1.29,55.56,54.55
저 러,KR1,2,2.65,50.65,405.97,0.96,0.00,zelicateszephyr,1942,4,6.51,50.43,441.27,0.86,52.40,36.36
Zegus,KR1,3,3.74,41.43,341.86,1.21,55.56,킴상추,KR1,2,3.81,42.88,389.23,0.94,51.04,78.57
물렁2,KR1,4,3.88,51.25,352.99,0.89,44.44,Ilikepuxxy,wkdt5,4,4.05,55.33,395.04,0.60,53.14,14.29
신시류,KR1,4,5.06,55.88,378.44,1.03,63.64,봉숭아학당,KR1,3,4.18,43.83,380.62,0.78,71.43,80.00
김뭉먕,OwO,2,2.88,42.57,358.14,0.64,78.79,스마일,긍준이,4,5.82,52.79,404.71,0.90,54.67,40.00
벌레정글은핑,4275,2,3.67,40.88,392.78,0.92,45.00,탐스제로,300,3,2.94,42.00,394.40,1.10,58.82,58.82
힘빼기,KR1,4,6.15,56.27,426.44,0.95,71.70,YxxxDx,Kxx,1,3.13,47.80,386.43,1.03,48.13,75.00
wohui changshi,CHN1,2,4.03,55.17,373.69,0.74,54.61,truck,0126,0,3.16,49.00,287.02,2.11,60.00,42.11
롤스타 둘리,호이잇,4,5.20,59.00,371.04,1.04,60.00,일륜화,一輪花,3,3.27,44.44,404.97,0.80,54.55,20.00
버니즈이시봉,버니즈,3,4.10,39.89,382.60,0.62,51.33,하양송이,KR1,4,3.25,47.58,353.38,0.83,51.63,61.11
e4e5Nf3Nc6Bb5,KR1,2,3.01,40.40,381.45,0.46,61.96,대전역빵도둑,12136,4,2.87,41.08,354.79,0.94,54.24,68.18
ごじょう さとる,KR22,4,5.04,42.80,394.76,0.89,41.67,오세바리,KR1,3,1.79,34.43,335.89,0.59,54.84,40.00
건물주가될래요,KR1,2,3.78,59.89,341.49,1.44,50.00,0다람쥐0,다람쥐,1,2.64,42.58,401.12,0.53,49.74,55.00
heude,9802,4,3.90,51.00,381.82,1.18,71.43,양구의 아들 소방,KR1,2,2.78,45.46,356.16,0.99,47.29,40.74
민모데99,8388,3,2.57,37.71,372.30,0.31,60.00,이기적인놈,1017,0,4.72,55.20,297.78,1.83,56.72,63.64
롤박사 성도리,KR2,0,4.45,58.60,262.89,2.18,50.67,롤박사 제도리,KR1,4,3.06,54.64,360.09,1.29,22.22,55.00
기 사,0902,2,4.85,48.55,423.63,0.67,48.48,여자임,봐주세요,0,5.48,57.12,296.00,2.76,48.08,80.00
DRTM136,KR1,4,2.77,49.05,399.01,0.72,0.00,타 닭,KR1,3,2.22,47.12,410.92,0.75,48.03,57.14
스포츠파크,KR2,1,4.58,49.33,415.61,1.16,50.94,Drunk text,love,0,5.83,61.80,280.76,2.52,47.73,63.64
민트초코샬코,공주님,3,4.16,39.38,369.41,0.66,55.10,하나회 전두광,KR062,3,3.31,32.89,366.75,0.77,52.65,65.52
어젯밤에난니가싫어졌어으쌰라으쌰,소방차,4,3.64,59.21,358.34,1.56,50.00,FLY Quad,KR24,3,3.17,48.50,389.13,0.81,57.03,42.31
이러시면곤란해요,말예쁘게해,4,4.34,62.10,411.45,0.98,50.00,aleaund,hide,2,3.40,41.88,386.26,1.06,59.15,76.47
camilo,KR1,0,3.10,58.00,283.20,2.72,40.54,불꽃남자 윤석훈,1524,2,3.07,47.83,383.08,0.97,66.67,60.00
징버거가짱센주제에너무신중하다,317,2,5.94,61.33,444.00,1.07,75.86,ZAYN,ZA4N,0,4.75,61.00,274.40,2.63,0.00,80.00
백일청천,KR1,1,3.18,50.05,429.80,0.92,0.00,로 션,KR1,2,3.69,42.80,403.18,1.12,0.00,68.00
대두레이븐,1234,1,3.15,54.83,448.48,0.55,47.06,jungIe zac,KR1,0,5.20,60.12,285.32,1.74,51.29,43.75
시럽계,시럽계,2,3.62,50.75,375.78,0.92,65.00,원딜애기,KR1,1,3.09,42.94,410.66,0.72,43.48,71.43
woof and meow,KR1,4,4.14,57.00,410.41,0.86,54.55,쿠 키,영도리,1,2.78,47.44,352.67,0.81,46.77,43.75
미스터마켓1 ,KR1,2,4.89,56.42,440.68,0.68,0.00,바꾸라고하지마,9204,2,6.19,49.76,400.68,0.98,60.00,69.57
구름 예쁘다,KR1,1,3.23,52.38,402.16,0.93,56.21,winter,kr145,0,5.09,57.50,257.38,2.41,51.61,61.90
balli03,KR1,0,4.10,57.33,289.91,2.40,0.00,NevergiveuP,KR7,1,3.62,45.50,414.23,0.66,55.91,61.54
GaoJinSay,KR1,4,4.74,53.72,415.84,0.94,51.33,문어아사랑해I,KR1,4,4.14,52.00,415.06,1.06,53.79,63.64
애루러,2024,4,6.92,56.75,409.58,1.27,49.22,앱씨봉,2024,3,3.66,38.14,392.70,0.66,50.18,75.00
애루러,2024,4,6.92,56.75,409.58,1.27,49.22,myisasbttg,MYIS,0,1.53,35.43,280.54,2.44,50.00,75.00
정희범,KR2,3,4.65,45.00,409.35,0.76,52.94,IlIlIlIlIlIlIlII,KR99,2,3.45,50.83,374.51,0.94,61.11,56.25
도토리대장,へヮへ,1,4.26,57.55,450.40,0.66,0.00,콩순이,へヮへ,0,6.19,57.75,267.55,1.89,52.63,60.00
고양이박이,KR1,1,2.07,45.85,398.99,1.10,57.58,asdfaadas,KR1,2,3.34,43.93,374.66,0.66,48.78,40.00
고추2개,KR1,1,3.96,48.00,410.64,0.91,60.81,왕누나,KR1,0,7.53,63.33,282.07,2.16,47.97,42.86
asd1123,KR1,4,5.36,61.30,399.33,1.27,52.99,zxzxzxzxzx,111,0,4.34,56.22,295.96,2.18,48.39,79.17
AlwaysPlanAhea,KR1,0,3.31,54.80,257.18,1.61,73.68,Pmang,KR1,1,4.42,46.00,407.49,0.77,49.85,50.00
엄무무,KR1,3,2.99,35.50,378.49,0.71,0.00,윽 성,KR1,1,3.35,46.71,392.08,0.52,50.00,68.42
엄무무,KR1,3,2.99,35.50,378.49,0.71,0.00,배 급,KR1,2,2.17,36.42,368.88,0.77,62.00,80.00
qwerrew,KR1,1,3.22,62.11,481.91,0.86,50.00,시진핑핑,KR2,0,3.86,51.56,261.65,2.50,42.42,57.14
대 파,paa,3,3.05,42.73,393.83,0.92,57.65,KHM Ghost,KR1,1,4.81,54.12,393.04,1.10,48.91,38.46
0ll0llllll0l,KR1,1,4.81,56.59,407.83,1.08,0.00,일산약쟁이,KR1,1,3.61,41.00,350.98,0.63,53.09,63.64
올뮤트하고빡겜,KR1,0,6.04,56.82,353.65,1.60,44.74,바텀안오면대가리박음,KR721,1,5.66,53.25,411.50,0.81,53.33,47.06
올뮤트하고빡겜,KR1,0,6.04,56.82,353.65,1.60,44.74,0nerr00,KR1,2,5.96,57.00,397.63,1.22,64.00,69.23
Res Novae,0430,1,3.57,52.62,378.39,1.44,76.92,づッづ,0430,4,4.24,50.67,412.45,0.69,50.00,72.73
드랍세트,KR1,0,3.57,39.18,293.82,1.15,60.22,S5 foundry ,KR1,2,3.89,45.00,358.43,0.88,52.69,100.00
시 바 콩,KR2,1,4.70,58.20,413.45,0.99,55.26,iiilililillll,123,0,3.32,45.67,270.20,2.17,51.17,50.00
김범수똘추새기,2000,3,4.67,37.70,400.54,0.53,55.32,녹슨단검,KR1,2,2.26,47.83,299.47,1.42,29.41,50.00
김범수똘추새기,2000,3,4.67,37.70,400.54,0.53,55.32,토크금지,KR1,3,3.43,43.00,436.05,0.80,0.00,58.33
모기먹는도마뱀,KR1,0,5.41,60.00,256.28,1.85,85.71,파리먹는도마뱀,KR1,1,3.46,47.92,428.45,0.69,67.74,50.00
Radiohead,Gods,0,4.15,47.56,349.68,1.16,54.26,2023년 겨울,KR1,1,3.62,48.00,387.48,0.65,45.63,37.04
파리먹는도마뱀,KR1,1,3.46,47.92,428.45,0.69,67.74,모기먹는도마뱀,KR1,0,5.41,60.00,256.28,1.85,85.71,50.00
성하니,1776,3,2.95,34.62,320.49,0.82,53.25,Ambitionem,KR1,1,4.69,46.50,405.92,0.92,0.00,44.44
성하니,1776,3,2.95,34.62,320.49,0.82,53.25,kkkkk,kr3,2,6.67,61.64,446.68,0.95,58.93,66.67
덤던크,KR1,4,5.01,57.75,447.74,1.03,62.50,맘에안들면던지기,KR2,0,4.00,62.14,295.47,1.88,57.69,64.29
또유니,세젤귀,0,3.29,52.71,325.91,1.77,62.86,무조건잘한다,KR1,3,2.28,36.75,332.84,0.69,0.00,64.29
20학번21군번22학번,KR1,3,3.95,48.50,435.20,0.57,53.62,zhu ding,CN1,4,3.75,47.33,389.70,0.80,57.69,71.43
Aug,16th,0,4.11,61.93,309.23,2.07,56.05,대상현,shy,1,3.37,36.33,393.67,0.88,50.71,53.33
つoωoつ,aaa,2,2.73,48.38,379.06,0.92,54.49,자꾸갓,KR3,3,2.42,33.00,313.40,0.72,56.85,54.55
김현진,0424,1,4.24,51.47,435.31,0.83,69.23,더 간절한 상수냥,KR1,4,3.74,57.00,410.09,0.94,52.09,64.71
黄梁梦,EKKO,1,1.96,42.73,354.74,0.97,55.91,否极泰来,Nova,1,3.27,41.00,420.75,0.73,51.57,23.08
탑은탑일뿐,KR1,3,2.68,37.93,381.71,0.56,56.15,새객끼,4811,1,2.90,45.37,400.81,0.80,50.93,50.00
고길동의길,KR1,3,3.59,42.00,450.83,0.61,0.00,성지나,차돌이,4,6.91,47.25,367.46,0.94,43.75,63.64
Wing,0309,1,4.33,46.55,422.37,0.78,55.00,지 니,7230,1,3.69,52.19,387.84,1.05,48.95,41.67
Daybreak,3527,4,2.63,44.62,361.43,0.73,53.66,채팅끄기,인게임집중,2,3.11,46.46,416.75,0.60,54.11,62.07
Rn1705,9305,4,6.66,58.25,385.65,0.94,68.42,예리한편이야,KR1,3,2.34,35.55,377.37,0.63,56.00,68.18
장래희망두이팅,0712,1,5.09,51.71,392.20,0.98,0.00,따 오,000,4,4.82,59.27,408.97,0.89,65.29,46.67
굴룽쇠,KR1,0,4.79,56.91,377.19,1.46,42.86,부영아대학가자,KR1,1,4.33,51.89,427.35,0.58,64.29,57.14
Shield,J g,4,4.46,56.00,363.38,0.97,57.69,동 대,KR1,2,4.87,49.43,338.13,0.98,47.62,60.00
위드현,4783,0,4.87,54.00,248.90,2.23,0.00,풍암동며루치,KR1,1,2.97,51.92,368.75,1.08,49.51,40.00
ggaevogue,KR1,0,3.77,52.91,281.21,2.91,68.42,ALCARD,4211,2,4.19,41.00,371.37,0.64,47.78,56.52
0in,KR1,0,3.27,53.55,287.12,2.23,53.49,아펠리오스,KR124,1,3.97,48.57,401.21,0.79,62.79,51.85
간절함의 부재,KR1,1,4.52,49.58,427.50,0.66,0.00,탁지지,KR1,3,4.39,44.08,422.59,0.83,55.63,61.54
묵찍딴딴임씨,nnn,3,4.88,39.12,413.96,0.58,56.25,披荆斩棘,JUJU,2,3.71,48.71,327.14,1.31,53.42,53.33
한창 키 클 나이,000,4,8.42,61.20,362.56,1.10,51.95,Bust It,KR1,2,6.06,49.60,344.80,0.97,52.81,84.21
에렌 머플러를 둘러줘서 고마워,KR0,2,4.12,41.20,327.03,1.18,57.73,모래마을닌자,0806,0,4.14,56.95,350.37,1.18,48.39,63.16
홍차맛 다람쥐,masha,2,5.02,53.58,358.07,1.36,58.41,아침포도햇살봉봉,KR1,4,3.34,46.33,449.75,0.75,56.72,60.00
무지 개 같은날,1818,3,1.91,33.33,370.31,0.85,57.60,쁘띠뽀짝 거노,KR1,2,5.44,56.25,369.40,1.16,58.06,52.94
TES mingyun,KR1,2,5.04,51.42,441.76,0.88,78.57,Thor,KR1,2,4.45,42.33,415.14,1.13,72.22,61.90
피지컬연습쓰레기,KR1,0,5.49,52.71,287.05,2.27,60.53,람머스가조아요,KR1,2,3.70,40.80,335.55,0.98,62.28,70.59
波西波伊亞,CN1,1,3.76,48.75,450.48,0.77,55.56,내란의힘윤석열,8639,4,4.15,52.23,421.78,0.79,60.00,90.91
알록달록 해커 아크샨,KR1,2,4.93,36.00,382.52,0.56,0.00,그대가그리운건지그때가그리운건지,KR1,0,4.63,49.90,302.96,2.09,0.00,80.00
은석초등학교,KR1,1,5.51,60.38,388.00,1.21,49.66,이가페,페쵸비쇼가,2,2.93,45.04,386.56,0.81,53.38,53.85
Kalah Heigaari,KR1,4,6.00,50.22,377.40,1.14,0.00,아 담,김성경,3,2.02,45.25,399.96,0.61,0.00,62.50
제리는 쓰러지지 않아,불의 의지,1,7.33,58.00,494.58,0.80,40.40,09SUP,cat,0,9.97,66.00,293.56,1.96,46.15,100.00
찹딸썩,KR1,2,3.68,37.88,343.99,0.61,64.58,치지말라고 제발,KR1,0,6.65,54.50,328.74,2.30,0.00,57.89
Colorlist,7715,2,3.03,40.33,381.39,1.10,0.00,웃으며 너를 만나,KR1,1,5.89,53.00,346.62,0.91,76.92,71.43
원 딜,0404,1,5.19,61.50,447.41,0.72,63.64,서 폿,0404,0,6.88,45.33,252.90,2.16,44.44,63.33
민 석,KR4,1,3.61,54.89,450.62,0.82,65.12,방찬혁,KR1,2,2.58,47.60,351.54,0.88,51.48,57.14
POEM,43th,2,2.43,48.60,418.30,0.72,51.79,빨리뽑는연막탄,LEAN,4,3.24,49.92,393.88,1.09,51.91,72.22
래서펜다,KR1,4,7.30,60.30,409.08,1.07,55.56,닭 목장,KR1,3,2.70,41.11,362.59,0.55,48.37,57.14
iowerjpk,KR1,1,4.52,46.83,407.91,0.54,68.18,예 뭐 하면하죠,호로록,0,4.51,55.21,280.17,2.66,47.50,60.87
사도 배드로,levi,2,5.85,46.92,408.19,0.68,50.00,연대최고미드,11111,2,4.56,37.20,387.12,0.82,49.79,91.67
진이커진비진카,KR1,4,3.65,48.38,373.95,0.80,45.00,Sload,kr2,3,1.75,37.53,411.24,0.34,63.41,46.15
바밤바,좋아하는람,0,4.56,62.82,384.81,1.49,0.00,이세진,8226,1,4.10,53.50,440.21,0.82,47.54,50.00
버태주,KR1,2,5.06,55.00,357.50,1.35,49.79,다 그만,KR1,4,3.84,51.70,355.71,1.30,47.40,70.00
cantile,KR1,3,4.07,37.67,362.03,0.60,68.75,llliillliiillil,KR1,3,2.31,50.00,366.35,1.23,64.86,76.92
맥심커피조절장인,KR1,0,5.00,60.67,291.00,2.43,0.00,병기번호 533384,KR1,-1,0,0,0,0,0,86.21
oUo,KR12,4,3.23,54.72,441.38,0.89,59.42,Trust Heart,서 준,3,3.14,51.17,440.91,0.82,55.38,62.50
TAEHYUN,KR2,2,4.89,50.38,404.82,0.66,64.62,민정용,9352,0,3.29,49.55,270.98,1.93,0.00,42.86
Diana Best,KR1,4,2.86,57.00,357.54,1.29,49.35,길 짜오,KR1,2,4.97,56.09,440.39,1.28,74.42,60.71
라캄파넬라,0000,4,5.23,57.00,338.98,1.16,0.00,팀운지리노,KR1,4,2.76,57.89,374.76,1.63,57.69,25.00
Not noob,KR1,1,4.23,48.50,396.88,1.25,64.71,역삼그래플러,1111,4,4.50,49.75,373.72,1.34,50.67,60.00
Not noob,KR1,1,4.23,48.50,396.88,1.25,64.71,모 켠,1111,4,5.37,49.55,437.96,0.97,50.00,61.54
아맞다우산,KR2,1,3.71,56.40,402.27,0.76,55.97,엽떡핑,엽떡핑,1,4.26,46.70,387.85,0.98,48.54,56.25
목소리의형태,마지막잎새,4,5.07,49.00,395.80,1.00,68.75,linfa,KR1,2,5.35,40.00,397.47,0.47,56.14,58.33
환경파괴의주범을알아버린 북극곰,1111,1,3.46,53.75,387.79,1.04,53.66,전두환,반란군,2,3.38,50.42,391.18,0.73,65.71,60.00
shuoiezaijiana,KR2,3,3.18,42.10,400.07,0.77,52.24,오우현성,KR1,3,1.83,44.96,344.47,1.07,48.85,52.17
jax king1,KR1,3,2.66,49.00,434.57,0.92,0.00,민영예쁘다,kr2,4,5.03,57.17,414.41,0.74,48.33,68.75
모르는데옹,KR1,2,2.89,48.75,423.64,0.79,51.74,황춘숙,검버섯,4,4.94,47.50,369.55,0.92,47.51,56.25
노루멍,KR1,2,4.94,49.43,394.64,0.77,36.84,nyokw,KR1,1,3.12,44.11,358.89,0.76,49.68,64.29
아바타 파괴자,파괴자자,4,5.44,59.25,437.03,0.77,48.48,Anonymous1,KR1,2,3.86,36.00,434.03,0.80,0.00,69.23
12년생 유망주,KR1,1,2.68,51.11,448.61,0.58,55.56,임또정,KR1,4,3.50,55.58,399.07,0.94,45.05,42.86
성 승 욱,유성구,3,3.93,47.83,348.42,1.32,66.67,영 진,КR1,1,3.87,52.62,388.80,0.78,50.93,46.15
팥붕어빵,싸만코,0,5.57,56.50,269.66,1.78,54.35,cb걸면d짐12,KR11,1,2.93,54.25,480.45,0.56,51.22,75.86
소밥아저씨,KR1,2,3.57,39.50,342.91,1.33,0.00,MasterpieceP,KR1,4,3.13,57.38,389.96,0.79,51.13,50.00
보라색맛솜밍,미니진,2,3.23,52.60,438.12,0.98,83.93,dpi1000 40,1000,1,4.21,48.86,413.58,0.95,0.00,45.45
루돌프의종말,KR1,0,4.91,45.25,324.59,1.15,53.98,트주아니,KR1,1,3.71,51.00,398.93,0.65,47.30,68.42
거미원숭이,KR1,0,5.28,50.50,321.52,1.93,0.00,전기톱 악마,KR1,2,3.46,42.60,375.02,0.77,70.97,68.75
설 윤,윤아사랑해,3,3.95,44.75,382.71,0.72,0.00,다 히,혜 지,1,2.73,43.80,362.61,0.63,53.85,63.64
Jiho,0404,1,4.54,55.64,442.08,0.98,0.00,태양보다뜨거운,KR1,2,4.97,36.00,352.83,0.86,54.10,53.57
팀운좀 줘,KR1,2,3.65,48.50,408.61,0.96,66.67,MetallicA,Kr11,2,2.50,46.29,371.92,1.09,54.85,63.64
변함없는,KR2,1,6.03,56.56,424.96,0.95,0.00,요 밍,KR0,2,6.64,53.47,390.97,1.23,90.91,76.67
전라탱크보이,KRI,3,6.24,46.75,338.92,1.23,0.00,zzc,KR1,1,3.74,52.08,420.91,0.69,50.56,50.00
이채영,1008,2,4.35,52.95,459.27,0.90,0.00,마 롱,마 롱,0,4.73,50.78,261.42,2.40,43.55,60.00
녹 차,7777,4,7.31,64.44,435.55,1.07,53.90,king paca,KR1,2,4.88,54.07,381.15,1.12,45.83,66.67
알파카,8366,1,3.67,46.33,419.84,0.49,63.64,알파카똥꼬,8366,0,5.70,58.75,318.14,2.17,46.38,66.67
82세김복동할배의개지리는플레이,3710,0,4.92,45.85,323.67,1.44,35.29,랖 시,KR1,2,6.12,53.23,457.67,0.76,0.00,38.46
또깡이 힘들다,KR1,2,4.29,54.25,406.65,1.05,56.78,포도쮸,KR1,0,8.83,62.00,268.05,2.14,66.67,66.67
이 순 신,거 북 선,2,4.37,51.50,396.28,0.50,47.62,jump king,ZAC,1,5.07,56.67,444.51,0.60,52.19,36.36
김철근,KR1,3,3.04,34.67,382.06,0.76,0.00,로밍서폿 노양심,KR1,4,5.42,50.12,381.45,1.01,66.67,60.00
리자몽,1642,1,4.71,47.30,392.61,0.70,62.16,XwwwwwwwwwwwwwwX,KR1,2,4.40,39.36,377.82,1.14,52.51,53.57
니이모를 찾아서,1014,3,3.05,51.21,426.37,0.90,52.17,정미장인,버스승객,0,4.19,52.70,343.70,1.79,52.06,61.54
니이모를 찾아서,1014,3,3.05,51.21,426.37,0.90,52.17,쑴바보,쑴바보,0,3.12,50.88,327.86,1.70,46.94,81.82
나여 차태웅,03102,1,3.02,44.21,365.69,0.78,0.00,비바람바다,KR1,1,3.10,50.00,332.79,1.35,54.84,66.67
허점을노린묘수,KR1,1,4.61,50.33,416.70,1.03,73.53,죽밀라,kr2,3,1.35,34.71,397.96,0.72,49.42,60.00
니블루빼먹기,KR1,4,6.01,51.25,375.22,0.66,0.00,베이가김,KR1,0,2.47,53.88,316.19,1.48,51.21,72.00
압박 요청,KR1,1,3.98,45.93,385.82,1.06,50.00,토끼우유,KR1,3,1.38,40.82,368.29,0.58,33.33,63.64
KHAN,sexy,3,3.10,44.83,344.66,0.83,65.31,범백호,호랑이,4,3.65,53.95,390.53,0.57,50.76,58.33
강조되고반복되는소리는강아지를,KR1,3,5.15,59.50,381.91,0.48,0.00,니가가면나도간다,KR1,4,4.14,44.17,350.98,0.97,50.90,66.67
승훈아 내려가자,KR1,1,6.11,57.18,461.41,0.88,63.33,에있힙팔,KR1,0,4.39,59.12,402.78,1.33,42.98,50.00
10asdfq,7140,1,2.73,50.75,390.30,0.63,0.00,개고기중독형욱이,KR1,4,3.94,49.25,358.49,1.31,53.85,42.86
KAIST23이동헌,KR1,4,2.95,52.25,401.65,0.85,55.17,신비준,KR1,3,2.06,36.48,381.31,0.57,52.27,60.00
용주냥이,KR1,0,3.58,56.91,335.44,1.59,46.15,Dosik,KR2,1,2.27,41.76,327.92,1.13,55.21,36.00
카운트다운,0415,4,5.93,50.56,356.79,1.24,52.38,루디아 악어크림,KR1,1,5.67,53.29,382.68,1.13,72.41,66.67
작은골렘,작은골렘,4,3.03,62.14,402.89,0.91,55.56,큰 골렘,큰 골렘,3,4.24,36.22,390.95,0.54,53.85,57.89
떨어지는데날개는필요없다,KR0,0,4.50,53.05,347.39,1.48,0.00,봉태군,매발톱단,0,3.72,46.60,339.21,1.47,56.45,57.89
떨어지는데날개는필요없다,KR0,0,4.50,53.05,347.39,1.48,0.00,철학과 윤리를 통달한 남자,0906,4,3.30,36.09,359.46,0.88,53.49,45.45
나에게 무슨 짓을 하시는,111,1,4.02,54.40,435.30,0.97,62.50,스타 개복치,123,1,6.70,52.19,398.76,1.27,62.22,72.73
양학 죄송합니다 빨리올라갈게요,양학러,2,3.93,43.70,396.88,0.91,70.00,코인박사 홍철이,DOGE,3,1.84,35.44,314.69,0.77,70.00,72.73
소보로보소,KR2,2,4.50,49.22,402.80,0.99,55.26,Do Mom Die,KR1,1,2.79,40.10,386.06,0.66,34.21,69.23
조아람,1110,0,6.88,54.33,354.36,1.45,56.16,기 토,KR2,4,3.90,49.25,377.64,0.69,53.78,70.59
조아람,1110,0,6.88,54.33,354.36,1.45,56.16,PAVA,ROTI,4,3.43,50.00,398.87,1.08,63.64,81.82
김채원,0524,1,3.31,51.09,371.23,1.36,26.67,몽 동,몽 동,2,3.46,45.05,372.74,0.94,46.51,63.64
우리 눈나,KR1,4,5.11,75.00,368.44,1.78,72.00,사랑해영,KR1,0,7.91,61.14,265.49,2.31,0.00,72.00
싱글벙글스크류바,싱글벙글,1,3.53,53.29,437.66,0.76,55.56,도선생,칼날부리,4,2.66,46.57,346.16,1.08,45.88,56.00
별이캔따개,KR1,3,3.36,44.15,422.97,0.79,77.78,lonely,kr22,4,2.15,53.14,365.00,1.05,54.82,77.78
괴물쥐 구조대 ,KR1,3,2.38,40.14,371.63,0.67,53.33,두카티부가,KR2,1,2.88,47.60,396.41,0.80,57.69,36.84
좋은소식있는데들을거냐는이재용,2234,4,7.03,54.33,448.16,0.90,57.78,FA 수킹,훈수킹,4,4.47,59.89,389.66,1.31,50.00,66.67
죠때뉴,KR1,1,3.97,53.88,402.80,1.13,45.16,초록맘모스,0725,3,3.42,50.29,365.66,0.95,33.33,52.17
Huyatv advance,KR1,3,3.83,52.06,491.31,0.61,0.00,squirt,0212,4,3.09,57.38,350.72,0.85,0.00,66.67
나는 없어,KR1,0,8.59,66.00,270.28,1.39,0.00,주희봄,0000,1,3.94,56.00,451.65,0.82,60.71,76.67
랭크 계엄령,윤두창1,0,5.27,55.60,407.55,1.32,42.31,Tame Impala,11112,2,3.03,46.72,398.41,0.71,66.67,72.73
Qwon,0118,2,4.55,38.75,354.28,0.81,52.00,뚜상필,Udyr,3,3.02,39.29,368.29,0.95,50.00,41.67
baoxiangui,KR1,4,3.31,54.88,406.37,1.27,67.48,is1,1234,2,3.10,47.00,369.68,1.14,53.80,50.00
내 위주로 안하면 갖다 박음,KR1,3,3.36,47.96,406.51,0.70,56.76,우리개는안물어요,1234,0,3.30,57.40,275.01,2.48,55.19,47.62
맛있어서쏘리쏘리신당동떡볶이스낵,00000,2,4.58,44.44,388.46,0.57,40.74,전격 Z작전,12323,3,3.99,53.14,381.84,0.92,50.97,53.33
Bon Jovi,John,0,3.86,59.46,333.26,2.15,46.15,막 만지셨잖아욧,KR1,1,3.59,51.50,422.67,0.63,45.45,63.16
그차리에 그시칸에,0404,2,5.23,46.82,402.84,0.90,0.00,lady7,1212,4,3.23,50.60,370.89,0.79,50.00,68.42
핵버튼,KR1,2,2.96,49.62,338.19,1.34,33.33,김수돌,KR1,3,2.01,38.43,377.76,0.54,54.69,63.64
나구영,KR1,0,4.88,53.91,268.64,2.31,51.72,혀니비니모,0517,1,2.39,48.40,361.99,0.84,53.70,50.00
IRELKLNG,25722,3,2.83,43.00,409.16,0.80,56.94,크앙 나는 상어다,KR1,4,4.16,57.47,410.66,1.01,64.71,70.00
똥망갱,KR1,0,4.69,58.18,377.82,1.57,66.67,Shin,Sin6,2,3.56,46.95,357.55,0.88,63.64,62.50
강홍구1,KR1,0,3.38,52.00,299.19,2.88,54.50,요조숙녀 이승준,KR1,4,1.71,35.48,355.09,0.73,60.53,73.33
똥챔교수님,KR1,0,3.07,56.70,292.23,2.29,51.06,나야나재방이라구,KR2,2,2.49,39.62,406.51,0.66,49.07,53.33
정수냥,S 2,4,2.99,45.00,399.95,0.76,63.46,中国造假者,造假者,1,3.39,42.56,426.18,0.67,46.38,50.00
구마유시,116,1,3.92,52.62,444.18,0.52,77.78,한밭대 신입생,KR1,4,4.29,53.93,416.93,1.11,0.00,66.67
호평인,KR1,4,3.90,61.25,351.72,0.79,71.43,uams,KR1,2,3.30,44.06,368.49,0.96,46.43,27.27
소없방,GAS,2,4.22,47.72,381.64,0.68,83.33,파괴킹,KR1,4,2.09,49.32,344.76,1.36,49.46,61.54
소없방,GAS,2,4.22,47.72,381.64,0.68,83.33,파괴킹,KR2,4,3.63,51.92,398.01,0.87,72.22,50.00
만 월,이지금,1,4.92,51.39,455.94,0.64,55.17,つoωovつ,KR 1,2,2.75,40.11,384.96,0.57,51.07,57.14
임시소환사명,1116,2,4.59,52.63,425.39,0.72,66.67,동녘동나타날현,KR1,4,4.61,55.30,372.05,1.02,40.62,56.25
나는 비겁해,KR1,3,3.07,39.50,420.56,0.67,71.43,협 업,KR1,4,2.89,44.73,354.53,0.87,61.67,72.73
나는 비겁해,KR1,3,3.07,39.50,420.56,0.67,71.43,미끼리뿌우,1234,0,3.04,46.00,249.19,1.92,48.78,80.00
현소하,KR1,0,9.31,67.33,284.84,2.24,65.71,그 시절 LemonTree,0418,1,4.34,56.00,454.62,0.58,50.46,64.29
꽃 뱀,돈 줘,4,5.67,61.41,404.83,1.13,42.22,金荣仁,中文学院,-1,0,0,0,0,0,50.00
일광욕,2005,1,4.01,49.23,403.10,0.67,49.90,윤 호,1127,3,2.26,34.93,359.95,0.52,50.00,53.33
Haelly,KR1,2,3.58,43.56,386.69,0.71,57.14,李相燁,李相燁,3,3.14,48.07,387.91,0.63,56.00,44.00
베켄v,KR1,0,3.47,59.27,352.25,1.94,46.67,다람쥐 도토리 뺏기,2627,0,4.19,49.80,236.68,1.94,31.25,64.71
Evior,KR1,3,3.15,46.94,413.20,0.62,42.86,구다리,0929,1,3.77,44.71,381.06,0.67,52.48,64.71
Evior,KR1,3,3.15,46.94,413.20,0.62,42.86,이니시는확실하게,KR1,0,4.09,58.90,269.63,2.19,60.00,76.92
skslekfo,KR1,0,2.38,49.00,314.46,2.23,65.22,김건뻥,KR1,1,2.33,46.40,355.25,0.49,62.00,68.00
08년생 Viper,KR1,1,3.74,56.50,468.24,0.87,0.00,EGONZO,KR1,0,5.73,54.86,269.58,2.33,57.14,73.33
10l0l011011l0ll1,0101,2,5.21,49.53,435.59,1.07,60.00,날쌘이 김쌘돌,FA1,1,4.65,44.38,372.83,0.86,55.97,68.18
Wave to Earth,웨이비,4,4.05,54.11,411.33,1.38,64.15,쿠릉쿠릉붕어빵,KR1,3,2.17,38.88,368.48,0.78,54.08,35.71
왜들그리다운돼있어,KR3,4,4.23,52.93,380.57,1.16,51.33,아무노래나일단틀어,KR3,2,3.45,52.92,387.78,0.86,46.51,41.18
hungrynono,KR1,0,3.04,48.60,288.27,2.37,0.00,haxiya,KR1,1,3.24,46.24,409.78,0.70,50.28,70.00
월요일,일주일,4,5.64,61.73,431.25,0.99,77.78,IlIllIlIIllII,KR1,1,4.50,54.85,382.04,1.10,0.00,61.11
고도의 집중력,KR1,2,4.81,50.71,395.74,0.44,62.32,공석우,KR1,3,3.06,37.00,331.12,0.69,67.44,53.33
립스틱사죠,KOR1,3,4.54,52.21,366.82,0.92,0.00,IXIIIIIIIIIIIIII,KR1,4,4.78,55.30,377.85,1.08,53.57,45.45
롤토체스,실력과 운,1,3.34,49.57,416.20,0.72,0.00,완전 진심,KR1,2,2.44,50.90,358.89,1.11,52.43,46.67
디 아,FOCS,1,4.20,54.44,443.17,0.99,54.00,Pati,KR1,0,2.74,48.00,284.73,2.77,59.32,78.95
빡나라,KR1,0,7.63,50.62,276.61,1.86,55.03,츄 엘,KR1,1,5.40,49.25,435.98,0.63,66.15,80.00
강동캣맘카페지명수배자,KR2,1,3.93,48.91,377.92,0.84,80.00,YASKING,KR3,1,3.51,51.75,397.25,0.82,49.35,40.00
무적튼튼백골용사,KR1,4,4.97,52.60,334.58,1.29,60.82,사주봐준다면서여자번호따는공관식,dm주세요,2,2.76,46.50,406.50,0.97,54.29,70.00
나는 만두,따끈따끈,0,5.83,61.11,287.84,2.55,50.00,이승현,KR1,0,3.38,44.50,312.12,1.34,51.06,63.64
바텀개,개서연,0,7.47,52.83,300.15,1.22,64.71,말랑카우 꼬집기 5단,비틀고싶네,1,4.32,59.00,482.75,0.52,74.36,73.08
697,1999,1,3.55,56.06,428.99,0.77,64.10,쪼렙인디말로하자,KR1,2,4.17,46.91,388.46,0.85,59.55,50.00
gnflzkzp,KR1,1,3.95,46.25,366.87,0.58,56.20,뽀현이,2002,0,3.78,60.92,341.59,1.34,50.86,64.29
화내면 치매,KR1,1,4.76,55.00,386.53,1.00,45.45,우              흥,이재우일베,4,7.12,49.65,401.40,1.00,47.15,57.69
강아지 뼈다귀뺏기 장인,강아지내꺼,4,4.64,53.26,386.79,1.20,52.17,카리나,사우르스,2,5.08,44.54,400.20,0.78,45.24,72.00
就月將,111,4,2.65,52.41,380.10,1.35,66.67,김민지,222,3,2.14,25.88,346.08,0.51,28.00,30.77
블라디라네,31KR1,2,2.50,36.00,394.35,0.72,53.53,짬뽕뮹,0917,0,2.95,48.75,274.39,2.36,45.28,53.85
꼬집어죽여버리기,99999,4,4.57,54.82,433.32,0.75,61.11,화장실 청소당번,쓱싹쓱싹,0,5.02,59.43,275.11,2.85,58.18,40.00
도구가숟가락으로,KR2,0,4.04,53.69,303.73,1.82,49.66,Lv 1 한구리,KR1,3,2.99,34.17,387.35,0.53,49.03,54.17
더미친놈,019,2,4.75,48.53,407.25,0.75,37.50,변이하면그만이야,KR1,0,6.62,65.33,282.33,2.74,0.00,54.55
세팍님,요아정,0,4.91,52.47,333.22,1.38,53.46,M24,KRl,3,3.87,51.90,446.87,0.69,45.16,83.33
쓰레쉬꾼,KR1,4,4.97,61.08,437.97,0.88,0.00,GetSeaBallSheKey,KR1,2,3.91,51.24,381.37,1.07,50.87,53.33
만개한 꽃잎,KR1,3,3.66,38.23,306.99,1.17,39.22,야옹서윤,지켜죠,2,3.23,43.91,425.95,0.55,54.76,58.33
우리팀 하리보,KR1,2,3.05,48.64,436.04,0.76,52.05,꿀 모 노,KR1,4,3.94,52.00,382.57,1.01,62.50,50.00
조끄튼거맛있네,KR1,1,4.08,52.67,444.33,1.15,0.00,스오쟁이,KR1,3,1.60,29.67,364.82,0.58,0.00,64.29
Mahp,BD4,4,6.19,52.35,375.18,1.32,50.00,khw1126,khw,4,5.15,57.33,392.58,0.82,31.82,72.73
고따이준,1594,3,3.71,44.14,373.54,0.83,44.44,운기조식,KR1,2,2.93,42.70,381.76,0.67,61.11,50.00
레전드리우스,KR1,1,4.08,52.14,450.60,0.62,47.83,두부애용,KR1,0,7.09,54.57,281.50,2.49,50.21,56.67
안경찾는안경,1001,1,4.28,54.83,424.23,0.97,54.35,엉부리,부리부리,0,10.05,62.00,266.90,1.82,50.00,63.33
무중력 자유낙하,0725,3,4.31,49.37,397.08,0.76,66.67,원영적사고,Lzlvz,2,2.43,46.86,360.21,0.70,51.24,47.06
무중력 자유낙하,0725,3,4.31,49.37,397.08,0.76,66.67,指挥世界,명바이,0,3.29,53.31,327.71,1.68,48.94,66.67
말랑뚱돼지,KR1,1,3.16,51.26,372.43,1.05,52.50,요리조리오리궁디,KR1,0,2.07,46.70,317.90,1.61,55.56,52.63
말랑뚱돼지,KR1,1,3.16,51.26,372.43,1.05,52.50,말랑뚱땡,KR1,1,3.13,46.29,341.77,1.14,56.87,0.00
우짤까르곰,KR1,1,5.54,60.05,434.53,1.44,66.67,Neko,空の猫,0,6.99,58.36,347.26,1.76,0.00,100.00
달곰창,KR1,1,5.21,50.20,386.97,0.71,49.17,수자재지,KR1,3,4.91,37.25,338.30,1.38,54.17,27.78
공주대장님,KR1,3,3.70,40.67,393.30,0.69,63.64,즐거운편이야,KR1,1,3.92,43.44,348.31,0.67,48.65,68.00
멍청이빠꾸,KR1,4,3.51,50.65,431.57,0.79,47.37,NoOwlRock,Unzi,4,5.49,52.00,418.41,1.00,62.50,45.45
희저격,KR1,4,8.36,60.00,414.57,0.87,47.06,사당윈터,kr12,0,5.54,48.36,277.36,1.78,55.32,60.00
얼려주지,KR1,2,4.39,48.78,417.35,0.66,54.93,니 내 키 아나,KR1,2,3.33,41.20,435.64,0.59,51.84,68.97
충성스런댕댕이,KR1,3,2.55,43.61,419.94,0.71,52.94,모수 안성재,3STAR,2,1.82,36.60,365.03,0.57,46.15,70.59
우채연,KR2,1,2.27,43.53,378.30,0.74,40.58,겨쩐떠,KR2,0,3.24,42.91,346.56,1.66,55.32,63.64
많이심심한망고,KR1,2,3.74,49.69,355.04,0.83,0.00,유 예 진,ADHD,0,2.52,43.00,317.28,1.75,50.29,54.55
나는아닐거아니야,00000,0,2.18,41.92,301.99,1.49,46.67,오직 나만 믿기,KR1,1,4.13,44.93,388.93,0.79,48.10,47.37
인생살면뭐하지,KR1,3,4.19,48.71,419.58,0.62,16.67,인사해조,KR1,1,2.92,41.64,389.88,0.65,35.29,52.94
거북이국물,KR1,3,2.45,45.11,370.62,0.70,51.79,열심히오스,KR1,2,3.30,44.18,373.20,0.88,53.66,36.36
밥 공,KR1,2,3.30,40.20,398.39,0.56,48.31,세상귀여운재용이,KR1,1,3.42,49.50,369.93,1.34,54.43,65.38
김묵직,묵직묵직,2,5.86,47.71,361.94,1.44,50.00,섹시슬림케피,KR1,3,3.54,38.18,375.02,0.75,0.00,75.00
good peng,KR1,1,4.10,53.52,376.53,1.54,47.06,대 무 태,0523,4,5.60,57.83,383.43,1.13,51.97,40.00
잠 많이 잘래,123,2,2.58,42.15,380.18,0.47,54.47,감자마룽,KR1,4,3.04,56.36,326.38,1.41,69.23,37.50
돌아온찐사나이,KR1,3,2.89,39.55,368.29,0.44,40.74,Vave,KR1,1,4.99,48.71,347.31,0.66,0.00,25.00
키키키키키키키키키키키키키키키키,3705,2,2.03,40.20,405.99,0.57,80.00,제 잘못 아님,KR1,4,4.82,47.43,379.99,0.87,46.46,46.67
알파화이팅,KR1,3,3.86,42.88,381.88,0.79,0.00,앵간하게재수강,KR1,1,3.92,54.60,405.55,0.93,50.28,50.00
공화국장,KR1,3,2.68,37.43,359.35,0.75,51.32,sakeal,KR1,3,2.47,37.27,357.29,0.58,56.82,41.67
허서은1,KR1,3,5.38,60.75,388.54,1.08,0.00,마이정글플레이,KR1,4,4.41,57.50,393.62,0.90,44.53,77.27
베네치아,8067,0,4.22,51.69,349.12,1.25,45.83,난너네안믿어,KR1,4,2.27,48.15,354.49,0.80,56.36,50.00
소환사 돈마블,KR1,4,2.63,43.44,404.00,0.75,51.69,버스 좀,KR1,3,2.61,30.83,375.23,0.56,40.95,33.33
벙 쓴,KR1,1,4.41,48.12,412.22,0.68,50.10,기기태,KR1,1,4.40,52.85,389.04,1.04,44.12,76.92
쮸빠삐무녜뇨,두비두밥,2,1.54,38.54,373.17,0.58,50.59,성심당빵셔틀,명란바게트,4,2.90,47.10,393.59,0.72,48.39,36.36
비둘기 관리자 ,KR1,2,5.48,48.62,343.28,1.22,46.77,봄엶갈결,KR 1,2,2.27,39.72,382.52,0.65,48.72,57.14
찐막승,KR1,1,3.76,50.70,372.07,0.77,54.25,pnpm,1235,2,3.20,43.22,376.14,1.08,50.79,25.00
찐막승,KR1,1,3.76,50.70,372.07,0.77,54.25,텔 탑니다,KR1,2,3.00,39.41,342.07,0.96,56.82,30.00
롤노잼,123,2,5.49,48.82,425.29,0.75,41.67,혜연2,0911,4,3.97,55.29,422.98,1.20,51.22,69.23
스콧 맥토미니,NO39,4,3.93,51.05,375.35,0.87,50.00,난 슬플때 제라스를 해,123,2,3.87,40.50,378.79,0.89,50.97,28.57
진짜멘탈약함,KR2,1,3.62,49.53,356.49,1.34,40.00,삼팔광땡,한끗차이,4,2.74,50.43,395.14,0.82,50.39,36.36
wkdgh1020,KR1,0,3.68,54.12,281.53,2.35,55.56,후시구로 토우지,4211,3,3.00,44.39,371.76,0.68,44.90,33.33
뭐 얌,KR1,3,2.97,47.40,373.77,0.49,50.88,yayo7,KR1,4,4.21,50.00,389.73,0.79,49.86,30.00
A D,H D1,1,4.38,61.00,470.74,0.78,73.08,블츠의기묘한모험,Blitz,4,2.22,45.26,318.40,1.07,40.00,63.16
오만한 침팬지,KR1,2,3.43,42.38,368.45,0.85,40.00,목이버섯,KM2,3,2.75,46.68,376.23,0.75,57.35,42.11
수전드,KR1,2,2.65,43.82,356.41,0.99,57.14,홍대겜소20,KR1,1,5.48,49.43,394.39,0.75,47.76,53.85
Bloomy,KR1,4,4.47,52.92,383.98,0.97,37.84,엄티의 등껍질,kr7,3,2.22,35.33,369.59,0.67,51.76,53.85
콩 떡,유애나,3,3.11,36.95,389.46,0.74,55.74,허 니,승 헌,1,2.61,39.33,378.20,0.52,47.54,52.94
콩 떡,유애나,3,3.11,36.95,389.46,0.74,55.74,SRP우산도둑이승빈,도둑년,1,3.88,59.25,408.53,0.77,42.45,80.00
영쭌오브레전드,KR1,4,3.36,51.90,397.62,1.08,50.46,나 왜 지는거임,KR1,1,4.58,46.50,412.26,0.61,47.97,73.33
고전파,개고수,2,4.70,56.33,410.24,0.60,46.96,채수빈,사랑해,4,4.77,49.75,386.28,0.84,54.07,36.36
거렁뱅이들,KR1,0,2.96,53.55,268.63,1.89,55.86,성악과 교수,마스께라,1,2.95,46.82,389.68,0.69,54.62,60.00
천 마,914,2,2.89,42.24,342.90,1.04,54.77,지렷쥬,kr2,1,2.89,51.27,390.65,0.76,51.25,35.29
검은콩,6606,1,4.06,52.39,378.77,0.63,62.86,넉넉할 유,KR1,3,3.07,35.75,349.76,0.57,47.55,50.00
검은콩,6606,1,4.06,52.39,378.77,0.63,62.86,민 지,blue,0,5.09,59.43,262.76,2.32,60.22,53.85
사미라,KR40,1,4.04,51.38,404.51,0.94,54.76,도태된 남자,KR1,1,3.22,48.44,373.36,1.05,51.22,46.15
감수성 부족함,KR1,2,3.55,41.33,370.47,0.90,53.93,01066078155,KR1,4,5.22,31.09,407.81,0.67,51.16,72.73
sadfaced,KR1,0,5.69,52.20,276.19,2.41,45.83,이거 어떡하지,KR1,3,3.66,39.31,427.55,0.78,40.38,62.50
KE1TA,KR1,1,2.80,48.14,383.94,0.74,50.93,생강이는진저,KR1,3,4.74,39.82,296.93,1.13,60.00,40.00
너의그대,KR1,4,4.15,41.62,381.22,0.74,53.85,BURBERRYHOON,KR1,4,2.48,46.29,343.72,0.89,50.59,85.71
ieieieieieieieie,KR1,1,3.04,54.35,389.28,0.86,62.50,Kia in,9915,2,2.35,43.20,385.90,0.67,56.67,43.75
ieieieieieieieie,KR1,1,3.04,54.35,389.28,0.86,62.50,Lv 1 악어장군,KR1,3,3.01,35.33,390.05,0.65,51.43,53.85
천유빈,KR1,4,4.51,47.15,390.28,0.91,35.71,째째한튀김우동,KR1,3,3.24,42.30,391.11,0.91,0.00,60.00
Proper Decorum,KR1,4,3.47,43.91,350.37,1.12,54.48,나는야전설의개초딩꼬우면DM문의,123,2,3.89,50.08,369.50,0.79,65.31,43.75
Proper Decorum,KR1,4,3.47,43.91,350.37,1.12,54.48,모코 하와이,KR1,2,2.97,54.19,349.74,1.01,49.81,23.08
딱따부리,구리박기,4,4.01,59.94,417.41,1.13,57.58,선규야 밥먹자,KR1,3,3.29,51.82,402.04,0.71,60.00,53.57
상자야,KR1,4,3.27,56.96,360.58,1.11,53.19,내 폴더,KR1,0,4.38,44.80,253.36,1.49,50.00,43.48
호 건,01234,1,3.47,49.94,435.35,0.63,0.00,달과별,5655,0,9.25,47.50,251.71,1.75,0.00,45.45
망나니,Daily,3,4.62,39.43,409.71,0.76,0.00,天上天下 唯我独尊,shine,1,2.78,40.80,336.65,1.17,51.17,52.17
꺾지마라 내마음,KR1,1,3.48,53.07,401.79,0.72,60.00,서포터,1686,0,4.61,52.43,268.73,2.24,28.57,55.56
나효진인데,gldrn,4,2.81,50.80,371.18,0.95,46.51,gldrn,KR1,2,3.46,44.67,333.86,1.28,51.52,56.67
성혜원,KR1,3,3.03,43.00,465.88,0.68,83.33,아따가맘마다,KR1,0,4.58,53.29,328.43,1.58,47.46,51.72
망겜의매칭주작,KR2,2,3.47,48.86,356.88,1.22,69.23,티모애호가,KR2,3,2.34,34.13,355.85,0.46,56.07,41.18
I BE LIKE,KR1,0,4.54,50.55,370.87,1.25,71.43,꿀 벌,양봉업자,2,3.52,47.88,374.39,0.90,49.56,60.00
I BE LIKE,KR1,0,4.54,50.55,370.87,1.25,71.43,구레엥,KR1,2,1.99,29.33,342.70,0.79,39.74,80.00
Damn Game,KR2,4,6.01,54.29,388.01,1.08,52.38,니말이다맞아,9452,1,4.61,45.89,406.91,0.62,48.00,70.00
Damn Game,KR2,4,6.01,54.29,388.01,1.08,52.38,91z,1991,2,4.38,46.86,394.62,0.65,74.36,70.00
가슴빨고싶다,마시따,2,3.35,49.43,355.70,0.99,45.83,난다시왔어,KR2,2,3.62,44.82,398.32,0.83,50.99,54.55
가슴빨고싶다,마시따,2,3.35,49.43,355.70,0.99,45.83,난이제왔어,KR2,4,4.69,41.93,397.41,0.76,50.22,36.36
일간베이가,디시도 함,2,3.67,43.80,370.18,0.64,51.47,정이년,0729,1,2.62,34.00,367.00,0.59,42.71,40.74
아이린,5233,0,3.63,50.56,327.43,1.17,58.33,AS spell,KR1,3,2.26,40.45,391.56,0.72,53.46,43.75
아이린,5233,0,3.63,50.56,327.43,1.17,58.33,수제새우깡,KR1,3,3.03,37.31,338.45,0.60,53.33,57.14
잔나미안,KR1,2,3.96,49.83,388.08,0.91,50.69,아진짜제발,죠민기,3,2.85,46.70,427.23,0.68,48.72,50.00
잭시무스,잭시무스,4,4.94,46.12,321.33,1.20,64.71,본 립 도 생,7881,3,2.14,34.25,401.72,0.34,0.00,50.00
오픈 봇 2호기,혜지보면오,3,3.21,41.40,380.75,1.12,56.45,ガブンクン,Garen,4,4.44,46.82,417.56,0.63,0.00,50.00
크리스범스테드,등운동,1,2.63,46.54,374.08,0.48,49.58,다강다강다가강,KR1,2,2.59,39.70,369.60,0.92,49.16,41.18
바선생,KR3,2,3.07,49.00,422.12,0.61,0.00,침착하자현진아,KR1,1,4.31,42.00,367.25,0.61,48.68,50.00
라영준이,KR1,2,4.62,42.50,349.55,0.66,37.04, 송강동 쩝쩝석사,KR1,4,2.30,45.80,355.08,0.52,0.00,45.45
허버허버젤리먹기,KR0,3,2.56,31.82,344.32,0.60,47.57,냥줍장인,KR1,4,3.57,49.57,415.38,0.95,51.89,50.00
허버허버젤리먹기,KR0,3,2.56,31.82,344.32,0.60,47.57,아쿠알라움,KR1,0,4.08,48.41,323.47,1.85,49.32,60.00
뒤통수맞는아낙네,8520,0,4.28,53.67,258.52,2.41,45.95,그냥 이렐,KR1,1,4.83,49.33,403.27,0.66,45.54,70.00
바닥미장,기리보이,2,3.63,44.09,384.14,0.78,50.30,Radiohead,1219,4,2.74,53.08,392.22,0.79,50.29,54.55
파멸의국밥,KR1,3,2.94,39.00,384.44,0.57,0.00,CHOI,COYG,4,5.54,51.00,365.53,1.00,51.41,58.33
럭키밍키,KR2,4,5.24,54.33,405.09,0.94,61.90,자르반간장반,KR1,3,2.71,40.80,351.18,1.04,39.39,55.17
Lilpa,6702,1,4.60,56.87,375.06,0.73,42.00,다락다락다라락,kr2,1,1.84,35.50,354.77,0.57,49.28,47.06
Y E,yzyzy,3,2.43,30.75,354.48,0.56,55.95,바텀머리부수기,007,4,7.71,44.33,334.37,1.04,51.32,60.00
그만때려요I,KR1,1,3.70,51.27,421.81,0.70,65.79,춘 식,0106,0,3.88,55.85,286.03,2.43,48.04,41.67
그만때려요I,KR1,1,3.70,51.27,421.81,0.70,65.79,김말연,KR1,1,3.57,48.78,356.56,1.26,48.94,54.55
영박민,KR1,1,2.57,45.79,390.91,0.63,69.23,군 필 럭 스,KR1,0,3.35,52.00,287.36,2.87,47.62,52.17
설래단,KR1,4,5.36,51.67,374.41,0.84,0.00,탑에사는괴물,kr3,3,2.00,34.88,379.56,0.55,47.92,40.00
설래단,KR1,4,5.36,51.67,374.41,0.84,0.00,쿠아링,KR2,2,2.51,46.09,366.07,0.70,43.90,66.67
LAON LEE,K R,2,2.90,49.70,356.19,1.02,0.00,피크닉 애플,KR1,1,4.12,43.88,323.44,0.95,41.94,22.22
아름다울 휘,KR1,3,4.46,35.50,412.58,0.51,54.55,장건박,잘박음,2,2.49,42.22,360.70,0.94,51.03,75.86
너무하다 하늘아,1323,1,3.11,35.00,369.13,0.48,77.78,한지맨,KR1,0,2.27,42.31,324.85,1.32,57.72,33.33
15defeated,KR1,1,2.13,44.86,386.78,0.81,0.00,킴 현백,KR1,0,5.11,55.29,265.23,2.20,49.68,46.67
JWG Miju,KR1,3,3.19,47.36,419.33,0.68,50.00,불안초조준용,KR2,3,2.88,44.67,436.31,0.58,50.92,57.89
75830929del,KR1,0,3.79,57.31,332.94,1.56,0.00,응우옌 푸 쫑,4094,1,4.61,49.00,376.37,1.38,46.63,53.33
잘하자,KR123,1,2.79,44.42,351.76,0.99,53.46,먹기만 하는 아이,KR1,1,3.17,53.89,366.62,0.96,50.79,60.00
바람은 왱왱왱,맘은잉잉잉,4,3.81,53.83,426.53,0.86,0.00,김수현,kor,0,3.88,47.59,337.50,1.28,54.86,63.33
로밍가기싫은사람,KR1,2,3.11,41.22,368.00,0.86,49.07,지네장로,KR1,3,2.66,46.17,423.02,0.53,50.68,27.27
시종일관,777,4,4.57,51.12,415.82,0.67,48.79,굉장해엉청나,KR1,2,5.78,45.00,390.71,0.55,46.43,63.64
급식 먹는 블츠,KR1,0,7.87,57.67,345.09,1.74,0.00,유노사우르스,0225,3,3.05,38.30,356.55,0.74,51.91,64.29
감타니 쇼헤이,KR1,2,3.05,40.07,332.95,0.90,39.22,웃으면서 하자,KR99,3,3.75,43.91,407.79,0.79,42.19,23.53
감타니 쇼헤이,KR1,2,3.05,40.07,332.95,0.90,39.22,Dunkel,3333,3,4.65,43.58,426.59,0.69,42.86,30.77
mute all,입털지마,3,3.60,39.05,403.64,0.70,0.00,흰색마스크,KR1,4,3.12,35.40,364.31,0.62,48.24,50.00
태 리,0519,3,2.76,44.67,396.51,0.76,51.19,릭트쇼,7806,3,3.39,44.12,401.36,0.76,26.32,45.45
PzZZang,천하제일검,2,3.23,44.19,372.27,0.61,5.88,Glück,ESFP,4,3.56,42.40,350.48,1.10,47.27,57.69
송아쥐,KR1,2,3.28,49.76,369.68,0.76,50.66,Rosé,김시환,4,4.09,45.00,399.15,0.85,43.48,52.38
푸른방,KR1,2,3.48,43.43,395.34,1.01,66.67,앵벌이버드,KR1,1,3.64,44.09,389.34,0.98,44.64,69.23
포도잼,토스트,0,3.27,57.50,274.40,2.23,56.04,임재하,얼간이,1,1.81,42.17,369.21,0.61,53.76,40.91
Monkey D Luffy,밀짚모자,0,4.42,46.88,335.52,1.41,58.75,니코팅,KR01,0,6.96,58.50,280.38,2.84,42.86,58.33
김7I덕,KR1,0,4.16,40.80,340.38,1.05,59.09,Azubu Zoong,KR1,4,6.80,54.50,410.42,1.01,48.92,59.09
산드라,KR1,3,3.38,42.33,414.32,0.67,52.63,짧은 악연,KR1,1,3.68,53.60,389.68,1.12,45.45,41.18
세계대백과사전,KR1,2,4.93,53.25,410.60,0.96,50.35,황금사막,KR1,4,6.05,61.00,369.45,1.32,55.10,50.00
정민똥꼬에성식고이추,6974,0,3.54,53.86,366.58,1.27,50.25,Januarius,KR1,2,2.00,43.13,329.87,1.18,52.60,53.33
정민똥꼬에성식고이추,6974,0,3.54,53.86,366.58,1.27,50.25,어둠에 빠진자들을 사냥해볼까,KR12,1,2.86,54.50,390.23,0.81,50.26,58.33
박 민 주,고우심,3,2.39,40.50,363.00,0.81,54.37,섹시한승주니,섹시승준,4,4.30,48.18,395.45,1.24,54.10,48.28
환경말끔이,KR1,3,2.56,29.12,337.75,0.52,51.02,쭌 서,KR1,3,2.96,40.68,430.27,0.61,45.90,21.74
기침과 화는 참지 않는다,KR2,2,3.00,49.92,354.56,0.94,62.50,칠봉진,KR1,1,2.30,50.23,416.08,0.58,44.12,45.45
민듄이,KR1,0,3.23,57.13,335.50,2.17,60.59,빈센트 훔바훔바,9697,3,1.89,32.94,330.29,0.49,28.57,53.33
벽넘어가면 ,KR1,1,4.63,44.91,407.23,0.48,0.00,티라노와트리케라톱스,강력합니다,0,3.10,58.00,277.72,2.33,55.56,69.23
티문죠끝네,KOREA,1,2.61,47.93,391.39,0.60,42.11,채뿡빵이,KR1,3,2.98,36.69,387.07,0.59,52.69,51.85
징징이,달래보던가,4,1.95,38.44,337.83,0.84,50.82,호들짝,KR1,2,2.34,52.89,433.56,0.78,45.45,39.29
밍긔뉴,KR1,3,4.10,34.20,335.03,0.70,53.27,옆집 과부,KR1,2,3.52,55.30,371.43,1.06,52.90,50.00
룰루소라카나미,2732,4,4.06,43.00,388.79,0.53,60.00,예비군 배수빈,1234,2,2.95,43.83,407.34,0.50,46.88,43.75
말차라떼샷추가,0824,2,2.29,42.25,379.76,0.50,42.86,야스오주세요,KR123,3,4.06,35.69,371.29,0.47,49.02,50.00
행복한심마니,KR1,2,2.37,48.94,474.91,0.43,52.54,onexn,0000,2,2.33,47.08,396.00,0.74,42.11,46.15
행복한심마니,KR1,2,2.37,48.94,474.91,0.43,52.54,투신명림,KR1,3,4.37,44.40,343.61,0.68,53.33,75.00
Erica,heath,2,4.21,44.30,363.80,0.68,80.00,이거일곱글자임,KR1,2,3.48,46.54,404.67,0.79,46.78,40.91
브론즈카이사장인,KR1,1,4.11,49.69,396.55,0.64,38.89,꽈추킹,5772,0,5.21,55.00,314.98,1.75,51.81,60.00
새벽 빛,KR1,1,4.50,53.67,443.42,0.81,47.37,보복운전기사,KR1,0,5.41,38.33,273.50,1.25,51.75,67.86
돈 명예 여자,892,2,2.89,49.09,423.00,0.65,92.86,못참는댜,KR55,0,3.62,50.56,361.44,1.53,58.57,37.50
돈 명예 여자,892,2,2.89,49.09,423.00,0.65,92.86,외로운 빵빵이,KR1,1,3.00,45.25,333.75,0.95,51.99,30.77
코코넛파우더,9485,0,4.18,51.75,250.27,2.26,45.63,한로로,KR7,0,2.24,48.10,350.73,0.91,53.03,65.22
메디컬실무,KR1,2,3.89,49.94,367.83,0.89,61.76,긍정적인 에너지,KR1,4,4.94,57.00,391.70,0.75,32.26,45.00
릴 파,헌이1,3,2.55,44.60,332.06,1.00,53.74,캡틴 안,KR1,2,4.19,51.89,417.02,0.66,44.86,31.58
꿀 돼,KR1,1,3.60,46.82,413.39,0.75,0.00,큭큭웃음,KR1,2,3.59,47.80,373.97,0.75,56.92,61.11
센슨모신,KR1,0,7.94,56.40,352.98,1.87,44.44,닉 추,KR1,1,4.41,51.81,397.69,1.20,68.89,72.22
한화이글스국밥충,KR1,0,4.46,50.18,331.47,1.23,55.10,노근대,KR1,1,2.87,48.62,371.76,0.72,54.30,53.33
구 구 몽,1715,1,3.95,41.00,373.33,0.82,41.43,쑤이이,KR1,0,6.69,60.00,259.00,2.26,50.75,52.63
리 신,df2,4,6.27,56.40,429.54,1.07,50.27,Hades,2500,3,1.80,29.42,345.58,0.52,51.08,60.00
해안선,coast,4,8.17,64.50,365.45,1.24,0.00,toki4,0000,1,3.63,48.12,408.64,0.98,0.00,70.00
city1,jojo,1,7.71,60.14,575.68,0.63,93.55,명란젖짱구,KR1,0,7.45,64.80,351.41,1.76,51.35,87.50
탑게이,gay,3,4.21,40.50,358.87,0.41,75.00,異世界アイドル,IDOL,4,7.38,63.80,459.61,0.97,54.55,80.00
땅 콩,작 콩,0,4.08,53.29,263.24,1.88,58.23,작 콩,땅 콩,1,2.94,49.08,413.44,0.55,58.23,46.67
porory,KR0,1,7.67,55.62,491.07,0.61,100.00,또 모,또 모,0,6.89,53.94,359.97,1.64,59.23,100.00
조은지,조은지우,2,4.48,40.17,368.78,1.06,75.00,부산거주중인박정욱,111,4,3.68,44.69,361.64,0.76,47.45,38.10
덩 한,KR1,0,2.78,46.56,355.61,1.20,48.72,무형큐브,KR1,1,3.63,48.75,412.02,0.63,43.48,37.04
약쟁이문도,KR 1,4,3.76,42.50,385.34,0.77,48.05,Solarbacca,1234,3,2.83,36.40,398.72,1.09,55.38,60.00
허벌거덩,헤으응,1,2.95,41.62,383.92,0.60,0.00,장독대05,KR1,0,2.84,47.50,347.94,1.10,33.33,56.25
허벌거덩,헤으응,1,2.95,41.62,383.92,0.60,0.00,베이스의 악마,0113,4,4.44,54.50,389.23,0.86,47.83,40.00
idontwannabeyou,0000,1,2.31,38.25,369.38,0.93,55.74,윤석열이문재인걸이재명확히안철수,1980,0,3.47,52.36,304.31,1.30,45.83,56.67
소하장량한신,KR1,0,4.00,46.54,335.73,1.38,27.27,다른 것은 없소,KR1,2,2.69,48.65,370.31,0.81,50.72,46.67
정삼각형,KR1,4,3.13,48.33,396.45,1.06,54.17,냐 하,009,3,4.28,31.00,393.56,0.65,43.52,63.16
권모술수권태성,1234,1,3.00,50.00,409.79,0.39,42.86,매력꾸러기,KR1,0,2.59,51.18,313.02,1.37,47.83,43.75
형만이는다말려,KR1,0,3.90,47.06,371.81,1.04,25.00,빙하국콜라대장,KR1,2,3.36,49.27,436.45,0.79,0.00,75.00
제발카정오지마,KR1,4,3.07,43.67,358.21,0.71,39.39,원인은정글차이,KR1,2,3.80,54.12,385.26,1.05,54.55,42.11
칼바람만할끼야,KR1,4,4.80,46.68,433.21,0.53,0.00,최우형,KR1,2,2.61,47.64,392.34,1.00,0.00,90.00
이렇게,이렇게,1,3.81,49.78,453.75,0.81,51.09,닉값을못하는유저,KR1,3,2.67,42.60,380.20,0.83,38.60,61.11
보꾸지녕zzang,KR123,0,3.89,47.33,296.46,2.15,0.00,U1MU2,KR1,1,3.96,52.08,408.18,0.87,60.00,52.00
아가 충일,KR1,1,5.10,55.17,478.33,0.85,58.49,볼베 정글,KR1,3,1.48,22.43,344.69,0.44,50.21,60.00
넌 나한테 죽는다,KR2,3,1.72,32.33,381.05,0.63,60.00,우기예요,KR1,2,4.82,48.33,381.36,0.65,43.86,58.33
조민혁최고,KR1,4,3.87,52.91,367.62,1.16,50.00,죽게놔둘거냐,KR1,2,3.61,45.56,369.06,1.15,54.05,47.06
봉 봉,KR4,2,2.12,49.58,379.66,1.04,44.44,dlaldwn,1004,3,3.00,42.65,369.20,0.82,51.97,23.08
영미소설및영어교육,C00,4,5.58,47.94,397.99,0.79,65.38,종연 피날레,KR1,1,3.17,50.24,386.99,1.46,52.03,72.22
별빛난세,KR1,1,4.62,44.39,400.87,0.79,60.00,우럭생선회,KR1,3,3.32,42.47,375.04,0.85,63.64,61.54
김도근 01,KR1,2,2.50,45.85,395.56,0.86,44.15,김도근 01,KR2,3,2.88,42.14,391.17,0.57,56.03,32.14
소년가장 한경훈부캐,롤로노아,4,4.16,52.23,392.06,1.02,84.62,귤은 영어로 긔을,KR1,4,4.67,52.00,356.86,1.52,51.68,45.45
교민공,0000,3,4.61,36.29,373.23,0.66,41.67,공민짜짜이,02442,2,3.46,48.92,373.47,0.55,62.20,62.07
1일1솔랭,KR1,4,3.48,53.31,386.67,1.24,34.38,siktak,2200,2,3.46,44.67,367.81,0.82,54.00,60.00
응니새끼발가락,KR1,1,2.91,45.38,374.65,1.07,52.03,큐트아린,KR1,2,3.09,43.71,360.55,1.12,40.00,33.33
빵속에 순우유,KR1,4,5.82,56.50,392.27,1.23,68.42,탱글탱그랩,SASY,0,3.48,52.00,277.81,2.49,48.39,66.67
빵속에 순우유,KR1,4,5.82,56.50,392.27,1.23,68.42,KFC얼음도둑조수,KR1,3,4.48,46.70,381.77,0.61,51.88,42.86
르블린,KR1,3,2.65,39.89,386.25,0.57,58.62,브라우니잠만보,KR3,2,2.84,36.94,366.38,0.77,50.00,46.43
조빵도,0224,4,3.02,52.36,379.97,1.01,52.67,창더기,KR1,3,3.98,41.67,414.31,0.63,53.20,53.33
2763561305122080,KR1,3,4.50,47.29,415.07,0.62,51.92,애기티벳여우,귀여움,3,2.63,41.95,361.73,1.00,54.55,80.00
TMfahdjqtdma,KR1,0,2.21,51.45,282.28,2.27,54.03,wuwu,adc,3,4.95,48.00,398.40,0.73,49.16,43.48
Bin비니,KR1,0,4.74,53.93,375.27,1.39,46.38,binbing,KR1,1,4.98,52.33,417.72,0.84,63.73,53.33
3cm,내 길이,1,5.03,43.00,359.43,0.63,50.00,만수무강하세요,KP1,1,4.00,31.00,289.15,1.07,49.25,100.00
어둠의인도자 야스오,KR11,4,4.10,51.88,429.07,0.93,40.37,피 즈,8287,2,3.25,36.60,391.40,0.79,43.33,54.55
섹하윤,0406,3,5.17,51.00,400.33,0.84,0.00,김따정,0307,3,2.22,41.88,369.56,0.89,0.00,60.00
호시노 아이,K R1,4,5.19,56.67,448.02,0.66,33.33,총기난사 경종기원,6974,2,4.05,47.38,339.24,1.00,51.33,58.82
호시노 아이,K R1,4,5.19,56.67,448.02,0.66,33.33,사랑의정훈핑,하츄핑,2,3.96,46.09,337.10,1.06,50.00,69.23
넌이런내마음몰라,KRDM,0,4.34,60.80,311.38,2.30,0.00,대가리박기공룡,벨로시랩터,1,4.86,46.60,376.03,0.58,45.61,63.64
하 냥,KR4,2,2.96,44.44,366.14,0.81,0.00,민둥멜둥,0880,2,3.46,41.38,357.50,1.08,54.08,50.00
카이팅 멈춰,KR1,0,5.92,61.67,304.99,2.46,51.13,딜이살길이다,KR1,2,3.06,53.12,355.42,1.06,50.43,64.00
xingfu yu aiqing,KR1,4,4.48,45.70,384.80,0.81,47.62,Rose,11107,2,4.29,47.78,362.74,1.02,44.44,68.18
김연우는그라가스,KR1,0,3.45,52.18,377.51,1.16,55.10,쓰레기,장원빈,4,3.07,46.39,385.73,0.96,52.00,50.00
CallmeK,KR1,3,4.41,45.89,418.17,0.98,49.43,Youtube RT J,RT J,4,2.72,47.33,371.21,0.47,59.52,53.33
Red,00120,2,4.75,48.60,442.02,0.70,65.62,ghwls,0608,3,2.58,57.67,381.58,1.06,46.81,68.42
김중근형법총론,KR1,4,3.59,49.94,405.36,0.51,48.39,감 귤,5090,3,3.26,43.25,351.95,0.65,45.37,76.47
멂 봐,KR1,1,3.00,50.61,426.29,0.86,23.53,방애란,ABC,0,4.13,52.80,253.93,2.36,0.00,64.29
퇴물 백띵현,KR1,3,3.36,40.95,411.38,0.75,0.00,대훈이의쌈바교실,KR1,4,4.77,49.38,389.56,0.82,42.31,60.71
시 현,syeon,1,4.94,47.50,455.95,0.76,0.00,47990997del,KR1,3,2.05,44.74,354.97,0.96,0.00,72.73
가영이물조절장인,KR1,2,4.32,51.23,406.68,0.69,72.22,상 현,깽 미,0,5.15,56.43,286.87,1.74,52.83,58.33
Afortunado,KR1,1,3.11,47.77,425.56,0.46,70.77,죽기장인,abcd,0,2.57,52.00,297.05,2.61,58.33,25.00
강덕기,KR1,0,3.98,47.14,361.96,1.03,53.49,Viper,KOR2,1,4.08,50.82,416.51,0.51,27.27,59.09
sinerse,KR1,1,4.21,48.17,351.40,1.34,53.19,황태덕장,KR1,3,2.89,45.33,390.74,0.84,50.00,66.67
밀알스킨헤드,KR1,2,4.82,48.31,409.49,0.93,50.00,딩 굴 당 굴,기요미,0,5.11,56.57,288.97,2.10,62.61,46.15
추나추나추나,KR1,4,5.89,46.00,403.56,0.81,66.67,고려대 무빙학과,KR1,3,1.78,33.92,342.95,0.45,59.26,52.38
いいね ツ,あい ツ,4,3.65,49.32,395.67,1.17,62.50,순얼해자 백지헌,백지헌,1,3.52,40.33,382.54,0.69,46.15,46.15
짱 구,KR4,1,2.17,56.80,396.67,0.57,50.61,푸바오,5965,0,2.20,53.33,330.73,1.60,45.26,40.00
탈모교장선생님,KR1,3,2.92,49.12,426.59,0.80,48.39,센치맨,KR1,1,4.50,51.75,403.13,0.80,51.65,52.94
그마노방종,빈이화이팅,2,4.79,51.56,426.47,0.64,60.32,쭌베이,KR1,1,3.48,48.00,388.62,0.91,35.00,57.14
문신없는덱스,KR2,4,5.89,53.91,389.85,0.84,0.00,던파하는문성훈,moon,4,4.69,56.57,412.66,0.99,52.38,64.29
빡추야말좀들어,KR1,1,3.43,52.67,395.28,1.09,45.98,독서실뿡뿡이,KR1,2,3.49,53.20,399.93,0.86,41.86,23.08
뽀 해,KR1,0,4.33,59.10,274.02,2.77,50.94,만43세화곡동박옥순,자유부인,3,2.46,41.48,396.63,0.71,38.00,27.27
아즈사가와 사쿠타,kr2,3,3.00,28.00,344.54,0.49,53.85,뉘거어,7777,0,2.92,50.55,324.65,1.23,51.63,64.29
핫식스으으,KR1,0,2.01,54.87,333.90,1.49,51.42,의도리,KR1,1,3.63,54.33,383.57,1.37,64.58,40.00
zkwkdlak,KR1,3,1.59,47.00,503.23,0.47,46.58,매순간 의심하라,방심한 죄,4,5.05,49.60,365.18,0.75,51.91,66.67
변기통에고래밥풀고낚시하는김명진,KR2,3,4.30,53.38,409.15,0.72,33.33,손아라,KR1,0,3.75,49.00,307.87,1.95,51.59,46.67
shawnsang,KR1,4,6.33,52.67,395.66,0.93,61.11,HayMaker,KR1,3,2.33,38.67,316.20,0.89,51.67,61.90
건강한준엽이,KR1,3,3.40,47.27,440.30,0.70,44.44,태권도인생,KR1,0,3.08,41.67,304.75,1.31,48.94,64.71
2023 05 21,KR1,2,2.30,43.59,367.23,0.81,54.40,패왕건욱,김건오너,4,2.50,45.83,387.78,0.86,47.37,50.00
김태형,rlatp,1,2.63,46.68,375.19,0.71,46.58,인절미,999,4,3.74,46.33,387.58,0.76,50.87,42.86
이예은,KR111,0,5.20,60.56,306.75,2.36,53.17,사연있는제리,KR1,1,6.21,45.50,391.71,0.66,53.61,58.82
문준석,3324,4,3.89,53.50,413.10,0.62,53.12,우암동불화살,KR1,3,3.74,38.60,403.92,0.50,0.00,61.54
송하영,fms9,4,2.93,49.31,383.80,0.99,51.45,겨울이돼서야지난여름이그립다,0818,0,3.13,39.40,343.85,1.18,52.65,20.00
신재민,KR2,2,5.67,47.25,357.82,1.14,0.00,Tory Burch,KR1,3,2.14,35.67,349.20,0.82,53.49,61.54
바 람,KR928,2,2.89,38.00,363.29,0.87,54.40,정 현,KR12,1,4.38,48.75,337.25,1.48,56.57,50.00
경찰청장 양정규,KR1,4,4.45,53.64,387.90,0.93,44.93,잔망승민,KR1,2,3.96,38.88,349.06,0.95,50.65,56.25
죽기장인,abcd,0,2.57,52.00,297.05,2.61,58.33,TBMGa,KR1,1,2.59,48.82,404.12,0.42,54.74,45.00
죽기장인,abcd,0,2.57,52.00,297.05,2.61,58.33,Afortunado,KR1,1,3.11,47.77,425.56,0.46,70.77,30.00
팀운이상한사람,KR1,0,3.05,42.31,295.32,1.40,47.06,팬티도둑김찬영,찬영킴,3,4.92,36.67,370.67,0.63,54.10,57.14
깜시의분노,KR1,1,3.80,50.50,375.81,0.68,52.86,Flower SnaKe,比翼連理,2,5.13,41.82,358.11,0.97,60.00,45.00
혈 마,혈 교,3,1.97,40.78,376.02,0.72,55.05,JUGKING,고 창,4,2.99,51.89,351.82,1.02,56.10,36.36
준거북,KR1,4,6.05,45.89,446.54,0.81,51.22,삼천동물주먹,KR1,3,2.84,36.50,375.17,0.74,54.15,80.00
여주불빠따,KR3,4,5.29,58.45,418.75,0.85,0.00,장상진1,KR1,0,4.29,43.64,346.40,0.91,85.71,53.85
박뽀돌,KR1,2,3.92,42.70,387.61,0.66,51.11,나 지켜야지 뭐해,KR1,2,2.47,34.00,374.40,0.54,55.12,50.00
박뽀돌,KR1,2,3.92,42.70,387.61,0.66,51.11,방귀인줄알았는데똥이였어,0518,4,4.82,53.50,416.51,0.81,46.67,30.00
요즘젊은것들이란,KR1,0,4.83,55.55,337.65,1.92,45.95,애교천점,KR1,4,4.26,50.33,382.30,0.71,56.59,53.33
Sinkeylaw00,Jjjj9,0,3.29,44.40,310.76,1.57,49.55,김민군,KR1,2,4.65,45.50,410.73,0.74,49.67,61.54
내년에볼까,KR1,1,3.06,47.95,378.02,0.80,52.88,divine box,KR1,3,2.09,43.38,383.46,0.75,48.77,50.00
시팅해줘,KR1,1,3.03,50.05,400.90,0.80,58.33,즉석계정,KR1,2,3.28,35.26,365.91,0.55,51.19,50.00
시팅해줘,KR1,1,3.03,50.05,400.90,0.80,58.33,일 석,KR1,0,4.04,42.42,306.16,1.49,50.94,45.45
제주감귤장인,KR1,1,4.00,61.00,454.84,0.83,49.50,번식탈락한남충,KR1,0,3.35,48.86,367.82,1.54,47.17,50.00
눈노핑,5961,4,6.05,61.93,461.36,0.76,54.55,carry plz,mukk2,2,3.17,42.89,363.99,0.81,58.00,80.00
조명훈의 자비스,KR1,3,3.08,36.29,391.24,0.68,47.37,NaRco,KR1,2,2.60,38.67,375.74,0.65,49.15,53.33
소올트,KR1,2,4.86,57.72,399.38,1.20,40.74,Casablanca,1229,0,4.02,56.64,324.80,2.50,52.00,60.00
illionare 빈지노,KR1,4,5.25,53.44,360.96,1.18,50.52,돈절래,7917,3,2.80,50.40,315.31,0.81,54.23,45.45
무 뇌,brain,4,5.03,52.06,421.86,1.05,0.00,화려한 솔로킬,K0R1,4,3.39,56.94,406.36,1.11,51.06,72.73
냉 동 문 어 ,KR1,2,3.06,37.54,334.97,0.73,60.00,ABCDE0426,Mika,2,2.51,50.75,373.29,1.04,56.25,56.00
노걸래,1999,0,2.84,47.21,324.19,1.76,60.00,미 드,벤치프레스,2,3.12,46.44,382.89,0.97,59.49,40.00
형서애오,KR1,0,2.73,54.77,269.74,2.43,48.78,jug,KR3,1,3.31,55.35,378.05,1.34,0.00,64.29
김승연승연,KR1,4,4.80,50.60,416.01,0.79,0.00,정보문,KR1,2,4.65,50.71,419.93,0.50,50.47,72.73
Weigang,KR1,1,4.76,47.67,411.61,0.82,60.00,GK Dragon,KR01,4,4.33,50.18,346.12,1.48,53.42,83.33
Weigang,KR1,1,4.76,47.67,411.61,0.82,60.00,NewJeans 해린,kr3,0,3.73,59.59,315.92,1.52,38.10,50.00
브실골양학용,KR1,4,2.66,45.29,403.38,0.63,75.00,犧 牲,12345,0,3.00,51.00,247.81,2.75,51.54,44.83
SuperJan,KR1,1,4.42,51.05,441.33,0.67,73.68,수남이귀여워,KR1,0,3.89,55.53,326.46,1.84,62.00,53.57
Shine TnT,KR1,4,5.85,48.71,389.64,1.12,36.36,바 람,555,0,5.94,46.43,317.98,1.38,50.23,46.67
허거덩,6026,2,2.73,44.56,384.84,0.87,46.67,아지르서폿,못참잖아,0,3.14,47.62,320.21,1.58,55.56,50.00
스고이와야메떼,KR1,4,3.99,52.64,409.12,0.94,37.10,이충민,5453,2,3.16,44.78,377.41,0.79,47.27,40.00
영향력없는라인,KR2,3,2.24,40.05,353.47,0.77,52.83,노 력 파,2324,1,2.94,50.00,395.66,0.70,52.52,46.67
영향력없는라인,KR2,3,2.24,40.05,353.47,0.77,52.83,KAKAO톡,KR1,2,4.59,49.07,359.66,0.99,52.00,60.00
렝 가,염 창,3,4.33,51.50,349.81,1.36,60.00,호승이,2654,3,2.77,44.75,338.77,0.71,44.83,60.87
SnowFlower,1019,0,3.81,52.89,274.28,2.27,0.00,정EH,KR2,2,2.59,47.14,386.82,0.83,42.59,52.17
제모약,KR1,4,4.14,46.58,400.36,0.94,53.57,단맛뒤집개,KR1,4,4.76,56.55,407.36,1.00,49.46,58.33
팥많이주세요,팜하니,2,2.70,41.17,404.34,0.56,49.12,뉴진스 혜인,유해진,3,3.87,46.00,445.92,0.78,52.59,58.82
팥많이주세요,팜하니,2,2.70,41.17,404.34,0.56,49.12,뉴진스 해린,유해진,1,2.16,42.62,394.88,0.50,45.45,38.46
天殺星,001,2,2.78,44.42,383.49,0.85,50.43,나건드리면물거야,KR1,1,2.36,50.45,383.25,0.82,51.52,60.00
뀨뀨빙수,0104,1,3.33,44.86,357.49,0.72,54.17,끠끼냥,KR02,3,2.86,43.25,358.85,0.46,60.00,41.67
미필중좌킴,KR1,1,3.79,46.67,386.97,0.40,52.15,Ksin,KR1,0,4.84,65.00,282.83,3.12,0.00,65.52
다 처 썰어버린다,KR1,1,3.19,45.00,396.28,0.46,49.16,재혁꿍,KR1,2,4.87,52.40,404.58,0.73,60.94,70.83
Sadman,KR1,4,6.16,48.89,379.52,0.88,0.00,면제장인,KR1,3,2.77,35.88,368.18,0.64,61.11,58.33
고호수,KR1,2,5.14,48.95,425.48,0.78,55.40,급한사람,KR1,3,2.16,39.74,351.28,0.68,39.39,52.38
언이부기,KR1,3,2.80,39.73,318.14,1.10,50.00,Skeleton,isaac,4,3.58,52.81,422.66,0.74,68.18,66.67
언이부기,KR1,3,2.80,39.73,318.14,1.10,50.00,Creeper,isaac,1,3.80,48.26,394.47,0.98,57.97,40.00
chlduddn1234,KR1,2,5.72,57.75,433.10,0.71,0.00,GG MID OPEN,KR1,3,1.88,31.17,340.60,0.94,44.09,58.82
Identity,KR101,0,4.20,51.85,253.01,2.80,0.00,카리나,1100,4,4.45,51.25,390.21,0.78,50.44,45.45
7H소리,KR1,0,4.43,55.80,367.04,0.92,53.12,늘베리,KR1,3,3.03,41.36,379.20,0.83,50.00,75.00
서포터,ssup,4,4.61,52.31,418.23,1.03,77.78,탕탕후루후루,귤탕후루,3,6.09,45.33,379.05,0.91,0.00,66.67
카미카제,2811,1,3.07,56.20,464.82,0.60,52.84,뽀송뽀송개뽀송,K R 1,1,3.68,50.10,361.42,0.97,46.51,63.64
종부기,KR1,3,2.74,39.20,372.16,0.58,47.14,지갑에십원,KR2,2,3.22,53.00,386.20,0.86,55.17,40.74
현 뭉,KR1,3,2.64,37.00,387.90,0.62,37.50,난 즐거워요,KR1,4,5.96,45.35,391.34,0.98,70.97,37.50
라인전못하는원딜러지만시팅좀,1884,1,3.18,48.78,348.13,1.43,51.89,克己復禮,KR111,3,3.15,36.93,366.49,0.75,61.54,36.84
마갈의노예,KR1,1,3.31,53.67,422.82,1.10,72.73,부시머리뽀글이,KR1,0,4.43,49.17,286.19,1.69,63.64,41.18
보무띠,KR1,2,5.31,63.14,376.95,0.85,63.46,승 한,박 논,1,4.16,50.33,371.97,0.83,62.50,56.25
귀 여 운 꽃 게,KR1,4,2.89,45.10,400.20,0.76,62.00,백점만점진붕이,KR2,3,3.29,40.00,371.61,0.96,47.95,33.33
라이너가너무밉다,KR1,4,4.65,53.15,428.26,0.81,56.52,짖어도안들어요,KR1,1,2.39,44.44,347.45,1.17,49.49,46.15
라이너가너무밉다,KR1,4,4.65,53.15,428.26,0.81,56.52,좋애홍,1212,3,2.74,34.00,371.22,0.48,52.38,41.67
가주들,KR1,3,2.90,37.71,352.46,0.78,59.46,매라씨,KR1,2,2.62,50.40,360.96,0.93,58.23,46.67
흑 당,핫빈님,0,4.16,53.00,298.77,1.12,49.34,김병만,KR46,1,3.46,47.00,414.77,0.63,53.61,91.67
카이조쿠곽두팔,KR1,3,2.27,38.41,316.97,1.24,69.62,까 스,까 스,1,3.13,50.21,379.02,0.77,50.00,25.00
류고85,KR1,1,6.30,49.50,413.99,0.75,60.00,dlwldls,KR1,0,10.89,62.00,270.39,1.76,75.93,76.00
쓸 려,KR1,2,3.57,50.08,447.96,0.97,58.82,임대차,KR1,2,2.69,41.27,344.36,0.73,49.46,54.55
프리렌,0827,3,8.09,54.87,392.77,0.91,0.00,카라멜,아이스크림,2,3.42,45.56,397.88,0.74,57.14,81.82
프리렌,0827,3,8.09,54.87,392.77,0.91,0.00,칼끝에피어나는꽃,512k,1,2.66,51.42,406.54,0.60,51.22,63.64
토니킹,kr3,1,2.77,41.08,360.93,0.83,72.22,쪼 율,fan,2,4.04,45.55,412.97,0.69,38.46,50.00
wodbs9597,KR2gu,0,4.33,54.90,322.14,1.76,58.26,팬티사라짐,KR1,1,3.44,52.50,431.92,0.81,50.00,47.83
주당포차,KR1,3,3.95,43.87,390.76,0.65,57.78,갱 그리고 카정,KR1,4,4.47,48.25,358.20,0.94,50.62,60.00
클라우드템플러,KR7,4,3.01,51.93,333.86,1.57,40.00,Adele,Ref,3,2.85,42.47,406.96,0.66,52.50,37.50
검은 질병,KR1,1,3.81,48.40,374.66,0.95,66.67,1인분도못하는우리팀,짐승들,4,3.48,50.25,365.19,0.77,61.22,78.57
키작아지고싶다,7738,2,3.67,46.20,406.90,0.83,45.95,실력으로지자마자던지는척하지마요,역겨워요,4,3.78,48.00,370.09,0.74,59.38,66.67
무교동 매운낙지,KR1,4,3.89,55.22,366.28,1.26,56.99,살기장인,122,1,3.24,46.47,397.03,0.65,45.45,52.00
아우 솔,아우 솔,2,3.33,54.13,335.09,1.44,50.88,기호0번김범인,KR2,3,3.61,37.06,425.88,0.80,46.02,43.75
유제모,KR1,3,2.61,39.58,344.20,0.95,50.92,렉사이,KR242,4,6.09,53.33,398.90,0.80,56.03,57.14
청년농부 오세안,KR1,1,2.65,49.05,376.31,0.65,60.00,럭스를 한 것뿐인데,KRKR,0,2.16,45.31,334.11,1.34,49.01,40.00
함상완의 오른팔,KR1,2,3.16,49.64,421.76,0.97,0.00,둡둡바둡,KR1,0,5.62,63.67,317.59,1.57,49.23,53.85
DRX Deft,0804,1,3.42,51.55,392.90,1.25,50.00,아르데타인,KR1,3,3.78,46.00,309.30,1.31,67.57,45.45
딱 기,KR1,2,3.43,49.33,378.70,0.75,45.24,여자울리기장인,KR1,1,2.45,52.67,380.27,0.96,45.22,46.15
쿼카펭귄,KR96,4,4.45,58.00,389.45,0.98,54.95,시골펭귄,1313,2,2.91,42.52,394.84,0.92,41.67,54.55
성옥 아쿠아마린,KR1,1,2.83,46.50,378.71,1.79,45.16,Vaundy,Ngawa,4,4.11,49.80,399.57,0.94,48.76,67.86
묵자이대장,KR1,4,6.07,58.62,374.99,1.66,37.50,T1 Gumayusi,SR1,2,3.23,44.45,402.79,0.59,0.00,60.00
물리치료사,가물치,3,3.16,39.65,404.32,0.55,0.00,jon나 꺾인마음,KR1,0,5.02,57.58,287.90,2.54,53.33,55.56
please bus,KR1,2,2.79,42.57,380.41,0.65,46.41,McRaven,KR1,3,2.07,35.22,328.77,0.82,53.85,64.71
please bus,KR1,2,2.79,42.57,380.41,0.65,46.41,강민혁,KR2,0,2.12,51.74,346.79,1.49,52.21,53.85
sdsdsdz,KR1,1,3.65,48.64,379.30,1.03,49.12,와딩혁,KR1,0,3.46,58.00,272.74,2.26,43.14,30.77
애기모코코쨩,KR1,2,3.85,45.06,339.56,0.91,46.81,노 인,피 1,3,3.02,42.77,353.39,0.76,55.81,47.62
Baby새,KR1,1,4.75,51.45,424.18,0.76,60.00,아기bird,KR1,0,4.58,56.50,273.57,2.37,60.00,69.57
류승진,KR1,1,3.99,54.79,447.83,0.45,70.00,류승원,KR1,1,3.89,54.00,360.47,0.96,59.38,50.00
도륙의신,KR1,2,2.96,45.21,426.08,0.95,88.89,바르고 건전한 플레이어,KR2,3,2.37,44.74,376.99,0.60,45.61,64.29
asume,KR1,0,3.07,55.00,293.31,1.98,58.82,지금은웃기지,KR1,4,3.13,51.00,390.35,0.78,0.00,50.00
나는 시바견,KR1,4,4.59,47.75,344.76,1.56,48.00,Helvetica,00001,1,2.09,30.62,363.27,0.49,32.69,54.55
책상밑그남자윤혁,KR1,2,5.15,51.00,404.43,0.88,50.55,람구공,KR1,0,5.21,57.62,346.90,1.36,50.00,55.56
꺾이지않는편,KR1,4,2.71,48.29,398.77,1.08,0.00,앞비전이자식아,KR1,1,2.98,50.64,350.05,0.77,43.75,47.37
비니킴,KR1,3,2.53,40.78,400.48,0.79,42.00,탑 장군 망나니,KR1,3,1.98,46.21,386.39,1.12,50.77,43.75
비니킴,KR1,3,2.53,40.78,400.48,0.79,42.00,스폰지봡,KR1,4,4.90,46.91,416.58,0.96,50.00,58.33
칠색조,KR2,0,4.56,44.46,326.58,1.41,48.00,짭규직,KR1,0,3.65,51.90,323.14,1.38,51.61,35.29
겨울은 고독해,KR1,1,4.24,48.69,438.98,0.48,43.05,지짱シ,0812,4,2.56,51.68,383.23,1.21,55.56,78.57
정치하면그만한다,KR1,2,4.06,44.00,378.11,0.62,44.29,전자레인지,15초,1,3.01,43.47,383.40,0.85,55.88,45.45
IlllIIllllIIlII,KR1,1,2.77,47.00,407.31,0.91,52.38,판단중지,KR1,0,3.31,47.43,317.25,0.97,60.00,20.00
비둘기를알현해라,KR1,3,2.87,46.27,371.02,1.15,58.51,Froggie,KR1,0,3.90,51.43,279.87,1.78,0.00,46.15
햄찌냐옹,KR1,0,3.22,59.00,273.49,2.15,0.00,은 섭,KR1,1,2.80,48.60,464.93,0.50,55.40,50.00
충청남도논산시연무읍득안대,123,3,1.62,41.06,368.80,0.56,43.59,아니근데이거잠깐진짜내말좀들어봐,강원김창섭,4,2.19,42.26,387.03,0.47,51.81,25.00
태 연,εïз,1,6.15,60.12,427.20,1.26,0.00,εïз,내남편롤킹,0,8.57,52.50,275.34,2.26,48.89,88.89
01075734828,KR1,2,1.93,45.65,378.68,0.76,44.68,잘하는미드가잘하는정글을만든다,KR3,3,2.26,41.37,393.67,0.58,52.50,40.00
쑤시는취향,kr2,2,4.78,49.50,352.11,0.98,50.97,때리는 취향,KR1,1,3.83,42.80,385.92,0.53,51.41,47.37
누룽지보신탕,kkkk,3,3.70,44.08,437.33,0.50,0.00,땃 쥐,9999,0,3.71,45.73,316.86,1.56,56.36,73.33
누룽지보신탕,kkkk,3,3.70,44.08,437.33,0.50,0.00,이 륙,2626,3,2.26,45.22,354.65,0.94,47.95,90.00
신은없다,KR1,4,5.04,50.00,386.13,0.88,69.23,양스맨,KR1,3,2.16,39.07,373.99,0.72,46.00,54.55
뀨 나야 나 쩡뚜,KR1,0,4.84,56.00,291.15,2.36,30.00,Choi,블루칩,1,3.41,42.89,383.47,0.89,51.43,50.00
진구도구도라에몽,KR1,1,2.60,40.06,353.00,0.81,52.31,허니버터칩,스윙칩,3,1.44,44.30,385.82,0.78,0.00,25.00
할 수 있을지,KR1,0,6.26,45.50,330.81,1.55,37.50,익아가,KR1,3,4.20,40.82,372.39,0.85,45.10,80.00
함지원,1108,2,3.40,45.92,380.78,0.66,56.25,묵언수행,KR13,2,2.91,34.29,355.60,0.57,54.89,52.38
백아현,KR0,1,4.61,50.71,413.46,0.64,76.19,롤로노아 이소희,KR1,0,7.18,51.00,236.49,2.06,51.91,50.00
고여뽀자,KR1,0,4.25,58.20,290.45,2.45,50.43,꼬여보자,KR12,1,4.82,51.92,401.98,0.76,51.82,48.15
긋바이데이,KR1,1,3.13,45.52,365.81,1.11,64.29,졸렬킹,KR3,2,3.02,44.06,353.49,1.06,54.67,51.72
가온해원딜,KR1,3,3.64,39.78,384.25,0.48,48.98,йika,KR1,2,3.97,43.82,392.26,0.84,56.25,53.85
아쟁왕비,KR1,3,3.04,51.08,382.57,0.99,56.36,알겠어 넣을게,한입만,0,4.29,43.40,338.83,1.29,50.83,66.67
아쟁왕비,KR1,3,3.04,51.08,382.57,0.99,56.36,멍멍이아님,KR1,4,3.74,42.95,367.40,0.58,52.17,63.64
예람겅듀,KR2,1,4.02,55.53,393.96,1.10,54.67,cute,0229,2,6.84,45.40,373.24,0.87,40.80,35.29
Let it be,0731,2,3.28,45.31,391.48,0.58,43.10,면제될뻔한김수민,미필김수민,4,4.31,54.48,393.43,0.79,42.65,58.33
나라는빠따단,KR1,3,2.68,45.76,347.27,0.87,52.63,강해진,KR1,1,3.12,51.17,389.66,0.63,41.38,57.69
Dbbanga,KR1,3,3.31,45.37,347.92,1.04,46.67,unIucky team,KR1,1,4.55,52.47,419.87,0.73,38.71,39.13
너의 쉼표,1115,3,3.03,47.50,350.70,0.84,33.33,박태성공익,2713,4,2.82,45.63,406.69,0.68,49.79,41.67
알면뭐함,KR2,1,5.33,43.33,354.65,1.19,0.00,Veritas,1435,2,2.92,44.07,382.78,0.88,54.93,68.18
스마트에듀,kr11,0,4.40,52.22,355.11,1.45,0.00,사람같이만제발제발사람처럼만하자,INTER,3,2.57,35.73,424.69,0.52,50.20,53.85
고구만 맛있구만,KR1,0,3.72,49.65,334.10,1.25,0.00,강문박,KR1,4,7.03,46.00,393.28,1.12,0.00,76.92
로테이로,KR1,0,2.79,55.00,263.23,2.87,51.85,마불함부취바라,KR1,3,1.80,39.57,398.63,0.60,46.77,50.00
피지컬이안좋아요,KR1,1,4.43,56.21,412.91,0.73,61.97,공업발업질럿,KR1,1,2.71,48.15,353.96,1.37,58.59,33.33
Glotoos,1000,1,4.93,52.21,430.30,1.12,0.00,Sopo,KR1,4,2.84,48.48,342.37,1.05,57.32,60.00
다삼이,KR1,1,3.27,51.08,403.68,0.86,0.00,버스출발한다잉,KR1,0,1.78,39.26,302.60,1.09,56.25,53.33
부끄럼 많은 생애를 보냈습니다,KR511,2,1.96,43.11,392.44,0.86,40.00,김민교의 버섯,KR1,3,3.37,35.50,389.58,0.81,50.00,27.27
말짱쭌루묵,KR1,0,3.24,57.00,363.07,1.48,54.26,쭌무룩,kr2,0,2.62,47.93,318.35,1.62,53.92,78.57
eItriation,KR1,2,4.10,51.61,397.75,0.63,100.00,불멸의 군주,KR1,3,3.27,34.71,358.17,0.47,48.29,36.36
겹 찡,KR1,4,5.57,62.00,436.16,0.85,50.92,바텀개2,2222,0,2.88,60.29,317.36,1.84,50.67,51.72
갓세정찬양,KR1,1,5.02,55.22,394.46,0.90,70.00,잘했어요,9050,0,3.15,51.88,290.12,2.07,55.56,57.14
까 망,고양이,2,4.18,45.88,396.43,0.59,52.38,성심당 배달원,대전홍보맨,4,3.48,49.12,402.41,0.61,50.98,54.55
사랑의꽃chu,KR1,0,3.53,53.53,287.16,2.14,51.43,박형진,KR2,2,1.93,41.63,362.31,0.65,48.82,50.00
KOMODODRAKE,KR1,0,2.82,46.81,352.89,1.14,48.26,삐이버,KR1,2,3.82,48.64,360.17,1.13,50.73,60.87
jinseo1004,1004,3,2.83,46.74,350.84,0.91,62.32,백연슬,KR1,2,3.03,47.05,348.02,0.74,56.60,30.00
타이와난,kr4,3,1.96,42.62,368.25,0.77,26.32,타이와난,KR1,2,2.68,41.40,375.09,0.59,47.44,46.15
일찐 코딱지,KR1,3,4.56,38.33,449.33,0.76,48.94,세상아덤벼라,건강하자,0,4.16,54.38,278.25,2.47,55.10,61.11
휘 견,KR1,2,3.56,50.32,378.26,0.63,53.12,겸손 한 겸,겸손함,4,2.22,53.79,363.11,1.02,47.41,44.44
first love YZ,KR1,2,2.38,46.32,391.82,0.84,80.00,앙코믹띠,KR1,4,4.33,54.40,400.02,0.92,56.25,56.00
문꿀팀 전한길,KR 1,1,3.54,53.11,423.07,0.67,51.80,문꿀팀 오소리,milli,1,2.79,45.40,388.14,0.85,50.51,50.00
문꿀팀 전한길,KR 1,1,3.54,53.11,423.07,0.67,51.80,유 쬬,KR1,0,1.99,50.36,280.45,2.01,48.08,41.67
금광동 쏘스윗,KR1,0,3.75,44.44,313.15,1.51,0.00,두둠칫 둠칫,KR1,1,3.71,49.73,392.12,0.77,52.81,56.52
12103347del,KR1,1,3.89,50.60,407.17,1.09,52.94,피칠갑의혈투대장,KR2,4,3.17,42.24,362.66,1.27,44.44,57.14
공주 정글 갈게,KR1,2,4.73,54.50,407.44,0.69,46.15,류 키,KR1,3,2.41,31.70,346.50,1.02,56.32,53.85
컴퓨터수리기사,KR1,1,3.39,46.31,400.20,0.83,45.83,서폿그랩끌기장인,KR1,0,3.17,47.33,289.17,1.30,53.16,53.85
Pain,KR2,3,4.65,37.50,419.54,0.80,57.14,씹DGA,KR1,2,3.07,40.82,330.67,1.13,48.00,61.54
늙고 병든 23세,old,2,3.59,46.60,372.18,1.18,55.56,서폿은 항상 못해,0607,1,4.38,43.09,377.93,0.80,53.27,50.00
아침돈까스,KR1,2,4.90,54.90,428.06,1.04,59.09,1210,0225,4,3.25,43.62,331.07,1.66,71.43,56.67
심술두꺼비,도적감성,2,3.04,45.52,372.78,1.05,54.84,블루를사랑한미드,KR1,4,4.39,50.75,412.83,0.77,51.91,47.06
extxfdw,KR1,0,3.17,52.44,283.08,2.50,65.85,every콩콩콩,KR1,2,3.82,44.92,407.26,0.72,44.68,44.44
공략은 감동휘,KR1,4,4.82,54.16,357.96,1.17,52.94,Kamdong,KR1,3,2.69,33.90,351.45,0.85,85.71,63.16
맥날슈니언버거,KR1,4,5.71,46.07,397.61,0.88,58.82,리버물티슈,KR1,4,2.48,40.79,346.09,0.61,46.94,72.73
버럭금지,KR1,3,3.36,46.60,391.13,0.34,60.00,니 애,KR 2,1,3.86,48.36,391.39,0.82,51.16,60.00
일봉동사무소,KR1,1,3.84,51.00,413.89,0.68,50.10,챠니챠니고라니,KR1,0,5.80,52.25,287.98,2.61,50.57,63.64
창모Boyhood실화냐,KR1,2,3.54,46.76,430.96,0.98,55.00,관 저 남,9717,4,4.41,45.75,357.75,1.32,47.92,64.71
재웅잉유튜브구독,KR2,2,3.77,48.75,363.02,0.82,58.33,묵직단단돌맹이,0102,4,4.13,51.05,381.53,0.76,54.45,53.85
도파민,ddd,2,2.19,40.33,381.72,0.90,46.56,우리의 밤을 외워요,kr3,4,2.35,44.37,395.69,0.93,59.46,46.43
뚱땡이나,KR1,3,2.46,43.47,413.35,0.59,46.43,DDoDDo,KR1,1,2.62,50.33,401.98,0.95,61.97,62.96
하이드온T1괴물쥐저라뎃페이커,쵸비쇼메이,1,3.31,44.89,405.65,0.61,50.00,갱온다침착해,KR1,2,3.31,32.00,363.05,0.81,51.46,64.29
가 이,그냥고수,1,3.39,48.42,377.24,1.09,61.11,TINO,KR2,3,2.82,45.88,398.57,0.90,51.01,50.00
PLB Hozyma,KR1,2,4.16,45.43,382.30,0.77,51.20,뚜르개,KR2,2,3.05,47.10,366.04,0.68,48.78,63.64
청 백,호 영,3,3.92,39.30,409.49,0.62,53.21,윽박이너마저,KR1,0,3.58,48.56,308.41,1.19,52.24,58.82
정글이백정이냐,KR1,1,3.63,54.22,319.40,1.38,53.51,세상에서가장밝은별이되어,0829,2,4.64,51.89,377.43,1.01,60.32,60.00
멈춰돌아가,KR1,1,3.00,58.23,401.43,0.91,51.54,잘박는 뽀삐,KR1,3,3.66,41.00,342.59,0.65,63.44,63.64
Ambit 李,1983,2,3.08,54.37,396.07,0.87,50.10,갱플랭크,4517,0,2.92,51.60,356.75,1.57,22.22,27.27
애기인절미,절미절미,0,3.46,55.00,284.31,2.17,56.67,예쁘니까 봐줘,여신강림,1,2.11,42.83,364.45,0.72,49.69,48.00
아빠나저곰사줘,KR1,3,5.18,46.14,366.47,0.82,57.89,내가게이라니,6207,1,3.39,48.88,385.12,0.58,50.00,63.33
HoRiX,KR1,3,3.09,50.72,433.12,0.82,60.92,혜롱메롱,재 롱,2,3.17,41.06,404.80,0.94,43.90,53.85
블레쉬봇,KR1,3,4.48,51.38,425.81,0.68,64.29,자동문,1004,2,1.60,39.25,347.61,0.61,65.79,78.57
배틀기적,KR1,1,7.18,54.17,474.00,0.86,60.00,야발 야스,KR1,0,9.44,54.00,315.78,1.95,0.00,90.00
03년생가챠전문,KR2,0,5.44,55.46,284.62,2.01,62.50,03년생 박기전문,KR2,1,4.51,53.22,436.51,0.80,41.18,53.85
03년생가챠전문,KR2,0,5.44,55.46,284.62,2.01,62.50,서운한걸어떡해,KR1,1,5.26,52.62,471.04,0.88,0.00,63.64
빼는게죽음보다싫은남자,빼죽남,1,3.78,48.12,378.50,0.64,56.00,말파이트일라오이,말파일라,0,2.96,46.77,319.06,1.48,47.06,59.09
모하메드 살라,fw11,0,3.23,51.00,285.30,2.39,46.19,Chelsea,SKT,4,2.24,41.67,354.90,0.73,47.80,45.00
꼬오오오오오오올,KR1,4,6.23,55.71,441.70,0.81,53.28,슈우우우우우우읏,KR1,1,3.49,48.27,372.09,0.94,51.09,53.33
지하철노약자패는담당일진은가누,123,4,4.32,53.33,352.56,1.06,45.83,파랑쿠키,KR1,3,2.33,46.77,372.73,0.74,52.10,38.46
具滋永,1294,2,2.18,41.23,374.97,0.82,48.80,짐승 이준희,KR1,1,4.89,44.44,395.48,0.88,49.02,41.67
나를찾지말아다오,mmm,3,2.41,42.19,350.43,1.33,58.12,Vlolet,KR1,1,2.67,43.32,399.34,0.67,52.76,67.86
해킹했다,KR1,0,3.44,52.36,342.31,1.74,42.86,나나미,켄 토,0,2.57,46.61,341.16,0.71,45.45,27.27
벙개머리,KR1,0,3.84,52.38,333.02,1.68,65.71,김병현,1228,1,3.66,43.21,402.10,0.62,63.41,53.85
안 지 원,KR 1,0,4.02,55.30,326.52,1.69,52.14,안 지 효,ajh,0,5.43,65.00,295.81,2.62,48.62,64.71
안 지 원,KR 1,0,4.02,55.30,326.52,1.69,52.14,aaan,3258,1,4.40,51.00,403.09,0.82,58.67,45.45
태봉양평해장국,JUG,4,5.50,54.00,353.06,1.34,60.87, 난 알앙,KR1,1,3.39,51.30,447.21,0.69,70.00,64.29
태봉양평해장국,JUG,4,5.50,54.00,353.06,1.34,60.87,양재부,KR1,2,4.83,41.56,374.06,1.09,68.42,60.00
wertqwert,KR1,4,3.64,55.57,412.65,0.77,58.26,여름은너무뜨거워,hot,2,2.57,48.62,382.47,0.81,43.75,68.75
잠수잠수,KR0,0,3.53,48.26,348.25,1.46,47.06,1616800del,KR1,4,2.55,49.58,330.30,1.07,48.28,41.18
신비닻별,KR1,4,6.02,55.20,491.42,0.90,57.14,oxxxix,KR1,2,5.89,44.12,381.50,0.91,55.97,80.95
응코미,KR1,0,3.15,51.80,258.10,1.50,55.04,5원도둑,1999,0,4.02,43.45,335.92,1.23,57.63,38.10
호암초,KR1,4,7.62,58.54,392.28,1.34,51.33,차 니,7179,1,3.67,41.27,372.28,0.69,51.94,58.62
더 핸드,KR1,3,3.79,47.33,398.75,0.56,53.45,깡펭귤,KR11,2,2.65,40.89,363.08,0.37,51.35,47.06
꼬시다,KR1,1,5.72,59.19,465.30,0.69,48.08,velicaluna,7779,0,7.40,53.38,316.58,1.71,51.39,85.71
식탐 많을 나이,7500,1,3.93,48.12,423.89,0.72,50.93,내 이름 주호,KIM,4,3.91,51.82,419.26,0.72,51.04,50.00
치악산다람쥐,777,4,4.81,49.47,350.41,1.30,0.00,안졸리나난졸려,KR1,1,4.75,48.93,432.61,0.76,62.50,60.87
강우에요,bkw1,2,7.62,48.38,359.56,1.43,0.00,조용히 차분히,KR1,1,4.47,46.00,389.42,0.87,0.00,46.67
4ever,Star,2,6.00,57.31,411.91,1.08,0.00,져바바,KR2,4,2.57,43.56,360.96,0.76,78.95,56.52
2898686739269056,KR1,1,2.37,55.74,440.33,0.65,0.00,애 옳,KR1,0,7.48,51.40,256.68,2.33,45.16,21.43
Acacia,Scent,3,2.12,46.04,402.44,0.70,80.00,BRINGMETHEHORIZE,OLY,3,1.57,44.69,403.56,0.52,52.71,50.00
1일 1일 깡,KR1,2,3.61,50.10,408.82,0.83,28.57,럭 스,럭포터유저,0,4.35,54.00,291.39,2.50,50.36,70.00
브리트니 만수,KR1,3,3.07,43.14,433.54,0.63,54.05,몇 초,KR 1,1,3.56,48.89,381.45,0.74,44.44,50.00
한국인,한국인12,2,3.16,40.40,373.51,0.70,53.57,강원랜드숙자누나,KR1,1,4.05,42.06,356.24,1.23,63.74,63.64
Rhdrbtlr,공규식,3,3.17,42.50,381.39,0.97,80.00,소년가장 공규식,sleep,1,2.40,50.21,399.44,0.65,58.18,75.00
Rhdrbtlr,공규식,3,3.17,42.50,381.39,0.97,80.00,taegyun07,김태균,4,2.67,50.45,344.29,0.72,50.00,45.45
밥다먹었다,KR33,0,3.77,48.20,252.81,2.55,50.76,채 은,woo,4,3.67,58.21,426.54,0.77,55.81,53.85
정글잘못아니라고,KR1,4,4.04,52.62,378.97,1.08,51.33,미드 담당일진,KR1,2,5.07,41.83,348.12,0.73,45.37,50.00
강해린,0621,2,3.90,48.22,373.99,1.05,53.09,페리오 주피,KR1,3,3.66,37.86,361.80,0.45,55.86,30.77
Ni Meiyou,KR1,2,7.96,56.57,395.91,1.35,0.00,SpaceVector,PWM,4,5.28,56.45,429.81,0.70,0.00,72.22
정진수개잘생김,KR1,3,4.88,50.07,466.69,0.65,64.44,포 비,1234,0,5.02,57.07,334.04,1.76,47.56,81.82
지루해요응,KR1,0,2.52,45.56,317.74,0.73,69.70,김롤붕이,김롤붕이,0,1.22,41.79,264.90,0.79,62.67,63.64
tony1005,KR1,2,3.62,50.75,382.75,0.66,51.52,박준하하호호,KR2,4,3.82,60.22,363.38,1.09,56.10,57.14
tony1005,KR1,2,3.62,50.75,382.75,0.66,51.52,박준하1,KR1,4,4.07,48.43,357.25,0.82,44.97,50.00
나이스할인마트,KR1,3,4.05,35.60,341.75,0.44,45.45,Dowith4,tmdgu,3,2.90,38.63,370.07,0.53,54.74,43.48
요네세네요,거꾸로해도,3,4.84,43.41,413.96,0.71,40.00,안싸워도캐리해줌,KR2,1,4.30,53.92,385.18,1.13,45.63,73.68
거짓말쟁이길,구라킹,3,3.23,41.65,373.02,0.81,51.97,onebaragi,KR1,2,4.84,47.83,379.15,1.20,51.43,53.85
llliillllilii,KR1,4,6.32,59.83,463.07,0.67,0.00,llllllllll,2974,0,5.11,44.00,256.10,2.16,47.97,44.44
비행기조종수조종수,KR1,3,4.33,28.67,388.12,0.61,0.00,귀찮게하지마,T1ADC,1,3.27,50.00,412.13,0.80,55.70,66.67
돈들어손내놔,LOVE,4,3.24,53.65,325.17,1.49,54.84,LZ Cpt Jack,KR9,1,2.81,45.79,379.23,0.90,52.27,45.45
나심전형이다,0715,4,2.76,45.59,350.01,0.70,54.08,정정수짱짱맨,KR1,4,3.22,51.80,354.72,1.05,52.38,35.71
나심전형이다,0715,4,2.76,45.59,350.01,0.70,54.08,철한틀린,KR1,1,2.56,43.47,398.58,0.55,52.11,53.85
舞い散る桜,花びら,2,3.62,51.48,420.81,0.68,57.14,물려죽은 강형욱,KR1,4,3.59,48.00,370.69,0.95,50.00,70.00
입닫고 박아,KR1,0,3.82,47.88,316.28,1.68,52.06,서폿충이,KR1,2,4.59,45.89,414.59,0.47,0.00,57.89
망고최고,KR1,3,2.57,42.67,410.89,0.76,41.94,겨울엔 칼바람,Snow,2,2.46,45.20,348.64,0.88,42.86,91.67
wvwvwwv,KR1,0,3.90,49.40,357.56,1.13,64.44,무정자증 김세현,0000,1,5.39,58.62,439.02,0.95,0.00,78.57
두꺼운 가지,KR1,1,3.22,45.46,384.21,1.11,55.70,롤린이등자앙,KR1,0,4.15,57.50,252.66,2.21,47.37,37.50
마나없오,KR1,2,4.33,46.27,388.68,0.96,0.00,리신꺼내지마라,실딱이,4,3.78,53.36,355.78,1.08,46.08,46.67
물을자주마셔,KR1,4,3.99,51.89,383.99,0.80,60.98,이슴슴,0914,4,2.70,51.06,386.95,0.86,51.96,28.57
프레이,KR11,0,6.97,54.07,333.87,1.78,0.00,T1 Keria,KRII,1,1.98,46.94,328.75,1.47,52.22,66.67
녹 번,KR1,1,2.99,57.62,423.20,0.73,57.33,티 격,KR1,0,4.04,51.00,259.89,2.19,51.47,66.67
Bacchus,9463,1,3.89,54.50,431.18,0.98,50.79,왕동욱,KR1,0,5.45,53.62,277.83,2.35,65.22,66.67
수원시섹시가이,8854,0,3.15,51.20,260.56,2.25,54.17,단 트,KR1,1,2.84,56.57,361.03,0.95,51.24,36.36
도 피,天竜人,1,4.46,43.50,409.85,0.73,51.85,gjar,KR1,4,3.38,49.33,382.13,1.19,47.37,66.67
켕 신,KR1,3,4.22,53.10,409.55,1.12,63.16,갸 신,KR1,0,3.81,48.00,321.36,1.62,45.07,61.54
기성용드림팀,KR1,0,3.40,48.05,308.73,1.33,50.00,Seokdong2,kr,4,2.99,53.26,374.98,0.75,35.71,52.38
어리고싶다,응애애,1,3.31,44.29,358.05,0.61,52.52,쉬뱌나,KR1,3,3.80,45.88,350.87,0.85,46.88,52.38
회계왕,KR1,1,2.26,43.75,348.98,0.74,66.15,근육돼지입니다,KR1,0,3.95,55.50,254.81,1.95,60.00,40.00
냉동푸딩,2002,3,2.59,36.62,337.65,1.02,55.56,leaps,KR1,4,4.24,54.62,401.52,0.84,0.00,72.73
음악선생 리신,KR1,1,3.69,56.18,388.02,1.22,56.39,자리봉,KR1,0,4.44,59.56,297.58,1.63,45.45,72.22
DMAN,0000,0,3.87,49.00,366.92,1.56,50.15,97년생프제짱 두경킹,kr2,1,3.94,48.58,400.32,0.93,50.00,66.67
강고양이,0709,2,3.38,49.60,385.39,0.88,55.00,꼬앵기,KR1,1,4.05,48.76,375.43,0.90,0.00,48.15
캡틴캡틴캡틴,KR1,4,4.33,48.47,384.89,1.02,53.49,Viper,KR655,1,3.97,43.54,404.90,0.74,62.50,53.57
서포터,2417,2,5.74,61.00,503.43,0.60,46.15,SADLY,KR1,0,3.61,47.00,286.26,1.77,54.26,61.54
심종혁,KR1,4,4.24,50.68,404.95,0.91,57.63,해리 매과이어,134,2,5.18,49.45,407.79,1.02,49.35,64.29
drill5,KR1,4,3.92,56.22,399.61,1.04,52.91,전주효자동와꾸의신킹짱임건우,KR1,2,3.48,50.45,418.32,0.76,0.00,54.55
똥으로죽이는남자,KR1,1,3.57,49.33,350.86,0.68,58.54,jaquar,KR1,0,4.90,47.33,349.77,1.74,42.72,57.14
최진석 교수,1111,1,3.36,59.00,410.14,0.97,53.12,신동민훈련병,KR1,4,3.38,51.10,395.95,0.84,57.83,25.00
나는우사인볼트다,KR1,0,4.30,55.40,288.26,1.68,53.39,2018 11월24일,KR1,4,5.27,46.00,395.41,1.50,0.00,73.33
긍정근,긍정왕,3,2.69,48.23,409.43,1.01,46.29,갱플탱귤,rbf,1,2.57,43.50,400.23,0.88,51.25,50.00
헤유닝,KR1,1,3.89,54.25,432.73,0.76,84.21,발 뽀사삭,KR1,4,1.99,50.00,344.58,0.73,53.79,62.50
Twice롤케익,KR1,3,2.85,46.43,451.17,0.79,0.00,PTT,PTT12,0,3.11,49.50,295.95,1.42,55.56,57.14
리 티,1011,1,3.16,47.56,387.14,0.69,54.74,난 너를 죽이겠다,KR1,3,2.15,37.05,389.56,0.55,51.22,56.25
조힘멜,2002,0,3.74,54.11,292.07,2.01,50.94,빡쫑건,KR1,3,3.57,42.75,427.85,0.61,48.28,30.00
조힘멜,2002,0,3.74,54.11,292.07,2.01,50.94,Mercedes E Class,KR1,3,2.33,38.80,360.27,0.74,62.16,70.00
김유메,YUME,0,4.74,53.00,276.92,2.04,43.84,땅 콩,뀨리령,1,2.87,52.00,438.27,0.74,65.96,76.47
IIIIIIIIII,DH2,1,5.14,44.23,386.59,0.70,48.04,Anton Chigurh,6852,3,5.09,49.14,364.46,1.49,51.36,100.00
귀욤이 등쟝,KR1,4,4.49,61.82,390.85,0.87,47.73,담원 연습생,KR1,1,2.42,56.44,413.09,0.55,49.40,30.77
버리기 장이인,KR1,2,4.13,54.90,390.50,1.20,42.86,갑 이,0911,1,3.10,57.21,430.59,0.91,51.39,53.85
애기원딜왕자님,KR1,1,2.77,40.77,410.62,0.48,50.37,돌아이 뽕돌이,KR1,2,2.14,42.20,397.18,0.65,52.31,61.90
수리남한인교회,KR1,4,4.37,52.93,430.79,0.77,53.33,김갑용,KR2,2,3.93,46.44,391.36,0.82,52.03,70.37
미드로는어디까지,MID,4,6.06,50.73,415.91,0.84,79.49,달님반 혜지,KR1,0,7.09,63.14,306.34,2.33,66.67,70.00
반짝반짝 작은별,9999,3,2.92,47.00,375.92,0.57,58.49,도레미파솔,KR1,0,4.36,51.62,259.88,2.00,55.41,51.72
아주 빠르게,갑니다,4,3.24,45.36,355.16,0.95,57.89,WF Black Sword,KR1,3,3.89,53.00,406.45,0.96,57.14,43.33
Dapo,6935,2,4.18,44.67,351.55,1.09,75.00,리청쥔,KR1,4,4.68,41.53,366.33,0.69,0.00,36.36
Dapo,6935,2,4.18,44.67,351.55,1.09,75.00,싱뿌싱,KR1,4,6.48,60.50,366.09,1.18,58.49,54.55
칼 춤,KR2,4,5.01,59.67,385.99,0.98,67.80,처맞자,KR3,2,3.42,44.23,341.66,0.54,33.80,46.15
우리 냥이 커엽죠,KR1,0,2.84,55.88,305.63,2.22,54.55,서브웨이한양대점,KR1,1,3.16,38.84,385.23,0.61,43.33,40.00
우리 냥이 커엽죠,KR1,0,2.84,55.88,305.63,2.22,54.55,몰디브,KR3,1,5.59,51.91,396.11,0.92,49.38,66.67
김윤댕,KR1,4,3.95,48.31,376.16,0.93,0.00,윤김성,KR1,3,3.09,41.37,399.04,0.78,43.33,66.67
싸우지좀마라제발,0808,4,4.74,47.07,407.56,1.04,51.95,괜찮아,스웩0,2,2.50,34.47,354.73,0.72,52.69,60.00
디오니소스,바쿠스,0,6.41,53.91,329.68,1.90,0.00,박 쭈,KR1,4,3.71,44.64,354.11,0.83,50.00,59.09
혓바닥맛좀볼래,KR1,1,5.84,61.22,508.75,0.82,55.56,별 이,0320,0,2.33,39.33,269.30,2.10,48.96,60.00
새언약요한계시록,KR1,4,4.54,57.33,404.04,1.16,55.05,코리안니꺼,1234,2,2.70,38.82,364.32,0.80,51.21,60.00
이 즈 리 얼,QQQQQ,1,4.13,52.53,452.13,0.85,80.00,헤르미온느,헤르미온느,1,3.93,46.73,409.34,0.77,48.91,50.00
이 즈 리 얼,QQQQQ,1,4.13,52.53,452.13,0.85,80.00,나는 망쇼,망 쇼,3,2.64,36.62,349.59,0.78,45.61,90.00
윤효근,윤효근,2,3.17,55.07,420.68,0.93,61.54,QUEEN,SPEED,2,5.96,46.06,348.25,0.92,48.15,41.67
치치피어,KR1,1,5.15,58.80,449.44,0.78,48.28,XOXDXOXDXOXOXO,KR1,0,3.81,49.50,323.62,1.67,45.45,70.83
도비케이크,KR1,2,4.13,47.50,426.00,0.87,66.67,잘벌어보자,KR1,4,3.45,47.80,378.14,1.01,51.50,72.73
무지성 빡빡이,KR1,2,3.79,47.07,347.44,1.29,59.38,귀살대 오주찬,5555,3,3.53,42.58,383.66,0.42,44.44,56.25
배고픈징조,멋진징조,2,4.46,42.71,407.92,0.71,49.38,난너 너난,KR1,1,2.56,42.83,390.48,0.78,53.85,55.56
해통달사우나,KR1,4,3.56,52.46,439.27,1.02,55.76,imp,KOR,1,4.67,53.00,394.65,0.69,58.40,72.73
설거지훈,KR1,0,2.62,47.11,345.39,1.51,59.09,그 질병,000,1,3.02,51.46,413.86,0.54,53.12,41.67
Yamooch1,YAm,2,3.02,41.17,420.95,0.45,48.48,기 문,0715,4,6.47,54.67,382.44,1.41,51.43,66.67
원 딜,트위치,1,4.53,50.20,405.25,0.51,50.00,채서히,1108,0,4.09,52.70,245.29,2.22,52.34,61.11
서 응,굥서옹,4,4.63,48.13,362.52,1.03,73.33,단 송,KR1,4,4.80,49.53,393.53,0.71,0.00,58.33
별을 제패한 자,이클립스,4,6.66,48.44,381.64,0.77,0.00,DNSM,KR1,3,3.81,43.87,376.80,0.98,80.00,36.36
개간수,KR1,2,2.78,37.00,307.30,1.41,42.67,자객동,0000,3,3.42,48.14,353.45,1.04,63.64,45.45
개간수,KR1,2,2.78,37.00,307.30,1.41,42.67,wtdwad,KR1,1,4.72,52.00,427.32,0.70,61.29,50.00
양심박살,KR1,2,4.19,59.12,422.62,0.72,51.04,김춘배52,KR2,3,3.11,42.75,371.08,0.75,48.39,52.17
아미흐가,2001,2,2.77,43.68,419.06,0.67,64.71,오 팡 씨,KR1,1,3.54,48.05,372.79,0.91,57.14,50.00
taek,0106,2,5.53,51.73,433.82,1.11,85.71,박보영팬,KR2,0,2.66,45.00,324.19,1.29,55.00,64.29
taek,0106,2,5.53,51.73,433.82,1.11,85.71,대동고 굄우지,KR1,3,4.14,48.88,374.79,0.89,46.25,60.00
과일싫어요,KR1,1,4.84,51.67,355.31,1.30,60.27,리롤덱만 합니다,KR1,2,2.92,37.50,362.15,0.91,52.80,76.92
나퉁명,KR1,3,4.45,37.43,384.44,0.72,53.42,계 네,KR1,2,3.72,43.00,378.66,0.67,56.31,54.55
아이오보소,KR1,0,3.19,56.61,302.31,1.90,45.45,대시현,KR1,2,3.16,47.90,363.93,1.18,36.51,50.00
벡 종 선,KR1,2,3.80,44.62,391.34,0.64,49.54,짜치기맨,KR짜치기,3,3.10,39.50,381.62,0.48,50.29,84.62
KaRma,0625,4,6.33,46.12,397.06,1.06,52.27,검은고양이,네 로,3,4.49,42.18,348.48,0.86,44.44,83.33
예수의오른팔,KR1,3,3.75,47.40,397.07,0.63,0.00,날 사랑하긴 했는지,KR0,2,2.84,41.32,371.01,0.72,0.00,59.09
나도 쉽게 이기자,KR1,2,4.82,41.27,406.46,0.59,53.92,바다의노래니달리,KR1,4,3.31,46.45,383.84,0.72,63.64,52.17
길요미,KR1,4,4.25,49.75,398.03,0.99,38.46,죽 음,KR4,1,3.42,44.06,384.66,0.72,51.96,58.33
길요미,KR1,4,4.25,49.75,398.03,0.99,38.46,괴인 가로우,KR1,3,2.28,28.00,381.96,0.50,51.01,72.73
방탄 김석진 Jin,KR1,4,3.03,49.64,357.55,1.09,53.27,데채외않되지,KR1,1,3.43,44.93,396.82,0.66,55.56,50.00
나는모세,5625,0,3.91,48.43,262.11,2.49,0.00,SJYSYJ,KR1,1,5.51,61.54,451.52,0.75,49.02,66.67
김훈승,KR1,3,4.80,40.89,342.59,0.53,40.74,최카츠,KR1,1,3.40,54.73,397.77,1.05,45.00,47.62
나는행보카다,KR1,1,2.63,44.35,399.12,0.68,0.00,매우정상인사람,KR1,4,3.52,51.06,362.03,1.18,64.52,54.55
우주최강류서폿,KR1,0,3.95,40.00,271.02,2.09,51.82,금쪽같은섀끼,KR1,3,2.80,40.36,395.26,0.76,66.67,38.46
맨 솔,1267,0,4.49,49.50,253.02,2.06,0.00,이중구,0112,3,2.78,46.45,394.47,0.72,50.76,36.67
누리박,KR1,4,4.52,52.74,403.80,1.50,58.33,엄마 불러줄까,KR1,4,4.72,45.72,394.01,0.77,48.78,64.71
다군대간사람,나는휴학,1,2.63,50.00,365.65,1.00,0.00,손똥닦,7777,2,3.66,49.12,376.79,0.65,42.11,45.45
Hot Gochoo,KR1,3,3.45,54.83,379.16,0.73,45.90,자기야라면좀,KR1,0,5.94,61.33,280.91,2.34,52.40,45.45
정 인,0001,1,2.88,60.31,448.67,0.89,0.00,끼이잉,KR2,0,4.96,57.75,307.36,2.25,0.00,75.00
Ho00oH,KOR,0,2.74,45.50,294.98,2.31,63.33,김구민,KR1,4,3.59,51.25,369.59,0.89,44.59,38.46
과 즙 무 현,돌아버린,2,4.24,46.09,423.66,0.78,50.27,전남혁,KR1,3,2.58,42.52,322.84,1.00,66.67,70.00
람브르,5999,3,3.23,48.56,363.39,0.69,55.71,참꽃나무,KR1,1,2.30,37.50,384.62,0.45,48.71,66.67
IlIllIIIII,KR1,3,3.52,45.00,456.16,0.61,58.33,SUP노답시안함,KR1,0,2.92,51.00,320.30,1.80,60.00,42.86
뿔버섯,뿔버섯의갓,3,2.67,41.64,400.46,0.72,59.32,이순신,삼도수군통,0,4.27,44.60,281.98,2.31,47.03,50.00
SMART SUPPORT,KR1,4,2.79,52.41,374.03,1.30,58.33,황지미,0108,2,3.10,44.00,412.42,0.79,49.49,40.74
양말훔친 아리,KR2,4,4.01,52.13,361.96,0.86,57.14,DWG Glenn,KR1,3,2.35,35.39,362.48,0.74,58.49,36.36
양말훔친 아리,KR2,4,4.01,52.13,361.96,0.86,57.14,다리 잘린 다리,KR1,2,2.43,41.70,386.19,0.78,53.00,50.00
rnldudnj,여미새,2,3.34,46.00,331.26,0.93,49.83,rnldudnj,나이스,4,2.30,47.67,407.52,0.95,53.98,40.91
낭만적인 피아노,KR1,1,3.20,51.77,372.18,0.99,54.07,이니시열어,KR1,4,3.82,50.71,381.18,1.15,54.55,42.86
낭만적인 피아노,KR1,1,3.20,51.77,372.18,0.99,54.07,불꽃남자,93653,2,2.99,44.50,326.34,0.80,52.27,63.64
메플유저,KR1,4,4.54,47.50,422.32,0.92,52.00,구원의마왕,김독자,2,4.07,43.86,364.22,0.87,55.19,75.00
Viper,0406,1,3.37,47.62,400.96,0.79,0.00,River flows in u,0406,1,3.31,48.90,397.26,0.52,50.16,43.48
Real shy,KR1,2,3.38,49.70,392.01,1.03,47.62,긴생머리태민,KR1,4,5.03,59.11,406.22,1.00,54.61,45.45
설이주인,KR1,1,2.79,51.29,423.24,0.75,54.55,사천 당원우,1234,2,2.97,41.44,384.26,0.62,46.00,51.72
어리고싶다,25살,3,2.89,44.69,357.35,0.91,50.00,바텀개,KR6,1,3.85,44.68,369.85,0.68,50.27,36.36
제 간,RX0,0,4.87,55.82,368.98,1.47,0.00,내머리로딩중임,KR1,1,4.16,44.82,375.87,0.74,22.22,65.00
창렬맞음,KR1,2,3.33,51.52,424.91,0.65,0.00,쫄깃쫄깃곱창,KR1,1,3.97,46.60,368.34,1.09,0.00,57.89
생활백수,KR1,0,3.83,50.30,344.08,2.11,57.14,돈절래,KR082,0,2.65,45.50,332.55,1.63,50.49,60.00
김종윤,top,3,3.35,41.48,337.69,1.11,44.00,아기의 안마,KR1,1,3.60,52.09,393.63,1.07,48.54,50.00
이화령,KR0,1,5.40,50.30,380.68,0.63,57.14,뜨끈한국밥에공깃밥한그릇후루룩,KR1,2,3.26,40.71,332.33,0.90,0.00,8.33
dizzy,VLRT,1,5.53,51.31,371.93,1.29,51.52,새 벽,0223,1,5.80,50.00,352.18,1.67,88.89,71.43
dizzy,VLRT,1,5.53,51.31,371.93,1.29,51.52,세상을 원망해,멸망해라,0,3.80,44.50,322.46,1.62,25.00,66.67
잠든호랭이,KR1,1,2.45,39.36,345.18,0.56,65.38,고냥있는고양이,KR1,2,4.31,41.89,387.06,0.71,51.22,69.23
꽁지짱지,KR2,3,2.95,32.18,357.58,0.72,55.33,YCCY,KR1,2,3.68,48.42,372.29,0.85,52.67,30.00
방디롤,KR1,0,2.83,58.20,342.54,1.41,62.86,불카민호우,KR1,0,3.21,50.31,301.33,1.21,45.76,71.43
방디롤,KR1,0,2.83,58.20,342.54,1.41,62.86,너는모오르지이,KR1,1,3.35,49.21,393.61,0.97,46.78,41.67
Colline,KR1,4,7.14,57.67,429.97,1.06,0.00,윤정섭,KR74,3,2.96,35.30,358.38,0.60,48.59,66.67
본리동장희민,KR1,2,3.05,49.00,363.80,1.11,42.86,한박자늦는사람,KR1,3,2.67,42.78,358.04,0.86,52.32,51.85
진광열,KR1,3,3.53,37.40,378.58,0.82,57.92,문양반,KR1,2,2.70,44.55,354.31,0.86,43.64,58.33
통수왕김통수,KR1,1,4.01,48.38,375.84,0.90,48.69,조 련,KR1,0,2.59,46.00,268.17,1.68,61.39,29.17
강효톨,KR1,3,3.27,31.50,371.89,0.73,53.68,탱푸리카,KR1,4,5.58,51.75,426.78,1.17,51.37,65.52
kenmakix,KR1,0,3.17,45.96,322.25,1.70,51.02,교미여왕,KR1,3,3.53,37.50,384.58,0.65,55.45,57.14
억까하지마소,KR1,3,3.31,43.43,360.26,0.76,35.71,himid,악 귀,2,3.45,35.75,368.46,0.72,47.37,27.78
126584242del,KR2,4,3.64,49.22,359.06,1.18,59.04,려뎡지,KR1,0,3.59,47.21,283.16,1.80,41.18,41.18
권한솔,KR1,1,3.43,53.12,405.26,0.62,54.22,입열면던지는계정,KR369,4,3.20,48.78,375.71,0.80,61.11,33.33
류도현,KR1,1,5.39,58.94,407.83,1.01,50.00,코밑입위,KR1,3,2.95,43.71,361.93,1.11,0.00,41.67
제리발바닥젤리,고양이,1,5.01,48.71,417.83,0.63,56.16,젤리발바닥제리,고양이,0,4.83,50.57,267.24,2.29,59.86,63.33
Kill for Nothing,KR1,3,2.90,49.20,405.93,0.78,0.00,냄모찌,KR1,2,2.38,45.48,369.45,0.79,46.97,38.10
펭구임,Mk1,1,4.16,51.29,371.77,0.98,0.00,포순이네고구마,KR1,0,6.10,59.00,282.93,2.02,46.75,60.00
고혈을빨자하,KR1,3,2.63,42.27,400.17,0.73,50.50,아르테미스,숟가락,1,3.26,42.00,376.45,0.50,50.24,50.00
롤로노아이해훈,KR1,3,5.56,50.77,385.87,0.68,50.00,Seven,JK1,0,3.42,58.50,329.67,1.75,57.33,81.82
롤로노아이해훈,KR1,3,5.56,50.77,385.87,0.68,50.00,망나니 인생,KR1,3,2.65,41.55,363.39,0.63,49.41,45.45
반오십이라니,세월이흘러,2,4.09,51.47,445.16,0.76,0.00,높을 상 어질 현,KR1,4,3.17,41.00,357.54,0.75,46.46,46.67
반오십이라니,세월이흘러,2,4.09,51.47,445.16,0.76,0.00,로프반동 아크샨,KR1,3,3.46,43.81,396.59,0.40,50.74,75.00
아침없는삶,KR1,2,3.65,50.33,435.58,0.58,0.00,짱돌1세,KR1,0,4.83,47.75,274.94,2.45,0.00,68.18
만연산붉은곰,KR1,4,4.86,45.78,389.20,0.85,77.78,채팅그만 게임하자,0217,1,3.61,43.87,349.86,0.93,46.62,58.33
이 학 송,정글혐오,4,5.93,60.00,441.52,0.77,54.84,의문의장인듀오,KR1,0,3.90,55.38,282.84,2.07,59.46,40.00
생명소중,KR1,2,2.82,41.71,408.90,0.68,37.50,불가항력,111,3,2.49,36.00,330.33,1.07,0.00,54.55
천임범,KR1,4,3.53,50.95,420.75,0.70,47.01,우리 좋았잖아,사랑했잖아,4,3.07,44.50,372.36,0.66,0.00,70.00
서대환,KR1,1,4.76,49.22,408.40,0.73,46.88,학식다먹은나이,KR1,0,3.08,53.07,291.32,2.81,65.52,53.85
미 크,kr2,3,3.54,46.40,399.82,0.57,45.45,누누누누누누,누누누,2,5.29,49.45,396.74,0.75,47.83,41.18
미 크,kr2,3,3.54,46.40,399.82,0.57,45.45,파아란유자,KR1,0,4.21,55.56,251.26,2.51,45.32,58.33
Viperr,2EZ,1,3.16,53.75,406.88,0.65,52.29,Owl,No1,0,5.06,55.17,262.60,2.04,54.74,48.28
혜지를 버린 미누,KR1,0,4.97,46.54,278.90,1.84,52.63,I only love you,KR1,1,5.40,53.88,446.53,0.90,91.67,52.63
깨뤼머찐,KR1,0,4.31,57.00,400.41,1.36,52.60,조댕이,열지마라,0,4.23,52.57,262.52,2.31,55.46,64.29
alexshindong,KR1,2,4.35,52.50,365.98,1.09,56.15,사춘기초딩,KR1,1,4.54,49.65,429.49,0.61,49.32,64.71
버스받고싶다,BUS,1,2.49,54.94,380.17,0.92,52.76,보검강준현준은우,KR1,0,4.13,55.00,378.49,1.44,54.97,35.71
버스받고싶다,BUS,1,2.49,54.94,380.17,0.92,52.76,ddongjangyi,KR1,3,1.45,35.00,427.89,0.49,48.24,30.00
조금만기다려좀,KR1,1,5.64,55.56,421.74,0.48,52.94,99년생프로지망,KR1,2,3.51,52.67,401.21,0.86,53.15,55.56
봄꽃가슴,KR1,2,3.83,51.73,427.91,0.96,0.00,혜리쓰,KR1,1,2.60,46.00,404.48,0.51,46.99,75.00
동힝힝,KR1,4,5.42,55.75,425.95,0.91,37.78,갱생킹,KR1,0,3.41,46.62,324.33,1.16,76.47,73.33
douyinlefe15,Mundo,3,6.81,39.00,444.44,0.55,95.00,먼치킴,3743,3,6.46,34.70,369.69,0.57,51.37,93.33
toki4,0000,1,3.63,48.12,408.64,0.98,0.00,해안선,coast,4,8.17,64.50,365.45,1.24,0.00,70.00
질풍같이싼다,KR1,2,5.56,48.91,378.63,0.70,46.15,매혹점멸아리장인,KR1,1,3.20,40.40,380.62,0.67,66.67,61.54
이 브,사랑해,4,3.52,52.29,415.35,0.60,62.50,백가인,GAIN,0,2.99,51.46,308.92,1.59,60.61,40.00
각성한고슴도치,KR1,0,7.47,56.00,304.89,2.69,56.00,줄넘기 제리,KR11,1,3.97,51.00,408.60,0.36,0.00,63.33
문왁굳,KR1,3,3.81,34.43,422.90,0.74,0.00,Doublelift,ROK,1,3.75,34.18,402.02,0.51,51.05,52.63
깅종빙,KR1,1,2.03,46.86,379.58,0.59,46.36,95 서폿 유망주,1995,0,4.53,46.69,300.92,1.45,0.00,26.67
llllIlIIllIlI,KR1,2,4.56,51.42,401.04,0.91,0.00,현무주작,KR1,2,3.62,46.11,390.07,0.79,52.85,40.00
훈 남,3781,4,2.81,51.56,391.86,1.11,53.79,sigma boy,kr123,4,2.76,42.11,391.85,0.79,36.84,45.45
180cm70kg17cm,KR1,2,3.49,47.25,387.35,0.77,45.96,뽀오오삐,KR2,3,1.81,34.88,346.20,0.53,73.33,66.67
Player,NJZ,4,5.83,53.07,410.18,1.12,55.56,SNU eTL,KR1,3,3.00,38.00,358.98,0.76,51.27,41.67
불멸의 쿼카,KR1,1,3.48,41.91,365.07,0.76,64.58,브랜드,000,0,1.98,43.75,252.19,2.11,48.90,46.43
장난이상의행동,KR1,0,2.29,42.54,354.82,0.90,48.50,이주닝닝,111,4,2.76,55.25,384.19,0.97,47.41,53.33
wsnowman,KR1,1,4.86,51.29,435.69,0.83,50.00,2812948795466976,KR1,2,2.59,44.17,378.10,0.55,0.00,56.25
wsnowman,KR1,1,4.86,51.29,435.69,0.83,50.00,억울한 탑솔러,KR1,3,1.99,33.83,384.71,0.83,64.71,83.33
광명파리바게뜨비닐봉지도둑이찬민,KR1,3,2.09,42.25,371.70,0.50,51.37,지금 당장 원딜을 버프해라,KR10,1,3.33,44.76,400.31,0.69,55.24,40.00
문든든,KR1,2,4.51,49.50,402.65,0.74,0.00,진짜 송사리,KR1,4,2.47,50.95,395.50,0.74,52.35,63.16
히터펑순기,하사박진영,4,5.18,59.14,395.91,1.06,50.54,전 별,0001,1,2.45,49.84,359.60,0.89,64.52,35.71
zed,kkkkn,2,5.84,52.25,377.06,0.97,52.78,백현순,KR1,1,4.01,49.93,402.95,0.87,30.00,42.11
zed,kkkkn,2,5.84,52.25,377.06,0.97,52.78,굴 신,KR1,4,4.74,47.17,388.65,1.22,47.06,70.00
뿌까떵싸쪄,KR1,0,4.55,56.25,269.62,2.65,62.50,귀여운내가참는다,piron,3,3.73,51.83,419.58,0.85,64.10,50.00
피지컬x,KR1,1,3.23,53.71,456.93,0.64,44.00,우량묵직,KR1,0,4.80,47.12,333.52,1.54,50.15,57.14
피지컬x,KR1,1,3.23,53.71,456.93,0.64,44.00,개 똥,벌 래,2,3.04,45.82,367.18,0.59,49.20,45.45
군대안에서 롤체하기,kr2,3,3.83,44.87,392.96,0.67,0.00,강해린,뉴딘스,1,4.58,42.30,399.51,0.42,49.36,68.75
수하지롱,KR2,2,2.91,49.61,398.22,0.80,49.35,GyulKing,3118,4,3.68,44.12,370.53,0.63,33.33,53.85
입털면5불신,KR1,0,2.43,52.92,326.62,0.96,51.58,blue,3355,3,2.48,35.76,374.79,0.63,48.72,28.00
일 표,KR1,0,4.79,56.54,353.90,1.37,46.05,나 한테 몰아줘,KR1,3,2.00,35.29,388.00,0.48,61.45,64.29
Kiklapess06,Pyke,2,2.34,49.00,323.96,1.54,54.39,김우선,KR1,1,2.21,48.41,385.31,0.85,52.38,58.33
ヲヲヲヲヲヲヲヲヲヲヲヲヲヲヲヲ,3166,4,3.59,55.62,373.80,1.30,44.44,장규진,nm1x,4,2.71,46.00,357.89,0.67,49.28,50.00
천제성주니,KR1,4,3.99,47.30,373.72,0.85,55.56,UVY1129,KR1,2,3.09,47.46,364.22,0.81,43.82,61.90
1ock,KR1,1,4.37,42.18,371.64,1.09,65.12,모스야 왜 모스니,KR1,4,4.12,59.27,433.33,0.88,0.00,100.00
남탓할시간에cs먹어,KR2,4,6.19,61.80,424.63,0.96,55.32,공대소모임 황토,KR1,0,6.25,59.33,340.70,1.41,47.97,53.85
라용명,KR1,0,2.41,48.00,261.57,2.11,51.32,녹농균,KR1,2,2.86,43.89,361.00,0.53,50.86,42.86
는태형,KR1,0,5.00,46.80,335.27,1.79,30.77,나에게만보이는각,KR1,0,2.21,44.14,325.66,1.38,48.92,65.00
친구따라 강남간다,10331,1,3.91,54.93,426.83,0.54,48.82,녕택GOAT,11111,4,4.42,55.43,304.62,1.01,52.51,60.00
단구동엄택완,KR1,2,2.79,51.43,403.95,0.62,77.78,복어왕,KR1,0,4.13,54.00,268.69,2.67,50.53,60.00
유 미,기여움찌유,1,5.97,54.75,455.32,0.53,0.00,유 미,기여운찌유,4,8.17,59.40,390.10,0.86,52.63,56.67
TaylorZero,KR3,4,5.82,56.50,459.24,0.90,48.84,Taylor1,KOR,2,3.49,42.85,385.71,0.79,43.48,75.00
아오모리,KR1,2,2.50,48.67,375.24,1.27,0.00,구슬정,KR1,3,2.74,36.93,403.20,0.55,53.85,58.33
기동력의 장화,KR1,1,3.68,46.55,435.57,0.51,38.46,박 재 현,1111,0,2.58,47.62,252.93,1.77,0.00,44.44
FLR미드,KR1,1,4.73,55.33,450.81,0.90,54.55,다소 늙음,kr111,2,3.97,53.58,352.73,1.47,52.17,53.85
롤토체스용1,KR1,3,3.11,40.54,368.76,0.85,54.48,곰발바닥여우,KR1,4,5.21,34.83,374.26,0.83,53.92,71.43
이지현등장,KR1,2,4.60,52.78,481.78,0.68,80.00,error 1,KR00,1,3.23,50.00,395.70,0.69,50.59,81.82
boiled dumplings,KR4,2,3.68,50.12,383.79,0.90,45.73,바텀의익힘정도,9397,0,4.53,52.92,300.42,1.82,0.00,30.00
구수한된장찌개,KR1,1,3.24,41.00,364.89,0.57,50.66,어쩔둥이,KR1,2,3.40,43.42,405.19,0.64,50.74,36.36
너무어려워요,3324,3,3.02,44.55,389.03,0.66,0.00,고베 율,KR1,4,2.01,42.75,379.83,0.78,48.28,55.17
포등포등,KR1,1,4.94,50.85,403.54,0.72,54.55,댕댕처돌이,KR1,0,7.95,57.00,257.80,2.39,56.14,66.67
DontDoThat,КR1,2,4.31,44.30,360.49,0.90,57.89,모쏠아다무직거지,KR100,4,4.05,43.79,414.68,0.81,53.40,57.89
DontDoThat,КR1,2,4.31,44.30,360.49,0.90,57.89,Jangel,1004,4,7.45,57.00,456.58,0.94,65.00,60.00
도구안해요이제,KR1,1,4.91,43.47,389.55,0.73,53.60,찬 챙,KR1,4,5.69,45.19,383.08,0.90,48.86,64.29
기업도시 떡상중,KR1,1,4.16,55.00,472.24,0.50,0.00,All is well,0704,3,2.54,31.69,332.26,0.60,52.17,65.52
기막힌 암살자,KR1,4,3.40,45.00,369.92,0.54,41.67,lllIIllIIlIlll,KR1,4,3.56,45.35,365.52,0.86,43.68,38.46
찾았따 범인,KR1,4,4.20,56.78,392.38,1.32,73.08,기백철,KR1,2,3.93,44.00,379.37,1.17,51.82,81.25
찾았따 범인,KR1,4,4.20,56.78,392.38,1.32,73.08,홍자지컬,KR1,1,3.32,43.00,384.01,0.36,53.49,20.00
도구은동,KR1,0,4.45,53.27,335.91,1.34,33.33,우오아,KR1,2,3.85,51.36,382.05,0.79,14.29,60.00
노는게멘솔,KR1,1,3.35,48.15,425.13,0.76,36.59,돌교북,809,0,3.49,48.50,297.11,1.82,43.92,52.63
호다닥 가는중,123,4,4.37,54.89,362.02,0.88,58.40,아임슬퍼,KR1,2,4.03,49.06,414.40,0.65,30.00,41.67
메라스승지레쉬,KR1,1,3.67,46.85,370.89,0.79,40.00,스오우 유키,HGR,2,4.64,43.00,411.54,0.53,42.61,25.00
User 원딜,KR1,1,3.56,50.20,410.07,0.75,48.15,눈편지,1119,0,4.45,49.86,260.27,2.27,51.72,50.00
까만 코 사나이,KR1,3,4.03,43.76,343.87,1.26,0.00,리 신 주먹밥,BRB,4,2.43,44.10,378.37,0.86,40.00,60.00
그럴까 그럼,KR1,1,2.99,48.23,369.54,0.73,57.14,SccarIet,KR1,4,4.12,58.67,344.05,1.33,56.83,57.14
가나다라마바사,아자차카,2,4.08,56.33,387.45,1.15,0.00,밤양갱,KR9,2,4.53,50.00,383.77,0.82,50.00,46.15
유도흥칫뿡,KR1,0,3.85,49.33,264.48,1.98,45.71,재수강시러,5219,3,3.25,43.00,347.59,0.85,56.25,46.15
잉이이이이이익,KR1,3,3.53,45.38,383.22,0.56,55.77,죽기장인,7373,2,5.38,50.33,477.68,0.58,0.00,70.00
통큰짱짱맨,KR1,1,3.96,50.67,411.87,0.60,48.78,낭만전사 이승혁,KR1,4,2.59,49.00,386.36,0.72,54.90,64.71
당뇨고혈압문신충,123,2,3.88,54.50,385.99,0.63,47.34,으니우니,KR1,3,3.19,50.38,363.52,0.74,56.32,45.83
배틀그라운드,3310,2,3.62,47.32,359.82,1.11,85.71,콩코스pc방,KR1,3,3.47,52.33,358.20,1.18,66.67,55.56
안타리우스,KR1,0,3.11,45.70,305.92,1.76,48.44,Krylov,KR1,3,5.10,34.00,323.19,0.90,54.66,45.45
축구는 장비빨,KR1,2,4.15,49.50,399.16,1.09,57.65,31491029del,KR1,1,2.92,47.68,402.18,0.88,60.38,66.67
지나가는버스,KR1,0,3.77,59.17,406.92,1.25,77.78,Thu shy,KR1,3,3.90,49.90,345.58,1.10,51.50,50.00
지나가는버스,KR1,0,3.77,59.17,406.92,1.25,77.78,키아나 연습,1357,2,2.92,48.24,395.01,0.68,57.14,40.00
망 고,CUTE,4,4.19,54.78,396.83,0.75,53.89,pig,0521,2,3.63,49.22,390.21,0.85,54.55,80.00
홋 애,FINAL,2,2.00,44.84,344.78,0.62,52.46,BluePurples,KR1,4,3.19,42.44,361.82,1.00,50.96,50.00
최수웅,KR1,1,3.41,40.29,398.32,0.56,48.48,작고 소중한 룰루,KR1,0,5.39,57.00,272.57,2.21,45.13,62.07
console log,World,2,5.84,42.42,372.89,0.77,47.31,유 재 앙,1999,4,3.32,55.60,390.13,0.64,46.62,46.67
아구몬,325,3,3.03,36.70,353.77,0.72,80.00,야 바이퍼,KR1,2,3.44,46.38,416.94,0.69,60.00,62.96
저격수,2537,4,5.13,58.20,437.86,0.89,49.48,Nalrae,KR1,1,2.78,41.44,382.56,0.71,52.76,90.00
53일의전사,5353,2,3.99,51.05,386.80,0.89,42.86,혼토니 크로스,0816,3,3.52,40.93,342.06,0.67,48.57,50.00
정ssom,KR1,1,3.67,48.56,407.29,0.71,57.50,팀운차이전망롤겜,KR2,0,3.59,63.83,253.70,2.52,48.51,46.43
Re건규,KR1,1,3.68,43.20,409.06,1.05,47.89,lIIIllIIll,KR27,0,3.50,51.93,286.14,1.38,70.37,60.00
만렙이다주먹으로하자,1234,2,2.75,42.92,407.47,0.57,53.02,호갱과자,귀요미,3,1.94,38.12,382.50,0.46,60.00,71.43
강지원 99,KR 1,1,3.57,58.50,381.99,0.93,55.88,봄마마,KR1,0,3.69,41.75,256.11,1.88,47.38,69.23
큰꿈을꾸어라,KR2,4,3.38,52.07,396.17,1.01,52.63,하 이,4321,3,1.92,41.36,351.68,0.88,63.33,53.33
낭만찾으로,낭만찾으로,4,2.51,48.15,411.59,0.79,55.26,남기정,남기정,3,2.44,39.69,364.86,0.82,48.39,36.36
중꺽마 새끼들아,KR1,3,3.03,35.50,346.32,0.64,51.96,비속어사용금지,KR1,1,3.51,48.75,386.53,0.72,51.96,50.00
IreliAtroxs,KR1,4,4.02,51.74,399.02,0.72,43.48,전지노,KR1,3,3.25,45.43,403.40,0.77,43.14,52.00
robot 01,KR1,2,4.58,48.71,430.27,0.79,48.57,라일락꽃이피는날,KR1,3,2.33,40.29,345.81,0.89,52.11,66.67
일단유성이가잘못,KR1,3,2.68,34.50,386.94,0.50,40.74,vwvwwvww,KR1,4,3.65,45.86,367.00,1.02,51.38,58.33
일단유성이가잘못,KR1,3,2.68,34.50,386.94,0.50,40.74,자야원챔미드라이너,KR3,2,3.23,45.60,380.03,0.86,48.95,20.00
오른손잡이는왼손잡이가될수없을까,KR716,3,5.83,47.00,360.71,0.46,48.70,우수철,KR2,4,5.42,57.85,411.80,1.28,52.78,53.33
2024년 7월 입대,기술행정병,3,1.50,41.14,372.60,0.69,0.00,오뇽뇽,KR1,4,4.33,50.61,463.77,0.62,57.61,45.45
음 괜찮은 맛이네,KR1,2,2.24,38.20,391.56,0.74,9.09,고달픈 인생,123,4,3.90,45.43,409.07,0.80,50.84,50.00
DWG ShowMaker,0818,2,2.34,41.82,370.75,0.65,68.42,악 동,1996,0,4.03,55.50,287.28,2.62,52.38,50.00
토끼달,KR1,1,3.75,52.68,398.94,1.06,53.75,바텀요리사,777,1,4.05,49.15,374.69,0.85,52.17,50.00
Nidalee sup,KR1,0,2.03,46.00,406.11,1.16,72.73,무지성 캣맘,KR1,3,2.38,43.20,388.78,0.80,0.00,60.00
66370825del,KR1,2,2.91,45.20,349.71,0.68,50.00,재미없는하늘,KR1,4,3.28,43.11,337.11,0.51,56.51,46.15
Riven 쟁인,KR1,2,3.19,39.88,353.62,0.82,54.67,매달린 부엉이,야 르,3,2.96,35.12,348.16,0.41,52.16,44.44
건들면그냥박아줌,KR11,2,4.13,53.96,361.76,1.01,49.77,영계뱃속,KR1,0,3.38,44.38,327.87,1.37,54.32,30.00
이홍기,0000,0,3.26,49.00,330.57,1.83,48.00,용가리,0304,1,2.78,53.44,380.76,1.01,53.43,46.15
따기아,KR1,3,3.43,41.20,354.54,1.16,85.00,torreki,KR1,2,3.57,45.59,378.45,0.76,52.38,50.00
캐  티,KR1,2,3.65,47.31,394.53,1.13,60.00,배만덩,KR1,4,5.77,51.15,415.47,0.89,55.26,65.22
깝죽거리지마라,ROCKS,1,4.49,52.67,443.77,0.62,42.59,항상겸손해라,ROCKS,0,3.96,54.71,269.85,2.14,49.40,45.45
돈에 미띤 새끼,KR1,1,4.47,48.50,393.68,0.78,37.04,싸물어,231,0,2.37,46.94,309.34,1.56,54.55,76.92
새우튀김용사,KR1,1,3.88,52.89,425.58,0.48,50.00,사르르탄 전문가,KR2,0,6.39,57.50,239.12,2.05,49.51,64.29
숩다수워,スフえO,4,5.69,60.21,396.84,1.04,51.69,뭐하지저새끼,KR1,1,3.27,43.33,373.73,0.93,53.33,56.00
준 뚜,KR1,1,4.42,57.60,424.77,0.65,51.27,나 푸바온데 중국싫어,kr11,0,4.28,45.60,306.01,1.52,64.43,66.67
마음속강렬한비트,KR1,0,4.78,57.12,317.24,1.89,57.81,Piledriver Waltz,KR1,1,4.92,47.08,361.78,1.24,53.70,56.25
완두콩,CAPEO,4,3.93,45.38,402.79,0.89,0.00,다른게임나와라,KR1,2,4.65,50.74,376.66,0.67,47.73,54.17
Pioner,KR1,1,4.33,50.15,394.96,0.88,0.00,잔걸음밟지마라,KR1,2,2.83,47.00,383.51,1.06,52.14,43.33
허접을보면우는소,KR1,0,5.16,52.42,290.29,2.29,60.00,벽플의 장인,KR1,1,4.83,48.50,434.58,0.78,0.00,60.00
익 산,전라북도,4,5.79,52.79,427.78,0.93,45.45,패티장인박지훈,KR1,3,2.97,35.88,395.42,0.53,56.86,52.63
나는 누구인가,FKLOL,2,3.42,34.50,389.27,0.74,66.67,내알아서함,KR1,2,3.35,42.40,356.30,1.02,0.00,72.73
구마유시,KS1,2,2.13,42.65,373.81,0.88,52.34,다없부질,KR1,3,5.28,47.35,443.69,0.92,50.54,33.33
감시자 돌돌이,KR1,2,1.85,46.25,379.09,0.60,66.67,JustLikeThatKR,ROKMC,4,5.55,60.00,424.94,0.82,41.67,30.00
IDieanaI,KR1,2,3.40,44.00,362.87,0.85,57.89,소금후추간장,KR1,4,3.51,53.60,377.63,1.06,52.63,51.72
봉고르,KR1,4,7.58,52.33,430.14,0.70,0.00,핀란드 휘바휘바,KR1,2,5.49,55.67,350.93,1.52,50.33,59.09
페미니스트 김찬호,0125,1,4.53,53.90,439.78,0.71,62.24,볼빨간사나이,KR1,0,3.45,55.75,277.58,1.88,64.86,55.00
가옹제빵,KR26,3,2.15,34.29,365.99,0.56,58.70,EDCA,KR1,0,6.91,59.85,338.79,1.79,0.00,43.75
신용불량 원딜,KR1,1,4.55,51.17,427.72,0.72,0.00,유미는슈웅,KR1,1,3.28,49.73,361.02,1.29,52.49,64.71
인생내맘대로안됨,KR1,0,3.93,52.50,289.75,2.45,58.54,제 쌤,4252,1,8.64,44.75,414.16,0.77,52.50,76.67
최해동,0327,2,3.56,55.82,426.54,0.82,54.17,밥 먹을거야 밥,KR1,3,1.72,26.60,329.30,0.60,50.00,50.00
의문의 피엔나,KR2,2,4.55,46.12,409.90,0.97,60.81,마라탕로제엽떡마카롱요아정,좋아함,3,1.91,36.17,311.31,0.87,50.19,64.29
우리서폿왜이래,4303,0,4.40,38.60,290.22,1.20,50.00,정글SI발아오라고,1380,2,4.38,36.89,382.94,0.61,47.37,61.90
TRATSER,리스타트,0,4.09,48.67,283.40,2.10,0.00,너맘대루해임마,KR1,1,5.78,55.65,434.55,0.71,50.00,75.00
아이돌원탑엔믹스,KR1,3,3.48,44.08,415.50,0.63,72.73,잘해봐요다들,KR1,4,3.46,44.35,378.37,0.65,46.15,52.94
노랑신드라,KR1,4,6.24,57.00,364.37,1.51,73.53,이름없다니깐,KR1,2,6.26,44.31,388.27,0.90,0.00,75.00
배태한,KR2,0,4.57,50.47,363.58,1.13,40.68,커다아란,KR1,0,3.52,51.69,334.01,1.22,50.00,70.00
장림 요시무라,KR1,4,5.06,51.88,433.73,0.90,55.30,소문난두오김지훈,KR123,3,2.54,38.60,367.92,0.60,50.43,53.33
장림 요시무라,KR1,4,5.06,51.88,433.73,0.90,55.30,포말공연언제옴,KR1,4,4.32,48.50,360.62,1.09,54.39,80.00
던지던가,꼬우면,3,3.43,45.00,418.80,0.68,56.41,badudong,KR1,2,1.71,41.25,357.04,0.49,56.41,56.25
던지던가,꼬우면,3,3.43,45.00,418.80,0.68,56.41,X e,0328,4,3.97,49.47,389.70,0.82,52.38,76.92
트위치 와디짖,KR2,2,2.68,53.56,418.47,0.90,0.00,빵울이,KR1,0,4.93,53.69,322.84,1.42,41.18,37.50
트위치 와디짖,KR2,2,2.68,53.56,418.47,0.90,0.00,동생고양이,빵울이,4,4.48,57.75,404.96,0.81,87.10,64.29
에렌 예거,2105,3,3.44,53.57,475.84,0.73,0.00,BEILA,KR05,3,2.34,41.71,352.17,0.77,50.76,50.00
에렌 예거,2105,3,3.44,53.57,475.84,0.73,0.00,강해린,뉴진스0,1,3.20,48.50,398.81,0.67,0.00,64.29
체임버살려내,제발요,1,4.57,50.00,399.80,0.73,33.33,기복심한원딜러,KR1,3,3.99,42.73,455.28,0.89,61.98,76.47
그냥감탄만해,KR1,2,3.02,44.65,414.67,0.69,0.00,내꿈은민간인,KR1,2,2.26,37.29,348.98,0.63,52.27,53.85
그냥감탄만해,KR1,2,3.02,44.65,414.67,0.69,0.00,NiMi,111,4,3.52,51.14,376.26,1.21,51.24,70.00
박창현,2001,2,2.05,44.75,364.55,1.10,74.36,오고곡 엄매매,KR1,4,5.40,49.15,368.91,1.14,53.85,63.64
전생하였더니슬라임이었던것에대해,KR1,3,2.51,34.67,386.86,0.56,49.36,dream walking,KR1,1,3.60,46.90,418.80,0.71,69.23,41.67
부쉬 안 문도,KR1,3,3.72,40.55,402.97,0.73,70.00,원딜왕자닝,KR1,3,2.64,42.68,386.45,0.54,50.00,83.33
미쳐버린것이냐,KR1,3,3.62,48.17,462.49,0.69,83.33,호철이주량세병,KR3,2,3.31,55.18,368.24,1.02,40.16,82.61
나 혼자 여름,2121,2,2.16,44.63,375.83,0.94,47.47,종호빈,KR1,2,4.18,39.78,340.83,0.98,48.03,61.54
안봐야그리운친구,KR1,3,2.87,40.12,402.14,0.55,42.86,월요일시작,신성함,2,4.81,41.00,408.55,0.53,29.73,55.56
인생이 망했어요,KR1,1,4.27,51.36,430.99,0.59,0.00,logical king,KR1,3,2.74,31.30,355.92,0.48,70.00,63.64
인생이 망했어요,KR1,1,4.27,51.36,430.99,0.59,0.00,후회하는중입니다,KR1,4,4.09,48.78,378.98,0.99,55.56,81.82
야소로대리함,KR1,1,3.52,49.67,371.49,0.97,63.01,백승진,KR77,0,4.82,57.82,296.95,1.55,44.44,33.33
네가 더 잘할게,KR1,3,3.02,42.26,383.41,0.69,0.00,Pnpm,탈영병,3,4.13,39.92,355.54,0.60,42.24,58.62
좌우합작,KR1,1,4.03,51.95,470.42,0.55,69.23,국공합작,KR1,0,2.91,53.57,304.06,1.97,81.25,90.91
차똘복,KR1,2,6.01,50.25,407.22,0.66,54.73,차 응우 니옌,KR1,4,5.46,55.00,384.85,0.87,52.03,75.00
초코쉘치즈큐브딸기그래놀라,요아정,4,4.39,49.30,379.01,1.35,52.00,장애인분뇨처리에이스,특수학교,3,3.39,47.36,354.35,0.90,66.67,47.06
마카오와 죠마,KR1,3,3.40,45.62,414.04,0.68,53.85,울팀싸우지말자,KR1,2,2.33,39.12,326.10,0.84,0.00,55.56
91세 카이팅장인 황영옥,0814,2,3.40,48.00,414.80,0.66,46.15,너무속상한사람,KR1,4,2.78,44.82,370.75,0.78,52.88,52.94
올차단시작임,KR1,2,3.48,50.00,418.76,0.67,50.00,난 세상과 싸운다,KR1,4,3.88,54.08,358.66,1.17,21.05,53.33
입닫고귀막고,혼자할거야,0,2.45,48.72,358.01,1.38,47.41,녹 님,Mid,2,6.41,57.00,356.23,1.36,45.21,65.00
Shen su ji,KR1,1,3.70,60.07,433.16,0.91,0.00,1월26일,1111,0,6.88,53.57,356.10,1.52,0.00,30.00
귀검사의왈츠,KR2,3,2.58,41.82,416.14,0.70,57.81,나야 황제 Dong,KR3,0,3.45,57.00,324.27,1.80,49.61,48.00
다이나믹메이즈2,KR1,2,2.87,44.57,434.28,0.49,57.01,강민석의 꾀주머니,1557,3,4.11,42.62,392.18,0.87,48.39,53.85
Dovarhk,KR1,4,5.72,55.12,409.90,0.92,78.57,팔공산 쌍칼잡이 ,KR1,0,5.42,52.69,348.63,1.85,45.90,90.00
zl존 멋쟁이 양세윤,0000,1,2.65,42.08,372.71,0.34,52.33,한남유충 백인우,100,3,2.40,30.89,369.03,0.55,56.25,45.45
아리라떼S,KR1,2,3.55,45.70,377.06,0.82,42.72,혜지철거반,KR1,1,3.43,48.62,381.06,0.89,53.19,47.06
Ditto,뉴진스민지,2,4.45,55.07,500.22,0.58,28.57,radiohead,7532,4,3.03,42.00,342.86,0.98,54.48,76.92
꿈은없고요그냥놀고싶습니다,7777,0,5.04,54.75,271.89,2.83,49.82,어 쩌,8888,1,4.78,41.17,373.07,0.44,50.63,52.94
일로깅,KR1,3,3.83,48.05,397.42,0.94,0.00,빵근몬,KOR,2,3.90,47.70,371.68,0.95,44.90,60.00
Tei,Pill,3,2.75,40.06,390.00,0.47,62.96,따라하지말라고,εïз,3,5.54,48.00,368.44,1.10,51.92,63.64
5티언데왜너프함,KR1,2,4.97,44.07,396.08,0.71,61.90,잘뚜들겨맞는남자,KR1,4,4.26,47.00,330.32,1.64,45.45,47.06
SmileInTheMist,안 개,4,4.65,50.24,402.53,0.82,46.67,시원한눈사람,KR1,3,3.53,39.06,410.05,0.57,53.90,40.00
SmileInTheMist,안 개,4,4.65,50.24,402.53,0.82,46.67,十月九日,KR2,1,2.31,44.00,347.88,0.45,58.54,80.00
GCELL,KR1,0,4.42,46.42,288.02,1.88,0.00,새로키운아디,KR1,1,2.44,45.11,403.50,0.87,55.17,60.00
어 도윤이형이야,0000,2,2.38,40.23,398.25,0.64,53.20,꼰대가르송,5695,4,4.25,49.30,402.32,0.82,46.94,28.57
방 패,KR199,2,3.97,51.79,450.33,0.87,50.00,김코펠레,KR1,2,2.66,52.26,399.20,0.93,48.89,70.59
띵똥따리땅똥,KR1,0,3.82,49.40,266.22,2.15,43.48,태호태호,KR1,2,3.74,46.18,395.87,0.71,51.15,66.67
띵똥따리땅똥,KR1,0,3.82,49.40,266.22,2.15,43.48,백이군단,KR1,1,4.65,54.88,437.45,0.71,44.44,75.00
xxckkdepz,KR1,2,3.45,47.29,335.08,0.78,80.00,분조장나르,KR3,3,2.10,39.37,329.37,0.71,51.52,52.38
알빠카,KR1,1,2.91,45.26,362.70,0.99,52.94,Waterlilies,KR1,3,4.49,44.62,384.29,0.93,52.25,33.33
난잘한다,영훈짱짱v,4,3.33,49.26,352.07,1.01,66.67,Gen G Ruler,허거덩,2,3.97,48.65,384.37,1.12,53.57,52.94
세화는 개인주의,KR1,4,4.86,54.18,368.36,1.54,68.35,Harunohi,036,3,3.29,45.05,396.26,0.62,51.88,60.00
파스구찌갱,KR1,3,3.92,45.89,381.81,1.14,57.14,갱갱수월래,KR0,0,2.98,48.75,318.44,1.65,44.29,60.00
제잘못은아닌듯함,kr56,2,3.05,47.84,392.70,0.86,40.54,김기명,낭만수호자,3,3.19,35.74,394.45,0.56,48.63,81.82
쇼후쿠 정대만,KR1,1,3.89,50.24,403.91,0.69,45.45,F1777,1777,4,3.42,44.09,340.83,1.06,56.76,60.00
쇠사슬,KR1,2,4.36,50.68,441.72,0.92,0.00,protein,탄수화물,4,4.83,50.89,405.92,0.68,48.72,58.82
아마네 카나타,へい民,0,2.88,54.79,294.85,1.69,58.51,Tamtokiller,KR1,1,4.21,53.85,403.48,0.75,57.89,73.33
울산 미등록 특급,KR1,1,3.84,46.31,389.18,0.70,52.94,소방관,1247,0,3.71,44.00,302.30,1.71,41.71,27.78
울산 미등록 특급,KR1,1,3.84,46.31,389.18,0.70,52.94,서렌안친다,KR1,0,3.53,53.44,313.44,1.90,57.14,75.00
마법사 임동민,KR1,4,4.16,62.50,388.73,0.92,55.26,멋진 청년,농농이,0,3.75,56.14,264.49,2.04,45.57,81.82
김순섭,KR1,2,3.89,37.90,371.12,0.71,47.27,기안42,KR42,4,4.79,56.85,368.41,0.77,75.00,75.00
헨젤과가슴털,KR1,0,3.27,57.42,256.24,2.23,0.00,흑인정민,KR1,0,4.20,57.33,259.01,2.10,56.86,56.25
헨젤과가슴털,KR1,0,3.27,57.42,256.24,2.23,0.00,택블로드,KR1,3,3.72,44.82,375.47,0.75,58.86,36.36
아무무장인,아무무,4,2.34,61.50,342.72,1.70,49.58,심현보,KR1,2,2.86,50.17,391.73,0.58,53.03,53.33
평화로운 바텀,KR1,4,3.45,49.40,355.24,1.11,50.00,낌준석,KR1,2,3.27,46.23,380.10,0.94,55.10,56.52
스노우 화이트,순백의의지,3,3.81,52.40,435.19,0.76,33.87,血 刀,拔刀帝,4,2.87,52.00,376.22,0.93,54.24,54.55
맛이 써,KR1,1,4.09,48.00,394.98,0.83,42.22,핫초코 한모금,KR1,2,4.09,42.00,324.88,1.21,52.70,56.25
조꼬수,000,1,2.84,44.70,426.31,0.78,56.04,서폿 햇병아리,KR1,0,3.72,53.27,245.33,2.44,59.79,43.75
wave,1218,1,5.60,44.29,356.70,0.94,45.78,어 정,KR1,3,2.98,46.27,363.64,1.34,0.00,61.90
오민삭,KR1,2,2.85,47.64,398.34,0.73,62.79,꼼 뚜,KR1,3,2.72,41.74,411.70,0.39,72.73,76.47
제일 약한 사람,최약체,4,6.91,64.22,429.53,1.18,49.38,챗X핑X,Mute,3,3.03,36.62,371.28,0.99,50.17,60.00
디디동구리,4220,1,3.02,46.50,390.83,0.74,55.83,다주거라,KR1,0,2.96,48.43,324.37,1.86,50.75,62.07
유명세,KR0,2,3.96,46.30,393.84,0.64,66.67,Old Player,8389,3,1.42,20.00,379.68,0.58,47.62,47.62
치 건,KR1,1,4.21,48.27,374.40,1.03,49.58,유미는귀엽지않으면멸종했을것이다,KR11,0,3.26,51.83,362.31,0.90,45.26,61.54
lstp 입니다,KR1,1,3.44,54.80,418.52,0.71,0.00,영등포레넥톤,KR1,3,2.82,42.33,359.87,0.72,49.65,57.89
방탄유리멘탈,KR1,1,4.89,56.93,419.17,1.16,50.00,nyokw,KR1,1,3.12,44.11,358.89,0.76,49.68,72.41
살찐빵떡,1577,4,3.35,44.25,338.21,0.83,50.00,05 자해린,4885,4,4.12,41.05,344.68,0.90,58.97,50.00
미라클수면한다고8시간자는장민기,1234,1,4.42,58.62,446.46,1.05,55.07,제일예쁜고양이,KR1,0,3.34,53.55,298.24,1.64,55.17,39.13
조금기른머리카락,KR1,4,2.96,44.39,438.98,0.91,44.23,010521,KR1,0,3.47,53.93,356.68,1.64,50.00,36.36
조금기른머리카락,KR1,4,2.96,44.39,438.98,0.91,44.23,미소외과,KR1,2,3.61,45.10,432.01,0.83,66.67,45.45
こくしぼう,8888,4,1.93,37.73,389.93,0.56,34.94,유연뽕,123,3,3.21,36.87,341.85,0.47,56.39,72.73
IlIIIIlIIIIIIIII,KR1,0,4.69,50.50,310.89,2.11,55.32,아이러브석희,487,1,3.02,47.14,341.49,1.11,51.34,65.38
dish neko,715,2,3.47,47.78,444.90,0.87,53.23,은가뉴,5415,2,2.64,42.76,375.20,0.83,51.22,50.00
다음시즌챌못감,KR1,2,2.19,47.75,402.40,0.52,54.29,윤태주,윤태주,1,2.79,45.06,343.72,1.23,48.50,50.00
Kim Sanggwon,KR1,4,6.02,52.50,427.82,0.79,56.25,대기기사,KR1,3,3.14,40.38,332.04,0.80,38.78,51.85
지 삽,hanji,3,2.62,38.80,371.98,0.67,52.50,오른의웅장한이두박근,헬창오른,2,3.10,45.77,356.31,0.87,61.40,66.67
지 삽,hanji,3,2.62,38.80,371.98,0.67,52.50,閃 雷,1121,2,4.52,47.00,349.56,0.98,25.00,70.00
x범죄단체 구성죄,KR1,4,2.66,43.33,403.82,0.84,60.58,윤스봉,kr12,4,3.27,52.72,388.49,0.93,57.53,71.43
말하는감자,KOR1,2,4.20,47.14,414.94,0.85,22.22,효자가 될래요,KR1,2,2.78,46.50,359.92,0.81,48.16,51.72
김민혁 문피아,투베 1위,3,3.09,46.95,369.55,0.81,50.96,KHULionKing,9629,4,3.91,52.00,398.50,1.10,37.93,58.82
김민혁 문피아,투베 1위,3,3.09,46.95,369.55,0.81,50.96,샴 푸,우다다,2,2.64,42.14,379.75,0.79,50.96,54.55
안괜찮음,KR1,4,3.60,54.47,383.43,0.74,57.39,마당쓸기좋은날,KR1,4,3.96,56.55,360.19,1.01,59.24,78.57
너를 구하리,KR2,1,3.90,54.11,448.60,0.66,57.14,0l걸,KR1,0,4.79,45.00,326.35,1.58,49.08,64.29
너를 구하리,KR2,1,3.90,54.11,448.60,0.66,57.14,날아라 둘기,KR1,4,2.67,49.42,359.30,0.80,45.29,85.71
쿠와앙쿠와앙,5605,2,1.77,40.59,372.65,0.72,51.05,거등어,KR1,4,5.39,51.27,390.36,1.21,52.73,59.09
한덕한신,KR1,1,4.50,54.64,425.21,1.14,62.50,네 봄,KR1,0,5.75,59.00,260.25,2.05,45.61,42.86
첫거짓,KR1,1,5.90,56.55,413.59,1.12,70.73,MaruNare,KR1,4,4.04,44.62,371.88,1.39,50.96,80.00
귀염댕댕잉,KR1,2,2.20,42.81,373.76,1.08,51.04,조개줍는해적단,KR1,4,2.63,54.24,375.15,1.18,40.00,53.85
마시마로,엽끼토끼,3,4.44,45.22,339.36,1.00,41.30,number99,KR1,4,3.16,51.50,365.99,0.93,75.00,60.00
오오니시 아구리,KR2,3,2.13,37.74,404.41,0.56,48.70,Koizumi Moeka,CUTE,0,3.42,52.30,305.01,1.79,0.00,40.00
초딩일짱,KR1,3,2.99,39.53,382.51,0.83,53.43,혜지라서 미안행 ,KR1,3,3.14,44.24,372.70,0.64,51.31,72.73
맨 유,레전드,1,5.38,53.37,427.88,1.02,46.59,Juxxs,KR1,4,5.91,44.70,423.84,0.84,75.00,81.82
협곡의 선지자,KR1,3,2.82,50.79,380.58,0.56,52.66,그랩 빼고 장인,KR1,0,5.16,48.14,330.55,1.49,49.25,53.57
왕자님케어해줘,KR1,2,2.73,46.19,373.56,0.72,52.59,끠요미공듀,KR1,0,6.82,57.22,331.85,2.30,53.33,38.89
테러리스트위치,KR3,1,3.15,51.70,410.66,0.62,49.30,이슬람머스,KR3,0,5.96,59.25,300.03,2.16,51.70,63.33
망구가 사랑한,KR1,4,3.43,49.81,366.15,1.29,41.94,굿만외치는사람,KR1,0,3.72,53.33,330.96,1.22,0.00,58.33
차니차니찬찬찬,KR1,1,5.87,51.00,423.52,0.59,0.00,By time,KR1,0,4.47,52.05,313.29,1.79,60.78,58.33
갈증엔빌지워터,KR1,2,3.70,44.94,381.52,0.57,49.02,잠실송도화정,KR1,0,3.78,58.36,264.64,1.88,48.11,62.50
라이나 씹 존12나 손해보험,운하하하,2,3.73,49.67,385.24,1.02,50.00,동 동,krl,4,4.92,49.60,403.45,0.79,46.98,60.00
티버의 후손,KR1,1,3.83,49.65,435.97,0.54,50.70,PaDoP,KR1,4,2.30,45.36,361.82,0.60,35.71,61.54
예tube,KR1,3,2.81,45.61,414.47,0.79,54.84,QnA,Why,1,2.58,42.28,360.76,0.70,55.00,58.33
예tube,KR1,3,2.81,45.61,414.47,0.79,54.84,겸손한 제이지,sfe,4,3.99,47.67,376.87,0.96,48.48,80.00
땅훈아공부하자,KR1,1,4.01,58.36,437.95,0.69,32.00,고양이살인마,예 디,0,4.07,53.25,255.27,2.27,40.91,42.11
땅훈아공부하자,KR1,1,4.01,58.36,437.95,0.69,32.00,땜 찌,KR1,2,4.07,34.00,371.28,0.62,53.69,63.64
안성 케리아,KR1,0,3.30,51.33,276.54,2.07,52.05,경익장군,KR1,1,2.78,52.00,418.05,0.65,53.12,55.56
주르르고세구비챤징버거릴파아이네,1004,4,4.40,50.17,388.64,1.44,46.98,두구탄성,KR1,3,1.83,42.82,357.36,0.52,32.14,40.00
솜 솜,Candy,0,6.24,54.78,281.12,2.30,0.00,벌꿀오소리,414,1,3.78,52.58,425.66,0.61,0.00,69.23
이마트 폐지 도둑,KR1,0,3.62,48.11,316.19,1.74,0.00,doL0b7,KR1,0,2.30,49.57,298.01,1.64,50.26,50.00
서 기,1976,1,4.44,48.71,385.29,0.86,47.37,이미 넌 속박이다,KR1,4,3.26,51.45,389.35,0.79,54.27,56.25
311,KR1,0,3.93,43.45,262.45,1.74,41.67,기묘한 이앙빈,bin,0,3.87,45.90,345.74,1.42,29.41,41.67
1인분만 할게요,goat,4,4.04,51.64,435.32,0.79,77.78,보여줄게,KR723,1,3.61,46.56,341.60,1.17,57.89,66.67
allright24,pjh24,2,3.09,47.53,417.02,0.72,55.56,성냥파레,KR1,4,2.78,51.35,337.28,1.13,56.00,64.29
야옹야야,KR1,3,3.00,44.00,357.38,0.89,52.10,빡 뻠,KR1,4,3.55,44.50,361.24,0.82,37.50,40.00
70mm,KR1,3,3.76,48.64,431.31,0.82,62.22,ilililiilililili,건입동,3,2.01,42.00,337.71,0.87,52.63,55.56
그냥죽여버릴걸그랬다,123,2,2.66,44.86,427.72,0.82,57.24,나는 나다워서 아름다워,KR00,3,1.61,27.83,339.23,0.52,16.67,40.00
카서스,kar,1,3.34,47.93,430.95,0.72,52.00,석동팔,020,4,4.05,45.58,341.05,1.08,52.15,80.00
머지스미스,KR1,4,4.03,54.82,434.84,0.76,53.10,정 밥,KR1,3,3.40,46.30,350.25,0.77,0.00,58.82
내게명령하지마,KR1,4,7.65,57.36,455.34,1.02,0.00,역발산기개세,신주사기,2,4.55,47.69,401.39,1.00,0.00,88.89
윤명섭,KR1,2,3.20,44.39,384.21,0.60,33.33,박두칼,KR1,4,4.21,50.06,345.03,0.76,57.38,42.11
김상준,KR3,3,2.39,42.83,333.34,0.92,50.60,chocosori,KR1,2,3.47,41.13,353.08,0.67,47.62,61.54
드라큐리나,KR1,0,4.42,53.93,304.09,2.01,0.00,사쿠라미코,KR6,0,3.47,52.75,337.08,1.62,54.55,63.64
드라큐리나,KR1,0,4.42,53.93,304.09,2.01,0.00,유미는 야옹,1010,4,4.24,57.25,406.65,0.88,52.39,81.82
요아정,KR3,1,3.72,50.64,383.98,1.16,48.34,정말울고싶다,KR1,0,4.13,49.38,292.06,1.63,42.86,52.17
2skye,KR2,0,4.52,54.04,349.91,1.81,0.00,왕푸딩슴가,KR5,3,3.08,41.91,415.29,0.83,57.14,78.57
원랜디악몽솔클,KR2,0,3.82,53.75,282.47,2.37,52.33,기여운 곰도리,KR11,1,3.53,50.80,425.78,0.63,0.00,62.50
황태범,KR1,2,5.59,50.06,390.37,0.69,58.62,잘들리니,KR1,4,5.23,56.60,409.52,0.85,69.70,100.00
겜지면정글갭,KR1,4,4.35,56.45,421.51,0.85,44.44,구의역1번출구,1234,2,3.73,41.29,376.41,0.92,48.26,47.62
11월의 기억,KR1,3,3.67,43.85,395.47,0.55,0.00,칼날부리,123,1,2.44,44.06,360.49,0.93,25.00,45.45
최고의 평타싸게,KR1,3,4.49,49.96,411.60,0.75,48.57,악시던트,KR1,4,2.87,41.83,341.53,0.88,51.72,50.00
찐호빵젼이,5119,2,5.88,54.12,449.43,0.78,58.14,연 어,KR 1,4,3.30,45.35,400.65,0.84,48.10,81.25
이 순 신,KR5,3,2.71,44.82,374.12,1.07,0.00,Kuro,КR1,3,2.91,47.11,389.59,0.75,50.00,45.45
장 상,XXX,1,4.17,51.53,472.85,0.62,57.69,can i w1n,KR1,1,2.40,41.18,396.18,0.51,55.17,73.68
장발의장발장,KR1,0,7.59,58.50,261.01,2.26,68.09,JustLikeTkatKR,KR1,1,3.57,43.12,364.59,0.84,57.97,75.86
20250317입대해요,KR123,1,3.93,48.76,409.27,0.80,49.20,설효림,0503,3,2.52,40.31,388.57,0.47,51.85,46.67
곰둘둘푸,KR1,1,3.33,49.44,431.43,0.63,48.28,지 현,RK1,0,1.86,44.50,320.72,1.52,25.00,28.00
임시상태,KR1,2,5.04,44.36,374.36,0.92,52.44,상태개밥,KR1,3,2.40,41.57,363.01,1.11,51.72,46.15
임시상태,KR1,2,5.04,44.36,374.36,0.92,52.44,평범한두루미,KR1,2,5.63,41.62,371.25,1.36,50.00,45.45
프리잼,KR1,2,2.90,53.87,417.82,0.70,73.33,매니저,KR2,4,5.04,46.12,361.53,1.06,51.18,47.06
osgdcsq,poi,4,5.33,59.62,445.68,0.95,0.00,동방예의지국대표꼰대,2836,1,3.08,46.94,385.89,0.99,52.38,60.00
예쁘장하구만,KR1,3,2.58,33.59,382.82,0.62,0.00,구름같은 다정함,마리골드,1,3.77,60.00,402.72,0.54,66.67,59.09
oDOLSOEo,KR1,3,4.26,44.07,418.25,0.74,50.41,종 핌,KR1,4,2.55,51.62,407.22,0.61,52.41,40.00
강병삼,KR1,3,3.42,39.00,390.17,0.80,61.22,야스오 요네,111,3,4.25,40.07,379.20,0.57,55.80,71.43
환스킴,KR1,2,3.60,39.67,381.72,0.44,51.69,DoG HardCarry,KR1,3,3.55,41.50,353.41,0.58,50.17,50.00
오른손은왼손도오른손,0815,3,3.71,45.00,362.77,0.45,0.00,부발꾸러기,KR1,2,4.57,47.50,409.18,0.85,47.83,57.14
이세돌 아마 1단,KR1,2,4.38,55.18,423.47,0.71,25.00,DK Huni,kr2,4,3.32,43.10,389.21,0.79,45.71,58.82
이세돌 아마 1단,KR1,2,4.38,55.18,423.47,0.71,25.00,원할머니보go쌈,찌익스,2,3.18,48.80,408.46,0.87,48.56,41.67
데비잇,KR1,0,3.78,53.58,336.64,1.98,57.81,맨붕온스틸,KR1,4,3.27,47.88,341.16,1.03,49.87,53.33
달칵여보세요,KR1,2,2.79,43.00,369.96,0.87,69.23,NJS Famhanni,KR1,2,2.97,39.71,374.90,0.79,59.52,56.25
유근영,KR1,1,3.39,47.50,409.65,1.06,72.00,두더지서폿,KR99,0,7.74,55.67,255.59,2.44,0.00,57.14
보라색맛 벨코즈,KR1,0,3.08,54.38,340.63,1.16,47.43,너네정글버러지,KR1,2,3.93,40.50,402.84,0.68,63.64,53.33
22년 4월 6일,KR1,4,3.68,53.67,407.09,0.84,52.02,2025 10 01,정정음,3,3.26,37.94,277.07,0.93,52.63,25.00
GwangJu,KR1,4,3.26,48.08,332.14,1.41,60.00,시노카인 숑디,1120,1,3.78,46.27,372.28,0.90,55.74,40.00
간 슨,KR1,0,4.05,56.83,340.12,2.03,66.67,소 강,Lull,3,3.12,44.60,393.63,0.85,54.73,60.00
여드름싸움싫다,공허유충,4,4.12,48.21,413.02,0.78,49.33,롤이어렵니,skrrr,2,3.55,43.47,347.11,0.74,58.72,46.15
루이는개백정,9999,1,2.58,48.73,409.14,0.85,86.49,타코왕,KR2,0,5.84,59.17,265.75,2.34,46.85,72.73
온다 간다,KR1,2,4.33,52.53,423.82,0.76,38.89,학교옆아파트,KR1,1,3.35,45.73,384.18,0.55,50.40,70.00
서 아,KR99,4,3.46,56.64,406.26,0.78,52.34,my man,KR1,2,3.61,42.33,342.57,0.85,47.37,53.85
Akane Lize,사랑해요,3,3.40,41.29,377.43,0.62,0.00,Hakos 벨즈,KR1,1,5.20,44.75,377.12,1.15,66.67,42.86
포항외노자,신효승,3,4.92,47.27,406.73,0.78,35.29,빈 첸,KR1,2,5.29,31.33,358.76,0.53,53.18,61.54
프린스,kr99,1,2.66,58.50,399.29,1.32,57.14,왕 자,KR9,1,3.00,41.23,381.53,0.62,58.06,60.00
케케넨케넨,KR1,0,2.52,47.50,305.89,1.81,55.32,푸지아노스키,KR1,4,1.28,37.46,345.71,0.74,54.01,45.45
Archivermut,KR1,3,3.59,30.85,339.37,0.74,51.94,내가그랩해줄게,KR1,1,4.08,53.75,418.23,0.57,64.44,51.72
김두세,KR1,4,4.99,59.57,460.87,0.77,48.44,내가 꼭 올린다,0728,4,3.18,48.00,367.16,0.86,51.75,52.63
김두세,KR1,4,4.99,59.57,460.87,0.77,48.44,오명규 사장,KR2,2,2.63,44.18,382.88,0.81,32.26,60.00
덩석현,DUNG,2,4.08,45.22,390.37,0.95,75.00,헌영이,KR1,4,3.98,48.20,371.76,1.06,83.33,63.16
태용용,KR1,2,3.97,45.00,405.49,0.58,33.33,춘봉박,KR82,3,1.85,45.82,346.01,0.89,47.52,56.67
꿇어라토끼들아,KR1,2,3.74,40.43,384.16,0.76,69.23,찐빵가게 땡사장,KR1,0,2.90,52.00,262.20,2.06,44.00,60.71
회사불지르고싶다,KR141,3,4.69,53.84,420.24,0.93,45.45,도훈이사육사,KR1,2,3.76,46.15,375.06,0.73,0.00,63.64
회사불지르고싶다,KR141,3,4.69,53.84,420.24,0.93,45.45,소음계,KR1,4,2.95,47.69,399.75,0.79,59.46,63.64
간기능이상원딜,민우롤접어,1,3.66,48.40,443.97,0.59,63.64,빵빵앙옥지앙,KR2,0,4.87,60.67,309.77,1.78,52.33,55.00
REMASTERED,DS1,2,3.02,45.92,391.54,0.76,48.97,Dark Souls lIl,KR1,2,3.55,42.14,381.28,0.71,59.21,61.54
REMASTERED,DS1,2,3.02,45.92,391.54,0.76,48.97,황근출,KR9,3,2.37,40.12,397.26,0.64,56.60,53.85
리처드크롬웰,KR1,3,2.35,34.75,361.51,0.75,30.00,Rosy Lumien,KR1,2,2.82,38.64,338.53,0.85,0.00,31.25
독수리 명진,KR1,0,4.20,56.42,259.67,2.37,60.00,아차산 홍보대사,KR1,4,4.87,47.50,388.17,1.42,48.02,56.67
에어라인 ace,KR1,1,5.44,47.93,389.62,0.83,53.51,쟈두두,0709,3,2.96,34.88,354.59,0.79,57.69,40.00
IDNY,KR2,3,3.32,51.89,480.19,0.65,57.58,잘생긴남자가좋더라,0421,2,3.01,42.50,320.08,1.23,49.34,60.00
목현동불주먹,1234,0,6.28,51.50,282.62,2.01,54.61,원딜의기둥,1111,1,6.59,53.93,442.64,0.73,52.80,65.38
상 디,2001,0,5.42,58.12,353.57,2.10,53.33,승학산 김병만,0000,1,3.21,41.38,385.94,1.11,50.36,58.62
칠색조,하트골드,0,3.62,46.80,318.87,1.72,0.00,오 난 멀쩡해,왜괜히걱정,1,3.25,39.89,404.19,0.55,48.91,56.25
BongDrad,KR1,2,3.92,56.50,365.22,1.36,49.33,풀먹는강아지,KR1,4,3.56,52.00,367.04,1.10,49.86,66.67
BongDrad,KR1,2,3.92,56.50,365.22,1.36,49.33,양념반손오반,KR1,1,3.96,51.25,337.55,1.25,44.04,50.00
이성욱,KR2,1,4.89,50.56,391.29,0.98,62.16,서 치,korea,0,5.92,46.57,334.05,1.34,55.56,60.00
8GP,KR1,1,2.23,47.50,411.12,0.60,63.64,레넥톤,VsV,4,2.92,44.50,345.45,1.03,52.41,29.63
형제별,KR1,2,3.24,47.74,432.10,0.47,50.00,사과맛 자몽,KR1,3,2.17,34.32,331.21,0.80,61.54,45.45
WIN Easily,KR1,0,3.75,46.89,333.32,1.79,32.00,햇살해쌀,KR1,1,2.41,49.79,375.66,0.97,56.25,46.67
창자훈지,KR1,4,4.47,42.60,432.75,1.16,47.73,오지마라초보다,KR1,4,3.04,40.20,364.81,0.98,50.42,25.00
렉서흡연실,KR1,3,4.60,46.71,360.48,1.10,64.00,조 유 리,1211,1,5.15,55.23,426.98,0.60,47.54,50.00
챗칠시간에와딩해,KR1,1,4.76,54.11,408.64,0.79,60.00,유미해도 되냥,KR1,3,4.09,48.50,343.39,0.81,71.43,60.00
챗칠시간에와딩해,KR1,1,4.76,54.11,408.64,0.79,60.00,eaaaasy,KR1,4,5.10,58.30,415.45,0.76,65.52,50.00
장수곰,KR1,2,3.28,44.00,406.29,0.78,48.28,의문의 탑 장인,KR1,3,4.71,53.50,383.26,0.86,56.10,40.00
비 디,qlel,3,5.78,38.00,392.62,0.73,61.76,너를위해준비한꽃한송이,ROSE,4,4.01,41.84,332.14,0.95,40.62,45.45
해주짜나해주짜나,KR1,4,4.48,54.50,358.46,1.23,60.00,잘하면 내가있어,KR1,2,4.52,45.31,325.36,1.15,73.33,41.67
해주짜나해주짜나,KR1,4,4.48,54.50,358.46,1.23,60.00,독보적인 강자,KR2,1,4.09,48.33,393.30,0.60,53.33,40.00
신궁 주몽,KR1,0,3.98,56.50,295.67,2.34,0.00,섬바리헬프미이,KR1,1,3.23,44.43,383.10,0.74,0.00,46.15
포항박준홍,KR1,3,2.88,49.75,370.19,1.16,45.12,포항 복숭아,KR1,0,4.37,53.83,315.84,1.46,52.58,50.00
김치맨,1726,2,3.59,52.81,419.90,0.91,60.61,天災地變,1999,1,3.26,49.71,405.73,1.01,53.85,60.00
떡잎방범데,KR1,4,4.24,43.89,380.52,0.82,60.40,김대욱,KR5,2,2.66,44.23,365.99,0.85,50.76,81.82
요정봄이,겸둥이,4,2.72,49.93,403.37,0.93,0.00,낑 태 영,KR1,2,2.74,31.60,340.66,1.09,58.21,45.83
조직폭력배송창호,KR1,3,2.44,46.41,377.05,0.79,49.33,두레마늘보쌈,8994,4,5.05,60.86,412.86,0.74,50.91,57.14
HYLAC BYLAC,KR1,3,3.35,48.89,363.20,0.92,55.47,놀면 무환이,KR1,1,3.39,50.07,414.43,0.65,48.00,60.00
짹 짹,포 메,2,2.31,33.06,374.89,0.57,51.35,휴머드,KR1,3,3.04,35.00,459.75,0.64,60.00,65.38
공듀래오,KR1,0,4.39,54.21,358.38,1.54,56.25,붉은머리 샹크스,KR10,4,5.87,51.27,349.33,1.32,49.66,75.00
lIllllIllIIIl,KR1,2,5.83,45.60,374.65,1.07,78.57,쁠 라 띵 미 르,KR1,3,4.26,31.67,306.35,0.91,51.46,70.59
그날의우리,KR2,1,3.62,48.62,403.16,0.85,46.58,불끄는 소방관,0227,2,4.04,48.79,358.20,1.14,53.89,53.33
쥬지2,0925,2,4.14,48.00,348.67,0.96,63.33,BOZI,0719,4,1.80,46.30,362.64,0.75,54.55,40.74
진순이가좋아,KR1,0,4.18,48.88,284.09,2.27,63.64,당붕이,KR2,0,3.58,54.23,273.28,2.75,48.50,60.00
예비군훈련시러요,fxxk,1,5.66,47.55,375.53,1.10,0.00,그거알빠노,KR1,0,4.47,55.39,408.92,1.55,35.00,69.23
롤체만 하는 학생,KR1,1,3.72,51.25,358.70,0.95,67.92,KZ Cuzz,KR1,1,4.17,52.71,392.35,0.82,41.67,40.00
Yundol,KR1,2,3.22,41.62,375.73,0.96,51.24,98 06 21,KR1,1,6.89,52.35,387.78,1.23,42.37,76.92
Yundol,KR1,2,3.22,41.62,375.73,0.96,51.24,배차계,KR1,3,4.02,49.71,444.59,0.60,47.89,60.00
김재고,추만지기,3,4.32,43.67,424.35,1.03,66.67,Oner,kr114,4,2.76,51.32,331.08,1.49,51.49,60.00
꿈 을 꿈꾸는 꾼,KR1,3,4.06,33.33,386.84,0.32,47.25,키아나 엄마,KR1,2,2.43,42.50,426.56,0.56,66.22,55.17
mof,KR1,0,4.23,55.39,356.49,1.32,62.50,유한민,유한민,4,3.22,46.29,358.78,0.73,47.50,50.00
티모도 어려워,KR1,3,4.97,45.48,380.24,0.97,43.75,티모는어려워,KR1,2,4.41,46.82,381.60,0.99,57.34,66.67
신 비,KR2,1,4.64,51.41,397.76,1.52,50.00,불닭볶음면중독자,hot,2,2.50,40.56,342.15,1.24,52.54,28.57
희레쉬,KR1,1,6.86,52.67,437.09,1.19,55.75,강현효,5146,0,3.99,49.12,332.92,1.50,49.21,63.16
귀여운 스페,KR1,1,3.60,64.00,408.93,0.83,54.55,응 내,롤착사,0,4.79,56.43,302.20,1.81,48.67,42.86
롤로노아박종원,KR1,1,4.05,46.00,409.70,0.86,69.23,늦둥이 지훈아빠,KR1,0,3.42,59.50,271.05,2.62,52.25,66.67
규 모,KR1,1,3.54,46.39,420.94,0.54,53.09,리타하,KR1,0,2.25,40.89,291.75,1.25,46.05,33.33
으르차키트,KR1,4,9.45,57.00,445.90,1.12,0.00,抖音薄荷冰鸟,zyzp,2,4.91,55.75,384.26,0.94,83.82,90.48
홍바동,KR1,2,5.83,52.08,428.49,0.61,40.00,김점구,KR1,4,5.25,56.80,368.54,1.28,37.14,71.43
69700364del,KR1,4,4.18,47.45,415.84,1.12,65.91,빵디흔들어봐,KR119,1,4.59,45.75,410.89,0.41,68.42,70.00
Pray,KR6,1,3.16,42.93,367.27,0.80,42.31,릴건우,KR1,4,6.13,54.80,361.99,1.24,0.00,62.50
군밤낮,KR1,3,5.02,51.58,427.41,0.72,37.65,쉴드주는희지니,KR1,4,6.31,43.00,373.37,0.79,62.50,73.33
1YearOiler,KR1,2,1.97,35.38,340.63,1.08,50.00,Airysm,KR1,3,3.82,46.08,378.85,0.84,40.00,63.64
jin,0217,1,3.03,52.17,427.95,0.91,53.41,밤양갱,255,0,3.05,52.50,296.89,1.63,59.13,40.00
gusidvhdskl,KR1,3,5.13,47.14,394.68,1.24,0.00,純愛z,027,1,4.05,51.10,373.67,0.96,55.11,73.33
Zed,0222,2,4.22,45.85,468.52,0.62,73.08,로켓라쿤,КR1,3,2.03,31.89,390.15,0.73,54.84,70.00
관세음보살님,KR1,0,4.40,56.85,265.97,2.20,53.68,AD Carry Maker,SUP,1,3.72,46.06,390.49,0.91,53.31,65.00
닉변당했어요,KR1,4,3.99,56.13,427.08,0.73,54.72,IBK기업은행최대리,KR2,0,3.35,54.11,370.96,1.07,0.00,35.00
박성비니,KR1,4,3.60,49.15,447.39,0.70,52.91,Crash and plash,KR1,1,5.65,46.33,352.01,0.99,47.73,65.00
Fnc,0402,1,3.61,48.35,391.08,0.76,45.95,이게끌리네,KR1,0,2.54,60.67,368.41,1.57,52.50,42.11
15646161,KR1,3,3.38,39.36,372.65,0.53,62.83,이 름,KR 1,2,5.44,50.89,415.45,0.52,66.67,37.50
졔간둥이,KR1,0,5.89,46.69,353.26,1.09,53.91,히히성성,KR1,1,2.98,54.95,439.87,0.79,52.17,47.37
90년생 프로지망,KR1,4,4.17,55.00,381.61,0.91,57.14,환상동물사전,KR1,0,6.03,45.12,254.10,1.99,65.38,68.18
응애 나 애기멍멍,KR1,4,4.61,55.13,429.56,0.79,46.15,야디언식기우제,KR02,0,2.63,47.67,271.71,1.83,45.00,52.94
MISTER FIzz,KR1,2,3.68,53.71,403.98,0.94,0.00,악어먹은맷돼지,KR1,3,3.83,40.95,348.01,0.81,52.63,42.86
배강민,111,4,3.59,49.20,382.06,1.13,47.54,하 니,팜하니팜,1,4.96,41.21,366.50,1.08,47.22,58.82
천녹용방,KR1,2,5.47,52.42,345.43,1.55,66.67,환희창,축수선수,3,4.03,43.75,352.74,1.08,42.86,58.62
무자비한말세짱,무자비,1,2.68,45.82,368.02,0.70,44.74,이번시즌플레티넘,KR1,2,3.20,45.18,344.06,0.99,53.06,64.29
존슨앤존슨욱,KR1,3,4.00,41.21,395.83,0.97,57.41,센스쩌렁,KR1,0,1.95,50.00,287.89,2.36,51.63,91.67
개믕츠이,KR1,0,2.99,59.20,358.85,1.11,53.19,아펠리오스,6330,1,3.19,54.87,355.63,0.89,40.00,46.67
해도앞구르기,KR1,1,3.33,41.63,360.42,0.62,48.89,주의 개조심,KR1,3,3.73,40.95,435.85,0.70,62.79,53.85
동국신,KR1,1,2.69,42.50,392.54,0.57,47.92,스피너즈,KR1,0,3.99,51.24,367.73,1.58,51.22,80.00
Sweet Score,KR1,4,4.29,50.07,340.60,1.25,0.00,Josjua,KR1,1,3.90,46.25,366.46,0.77,51.14,57.14
다 오,3679,3,2.61,48.43,393.80,0.85,48.47,민 곤,보들보들,4,3.36,51.00,407.37,0.64,49.55,40.00
3심 유죄 이재명,나 무죄야,1,3.54,45.15,381.63,0.86,57.58,파란드럼통 난타장인 이재명,3심무죄,0,3.58,38.62,281.18,1.63,40.00,50.00
오소리,벌꾸울,1,3.05,43.10,394.04,0.74,50.00,도레미,꼬마마법사,0,5.70,51.25,256.74,2.42,46.15,53.57
타살각,KR1,2,4.68,45.11,402.19,0.84,0.00,송도원탑김규원,KR1,0,2.88,46.90,330.63,1.06,45.45,56.25
짬통계정,KR1,2,4.34,44.73,385.76,0.88,37.50,미 드,KR9,2,2.32,42.00,371.14,0.60,57.81,76.92
흘러가는대로살기,KR2,0,6.43,62.25,250.06,2.25,0.00,하나도안미안해,KR3,1,5.61,65.73,471.33,0.72,0.00,50.00
좌파탈출은지능순,정신병,3,3.21,45.47,390.36,0.90,44.85,おいしくなれ,좋아요,4,2.03,45.40,357.62,0.94,49.36,64.29
팜하니,개귀엽,4,3.10,48.47,357.62,0.96,53.44,JustLikeThatKR,1259,3,3.29,49.50,345.07,0.91,33.33,50.00
크리스티아누 호날두,SUUUU,1,3.08,53.22,412.98,0.69,72.41,21401238del,KR1,0,2.30,41.69,289.97,1.89,76.92,55.56
2022년3월20일전역예정자임,KR1,2,3.04,46.62,396.13,0.87,52.50,열심히 살다보니 애가 셋,사십대,0,3.25,55.50,344.74,1.43,41.27,60.00
2022년3월20일전역예정자임,KR1,2,3.04,46.62,396.13,0.87,52.50,이 차가 식기전에,헤카림,4,2.33,50.28,369.44,1.09,0.00,57.14
TNT날나리,KR1,2,3.51,38.64,356.15,0.69,64.29,zerone,제론01,2,2.14,41.50,377.82,0.75,60.00,52.63
생배 챌 도전기,KR1,4,4.13,53.65,456.48,0.65,60.00,йika,KR1,2,3.97,43.82,392.26,0.84,56.25,45.00
라온눈나,0922,2,5.22,54.36,416.25,0.95,70.83,돼G1,KR1,4,3.06,42.75,375.66,0.98,56.36,58.33
숟가락인권보장4,KR1,0,5.91,55.20,409.35,1.19,57.14,TOP,가락킹,1,4.23,53.65,422.63,0.95,40.74,66.67
호 구 생 귤,KR1,0,5.98,61.40,296.05,2.40,42.39,tui xian plz,cat,1,3.40,51.56,423.98,0.75,0.00,62.50
우리도언젠가흰수염고래처럼헤엄쳐,KR1,0,4.96,63.31,309.86,2.73,66.67,아니진짜머해,kr25,1,3.40,53.89,429.02,0.58,55.80,64.29
우리도언젠가흰수염고래처럼헤엄쳐,KR1,0,4.96,63.31,309.86,2.73,66.67,패륜아 담당 일찐,KR1,0,4.25,62.00,290.07,1.77,54.10,63.64
이탓저탓,주저리,1,5.93,49.62,409.49,0.81,42.47,섹시큐티종민,1004,4,3.19,43.50,367.27,0.73,50.00,71.43
후니쨩,후니쨩,3,3.31,48.19,407.47,0.51,57.41,담배찌든연어초밥,kr2,4,4.17,51.67,385.52,0.87,63.75,46.67
서폿으로캐리가능,KR1,0,2.76,47.11,287.32,2.38,54.41,암 살,75577,4,5.65,53.25,430.66,0.80,48.94,57.14
서폿으로캐리가능,KR1,0,2.76,47.11,287.32,2.38,54.41,캐리머신이었던것,KR1,3,4.24,38.67,328.32,0.67,57.00,66.67
무현과 노럼프,KR1,2,4.77,35.71,417.01,0.56,65.62,적신야,KR1,0,2.59,48.00,309.95,1.44,48.26,70.00
コイカゼニノセテ,BSS,0,2.76,47.71,322.83,1.13,85.71,blue,ADC11,4,2.44,45.17,370.58,0.75,43.75,41.67
회사원 현우,KR1,4,6.04,58.52,442.12,1.02,51.79,울팀 개모데,KR1,2,5.69,43.31,415.00,0.76,27.27,60.00
코리아다이아몬드유미퀸,KR2,0,5.53,51.64,283.86,1.83,52.15,널저패겠다,0813,0,2.91,48.50,310.60,1.21,47.62,73.91
송병규 권민준 전화 그만해,태우가,3,3.04,34.36,361.54,0.53,61.34,김 밥,KIM,4,5.73,53.33,434.86,0.73,51.01,30.00
박성무,KR2,4,3.63,57.37,425.64,1.06,53.12,긴점박이올배미,owl,3,3.43,48.74,365.98,0.70,50.00,57.89
아기똥덩어리,0604,2,2.67,45.00,368.30,0.78,47.83,O匸大O  从人巨大,KR2,3,3.09,39.56,357.22,0.62,53.92,38.89
orca4,KR1,1,3.00,53.29,439.27,0.78,48.76,내가먼저사과하자,KR1,4,3.79,48.53,413.06,0.92,54.17,71.43
harang0310,KR1,3,4.79,46.79,413.77,1.10,51.76,tnth ,KR1,1,4.77,47.04,386.44,0.86,54.19,61.54
Hide on bush,08828,4,3.74,51.50,384.59,0.99,36.36,갈리오,갈리오선생,2,2.70,39.67,360.69,0.95,30.77,40.00
내가만든쿠키,njs,4,6.08,38.23,360.78,0.74,0.00,머 리,kr3,2,4.31,44.57,385.34,0.57,56.43,76.19
원샷 원킬 베이가,KR1,2,4.63,48.77,369.63,0.94,53.33,에라모르겠,GOAT,1,3.61,49.61,396.72,0.77,60.00,60.00
Car the garden,KR33,1,5.68,59.00,441.44,0.81,0.00,박박시현,KR1,0,4.44,46.85,370.93,0.94,63.33,66.67
Cini,KR1,4,3.66,58.08,377.97,1.06,49.15,나지보,KR1,3,2.21,26.60,327.59,0.47,0.00,46.43
플레이리스트겨울,KR33,0,4.34,56.00,284.61,2.34,51.28,Rio,흘러가,1,3.30,60.06,392.26,1.36,0.00,43.75
아현이는 잘해,KR1,0,4.84,50.50,347.31,1.44,0.00,백문대 정해인,KR1,2,2.20,41.50,385.90,0.88,50.70,59.09
민규부계정,KR1,2,3.31,52.62,423.62,0.93,69.57,병장 박준석,KR1,1,4.30,43.14,387.63,0.81,50.72,63.33
DRX SAN BY,KR1,3,5.81,49.83,458.89,0.64,48.48,수끼끼,KR1,2,2.77,42.89,389.56,0.61,31.82,73.08
아이번,숲지기,1,5.16,57.50,372.25,0.55,51.38,깔 치,Angel,0,5.39,42.43,251.73,2.19,37.18,58.82
팔춘식,sinan,3,2.29,36.27,343.47,0.59,60.00,one and zero,KR1,4,4.61,53.26,387.91,0.81,46.53,35.71
으이구벌레양,0308,0,2.71,43.72,346.14,1.45,41.67,펭 구,7776,4,3.48,50.30,376.53,0.83,52.94,47.62
빅현배 간이변기,KR1,1,4.76,50.67,426.96,0.97,58.46,필 상,KR1,0,2.74,50.57,363.27,1.14,52.07,61.90
튀르키예서커스단원숭이,ukiki,3,4.40,44.00,399.53,0.57,33.96,마추픽추서커스단원숭이,UKIKI,4,4.69,47.74,384.61,1.20,50.32,73.33
감자의공허,KR1,2,2.64,48.42,372.38,0.84,58.33,무시기불래,KOR,4,4.37,38.50,342.24,0.58,50.53,45.45
얼다바람,KR1,1,4.55,40.22,423.65,0.51,57.14,ZlRAlMA,KR1,0,2.40,44.55,309.38,1.71,54.55,64.71
리로이젠킨쓰,KR1,0,5.07,48.12,280.69,2.06,46.67,sdkfywqwe,KR1,1,4.46,50.94,423.40,0.74,42.86,66.67
RyuDI,KR1,3,4.19,41.60,406.16,0.77,68.89,레전드바지,KR2,2,2.81,47.07,367.97,0.75,49.25,57.89
할래말래,KR232,1,5.09,52.20,392.84,0.81,55.06,김허정,KR2,0,4.43,44.78,360.68,1.27,51.88,50.00
다시 해보자,SSS,1,3.68,45.83,411.06,0.95,65.15,강해린,4544,2,2.28,47.75,436.90,0.68,50.77,73.33
카서스못하는사람,본 계,2,4.85,54.46,350.97,1.41,47.14,탑에 몸이 베인,KR1,1,2.44,48.56,381.83,0.97,42.86,30.77
나보셈 개오짐,KR1,2,4.56,50.21,376.44,0.98,42.86,나보셈 개잘함,KR1,3,2.91,33.11,373.37,0.56,48.00,43.75
노무현,하나 회,4,3.85,44.50,412.71,0.99,56.82,이승만,하나회,0,4.42,53.30,331.68,1.54,60.00,50.00
랭게임은정글,KR1,2,3.91,51.54,380.88,1.13,51.28,operationer,KR1,4,3.95,51.94,369.63,1.30,56.32,60.87
2U35,2635,0,5.01,55.00,372.65,1.18,51.52,명찬팀 정글,라이한아지,4,3.48,47.23,342.25,1.09,52.22,50.00
빵댕이는 귀여워,빵댕이,0,3.84,51.10,264.09,2.26,42.68,아인시에르,KR1,1,3.92,53.20,429.36,0.72,41.82,57.89
영숙보이,KR1,4,4.15,47.16,375.60,0.81,66.67,만렙그지,KR1,1,3.88,46.36,379.49,0.78,53.97,40.00
뚜따영웅,잘모해따,4,3.42,46.50,333.27,1.22,71.43,제거대상1순위,NOone,3,5.39,49.45,389.41,1.00,0.00,40.00
오너 를좋아해,KR1,0,5.50,61.17,278.59,2.34,0.00,게임어떻게이겨,KR1,3,1.90,35.44,386.46,0.41,49.05,68.75
에릭센,1201,1,4.48,50.15,397.75,1.08,0.00,돼 지,농 장,2,2.45,34.50,332.59,0.90,55.68,57.14
에릭센,1201,1,4.48,50.15,397.75,1.08,0.00,해리 케인,1201,3,3.95,37.36,369.05,0.63,56.82,57.14
woo v 2,KR1,1,3.61,51.82,369.34,1.11,53.19,정해인,9830,2,2.73,38.55,361.59,0.54,33.33,54.55
woo v 2,KR1,1,3.61,51.82,369.34,1.11,53.19,Greenday,못년담피,0,2.81,50.33,309.59,1.73,50.53,50.00
도레미파솔로시파,KR1,0,4.57,49.75,340.67,1.46,58.82,MIDKING,1013,2,1.81,45.17,352.56,0.92,58.62,55.17
설 이,0716,0,6.15,55.33,263.73,2.31,54.00,ÈŽ용,1999,2,3.70,43.40,389.65,0.94,72.83,79.17
윤명섭,KR2,4,4.00,48.70,428.07,0.93,51.02,윤명섭,KR1,2,3.20,44.39,384.21,0.60,33.33,57.14
똥과햇반,마디뗘,2,4.12,49.83,420.41,0.81,56.25,미아생존핑찍으면안함,벌레들아,4,4.81,38.94,367.97,0.86,58.33,71.43
채 댕,KR1,4,5.15,60.20,447.69,0.89,59.05,Lv99 혁구리,KR1,2,3.29,44.59,378.68,0.54,51.21,69.57
용사맛 쿠키,혜킹덤,2,3.64,41.62,348.86,0.94,0.00,이용우,0728,3,3.45,46.25,387.26,0.67,58.14,53.85
해먹에서꿀잠,KR1,1,5.12,46.86,422.68,1.00,0.00,으악도망가,KR2,0,4.09,49.67,323.62,1.82,51.78,66.67
같이 가요,레츠고,1,3.01,46.43,401.03,0.72,52.94,무자비한 부엉이,KR1,2,2.98,41.23,389.48,0.76,44.44,60.00
백마탄김태희,5644,4,3.80,48.00,413.10,0.91,53.70,2 광 ,KR1,1,2.96,47.26,444.63,0.99,57.58,63.64
다정한부부,KR1,2,2.54,44.41,383.86,0.69,58.93,닉넴짓기쉬워,KR1,1,1.97,47.27,390.87,0.56,53.79,60.00
Presence,KR1,2,5.78,47.60,392.39,0.99,57.14,Jxxdxxx,KR1,3,2.06,36.55,371.38,0.86,50.00,66.67
뚱 이,2494,1,4.34,52.11,407.65,0.56,52.38,숑 숑,KR1,0,4.92,54.43,281.84,2.20,0.00,62.50
봄을닮은,GH0,4,3.72,50.00,361.85,1.13,50.00,전설의파수꾼,Nuri,1,3.22,51.70,382.88,0.71,50.00,39.29
자기야 제발 그만,츄르릅,1,2.82,42.25,377.39,0.70,46.94,자기야 제발 그만해,뀨루룩,0,4.03,45.00,254.19,1.69,45.74,53.33
좋은 말로 해,KR1,2,3.83,43.00,361.19,0.67,0.00,화안냄,KR1,4,4.10,54.29,365.73,1.39,49.89,35.71
선 우,MID,2,3.78,48.89,399.16,0.51,73.33,노윤서,예쁘다다,1,2.33,44.71,368.07,0.60,56.65,66.67
이짬동,KR1,2,2.81,45.33,382.95,0.77,64.71,빅 브라더,BBRO,3,2.90,43.11,299.66,1.02,48.31,25.00
슈펄티모,KR1,1,5.50,47.24,394.80,0.81,60.94,tato,KR1,0,7.10,50.40,248.85,1.90,57.50,66.67
아스마토키 피스,0816,1,4.65,53.62,418.50,1.24,56.30,legens,KR1,4,3.97,50.54,346.29,1.20,48.48,70.00
랩으로 인류의 절반을 죽이겠다,KR2,2,5.76,48.00,382.94,0.78,27.27,시  이  바,KR1,0,4.39,56.25,343.31,1.59,46.15,52.38
周心语,99999,3,5.54,58.38,398.01,1.55,78.95,Warriors Riven,KR1,2,3.48,43.00,362.82,0.29,47.54,73.68
周心语,99999,3,5.54,58.38,398.01,1.55,78.95,Lâm Triều Anh,99999,2,4.00,43.86,380.13,0.72,50.00,81.82
KRLeejiwon,KR2,2,2.02,48.06,407.40,0.55,62.07,전투 기계 Zac,KR1,4,3.70,48.00,318.30,1.02,51.35,50.00
kim ju whan,KR1,4,5.21,50.33,376.42,0.94,47.76,간시의 숲,KR1,3,3.33,46.33,348.32,0.98,52.38,60.00
egamhcra,KR1,0,4.53,51.36,347.90,1.39,53.74,Dvlop,KR1,1,2.67,39.40,406.47,0.82,50.00,56.67
금환영,KR1,3,5.17,42.71,382.49,0.95,0.00,석대 형,KR1,3,1.83,43.58,366.18,0.76,48.48,53.85
허거덩,msms,3,4.23,50.39,383.44,1.15,54.43,묵언수행,MsMs,1,3.59,41.62,362.98,0.65,51.35,46.43
나아가시오,KR0,0,2.78,54.00,308.75,3.03,49.89,Hide on buph ,KR1,2,3.87,47.31,407.69,0.97,44.78,30.00
늘 슬 아,7600,2,5.46,49.43,418.83,0.59,51.11,오해원,top,3,2.00,33.81,355.13,0.43,47.87,70.83
수저통 속 숟가락,KR1,1,4.44,48.16,422.23,0.72,50.00,도구함 속 핫도구,KR1,0,4.66,57.20,286.52,2.76,0.00,84.62
수저통 속 숟가락,KR1,1,4.44,48.16,422.23,0.72,50.00,아도아,KR2,4,4.56,46.57,392.97,0.99,46.08,40.00
온리팬스정기구독이민서,결제부탁,4,3.09,44.31,343.38,0.87,53.33,부발역수호신이민서,0909,0,4.27,48.25,377.59,1.45,49.23,20.00
은 쌤,KR1,1,4.21,51.17,400.78,1.16,45.67,창 막던지면 막창,KR1,2,4.91,45.14,390.15,1.01,50.00,56.25
나의부하범승,8089,1,2.57,46.58,430.54,0.81,54.72,이의동피자도둑,5784,1,2.74,56.23,331.37,1.63,51.26,48.28
2073498,KR1,2,3.86,42.29,391.46,0.72,48.70,종 건,비가오면,2,1.43,36.44,355.03,0.76,50.41,40.00
두부치기,KR1,0,4.58,61.55,342.42,1.53,49.06,Margiela,KR1,3,3.82,40.55,364.94,1.18,55.00,72.73
Eden Hazard,KR2,1,2.93,55.25,408.52,1.08,53.33,하프물범,머그꺼야,1,5.16,54.62,410.53,1.14,52.63,41.67
제발갱좀와주세요,1111,3,3.88,45.21,386.64,0.72,50.63,믿고 화합하다,KR1,3,4.26,46.00,395.20,0.85,12.50,47.06
황카츠키,KR2,1,4.67,43.00,375.30,1.22,57.45,Ares10,KR2,2,2.11,44.08,417.30,0.52,50.24,50.00
영웅한두,KR1,4,4.21,56.33,410.15,1.04,47.06,Akuma,rgr,1,4.01,52.75,405.70,0.60,58.39,36.36
닐로오다,KR1,2,5.16,48.05,383.95,0.56,23.08,무지성사이드,망나니,3,3.04,48.61,403.94,0.64,50.00,43.48
태영덩이,KR1,2,3.40,49.60,404.40,0.64,50.96,롤고수1호,KR1,4,3.62,61.00,382.64,1.11,49.06,25.00
강철크레용,KR1,1,5.20,53.38,410.72,0.47,61.90,지 질,KR1,0,4.87,58.67,276.82,2.29,53.37,62.50
쑹 징,KR1,4,5.26,59.46,369.56,1.39,53.12,창남하진,KR1,3,5.36,46.13,343.13,1.10,59.26,50.00
쑹 징,KR1,4,5.26,59.46,369.56,1.39,53.12,네건의 방망이,루 실,1,2.04,51.17,367.88,0.89,50.66,50.00
해병공수 254차,KR1,3,4.49,43.88,379.02,0.68,63.51,솔의눈,학살자,1,2.62,47.60,362.53,0.78,25.00,70.83
뭐해 빠보야,뭐해빠보야,2,5.75,49.22,347.73,1.18,56.41,민수반수성공기원,KR1,3,2.22,44.63,403.06,0.75,49.37,64.29
무 룡,313,1,3.71,41.44,336.42,0.87,54.14,요구르트보이,0305,2,3.99,53.36,402.40,0.93,0.00,58.33
갓또냐,KR1,2,2.72,42.43,368.28,0.63,32.56,즌쯔흐즈믈르그,KR1,0,5.26,52.80,276.27,2.36,61.90,56.67
서형형섭,서형섭섭,2,4.06,49.59,426.77,0.62,66.67,후추후추,소금소금,1,4.38,57.10,371.27,1.09,47.62,58.33
프링프링해,KR1,4,5.11,51.00,396.79,0.75,56.52,클릭은할줄암,KR1,1,3.55,48.44,348.33,1.16,52.96,57.14
소스없는탕수육,KR1,1,2.75,49.55,408.10,0.42,55.17,메이바흐,KR2,3,2.49,34.50,353.24,0.52,49.02,64.29
소스없는탕수육,KR1,1,2.75,49.55,408.10,0.42,55.17,6급양대운전병,KR1,4,3.03,48.25,384.65,1.15,50.98,30.77
떵토끼,KR1,2,3.83,45.87,421.11,0.93,57.50,잔망 규민,1652,3,3.00,43.71,397.13,0.45,60.00,50.00
꿀 통,honey,3,2.92,43.79,328.93,1.23,53.23,진밖에못하는사람,KR1,0,7.87,59.20,360.52,1.54,0.00,46.15
조은넉낌,KR1,0,3.84,44.25,322.09,1.31,49.05,넌모찌나간댜,KR1,0,3.69,45.60,284.88,2.26,49.55,46.15
투띠원,KR1,3,1.78,34.75,356.45,0.58,54.17,맨날혼자먹음,KR1,4,3.75,45.00,370.79,0.83,57.25,58.33
탑에 몸이 베인,KR1,1,2.44,48.56,381.83,0.97,42.86,카서스못하는사람,본 계,2,4.85,54.46,350.97,1.41,47.14,33.33
Sacriyan,KR1,0,3.86,59.62,304.58,2.03,45.83,내가지면정글차,KR1,3,3.08,40.36,353.14,1.17,53.14,44.44
우솝코,KR1,3,3.60,43.00,422.20,0.65,51.43,북 괴,AK47,0,3.07,45.88,328.79,1.26,48.39,71.43
솔방울,KR7,1,4.08,46.82,423.08,0.97,53.49,멜 얍,5404,0,3.78,47.83,321.30,1.52,52.94,65.00
3월29,KR1,3,3.10,46.18,414.98,0.59,60.00,31번환자,KR1,2,2.63,46.62,386.73,0.63,46.88,60.00
JustLikeThatKR,AAA,4,4.94,48.95,405.96,0.61,50.00,분수파티,KR1,4,3.12,46.65,353.50,0.96,0.00,60.00
조용준,KR1,1,3.70,42.50,352.94,1.01,80.00,감비아,KOR,3,2.30,42.36,336.78,0.88,53.57,52.94
앙팡웅,KR0,0,3.39,57.77,340.15,1.81,55.51,단단한아이,KR1,2,2.46,45.57,378.96,0.96,53.92,46.15
또 난 이 세계를,KR1,4,3.35,40.91,330.06,1.03,34.62,그브하면그브나감,KR1,3,2.94,40.81,383.63,0.65,50.00,64.29
괜안찮지,KRR,0,3.89,53.14,317.52,1.39,54.55,제육볶음,김치찌개,1,4.79,54.64,398.85,1.28,55.84,66.67
뭉 수,011,2,2.50,46.15,359.56,0.92,50.69,페미가 어때서,KR1,4,4.22,49.25,421.44,0.69,51.85,72.73
뭉탱핑,1107,4,4.24,51.04,443.79,1.00,50.46,꽃 짐,준 형,1,4.13,45.47,366.22,1.05,51.58,54.17
반항금지,KR1,3,3.04,38.00,367.08,1.09,47.22,용구라미,용구라미,1,2.82,48.00,375.81,1.08,51.43,47.62
Rockin,KR1,0,4.58,52.23,316.95,1.69,43.53,피즈 판수 장인,KR1,3,2.55,46.00,387.97,1.19,47.41,38.46
영재동명,ms영재,2,3.54,51.00,501.33,0.37,0.00,da CaPo,처음으로,4,5.77,49.06,312.00,0.97,0.00,70.00
IlIIlllIIIllIIIl,0000,2,6.29,64.12,383.04,1.34,59.87,루이비봉,봉날드덕,4,4.78,49.21,385.78,1.10,44.44,70.59
인내심많은우리탑,KR1,3,4.65,36.12,393.19,0.60,41.86,Vrit,KR1,1,4.22,43.00,371.90,0.49,47.59,72.73
윤성이 롤체일기,KR1,2,2.88,44.06,356.28,0.76,51.48,밴지잉,KR1,1,2.99,48.19,444.23,0.95,65.38,60.00
요봉이1,KR1,1,4.51,52.62,395.85,0.78,39.44,98st,KR1,0,3.40,50.32,354.29,1.44,43.21,57.14
요봉이1,KR1,1,4.51,52.62,395.85,0.78,39.44,미누캉,KR1,1,2.15,47.64,374.36,0.59,49.69,50.00
ジンメ,7166,1,3.43,52.14,411.48,0.73,76.47,우주먼지,우주속,2,3.60,41.43,314.06,1.39,53.12,50.00
setting1,KR2,0,2.11,43.19,302.32,1.27,62.03,택배기사 최현진,0917,2,2.02,50.00,384.00,0.77,40.00,50.00
부 활,0865,0,4.87,52.71,374.72,1.34,57.89,임착한,KR1,1,5.17,39.90,411.27,0.59,52.38,83.33
부 활,0865,0,4.87,52.71,374.72,1.34,57.89,설리야,KR1,0,5.11,57.14,310.17,1.37,48.09,63.64
불주먹땃쥐,KR1,4,5.71,46.60,372.10,0.81,0.00,제석천,eoiwy,3,5.01,43.00,329.39,0.48,64.29,70.00
여탕안에 카메라,김성환,4,4.58,54.45,435.63,0.69,54.00,mnmnmmnmnnmmnmmn,mnmnn,2,3.09,40.63,387.75,0.79,48.48,41.67
안참는계정,중국인,4,4.54,53.39,372.37,0.98,56.00,신경써주세요,KR1,2,3.12,41.77,383.42,0.70,52.80,60.00
동해초입니다,KR1,3,4.78,44.83,363.53,0.98,20.00,고땅우양,KR1,1,2.78,45.00,414.43,1.03,0.00,50.00
낙타와낙타몰이꾼,KR1,3,3.35,45.56,370.81,1.05,0.00,편영길,KR1,2,2.68,41.00,335.33,1.11,64.29,58.33
EV3,OWNER,2,3.94,52.00,426.41,0.72,56.60,화나면던지는여자,KR1,3,2.54,35.13,346.59,0.40,54.95,62.50
no81194,KR1,1,4.31,52.80,429.87,0.70,0.00,스페드구스,KR1,0,4.40,58.50,283.89,1.67,0.00,63.33
건 주 임,서교공,4,3.38,48.10,379.22,1.00,31.82,mainof,kr,3,3.40,43.81,359.97,0.93,46.38,61.54
호날두,11211,2,4.24,55.33,409.55,0.79,50.00,이나리,텐코시부키,3,4.07,34.75,360.00,0.58,47.98,57.89
까만리무즨,KR1,0,6.51,54.80,377.03,1.44,0.00,어리고싶다,1130,0,2.39,38.55,317.35,1.58,59.00,73.33
S3네잎클로버,KR1,1,2.91,48.15,439.37,0.50,63.04,네코무시,KR1,4,4.85,51.64,396.46,0.73,62.26,64.29
S3네잎클로버,KR1,1,2.91,48.15,439.37,0.50,63.04,네꼬무시,KR1,3,2.30,42.48,375.99,0.80,51.14,58.33
그마 정글 장한결,123,1,4.74,51.88,397.22,0.85,38.89,쵸파의녹용,jcd,1,3.45,49.67,391.21,0.80,41.25,35.71
원숭이,japan,0,3.60,53.10,358.85,1.15,52.63,원숭이,king,0,4.93,52.00,290.68,2.07,45.45,60.00
억까하지마요,KR1,1,3.06,39.67,372.25,0.66,0.00,liiillllllliilll,KR1,4,3.10,57.90,412.51,1.11,50.53,50.00
せんぎょうしゅふ,0000,0,4.52,47.04,361.89,1.50,53.33,La Song,eee,4,2.75,44.29,392.98,0.46,57.81,44.44
도대체뭐어쩌자고,KR1,2,3.22,39.94,394.45,0.48,50.00,한남대학교,KR2,4,5.31,50.11,405.40,0.60,61.54,59.26
아니 외 않돼,KR1,0,3.27,57.00,309.23,2.84,0.00,열심히싸자,0411,1,3.12,48.68,389.94,0.54,54.17,61.90
mjolnir0,KR1,3,6.07,51.32,356.90,1.37,0.00,산들산들바람바람,KR1,3,4.34,44.61,379.83,0.77,76.74,75.00
왕반달,KR1,3,2.03,37.08,298.46,0.95,43.33,어쩌겠어요,KR1,4,5.37,54.50,427.97,0.74,55.91,64.29
라이따이범,KR1,1,2.76,52.62,435.39,0.96,0.00,동그래미꼬,끼얏호우,4,2.31,37.86,358.40,0.57,50.60,70.00
슬찬이,KR1,3,3.59,42.73,382.27,0.72,57.58,황태건,KR1,1,5.67,57.00,412.99,1.05,53.33,65.00
말만 잘 들으면 예뻐해줄게요,노예님,1,2.73,51.72,445.35,0.72,71.43,정상윤,정상윤,3,2.35,42.15,366.82,0.91,50.27,40.91
이상호 친추받아,1234,0,2.39,49.65,338.01,1.70,41.67,No1 Azir,KR1,1,2.43,51.30,352.81,0.93,51.97,47.83
이게 팀운이지,KR1,0,2.75,52.67,297.04,2.07,50.36,ukd123,KR1,4,2.77,46.21,363.68,0.92,46.08,45.83
이 희 선,검정고무신,0,3.97,51.79,350.86,1.48,37.50,역천괴,태무산,0,1.76,45.25,307.50,0.93,48.80,36.84
미움 받을 용기,KR97,4,4.67,51.50,464.31,0.75,100.00,Dancingtuna,KR1,2,5.79,45.43,380.64,1.03,100.00,73.68
세미온고수,KR1,1,4.54,46.28,425.61,0.57,50.14,핵침착,KR1,0,4.41,52.44,326.06,1.50,50.18,61.90
춘자입니다만,KR1,1,3.66,55.64,419.41,0.67,55.56,신멩이,KR1,0,5.12,53.57,285.80,2.60,45.45,45.00
춘자입니다만,KR1,1,3.66,55.64,419.41,0.67,55.56,신멩이에오,1008,0,4.92,52.86,262.49,2.05,53.85,90.00
뾰로퉁,KR2,1,3.86,52.95,359.08,1.06,46.67,주홍색펭귄,KR1,1,2.42,45.00,324.52,0.84,52.00,52.17
든든단단탄탄,KR12,2,4.37,44.71,403.89,0.91,48.39,τύραννος,kr01,3,3.23,41.17,350.46,1.04,51.20,61.11
김현우도환,KR1,3,2.26,45.05,337.77,1.02,58.90,신출귀몰 양기탁,KR1,2,4.61,45.25,338.26,0.94,54.72,45.45
노마나요,KR1,1,3.97,51.89,439.15,0.73,57.69,요것조것,KR1,0,4.59,53.67,252.91,2.01,51.44,44.44
태평리,KR1,0,4.65,52.44,282.72,2.35,50.00,Myeong Song,KR1,2,5.93,43.78,387.48,0.75,52.16,63.64
아귀자긔,KR1,1,4.53,57.00,421.66,0.79,0.00,이진종,대구1,2,3.01,43.14,315.81,1.18,48.62,60.00
ejklwhkl,KR1,2,3.63,50.82,402.97,0.89,69.23,발목잡지마라,4498,4,3.31,45.17,360.86,0.98,47.47,56.00
겨울 그녀와 만남,KR1,3,2.76,43.06,366.18,0.71,57.14,IQ148 JG,148,1,3.47,49.08,402.31,0.63,50.66,50.00
롤리팝,크 러 쉬,1,2.79,44.76,397.19,0.61,57.89,젠지롤드컵우승,우승기원,3,2.32,42.26,364.66,0.81,63.04,46.67
얄라리얄라리셩,KR1,1,3.06,43.69,368.57,0.83,52.55,주종민,KR1,2,3.17,53.18,429.53,0.84,46.43,53.85
승자위에 상덕,KR1,0,4.34,52.00,312.08,1.77,55.21,불편하면박음,KR1,1,5.13,49.75,416.32,0.52,47.83,46.67
끌어줄께기달려,KR1,3,3.03,40.87,350.49,0.81,69.39,굳건이뺑소니범,KR1,0,1.87,42.70,329.46,1.11,51.30,50.00
너무 원망하지마,KR1,2,3.33,53.52,401.09,0.93,53.40,빡 통,KR1,3,2.39,45.23,400.45,0.64,40.43,47.37
드러와 자기야,KR1,2,4.07,47.96,384.26,0.93,57.14,민이는 300원,KR1,1,4.46,45.07,380.50,0.73,50.72,55.56
반달산지리곰,KR1,2,1.76,44.00,365.01,0.95,46.43,SKT T1 ZEROS,KR1,3,3.19,46.00,385.61,0.61,49.48,66.67
새 마음 새 뜻,k r 1,4,4.97,45.12,395.79,0.93,54.55,업고튀어,kr12,1,4.04,45.21,388.18,0.63,53.31,53.33
헤카림좀주세요,KR1,0,4.21,49.74,327.86,1.65,54.24,탕수육다이어트중,KR2,1,4.37,40.78,398.19,0.82,54.20,65.00
자비롭지못한자,kr3,2,2.39,53.58,373.63,0.80,47.83,Stolichnaya,KR1,0,6.00,55.00,346.41,1.81,49.15,46.15
냥냥펀치,츄 르,1,3.20,52.53,435.67,0.80,0.00,스스로일어나기,KR1,0,6.99,60.80,307.50,2.17,40.00,52.38
끼리훈,KR1,2,2.53,42.00,378.11,0.99,52.38,쪼쪼형,KR1,4,3.11,47.82,351.50,1.36,43.33,50.00
404,사상점,1,4.43,57.15,438.65,0.54,37.21,버디짐,KR12,3,2.85,37.50,386.44,0.68,45.45,48.28
CTCK,KR1,2,2.92,49.45,360.80,0.94,50.50,원조취취발,KR1,4,3.50,51.17,359.64,0.92,53.77,41.18
05정글프로지망생,KR1,4,6.90,51.13,392.52,1.19,54.46,설 윤,1060,2,4.82,47.25,413.17,0.77,42.00,65.52
일사천리,KR1,1,3.60,58.39,476.92,0.70,0.00,육식공쥬,세렝게티,0,9.18,56.60,274.94,1.94,45.54,70.59
하눌리,KR1,2,4.00,47.25,386.13,0.85,51.92,나상피리,6084,3,2.45,44.20,390.91,0.61,0.00,45.00
연이루,KR1,1,3.12,55.10,359.76,1.11,48.06,보건교사정글러,kr2,4,4.07,56.92,332.47,1.63,52.23,50.00
롱타임노씨,KOR,1,3.69,52.33,401.31,0.72,53.70,배형만님,KR1,2,3.29,37.50,400.15,0.56,42.61,90.91
Ann bernice,KR1,3,4.57,52.31,432.29,1.07,76.92,죠르노 조바나,KR1,4,4.56,50.42,370.27,1.05,47.00,76.47
Ann bernice,KR1,3,4.57,52.31,432.29,1.07,76.92,앤 버니스,KR1,3,4.78,54.10,383.90,0.96,53.97,60.00
좋아요좋지요,KR1,3,5.53,50.35,478.47,0.65,83.78,adfadffad,KR1,4,2.87,42.71,379.01,1.32,70.59,90.00
Top and LoL,KR1,2,3.13,40.10,346.68,0.78,50.00,혜 림,KR2,3,5.46,46.56,391.46,0.68,53.02,47.62
미 호,아리함,1,4.37,47.12,402.78,0.95,51.36,Dopa,허거덩,0,4.46,52.19,342.61,1.71,28.57,50.00
홍도산,KR0,3,3.86,52.90,380.48,1.11,0.00,홍프로,KW1,1,5.88,51.25,390.09,0.72,29.41,58.62
흥 청 망 청,멍청2,0,3.95,62.00,315.26,2.15,60.00,실눈개구리,KR1,4,4.01,52.00,367.79,0.90,48.00,47.83
dongae,KR1,1,2.81,48.25,415.30,0.52,54.36,돈개벌,KR1,3,3.66,43.56,410.66,0.74,47.83,58.62
도련님거기는찢지말아주세요,0518,3,4.90,45.44,467.84,0.70,56.74,노무현,권양숙여님,4,7.45,52.68,424.97,0.83,63.39,84.62
KORA,bruh2,3,3.65,42.86,422.91,0.35,77.78,갱오면 핥아요,KR1,2,2.72,45.13,381.43,0.79,56.10,58.33
아기왕모,KR1,1,3.10,42.58,413.10,0.70,48.48,일품 르블랑,KR1,2,3.74,43.50,321.70,1.09,71.43,46.15
항규선,kr2,1,3.35,47.20,401.68,1.12,51.22,정언우,0715,3,2.82,36.41,430.82,0.59,53.76,70.59
김성빈병장,KR1,1,3.46,51.46,396.30,0.67,51.85,모하메드 살라,kop,0,2.70,47.07,342.56,1.55,49.75,56.67
전생했더니슬라임이였던건에관하여,KR1,1,3.96,53.55,398.59,0.90,49.41,가부장맨,KR1,3,2.42,40.35,356.19,0.82,51.85,71.43
호롤롤롤케잌,KR1,0,3.94,47.87,294.18,2.12,55.56,동욱쿤,KR1,3,2.86,45.08,349.12,0.87,51.16,50.00
1의 마자영,KR1,0,4.37,51.86,306.90,2.25,37.04,너보다무조건잘함,KR1,1,4.48,55.90,355.30,1.28,49.52,64.29
유가미야,KR1,1,3.61,53.30,433.07,0.70,63.72,엉금엉금,기어서가자,4,4.29,42.06,391.55,0.69,57.32,63.33
쿨쿨띠,푸데푸데,0,7.98,49.33,268.15,1.91,0.00,딜 러,YUURI,1,4.48,60.62,455.40,0.88,51.76,68.97
베인잡으면이김,KR1,1,4.67,54.67,470.47,0.83,71.43,바 다,물꼬기,0,6.23,57.33,266.23,2.32,55.29,72.73
아이엠때죽,꼽 노,4,7.32,58.50,443.41,0.98,0.00,르 네 0,KR1,0,3.97,53.40,244.55,2.49,46.03,67.86
팍고수,KR1,0,3.47,56.73,301.18,2.11,52.63,요리꾸,KR2,3,3.84,30.17,341.20,0.50,49.06,64.29
팍고수,KR1,0,3.47,56.73,301.18,2.11,52.63,나믿고해보자,KR1,2,2.39,40.18,363.93,0.80,49.78,54.55
돌아온 김춘배,KR1,4,3.80,50.89,347.77,1.08,47.30,재구리구리,KR1,1,4.60,48.43,340.77,1.56,53.55,45.45
꿀꿀꿀s,KR1,0,4.20,54.92,332.12,1.35,0.00,Shidaoxian,KR123,1,3.35,49.94,344.63,1.10,55.73,71.43
oro,JAE,1,4.32,44.47,321.05,1.31,54.12,Radiohead,clid5,4,2.23,49.88,391.45,0.68,51.25,27.27
탑만우구장창,KR1,3,2.23,39.55,351.94,0.79,67.39,목승채,KR1,4,4.04,56.00,366.53,1.27,81.25,36.36
M자탈모최재현,KR1,0,3.02,50.92,319.85,1.82,51.67,너 때문이야,0624,1,3.05,41.08,373.08,0.83,48.31,47.37
지면내탓이요,KR1,4,4.63,45.38,422.16,0.88,43.75,하이디라오,kr97,3,2.61,28.24,399.19,0.47,52.85,84.21
최애의 밍구,KR1,0,4.44,47.57,334.69,1.46,48.39,하찬민,하찬민,4,6.44,53.50,390.36,0.91,52.00,52.63
우당탕탕 이희영,KR1,0,4.26,61.40,283.99,2.28,14.29,뚠뚠냠,야미이,1,4.15,59.50,491.68,0.79,71.21,52.94
우당탕탕 이희영,KR1,0,4.26,61.40,283.99,2.28,14.29,내가커야이겨요,KR1,1,4.82,50.08,403.48,1.01,60.00,72.73
후시구로 메구미,5555,2,4.31,47.00,339.15,0.84,49.21,잭 요,gyo,3,6.27,43.56,369.64,0.76,50.00,58.33
채팅치면미드달림,KR408,3,3.02,41.47,372.95,0.60,50.00,역천개,0301,1,4.01,45.23,408.65,0.62,57.38,54.55
sk뉴스쿨,KR1,1,3.46,48.14,372.76,0.92,55.56,숙대역 커물장,KR1,1,2.91,48.91,365.87,1.32,51.12,58.33
수 달,조개1,4,3.27,44.27,377.84,0.69,44.74,저는이게임을해봤어요얼음가만히있,어요다죽어,2,3.43,44.71,386.96,0.92,57.33,50.00
진인윤,진인윤,3,3.91,37.00,349.34,0.67,44.23,푸른악마크리스탈,KR1,1,2.42,41.40,402.10,0.58,51.79,63.64
고양이집사할래,우지니,1,3.97,48.56,376.91,0.84,50.00,서연이엉덩이찰싹,0804,3,2.72,37.12,379.27,0.37,58.82,50.00
ws4824,KR1,1,4.81,48.33,388.55,0.95,61.62,미사일연속발사시스템,0805,0,6.02,48.00,285.53,2.55,57.14,40.00
GaGoSu,KR1,0,3.10,57.53,302.66,1.69,52.72,Red,KR165,1,3.31,52.92,395.08,1.11,47.21,36.84
김성용,KR2,3,3.74,36.70,393.93,0.52,0.00,푸딩탱탱이,T 1,4,4.11,47.80,345.21,1.34,42.22,50.00
김성용,KR2,3,3.74,36.70,393.93,0.52,0.00,물만두,2002,4,5.23,56.00,403.65,0.88,56.20,66.67
강해린,KHR1,0,6.31,45.75,300.59,1.77,52.69,오현서,민간인,1,3.76,42.50,412.55,0.84,55.56,57.14
건빵봉지,KR1,1,4.88,41.45,372.68,0.73,65.52,결국 진 게임,KR1,0,4.51,55.73,278.52,1.84,48.28,50.00
14076209del,KR1,3,3.88,54.08,420.84,0.77,59.38,뱃살몬,KR0,1,2.73,39.50,353.72,0.67,57.14,64.29
14076209del,KR1,3,3.88,54.08,420.84,0.77,59.38,징크스,KR 1,3,2.45,45.32,374.40,0.91,49.28,75.00
새벽을 비추는 별,KR1,2,3.16,51.75,408.51,0.89,0.00,달 리,냐 옹,4,6.38,44.88,391.43,0.91,71.43,66.67
왕고수,KR1,4,3.63,51.33,383.83,0.89,40.74,고라파,KR1,0,5.02,58.50,285.09,2.57,50.00,46.67
Jantto,9997,4,4.13,43.21,381.94,0.79,48.59,절망 그리고 공포,KR1,3,2.28,41.40,377.51,0.57,48.18,27.27
생각한대로,4794,3,4.16,35.25,395.36,0.60,66.67,고아원협곡분원,8732,2,3.27,37.83,341.50,0.63,45.65,41.67
손여울,Son00,1,3.80,46.95,408.93,0.75,47.25,뇌진탕 유발자,KR1,3,3.21,45.88,415.99,0.83,37.35,70.59
CGV 플로어마감,KR1,0,2.93,51.95,326.55,1.83,51.22,여름아 빨리가,KR1,2,3.40,45.13,381.63,0.84,50.00,50.00
너이새킹일루왕,KR1,1,3.22,45.00,325.62,1.22,0.00,암덩으뤼,KR1,0,2.73,43.75,358.77,0.79,49.11,45.45
젠장 석열 이 계엄은 대체뭐냐,내란수괴,1,3.88,51.00,358.79,1.53,73.91,샤이닝핑거,건담로봇,3,3.64,36.00,328.78,1.12,57.52,33.33
T1 0ner,2001,4,3.49,57.00,436.29,0.69,0.00,우니서운해,KR1,4,3.56,47.00,359.68,0.96,0.00,58.33
롤체 조꼬수 햄찌,KR1,0,5.39,49.33,267.09,1.73,0.00,cute,0229,2,6.84,45.40,373.24,0.87,40.80,57.14
깨우면 릴리아한테 혼나,Rilli,2,2.68,41.73,350.60,1.02,60.00,신짱아,8143,3,3.27,43.00,392.77,0.56,48.31,36.36
엘빈 스미스,신조사사게,3,3.90,50.27,425.67,0.69,0.00,우즈마키 김철수,나뭇잎마을,3,3.52,42.50,317.84,0.69,53.23,80.00
엘빈 스미스,신조사사게,3,3.90,50.27,425.67,0.69,0.00,Pird,000,2,3.62,43.93,373.21,0.72,62.96,71.43
띠띠딩,KR1,3,3.22,52.86,396.77,0.69,51.49,지하철노약자패는담당일진은가누,123,4,4.32,53.33,352.56,1.06,45.83,63.16
듀 오,암덩어리,4,7.79,56.14,449.73,0.83,61.73,뿌뿌의 이중생활,kr2,0,3.23,55.75,308.61,1.86,50.42,70.59
티라미수 마티니,KR1,3,3.78,39.07,368.86,0.59,36.36,몰랑말랭,KR1,2,2.25,39.36,353.97,0.93,28.57,66.67
AKIRA,28호,3,2.43,44.00,328.30,0.80,56.82,2630005513053792,KR1,2,4.42,52.64,388.02,1.20,43.26,43.75
XXXDXXX,KR1,1,3.00,48.04,412.51,0.71,42.35,치유감소효과,KR1,0,3.56,46.00,303.76,1.42,44.83,63.16
서울에 가서,KR1,3,2.84,47.43,426.89,0.74,50.00,Oji,123,4,4.24,48.50,382.77,0.91,0.00,68.18
궁극기 발사준비,kr2,1,2.41,54.58,418.86,0.87,0.00,어촌식당,오상민,1,3.14,45.88,348.58,0.89,53.21,68.75
재능이없다재능이,KR1,2,4.15,45.47,340.97,0.81,40.00,SSALMONKEY,조정민,3,2.81,40.22,370.19,0.72,52.56,43.75
앗아라라,1111,0,5.42,50.48,351.93,1.30,52.42,서래갈매기,KR1,4,4.84,55.11,422.95,0.81,55.38,78.57
뽀 섹,KR1,4,6.24,41.75,402.52,0.57,61.82,동탄미시참교육,동미참,3,3.64,32.11,381.10,0.69,57.19,76.92
lurch,KR1,4,4.85,48.82,385.51,1.14,51.61,지호센빠이,KR1,1,2.35,38.69,357.25,0.91,46.51,62.96
라이푸,KR3,2,3.98,47.24,389.38,0.92,48.09,길동이,길동이,4,4.49,50.14,341.23,1.04,50.00,64.71
dumplingsmandu,KR1,2,4.75,48.12,387.26,0.82,0.00,상처에 알보칠,KR1,4,3.75,59.00,389.50,0.51,56.86,55.56
심신미안,KR1,1,2.44,54.25,504.70,0.43,22.22,씨씨개씨,KR1,0,3.24,54.40,281.11,2.25,57.14,35.29
갱플랭크 쓰레쉬 노틸,현근의개,0,3.80,48.83,354.88,1.38,55.56,현근 송,KR1,1,3.98,46.85,381.63,0.92,42.86,61.11
Greenday,RK1,4,3.51,53.47,420.64,0.73,72.73,타기쉬운탁이버스,002,3,2.74,36.43,415.93,0.62,53.28,61.54
VANAA,KR1,2,2.77,50.40,393.85,0.99,53.69,클레드,KR131,3,1.93,41.89,379.61,0.69,48.43,42.86
commony,KR1,3,4.05,48.08,395.72,0.69,54.55,강고등어,0809,4,5.44,57.64,365.81,1.20,44.74,70.59
젤리먹게나와,KR1,2,5.35,56.22,378.83,0.76,52.32,왕만두조아,KR1,2,3.51,48.90,383.27,0.88,35.71,52.94
뽀 또,로뽀겐,4,3.74,53.53,378.11,0.91,48.28,서알쓰,KR1,1,2.80,47.00,375.24,0.90,52.46,10.00
개  정  팔,Q ω Q,0,4.50,59.25,261.14,2.38,36.36,바텀못하면바로던진다,kr2,2,2.29,47.06,371.90,1.32,46.32,41.67
JustLikeThatKR,KR282,2,4.23,54.32,364.18,0.78,40.00,어렵다 롤,0118,4,4.82,49.69,381.57,0.76,0.00,58.62
나는 보성,BOSSS,0,3.60,58.00,258.34,1.61,51.46,나꼴려쓰 춘식,JR AD,1,5.30,61.71,414.07,1.34,60.56,60.00
하 잉,Hello,3,3.75,43.92,363.56,1.26,48.39,우주류레이크,KR1,4,3.38,39.06,357.20,0.59,47.54,54.55
프라이데이지,KR1,0,5.02,52.29,277.39,1.97,60.00,건강행복숲공원,1999,1,3.91,46.70,408.83,0.80,49.53,61.11
l WINTER l,KR1,4,4.97,57.17,397.72,1.05,48.72,장지환팬티도둑,괴불쥐,2,3.03,43.82,350.91,0.93,45.11,50.00
l WINTER l,KR1,4,4.97,57.17,397.72,1.05,48.72,빅더아빠스몰더,1111,1,4.26,46.38,426.65,0.89,52.21,40.00
전리품주세요,KR1,3,3.62,45.72,413.99,1.04,49.38,아 리,마법사,2,4.40,44.92,362.77,0.96,51.92,50.00
HazeLove,Haze,1,3.24,44.00,387.60,0.80,45.45,UnstoppabIe,KR1,0,5.19,46.60,256.46,1.99,52.00,78.57
HazeLove,Haze,1,3.24,44.00,387.60,0.80,45.45,Artemis,KR1,1,3.88,45.76,381.22,0.84,49.12,40.00
상처투성,KR1,0,3.31,48.50,331.76,1.47,55.56,KKD,KR1,1,3.84,44.50,360.16,1.33,72.73,62.50
김낙춘,KR1,0,2.76,50.11,331.13,1.56,59.52,도 뀌,KR1,1,3.09,38.00,467.31,0.43,49.00,45.45
김낙춘,KR1,0,2.76,50.11,331.13,1.56,59.52,박살내자,KR1,4,5.68,49.08,396.05,0.75,60.00,36.36
Nova Wy,KR1,0,5.62,51.38,288.48,2.26,60.00,괴물쥐,작민이,1,5.06,48.40,385.26,1.24,53.31,50.00
통카스,KR1,2,4.17,46.67,369.81,1.06,48.72,야마자키 현수,역안의재능,1,2.98,43.30,421.44,0.47,49.45,45.00
뉴비니까살살해줘,KR1,3,2.29,40.35,360.69,0.59,55.00,rkd맛멍,KR1,0,3.21,52.42,271.99,2.32,48.13,45.45
쥬지가딱딱행,야스신,2,2.90,46.90,405.22,0.90,0.00,음파맞으면들감,KR1,4,4.14,47.77,365.39,0.97,47.41,72.73
뒷산타잔,KR1,1,4.52,54.53,465.84,0.70,50.00,낑 챠,KR1,0,6.58,56.80,263.57,2.19,49.82,84.21
mute my team,KR1,1,3.18,49.86,399.22,0.85,45.16,주봉기,KOR1,0,2.30,49.75,339.24,1.42,49.72,60.00
휘릭휘릭픽,홀롤롤로,1,3.03,51.14,385.97,0.86,40.00,겸손하기,겸손하게,4,3.00,50.18,393.49,0.77,20.00,58.33
휘릭휘릭픽,홀롤롤로,1,3.03,51.14,385.97,0.86,40.00,King ears yo,KR1,3,2.60,32.42,341.12,0.44,55.42,50.00
600컵,KR1,1,4.50,47.00,384.78,1.41,41.67,동언짱짱맨,KR1,0,3.76,48.00,390.91,1.07,35.29,60.00
토가사키 시게히라,초인의 시,0,1.82,41.64,310.64,1.58,58.40,실버ad,KR1,1,3.44,53.69,421.45,0.63,47.83,47.06
오 크,족 장,4,2.63,51.25,363.82,0.94,45.51,S2나서스S2,KR1,3,3.12,43.57,399.18,0.49,48.81,46.43
hidden on bosh,KR1,3,3.71,41.38,345.87,1.24,56.29,홍도경,KR1,1,3.72,46.89,405.61,0.75,53.70,55.00
hdghdg1919,KR2,0,3.27,48.38,306.19,1.50,52.50,llllllll,1177,2,4.48,50.29,394.97,0.56,52.90,40.00
고기집알바생,KR1,0,2.11,53.42,380.07,1.15,53.66,꼬북칩마시쪄,KR1,1,2.66,53.40,401.06,0.95,28.57,47.37
죽부인말고영부인,1260,4,5.92,48.91,415.45,0.91,37.50,화날때는애인생각,KR1,4,3.59,41.25,367.19,1.12,60.27,58.33
이게 니코야,리플릭스,3,3.80,49.05,371.75,0.93,51.34,GEN Chovy,KR39,2,3.43,43.50,353.48,0.47,44.44,75.00
민둥버둥,KR1,1,3.29,46.27,362.45,1.36,0.00,Drowsy Day,KR1,3,2.91,36.25,321.28,0.90,66.67,35.00
티모귀신,KR1,2,4.06,44.87,390.86,0.95,0.00,삭삭like김치,KR2,2,2.69,51.40,391.12,1.19,63.64,72.73
하던진다,KR5,3,3.90,39.07,388.91,0.69,47.19,닥터감스트레인직,KR1,4,3.02,49.75,365.38,1.20,63.16,73.33
뽀뚜르따띠,뽀뚜르따띠,3,3.97,43.58,387.80,0.87,70.27,이 두 곽,KR1,2,3.30,51.58,365.47,0.70,34.62,50.00
듀 렬,KR1,1,4.07,59.64,437.88,0.86,0.00,벌꿀오소리의 깡,KR1,3,3.71,34.60,372.46,0.80,53.55,41.67
듀 렬,KR1,1,4.07,59.64,437.88,0.86,0.00,하 얀,7726,0,6.99,50.00,260.30,1.70,49.58,80.00
dimenticato,toall,0,3.00,52.50,269.90,1.77,52.63,나이트로새미,KR1,1,4.54,44.00,379.94,0.76,52.54,52.63
응봉산 비단잉어,KR 1,1,3.95,48.65,357.80,0.89,54.55,하 빕,254,2,3.99,48.57,432.02,0.74,37.50,78.57
응봉산 비단잉어,KR 1,1,3.95,48.65,357.80,0.89,54.55,너네집갸스끼,KR1,3,6.08,52.64,440.46,0.67,20.00,54.55
깡통12,KR1,3,3.09,35.94,385.01,0.58,35.00,30렙을 향해,KR1,4,3.87,51.00,355.93,1.49,50.78,46.15
강춘복,KR1,3,3.85,54.68,404.85,0.76,51.79,SKT Bibur,KR1,4,1.86,43.57,349.54,0.76,25.00,64.71
choo1,KR1,0,5.15,51.00,258.77,2.18,63.64,RooКiе,KR 1,1,4.82,50.84,429.91,0.89,41.18,81.82
신과의호는죽었다,KR1,1,3.79,51.40,392.85,0.73,48.80,이상호01,kr01,1,3.17,50.60,400.75,0.94,54.64,70.00
공주님의충실한개,KR1,2,2.97,46.50,374.12,0.85,44.83,내이름조세진,난 두꺼비,0,2.50,47.38,360.02,0.98,0.00,20.00
애꿀이,미니피그,4,7.51,56.83,442.23,0.78,83.33,빠른 발에 빠른 총,찌리릿,1,2.72,34.12,325.47,1.11,49.74,75.00
애꿀이,미니피그,4,7.51,56.83,442.23,0.78,83.33,야 소,KR0,3,4.45,47.06,470.77,0.62,50.68,90.91
꿈꾸는자라,KR1,1,4.63,42.60,368.87,1.31,0.00,새로운 탑의 왕,KR1,3,1.96,43.05,375.97,0.75,51.09,69.23
꿈꾸는자라,KR1,1,4.63,42.60,368.87,1.31,0.00,집에불지른다,KR1,0,3.23,49.33,328.42,2.15,68.18,66.67
코끼리찌찌,KR1,1,4.49,45.43,404.66,0.73,57.50,코끼리푸딩,KR1,0,3.15,46.67,285.06,1.50,40.00,60.00
텔레뚜비,나나 뽀오,1,3.02,54.69,383.27,0.80,66.67,원숭이두창재성,KR1,1,2.47,37.86,388.12,0.69,65.38,34.62
꼼이몽이,KR1,3,2.84,35.17,385.50,0.67,50.00,T7hy,KR1,2,6.20,53.62,390.58,0.83,0.00,63.16
내가바라보는너,KR1,4,4.26,56.86,398.28,0.96,0.00,이 서,022I,3,4.38,41.38,367.42,1.01,50.00,60.00
김정솔이다,정소리리리,3,2.41,46.12,462.04,0.63,0.00,동 건,동 건,3,3.12,45.22,392.49,0.86,47.37,60.00
ΟυΟ,ΟωΟ,2,2.19,44.60,428.36,0.48,83.33,뀨 몽,뭘뽀노,4,5.76,53.50,376.96,1.01,50.59,75.00
무니삐마,무니무니,3,2.13,37.78,399.57,0.66,37.93,볼통통이,KR1,0,3.69,52.00,315.78,1.28,43.90,40.00
사진찍을때댄잉,KR3,4,4.33,49.80,380.24,0.99,54.21,호 이,호 이,3,3.09,49.95,421.06,0.83,45.61,36.36
혼돈맛나쵸,KR1,0,2.16,44.40,285.79,2.00,55.00,유미는 귀여엉,KR1,0,2.09,43.50,343.42,1.57,50.00,50.00
smthlikeyou11,TTT,3,3.90,38.11,400.36,0.46,53.73,서초동 피바라기,KR1,4,3.04,38.64,393.74,0.80,55.13,61.90
날비추는빗까리,KR1,4,6.27,56.69,459.49,0.94,69.23,집 부서진 비버,KR1,2,2.50,41.60,333.71,0.67,36.67,69.23
자기야오늘뭐해,KR1,1,5.37,55.00,397.24,1.00,45.00,태초무기주세요,23일차,0,6.54,50.17,326.25,1.98,53.19,73.33
강호 대협,江湖大俠,2,3.88,47.81,394.03,0.92,51.85,구르기 원툴,KR1,3,1.71,29.25,363.48,0.43,37.84,44.44
부부이상연인미만,KR1,2,5.56,51.80,420.60,0.58,56.86,Arcanum,7777,3,3.49,51.00,328.45,1.02,56.57,78.95
갈마동 송강,kr0,3,2.62,43.25,343.37,1.29,42.55,양카쟈,KR0,4,6.40,48.23,429.18,0.96,56.25,72.73
귀여운 하모,091,1,3.41,45.44,391.88,0.62,50.00,ねこちゃん,0403,0,3.68,54.50,252.53,1.78,48.68,60.00
insular,KR1,1,5.74,47.11,432.50,0.81,83.33,Severino Makaio,Jung,3,2.83,32.71,322.40,0.64,51.34,72.73
딱콩마려운사람,KR1,1,2.69,44.24,390.81,0.73,70.00,멘탈만 잡아도,KR1,1,2.37,49.36,339.11,1.53,0.00,30.77
딱콩마려운사람,KR1,1,2.69,44.24,390.81,0.73,70.00,볼드모타,KR1,0,4.40,51.14,263.46,2.21,0.00,50.00
이센스 이방인,KR1,1,4.08,51.00,366.96,1.29,50.00,멍 킹,KR1,0,4.92,53.88,307.26,1.75,35.48,50.00
이센스 이방인,KR1,1,4.08,51.00,366.96,1.29,50.00,낭만있고화려하게,KR1,1,3.12,49.11,383.67,0.88,47.69,84.62
디올옴므,KR1,0,6.53,56.00,348.06,0.98,51.54,유튜버억,KR1,4,6.77,57.33,424.95,0.93,65.62,65.52
제라스서폿함,KR1,3,3.01,44.57,367.00,0.88,45.45,오리너궁댕이,KR1,0,4.09,48.56,267.84,2.30,47.13,60.00
제라스서폿함,KR1,3,3.01,44.57,367.00,0.88,45.45,안유신,KR1,4,4.16,45.21,404.97,0.76,46.34,50.00
아만타디움금강산호너클펀치허태욱,MUSAT,2,3.87,44.91,385.09,0.97,49.43,돌풍 기니피그,KR1,3,2.77,34.88,377.65,0.49,56.06,53.85
목이4개면목포,7773,2,4.16,49.67,365.01,1.25,52.17,만취자,KR1,4,4.04,48.50,329.67,1.05,51.55,40.00
백 화,수 복,3,2.74,48.86,334.42,1.13,57.61,Kendrick,KR1,1,4.66,47.09,342.77,0.53,47.99,41.67
계모계모,KR1,3,3.50,52.12,463.44,0.39,0.00,카즈마,코노스바,1,2.92,44.04,345.33,0.95,50.00,73.33
에코보단땅콩,KR1,2,2.21,47.13,383.20,0.77,0.00,Adventure type,KR2,2,2.13,45.19,392.88,0.89,53.62,27.27
성준과윌럼프,KR1,1,4.37,51.15,487.27,0.70,51.46,대한민국해병대 군수단 상지대대,2512,3,3.44,33.94,359.92,0.73,0.00,68.97
퇴사실패,KR1,4,4.19,52.10,437.73,0.67,77.42,치 킨,111,0,3.24,46.85,324.70,1.26,50.51,71.43
사륜안,サスケ,0,3.44,53.06,342.92,1.51,0.00,김노스,9704,3,9.47,52.10,404.10,1.07,51.06,80.00
Jo성배,KR1,0,2.97,48.50,290.41,1.18,60.00,사슬두개,KR1,2,4.29,51.80,377.32,0.94,52.94,36.36
하거시픈거다해,KR1,1,2.96,57.21,386.96,0.98,51.35,현생집중문승종,111,4,3.45,45.13,376.91,0.98,43.59,50.00
유니디온,디 온,1,5.23,56.13,452.24,1.03,54.55,뜨거운불꽃,FIRE,3,1.54,36.83,356.91,0.73,46.67,63.33
이퀄길만걷자,KR1,3,1.86,29.62,332.34,0.58,48.48,메이킹 서포트,메이킹,0,2.81,55.67,305.70,1.95,55.65,36.36
삼립꿀호떡,KR1,3,3.47,47.44,360.96,0.80,46.40,Discovery,112,1,2.55,43.93,373.36,0.86,52.38,45.83
잘안참는사람,KR1,3,3.63,45.28,435.55,0.56,47.62,술과처녀를가져와,KR1,4,3.55,47.22,340.70,1.19,51.72,46.67
쉿 몰컴중,KR3,2,3.02,54.62,381.05,1.06,51.22,만국공통어,KR1,4,5.60,56.80,375.61,1.02,58.06,40.00
비 비,KR518,4,2.86,45.07,357.48,1.24,50.49,밤양갱,KR927,1,3.35,47.00,387.64,1.00,48.24,46.43
밥똥딸,d12,1,5.73,49.93,473.73,0.73,49.75,화가주체가안되는사람,KR1,2,3.52,43.53,334.86,1.24,61.40,82.61
벗방의귀재홍승표,KR1,1,5.95,46.75,379.54,0.47,50.70,Charry,3885,0,4.94,42.18,309.65,1.63,0.00,83.33
마스테,0525,4,4.60,50.18,353.94,1.13,53.44,연우연우,연우연우,0,3.60,51.33,303.50,2.08,44.53,80.00
승재승,KR1,4,5.79,43.40,431.68,0.74,0.00,감인수,KR1,3,2.50,40.20,359.84,0.70,52.38,76.92
승재승,KR1,4,5.79,43.40,431.68,0.74,0.00,도마도 스빠게륑,KR1,0,2.53,44.00,360.20,1.34,61.54,54.55
이재윤짱짱맨,짱짱맨,4,3.27,55.69,413.69,0.87,59.38,즌우즌우,KR1,3,2.39,37.11,358.76,0.42,53.33,39.13
백지헌,kr11,3,3.61,46.53,416.09,0.74,51.52,Another Level,001,2,3.76,52.00,365.07,1.00,48.98,70.00
라이또몽,KR1,3,3.54,47.10,395.68,0.90,0.00,야채퐁,KR1,4,3.72,51.14,334.98,1.22,53.00,63.64
셜록홈즈님,KR1,4,4.59,51.14,317.97,1.50,50.00,Gen G Ohmme,KR1,1,4.33,36.20,417.97,0.66,55.00,63.64
예측 못한킬각,KR1,4,4.10,47.45,331.12,1.39,40.00,입열면 팬다,real,1,2.63,46.40,382.63,0.73,66.67,35.71
설인귀,대조영,1,4.80,52.60,388.97,0.69,52.17,걸사비우,대조영,0,3.24,46.85,306.31,1.10,52.56,53.85
바밤바0111,KR1,3,2.39,37.53,360.33,0.86,46.46,丕闡大猷抑邪興正,PHY,3,2.95,44.30,365.62,0.63,50.93,66.67
암덩어리1급,KR1,0,6.13,59.60,345.47,1.43,40.00,택 배,KR1,1,3.68,46.69,403.37,0.73,53.71,50.00
카탈로니아 찬가,KR1,1,4.51,51.95,390.88,0.85,54.29,롤로노아,KR22,2,3.58,43.56,372.44,0.82,61.29,75.00
병떠병떠,KR2,0,4.93,49.20,282.61,2.01,48.28,달타빈,0228,1,4.00,56.67,410.88,0.45,50.00,60.00
펭구충,KR1,0,5.85,55.73,325.44,1.66,45.63,한챔프연습용,KR1,1,3.61,51.67,418.82,0.55,62.26,60.00
별빛거북이,2121,4,3.87,52.53,408.04,0.86,53.12,빛바랜자,1234,4,4.66,50.25,398.27,0.87,51.34,68.75
사이버거,KR1,3,2.24,35.33,419.16,0.73,39.36,카카오툭,KR1,1,2.91,48.93,373.97,1.25,53.95,40.00
주님의주먹,KR2,2,5.39,51.64,392.42,0.61,75.00,인성조,KR2,4,5.52,54.00,407.00,0.83,53.00,50.00
혈압올리기장인,KR1,0,4.19,53.11,252.43,2.26,61.80,긴암세포,KR1,1,1.87,39.57,333.81,0.67,46.50,37.93
설응폭,KR1,2,3.58,47.06,394.30,0.81,63.33,예쁜모양의75D,1111,3,2.34,41.82,383.27,0.69,52.94,73.91
민 가 을,KR1,1,6.71,50.33,435.53,0.84,71.43,인희미니마이니모,KR1,4,4.59,47.55,351.74,0.81,51.32,66.67
황금독두꺼비,KR1,4,5.12,50.86,381.81,1.03,17.86,뿡뽕이맨,KR1,3,3.39,37.00,354.86,0.60,53.02,76.92
황금독두꺼비,KR1,4,5.12,50.86,381.81,1.03,17.86,인생은원딜탓,KR1,3,3.59,45.33,347.29,0.82,61.76,69.23
못한디,KR1,0,5.00,57.09,357.69,1.77,58.82,나는야변우,KR1,1,5.89,53.71,409.72,0.81,50.00,75.00
영창가기싫어요,KR1,1,5.04,58.24,463.53,0.91,83.33,Seok,0407,0,4.37,57.30,279.21,2.32,51.69,76.47
젖소다 무겁지,KR1,1,3.20,45.14,390.33,0.56,52.85,얼음보숭이,zi존엄몰,4,5.62,56.55,405.35,0.77,50.00,64.71
aasd,d1a,0,4.21,53.36,294.27,2.01,51.57,고윤정,환 혼,2,2.49,43.82,365.70,1.03,51.33,42.86
GENG Chouy,GENG,3,3.62,35.75,342.00,0.66,0.00,너만따라댕긴다,KR1,3,2.58,39.28,331.78,1.00,57.04,44.44
가볼텨,KR1,3,5.10,42.04,376.07,0.86,50.00,Radiohead,8305,4,4.07,44.44,377.30,1.13,44.79,50.00
태김우,KR2,2,4.03,45.74,381.25,0.71,58.33,Silica Gel,한로로,0,4.29,50.67,344.94,1.97,56.60,64.71
비빔만두맛있어,KR1,4,4.58,45.62,304.48,0.98,66.67,kingjmjm,KR1,3,4.22,43.79,395.89,0.54,42.96,55.17
프로잭스,KR1,4,3.52,46.07,377.00,0.72,61.90,잎새달서른날,8282,2,2.17,36.38,369.54,0.58,55.32,41.18
나는 정상이야,KR1,1,5.65,49.00,402.12,0.86,64.71,민초펩시하와이안피자,9797,3,2.81,38.36,387.31,0.80,53.23,30.00
칠전팔기의 록리,KR1,1,3.52,50.18,374.57,0.85,53.51,막장이잖아,KR1,0,4.83,54.00,364.47,1.55,0.00,50.00
나뭇잎,아이번,0,7.83,51.25,350.09,1.59,74.07,수빈아 캐리해,벨베스,3,8.38,45.00,407.71,0.58,0.00,69.23
패왕 고병준,다팬다,3,3.14,47.94,408.44,0.73,51.75,나 고병준,KR1,4,3.47,45.24,375.19,0.69,48.00,62.50
패왕 고병준,다팬다,3,3.14,47.94,408.44,0.73,51.75,건국대 최민석,KR1,1,2.19,45.12,392.23,0.61,52.50,50.00
쁘띠주영,KR1,1,3.78,59.40,494.36,0.87,45.16,죽기장인,Ker10,0,2.71,43.36,300.14,1.64,51.25,76.19
카타리나르블랑,KR2,2,1.99,34.88,382.24,0.60,55.47,영건님의 충신,000,0,1.76,48.00,355.49,1.24,53.85,36.36
경남체육임용,KR1,4,5.46,65.00,429.35,1.06,0.00,Lv 1 김동일,KR1,3,4.12,25.75,371.56,0.72,46.80,55.17
경 광 호,KR1,1,3.93,53.53,454.28,0.68,52.63,다 붕,1999,0,4.35,53.75,278.89,2.29,51.22,64.29
101413264del,KR1,4,4.11,50.42,385.84,0.89,52.94,왜그래빡치냐,KR1,2,4.55,45.30,378.62,1.22,43.33,52.63
101413264del,KR1,4,4.11,50.42,385.84,0.89,52.94,초미드,KR1,2,3.97,47.84,383.62,1.29,52.38,36.36
바위라구,KR1,1,2.87,48.22,410.87,0.98,45.51,고독한 승부사 장필우,7381,4,6.27,50.64,386.97,0.93,62.50,30.00
라떼는용감해,KR1,0,3.52,51.67,272.11,2.34,16.67,왜너가젖고난리야,KR1,3,5.12,50.12,428.01,0.82,38.46,60.00
내가캐리해,KR1,4,3.34,45.17,399.31,0.71,48.54,적 각,KR1,4,4.30,51.30,448.92,0.71,20.00,81.82
알아서해,어쩌라고,1,4.38,59.18,463.49,0.98,0.00,llllIIIIlIlIlIlI,KR1,0,5.06,54.30,303.18,2.32,50.87,58.62
배재석,KR1,1,2.47,49.10,385.77,0.74,0.00,나믿고바텀게임해캐리할게,1231,1,3.52,46.07,390.64,0.59,52.83,53.85
T1 gaeguri,0727,0,4.43,51.64,377.13,1.51,0.00,volunteers,KR11,1,3.01,47.41,377.87,0.90,55.95,52.94
INFP외동AB형공익,0727,2,4.22,39.67,415.47,0.65,43.64,주니하니,KR1,3,2.31,37.19,383.69,0.73,48.91,66.67
하프짐,KR1,2,6.11,38.90,396.12,0.56,0.00,점점이,KR1,4,3.88,40.64,356.69,0.77,40.22,54.55
springtime,0110,1,5.09,51.50,427.71,0.63,73.53,자석 펫,쫄래쫄래,0,7.99,53.00,259.80,1.83,37.50,63.64
Zac,PVP,4,5.08,41.29,397.18,0.87,66.67,kyte,mmm,1,5.52,61.50,340.02,1.12,48.10,50.00
뀨리닝,1234,1,3.06,53.46,384.09,1.14,0.00,미드에서 봅시다,KR1,2,4.71,52.25,363.50,0.68,39.13,41.18
그냥 그거야,KR1,2,4.06,47.71,384.50,1.19,69.35,Konnatsu Nana ,KR1,4,4.79,51.29,370.25,1.00,42.86,69.23
그냥 그거야,KR1,2,4.06,47.71,384.50,1.19,69.35,중간보스 조승현,KR1,3,2.01,33.77,328.13,0.53,41.28,54.55
tigel,legit,2,3.47,53.12,394.56,0.92,54.55,앞방친구,KR1,2,4.78,46.38,392.74,0.73,54.55,58.82
푸 들,뭉 치,2,3.93,47.43,386.08,0.99,52.51,지나가던 잠자리,KR1,2,2.94,46.76,401.54,0.85,33.33,60.00
호켄파크로따라와,KR1,1,5.03,46.45,400.04,1.06,0.00,FNC정오,KR1,0,3.40,56.47,337.59,1.99,54.43,58.33
뎅장찍앵,kr2,2,5.14,48.88,403.76,0.98,23.53,마크 아누,KR1,4,5.29,54.00,372.60,1.62,0.00,80.00
또띠기,KR1,4,5.58,62.17,417.12,0.97,33.33,미드리신,KR1,1,3.45,47.60,383.03,0.63,52.58,64.71
또띠기,KR1,4,5.58,62.17,417.12,0.97,33.33,꼽사리,KR1,2,2.59,45.50,362.97,0.80,47.47,40.00
Fu킹,0932,2,3.11,45.00,379.25,0.82,48.75,깡 훈,내가 찐임,4,4.63,47.64,372.02,0.78,31.25,47.83
왕 똥 꼬,냄 새,1,4.73,47.75,408.58,0.63,53.23,뉴진스,2187,0,6.14,54.50,356.02,1.40,57.14,50.00
臥薪嘗膽,0424,2,1.84,39.00,358.58,0.84,38.46,순천향대24학번,stu,2,2.75,47.91,338.48,1.06,0.00,33.33
타 요,리듬타,4,4.08,49.38,388.71,0.66,38.46,99kg수박녀김홍수,1620,1,3.42,53.09,416.39,0.54,45.73,50.00
kig coo,KR1,1,4.36,52.31,405.80,0.69,48.15,원딜공듀,JP2,0,3.19,46.38,291.86,1.24,51.24,46.67
인생망해볼까,KR1,3,3.90,45.31,363.95,0.86,67.27,zenbu,1호기,4,3.47,52.25,380.72,0.91,45.24,40.00
김독슨,KR1,2,4.25,50.92,329.62,1.04,58.11,아쉬운데잉,KR3,3,2.91,44.91,393.74,0.78,0.00,56.52
생기다 만 소환사,KR1,3,2.61,41.43,382.16,0.75,51.43,늑골 골절,KR1,4,2.20,54.62,352.03,0.78,54.14,52.38
멍미랑 행복하기,0926,2,3.42,44.58,403.34,0.87,57.14,몰라 그냥즐겨,KR1,0,2.27,43.87,294.78,1.12,48.08,60.00
zzkN,KR1,1,3.65,49.36,379.69,1.12,46.21,콩국수,KR3,1,3.02,45.89,368.75,0.53,56.60,73.33
민지출동,KR1,2,3.82,30.17,364.79,0.64,28.57,근혁이롤개못함,KR1,2,1.85,38.47,332.09,1.20,49.11,36.36
민지출동,KR1,2,3.82,30.17,364.79,0.64,28.57,다홍색이좋아,KR1,2,3.77,44.67,387.59,0.77,48.39,60.00
Geuny,4251,4,3.65,49.50,430.72,0.97,68.75,Newblood,KR1,4,3.34,51.70,393.76,1.06,57.41,70.00
del597136,431,3,3.61,38.27,351.38,0.95,0.00,강철 군단 럭스,강군럭,1,3.14,45.62,361.72,0.89,30.00,54.55
칼바람죽순이,KR1,2,6.09,45.20,392.11,0.92,50.00,7x3r2bn,KR1,0,2.75,49.50,321.95,1.82,52.53,90.91
칼바람죽순이,KR1,2,6.09,45.20,392.11,0.92,50.00,육아게임,응애애,4,5.90,48.75,371.12,0.74,42.86,72.73
뾰족머리 삼돌이,탬 니,1,3.13,47.45,377.87,0.88,0.00,김핸소,KR1,3,2.76,35.11,335.78,0.50,53.98,50.00
한국유학생츠바사,ひめです,4,4.73,54.12,369.14,1.07,75.00,한국유학생히나,ひめです,2,2.44,46.53,327.25,1.35,50.60,72.73
기절 쌈바리,KR1,4,3.48,45.33,393.98,0.71,69.23,유니짱,1234,0,4.29,56.25,267.16,2.67,50.85,66.67
타닥타닥쌩배정글,KR1,3,2.63,44.20,367.22,0.63,53.29,Captain America,0104,1,2.51,46.43,388.27,0.64,58.57,60.00
ershi conglin,KR1,3,3.84,52.60,429.80,1.22,70.21,역시안군,KR2,4,3.07,47.40,375.55,1.01,50.38,50.00
ershi conglin,KR1,3,3.84,52.60,429.80,1.22,70.21,영 코,KR1,3,3.07,47.50,349.12,1.12,61.67,60.00
으아실수했다,KR1,2,5.12,44.86,353.47,0.87,62.07,컨시브,KR1,4,4.60,53.30,357.29,1.11,69.23,70.37
메가령민,1203,2,4.64,53.00,407.25,0.76,66.27,루니가똥루니,KR1,1,4.83,47.29,427.65,0.84,52.38,56.67
닉네임을어떻게지어야할지모르겠어,0000,4,5.41,53.79,397.09,1.04,45.83,흔해빠진 우르곳으로 세계최강,우르곳,3,4.59,38.73,350.20,0.91,48.21,64.71
maldon salt,KR1,2,3.76,45.14,386.77,0.83,51.40,신 암행어사,KR1,0,3.71,48.60,301.82,1.64,49.83,38.89
maldon salt,KR1,2,3.76,45.14,386.77,0.83,51.40,갤럭티카,KR1,2,4.59,40.29,352.56,0.74,47.50,66.67
진지하게 게임함,KR1,1,4.16,57.00,411.26,0.89,40.00,밤하늘 눈,KR1,0,3.64,55.93,293.12,1.90,41.18,46.67
이주미,변호사,4,4.02,55.30,367.98,1.25,55.47,테 디,진에어,1,4.66,47.43,346.53,1.14,57.89,57.14
Blue,106,1,3.85,53.40,398.48,0.86,43.75,이름따위생각안나,KR1,0,3.56,47.82,324.63,1.78,50.94,33.33
모로하,ji2,4,5.59,57.17,426.86,0.76,0.00,모 호,Korea,4,5.84,50.75,423.68,1.00,64.18,72.73
쉐르비,KR1,1,5.25,48.11,389.89,0.64,60.71,암향소영,KR1,1,2.80,46.31,408.88,0.66,47.86,60.00
xooxoxx,KR1,0,2.17,46.83,315.46,1.29,55.88,사과나무심자,KR2,2,4.19,48.90,372.69,0.82,48.15,50.00
유천동독거노인,KR2,1,2.09,47.48,380.11,0.85,53.96,꾸 앙,KR1,0,4.86,49.75,255.07,2.17,0.00,40.00
빡만이,KR1,0,4.04,50.00,321.45,1.14,49.28,원거리딜러,1373,1,5.21,49.45,418.17,0.66,64.29,81.82
진귀필,KR1,1,5.62,56.00,430.48,0.80,65.52,뚜인뚜2,KR1,3,2.58,41.82,385.00,1.00,52.27,81.82
파이리,Z Z,3,4.80,46.00,434.36,0.65,58.97,plzgetmeoutofit,kor,4,4.09,53.14,339.77,1.44,81.82,90.00
SKT T1,Marve,1,3.72,52.44,382.84,0.89,0.00,Radiohead,멍장대,4,3.41,52.10,415.97,0.74,50.00,66.67
품번대백과,KR1,0,3.68,51.60,371.89,1.47,50.00,60대 낭만원딜러,hello,1,2.56,45.59,365.51,0.87,58.33,53.33
협곡의 스커지,LMS,1,5.20,49.75,390.77,1.11,73.33,착한말만해주세요,KR1,4,4.58,50.75,386.85,0.81,52.17,66.67
timo코인,KR2,1,4.78,45.17,378.61,1.04,57.96,와따이거뫄야,KR1,0,3.17,44.60,296.73,1.56,53.21,63.64
대응표,KR1,3,4.19,43.80,355.89,0.62,54.61,카이사,고양이,1,2.94,40.33,392.10,0.62,34.48,44.44
굴러다니는공,KR3,2,4.73,55.90,425.48,0.90,32.56,젤멋쟁이,KR1,4,3.84,43.33,371.87,0.53,41.82,40.00
굴러다니는공,KR3,2,4.73,55.90,425.48,0.90,32.56,천리로와,KR1,0,5.18,54.00,296.25,2.33,50.54,85.71
P싸개,KR011,3,3.05,44.39,422.31,0.58,45.45,갱생떠기,떠 기,1,1.89,45.90,364.24,0.60,46.46,42.86
몽둥구,KR1,0,3.30,48.00,349.89,1.38,38.46,제우스 차렷,KR1,1,2.46,40.85,428.48,0.58,47.72,50.00
민익이곧휴가튼튼,매우튼튼,1,3.00,46.64,369.33,0.93,55.97,만기퇴소,1124,3,1.86,36.67,349.08,0.75,48.98,53.85
칸니예에,KR1,4,3.15,47.58,374.76,1.05,58.49,윤아가그러티모,123,0,3.28,48.00,247.28,2.04,51.86,40.00
아구몬,KR12,2,2.49,46.62,387.15,0.71,54.60,파닥몬,KR12,0,3.58,60.33,271.34,2.64,53.32,51.72
진짜개열심히함,KR1,1,2.05,46.20,331.37,0.86,36.36,동후야,KR1,1,1.99,42.67,405.47,0.56,50.13,47.06
돌려찾기,KR1,2,2.78,48.65,414.90,0.71,38.46,탑에겐 존댓말,KR1,3,1.44,29.25,367.69,0.41,55.56,27.27
돌려찾기,KR1,2,2.78,48.65,414.90,0.71,38.46,콜라베어볼리베어,양뚜뚜,3,2.96,39.38,332.54,1.31,52.38,54.55
민규야 이겨줘,KR1,0,3.84,49.33,296.38,1.44,46.59,임중석,KR1,3,2.96,46.67,385.34,0.59,64.52,44.44
원조사시 이지훈,KR1,2,3.58,49.65,422.48,0.78,55.00,넌구제불능이야,KR1,0,3.05,51.83,347.74,1.27,35.81,41.67
훈 룽,KR1,2,3.85,44.00,374.95,0.83,0.00,시신경절단기,KR1,0,3.55,53.19,292.20,2.32,53.33,48.15
서폿무시하지멓,KR1,0,2.91,42.33,268.14,2.21,57.01,뭉쭈요,KR2,1,3.62,57.31,452.96,0.62,51.71,60.00
사랑의 녹턴,KR1,4,7.85,53.11,396.46,0.88,0.00,THE ZD,KRI,2,5.82,35.25,351.46,0.88,0.00,60.00
짭 프제,KR1,3,3.20,37.08,398.28,0.99,55.56,한애교,KR1,2,4.69,37.00,349.14,1.16,46.67,66.67
힝혜지그런거몰랑,KR1,0,4.22,53.88,289.51,1.67,52.31,맛있우면 또먹지,KR1,1,4.60,54.46,392.16,0.62,66.67,21.05
wvwvwwvv,KR1,0,2.45,49.67,363.17,1.42,60.00,크앙 뚜넌,KR1,0,3.91,54.50,338.20,0.89,38.89,53.85
wvwvwwvv,KR1,0,2.45,49.67,363.17,1.42,60.00,엄갱균,KR1,1,4.18,50.69,414.69,0.55,57.14,70.00
뭐야이게임,KR1,3,6.83,42.40,380.60,0.45,27.27,냥아치,1101,4,1.90,35.54,294.16,1.24,53.71,84.21
뭐야이게임,KR1,3,6.83,42.40,380.60,0.45,27.27,고 요,0318,0,5.42,59.80,239.84,2.09,66.67,90.00
파 도,U S,0,4.09,52.58,311.76,1.61,54.84,Kennedy,KR1,3,2.13,27.74,386.52,0.39,51.79,61.54
시방창랍2,KR1,1,2.66,50.07,396.70,0.76,77.78,먹방유튜버김미진,2900,1,2.79,40.71,414.58,0.70,47.57,37.50
Waltz,Evans,4,3.93,47.76,393.67,1.03,53.85,감다살,0000,2,4.72,49.00,418.32,0.74,45.16,36.36
응급실새치기전문,KR1,2,3.65,47.18,410.18,0.56,49.30,지요츄,0000,1,4.19,53.08,414.22,0.95,80.00,94.44
춘천박진솔,KR1,4,4.09,57.62,398.62,0.83,33.33,9rum,KR3,1,2.71,44.38,383.02,0.79,50.91,30.77
바람의나라,kr2,0,3.27,62.33,316.49,2.29,62.07,쥐새끼,검거반,4,4.89,47.67,380.28,0.79,51.39,53.85
밍밍한 귤은 뮬,КR1,1,4.67,48.67,451.65,0.59,47.50,LEE SIN KING,KR 1,4,3.83,48.25,377.62,1.55,46.22,64.29
엄준식,KR555,3,3.78,37.80,410.34,0.82,0.00,io00oi,0306,3,2.39,48.47,377.58,0.70,57.14,10.00
사 일,225,3,2.37,41.13,394.85,0.82,56.48,부캐로도망침,KR1,4,3.96,43.25,392.04,0.84,56.16,53.85
PaStella,파스텔,3,2.33,37.57,334.89,0.76,50.23,바다노래 세라핀,KR1,4,4.41,43.85,326.31,0.88,63.64,21.43
JustLik ThatKR,J G,1,4.06,52.85,416.54,0.67,50.00,365일종이비행기,KR1,0,9.47,55.00,254.65,1.41,50.84,54.55
우리정글머함,정글차이,4,3.83,56.10,423.23,0.98,65.00,청양고추푸딩,KR1,3,2.94,33.06,355.03,0.99,53.85,65.00
우리정글머함,정글차이,4,3.83,56.10,423.23,0.98,65.00,김한나,foxy,1,2.31,48.82,373.05,1.10,52.27,80.00
누0누0누0누,KR1,4,3.00,53.00,369.84,0.70,64.63,김지원입니돠,KR1,3,2.00,31.12,331.39,0.70,56.00,47.37
김혁규,KR11,1,3.63,40.23,399.78,0.70,23.08,따봉다니야고마워,KR1,0,3.97,44.00,265.97,1.65,33.33,64.71
qzkdf,KR1,3,3.09,35.92,370.21,0.83,70.83,킬먹어라,KR1,1,2.91,48.50,402.63,0.83,41.74,53.85
박박준준호호,KR1,2,5.04,45.12,418.26,0.68,70.00,가 경,KR1,4,7.15,50.44,404.50,0.95,63.77,63.16
무리뉴,무버지,1,5.04,51.17,380.65,0.63,50.00,미스터짐,KR1,2,3.50,43.00,342.92,0.79,48.80,65.22
이걸론부족해,KR1,0,3.69,46.72,374.66,1.30,65.22,보영사랑,KR1,1,4.39,42.62,387.82,1.01,60.76,69.23
사과가 되지말고 도마도가 되라,좋은 글귀,3,2.73,46.88,383.89,0.74,36.36,Swopper,Chovy,1,2.52,51.11,402.50,1.14,0.00,53.85
사과가 되지말고 도마도가 되라,좋은 글귀,3,2.73,46.88,383.89,0.74,36.36,펜타킬 냠냠,KR1,2,1.47,36.27,364.58,0.72,25.00,30.77
16글자로닉네임을만들기어려워요,0000,1,3.59,51.22,407.34,0.76,37.50,어쩔티비맞짱뜰래,KR1,4,3.53,52.00,351.81,1.24,56.25,54.55
하 니,뉴진스1,3,3.65,44.43,407.93,0.58,57.44,성쭈이,KR1,3,2.22,40.41,351.11,0.75,43.88,33.33
하 니,뉴진스1,3,3.65,44.43,407.93,0.58,57.44,이시가미센쿠,KR1,3,3.23,45.72,402.17,0.64,51.67,80.00
그것이당신의행복이라할지라도,KR1,1,5.73,53.06,427.81,1.09,72.73,오 리,애 용,0,6.92,43.45,258.04,2.20,55.26,72.22
뚱 이,8660,2,3.31,39.47,355.81,1.07,29.41,Erilia,KR113,2,4.17,52.85,444.31,0.74,59.57,53.33
교자클라스,KR1,3,2.47,38.00,396.56,0.70,58.68,주녕짱짱123,KR1,4,5.43,51.62,395.46,0.94,61.54,50.00
교자클라스,KR1,3,2.47,38.00,396.56,0.70,58.68,스웨인,페이커맞밸,4,3.38,46.70,386.54,0.82,52.50,70.00
호로록,kr4,2,3.83,51.74,443.85,0.65,57.63,되는닉네임머임,KR1,0,4.36,43.71,312.02,1.21,54.49,64.71
인텔퀄컴암드애플,KR1,1,3.66,48.00,418.79,0.72,26.09,프렐요드서리방패,KR1,0,2.78,53.20,262.54,2.60,57.38,61.11
반고흐4세,KR1,3,3.05,45.94,436.77,0.77,0.00,상은이,KR1,3,5.05,50.00,475.44,0.76,72.73,70.59
심심하다아아아,KR1,1,3.76,50.13,433.33,0.52,62.96,순둥2,KR2,0,3.81,48.50,263.52,2.01,50.00,54.55
미드핑안찍는사람,KR1,3,3.49,45.17,345.95,1.06,50.88,일형 벽력일섬,KR1,2,4.17,51.80,315.01,1.15,52.70,53.33
굉장히화가난상태,KR1,1,5.35,54.29,433.62,0.60,44.29,제레미 도구,KR 1,0,8.75,55.27,283.65,2.24,49.57,68.75
Sunklst,KR1,4,4.95,55.62,380.31,1.23,53.75,롤체로마스터감,KR1,2,2.33,49.30,395.68,0.83,49.41,55.56
90141382del,KR1,4,4.31,50.92,418.39,0.97,46.55,결정적실수,KR1,1,3.34,44.33,402.26,0.71,50.00,60.00
신채로이,0918,1,3.17,49.58,439.31,0.53,71.43,쥐순이람희,KR1,0,3.43,57.00,267.60,2.15,53.91,43.33
뇌지컬 원툴,1117,0,4.84,57.33,268.13,2.70,40.91,Radiohead,124,4,4.55,55.17,367.85,0.91,50.60,41.67
다드림바베큐치킨,KR1,1,3.52,52.08,415.43,0.73,50.00,고굼냥,OoO,0,3.84,50.67,280.33,1.61,53.70,50.00
겜 쉽게 이기는법,KR1,0,3.88,57.23,317.29,2.55,49.43,딜말고도잘넣어요,へーん,2,2.20,39.62,346.66,0.96,0.00,68.18
자윤주,KR2,1,3.49,54.21,410.52,0.72,0.00,연제훈,연제훈,0,2.42,49.38,345.25,1.27,70.00,60.00
MDNbbogle,KR1,1,2.81,46.17,362.86,0.89,53.27,Scan000,KR1,0,3.99,50.36,306.26,1.93,55.64,40.00
챠 랑,KR1,4,3.66,53.00,395.63,1.07,61.11,궁극기를 아끼면 안돼,KOR,2,5.00,42.33,382.57,0.93,54.41,55.56
노트북으로정글연습하는계정,트롤아님,1,2.82,46.68,382.49,1.00,0.00,이즈리얼,5884,1,2.75,49.00,382.35,1.13,54.93,33.33
노트북으로정글연습하는계정,트롤아님,1,2.82,46.68,382.49,1.00,0.00,미 드,과기대,4,6.99,52.30,403.75,1.04,48.44,63.64
most one leblanc,KR1,3,4.69,49.40,429.21,0.95,58.70,다이어트 시작함,KR1,2,3.62,38.94,376.29,0.59,53.06,55.00
원딜하는 멸치,KR1,1,2.96,51.82,424.70,0.75,85.71,다 솜,2000,2,6.01,53.00,379.37,0.93,58.14,70.00
백정97,KR1,1,2.77,48.75,357.96,1.14,46.88,차가운사람,kr11,4,3.22,52.71,364.08,1.23,51.89,41.18
마지막 부계정,last,4,5.73,56.31,414.84,0.95,60.47,정말사연이있어,KR1,4,2.70,47.62,367.06,0.74,53.41,46.15
효 석,KR1,1,3.39,54.73,424.12,0.62,48.21,제라스잘하는사람,KR1,2,3.71,43.09,370.19,0.90,0.00,46.67
김남길,8981,3,1.96,40.91,393.72,0.39,28.57,완정역 키즈,1234,4,2.36,39.33,393.40,0.56,48.63,56.25
김남길,8981,3,1.96,40.91,393.72,0.39,28.57,yoopia,KR1,4,3.04,49.00,392.05,0.53,51.33,40.00
바위마을의매생이,KR1,4,5.00,56.27,384.38,1.42,34.62,권한녀,KR1,3,2.48,41.67,391.21,1.22,0.00,70.83
Teemother,KR1,3,3.10,36.36,415.44,0.71,55.17,탑안오면그냥미드에쳐박아버림,KR132,0,5.76,52.67,269.59,2.29,63.64,70.83
제주유흥문의,주대20,1,2.94,55.22,442.82,0.60,51.18,연동9길38,이찌니,0,4.93,56.17,322.38,2.17,51.82,67.86
탑하는규훈이,3666,2,3.54,51.11,393.59,1.09,36.36,남긴음식,KR1,3,3.53,48.17,375.03,0.72,39.39,46.15
부타동먹고부타가된이재범,19874,4,3.22,45.08,387.80,0.86,44.76,0l현우,KR1,2,2.74,51.38,338.61,1.03,62.50,36.36
트롤플레이어,KR1,0,6.03,49.92,349.80,1.62,53.85,녹 차,1095,2,2.20,47.33,399.99,0.67,53.17,61.54
싸없새야,KR1,2,4.01,51.43,393.48,0.53,48.37,실내사정,해줄까,3,3.26,39.00,348.38,0.66,0.00,45.83
스이긴토,KR2,3,1.93,23.00,360.03,0.48,86.67,차단하고캐리함,KR1,4,3.06,50.27,358.02,0.86,37.04,43.48
소명문명,KR1,3,2.36,42.91,428.95,0.70,53.12,므히히히,KR1,0,2.65,48.65,342.36,1.52,43.59,53.33
gamgyul,kr333,1,2.72,51.50,424.23,0.54,50.70,유토피아YC,KR1,3,2.29,44.67,401.27,0.82,66.67,33.33
Snow Step,1234,2,3.14,44.33,351.74,0.87,33.33,다이아에갈사람,KR1,3,3.39,36.00,414.55,0.63,49.44,37.93
발꾸락요정,KR1,4,3.67,49.19,412.53,0.66,53.61,다리가아파영,KR1,3,2.44,37.86,376.28,0.85,49.46,27.27
워 익 이 다,KR1,3,4.02,45.26,407.15,0.84,50.00,무선반장,KR1,1,3.77,49.25,366.58,0.96,56.36,50.00
Nerd Stupid,KR1,3,3.20,45.15,399.26,1.17,42.86,무쇠빠따복현진,kr2,2,2.66,36.44,347.87,0.71,44.44,45.45
더 월드 오버헤븐,KR1,4,3.34,50.85,358.37,0.80,58.33,하츠라츠,KR1,1,2.99,40.67,369.06,0.39,55.75,50.00
술 한 모금,KR1,4,4.62,54.42,400.81,0.74,48.80,역대급 천재 탑,KR1,3,3.30,43.60,347.46,0.94,0.00,40.00
민규 심,KR1,3,3.78,38.80,380.71,0.45,40.00,고양이상얘쁜누나,KR1,2,2.48,45.70,400.59,0.39,52.63,50.00
선화야색깔이어떻게울퉁불퉁하냐,울긋불긋,2,3.26,46.43,358.88,0.79,57.14,내무습다,KR1,4,4.13,55.00,365.94,1.56,55.00,68.75
정글액,KR1,3,3.25,51.74,398.46,1.11,68.42,다홍이,KR1,2,2.88,50.00,332.56,1.20,59.38,70.00
정글액,KR1,3,3.25,51.74,398.46,1.11,68.42,어떤 이의 꿈,KR12,4,4.25,47.29,391.13,0.86,52.83,70.00
AKMID,KR1,2,4.01,52.07,392.83,0.79,53.33,쏘환사,KR1,3,2.89,39.44,340.21,0.62,0.00,53.33
김은하,0126,3,3.44,46.24,370.83,0.75,72.00,Dvil,KR1,3,2.95,40.00,365.25,0.80,48.84,64.29
xnoparasitisme,KR1,0,2.85,58.75,351.47,1.56,50.00,정글메뚜기,KR1,4,3.60,45.46,399.66,0.73,51.55,35.00
OMEGA시티,KR1,4,4.39,52.00,418.58,0.79,59.15,목동토박이,KR1,3,3.83,46.21,355.25,0.83,61.70,66.67
김준정,KR1,2,3.93,49.20,412.06,0.61,64.29,로밍 가지마,KR1,1,6.71,46.17,396.99,1.18,53.57,61.54
야줌싸개,KR1,0,6.41,57.36,292.91,2.12,53.33,낭만파천태식,YSD,1,4.18,46.78,383.73,0.68,52.20,57.69
아름다운아띠,KR1,1,3.52,42.79,431.77,0.79,45.40,곰세마리한집에,KR1,4,6.53,51.86,374.72,0.86,56.76,76.92
나현공주,바보바보,1,5.66,53.23,460.52,0.68,62.35,조선제일총검,야스오원챔,3,2.88,46.32,384.83,0.62,50.00,66.67
bami,0302,3,3.42,39.21,340.45,0.91,54.84,엿드세요,7895,2,4.82,49.67,369.92,1.11,45.37,66.67
어떻게이게게임,KR1,2,2.79,41.06,356.97,0.89,55.31,Raina Esprit,KR1,4,3.19,51.93,384.10,0.94,75.00,46.15
김D현,D의 의지,0,4.57,59.00,285.20,3.06,54.62,마 니,마 니,1,3.34,41.46,314.73,1.16,45.85,44.44
핑핑이,핑핑이다,2,2.95,48.77,387.36,0.57,0.00,여기와드해줘,KR1,0,3.62,41.09,269.95,1.55,52.17,43.33
김정밈,KR1,4,5.85,45.08,380.31,0.89,60.98,벌레팀운,KR1,3,3.61,39.45,385.11,0.57,46.22,81.82
티므싱,KR1,0,3.23,61.86,261.08,2.20,46.15,시바이누,1111,3,3.59,42.33,421.20,0.60,50.00,43.33
라두야 놀자,KR1,4,5.86,56.67,419.51,0.60,60.00,체뿡둥이,KR1,0,3.27,48.92,354.29,1.29,41.96,63.33
마지막 로그아웃,한판만할까,2,3.51,50.27,394.35,0.95,51.72,죠지키우기,KR1,0,3.03,50.12,313.17,1.53,48.76,48.28
도지마의 용,배그만탈거,3,2.71,39.26,373.55,0.56,39.47,구미불기둥,KR1,2,4.17,39.80,392.71,0.55,0.00,54.55
후라이치퀸,KR1,3,2.86,37.58,411.02,0.64,61.76,아리스토탈났으,KR1,0,3.75,51.59,352.94,1.22,40.00,71.43
바다꽃입,KR1,0,3.54,48.83,335.31,1.74,56.36,시가 현실적이면,시리얼,2,3.82,53.45,377.27,1.01,77.78,56.25
CJ CornFrost,KR1,4,3.62,52.70,366.90,1.29,55.09,IKnowWhat U Want,KR0,2,3.26,45.06,339.83,1.14,0.00,40.00
zl존무적성호,KR1,0,4.35,49.00,326.27,1.41,55.19,빈티지원딜,KR1,3,3.43,45.95,363.42,0.85,49.15,66.67
abhorret,KR1,4,4.02,69.50,395.44,1.10,84.62,슈발섀기,KR1,2,3.89,44.30,335.81,0.91,44.44,58.82
abhorret,KR1,4,4.02,69.50,395.44,1.10,84.62,우산초빵셔틀,KR1,1,2.43,40.45,339.49,0.73,41.03,41.67
여응차아,KR1,3,4.20,48.23,426.23,0.61,54.41,연승하고싶어요,제발요,0,3.06,42.85,317.62,1.34,50.19,53.33
오딱석,오딱석,3,1.62,39.73,358.40,0.88,44.52,차카타파,KR1,2,2.61,40.64,377.61,0.60,49.09,36.36
파워 슬램,부 캐,1,3.24,52.06,467.75,0.61,58.54,giny216,giny2,0,4.77,64.00,281.66,1.54,42.86,59.09
판수생배,KR2,2,3.35,39.92,367.13,0.74,46.38,02년생아칼리장인,KR1,4,4.52,56.89,431.17,0.73,50.00,57.14
희끄희끄,KR1,1,2.45,46.93,398.46,0.91,54.19,블루나,2199,0,5.24,60.50,253.78,2.07,49.71,50.00
아이묭티케팅실패한사람되팔이엄마,다죽어라,0,6.98,53.70,326.31,1.64,0.00,WWVWWWWVWWVWWVWW,KR1,2,3.11,43.63,375.63,0.77,50.92,40.00
순식간에 현지 적응,팀운도실력,4,4.82,56.00,469.60,0.90,0.00,2593409391953184,KR1,1,4.91,47.92,470.13,0.61,0.00,93.33
H2DE,8207,2,2.34,43.64,355.60,1.21,0.00,둔탁한 한방 딱대,KR1,3,1.94,35.00,352.04,0.49,50.00,60.00
아 윤,0224,0,4.88,52.16,297.13,2.48,0.00,동덕여대 화이또,KR2,3,2.92,49.14,388.29,1.07,55.56,60.00
괴물성현,KR1,2,3.84,48.62,423.81,1.01,0.00,토일월화수목금자,KOR,3,3.37,38.75,342.82,0.67,50.00,69.57
성원의하루,KR1,4,4.23,54.60,365.86,0.96,54.29,スフ大O,从人巨大,3,3.92,45.89,374.95,0.94,49.33,50.00
UNKNOWN,PB20,2,3.87,54.30,434.10,0.78,0.00,暢 揆,李 家,4,4.32,53.67,348.33,1.01,53.33,45.45
작 콩,땅 콩,1,2.94,49.08,413.44,0.55,58.23,땅 콩,작 콩,0,4.08,53.29,263.24,1.88,58.23,44.83
오용준용,KR1,2,4.06,47.38,385.61,0.81,57.89,별이주인,KR1,0,4.34,45.59,346.72,1.38,55.96,50.00
이도류7088,KR1,3,3.45,36.78,382.66,0.50,52.87,01038280241,맞짱전화고,3,1.77,40.83,411.57,0.64,52.86,53.85
AD연습전용,KR1,1,3.40,46.11,424.70,0.50,51.41,최   영   건,SNS,0,4.15,62.43,280.84,2.38,0.00,75.00
인간콘돔김찬호,KR1,2,5.28,51.91,428.71,0.79,66.67,유현이,KR1,3,2.98,45.57,390.49,0.67,50.22,60.00
고난과역경이가득,KR1,4,2.89,40.50,388.26,0.67,38.46,청 명,화산검협,3,2.77,45.24,367.59,1.14,54.55,30.00
중앙초두목,KR1,1,5.42,54.80,428.47,0.88,55.56,기 슥,KR1,0,4.37,53.47,360.07,1.43,50.88,71.43
물초롱,KR1,3,2.96,56.56,443.76,0.84,55.68,mulchorong,KR1,4,3.23,53.36,354.47,1.36,38.60,63.16
물초롱,KR1,3,2.96,56.56,443.76,0.84,55.68,니코가니코속으로,KR1,0,3.86,53.55,277.90,2.07,40.00,30.00
최초원딜안중근,대한독립,1,3.22,45.70,396.94,0.71,51.02,자 스 민 탕,KR1,3,3.49,35.59,378.76,0.99,53.19,62.50
모지혜사랑꾼,황태규,4,3.41,45.18,354.01,0.70,55.56,손승현,0404,4,3.74,53.25,361.05,0.95,50.22,50.00
채댕이,KR12,1,3.79,60.56,414.91,0.85,60.00,volkswagen,289,0,8.66,56.00,317.17,1.86,47.47,37.50
안대쓰고자면안대,KR1,3,4.83,45.80,396.78,0.81,51.85,MonsTre,괴 물,1,4.08,42.56,372.45,0.86,50.00,61.54
벽 느낄 때까지,KR1,1,4.21,46.92,396.86,0.99,0.00,암흑대군주,KR1,2,3.84,43.77,349.09,1.14,54.67,30.00
그저평범한닉네임,KR1,3,2.79,40.09,427.26,0.40,60.00,제주납읍리감귤,KR1,1,4.00,45.89,391.71,0.53,48.09,55.56
기무퍽춘,KR1,4,8.18,52.75,374.52,1.24,50.85,항공대 조춘식,KR1,4,2.80,49.40,365.96,1.00,30.00,55.56
너희어머,CC기,3,2.33,50.15,431.18,0.95,49.18,알프레드 아들러,7777,2,3.77,57.50,403.03,1.09,57.14,41.18
twin1,KR1,4,4.69,52.27,410.64,0.67,52.54,twin2,KR1,2,5.71,54.00,421.00,0.77,0.00,76.47
구라링,KR1,1,3.47,42.15,390.01,0.96,58.90,칸쥐순,КR1,0,6.39,55.67,266.70,1.70,48.44,51.72
망곰이,bear1,4,5.38,56.62,405.57,1.13,65.79,터지지좀마봐,KR1,0,3.94,49.00,329.15,1.50,42.86,61.11
끄어어엄,KR1,3,2.26,45.39,406.40,0.77,50.42,글러먹은인간,KR1,4,4.26,42.62,388.77,0.76,0.00,61.54
장관빌라,KR1,0,3.40,49.00,293.54,2.24,54.90,너희집에 모히또,KR1,3,2.64,38.50,398.83,0.60,47.83,66.67
제라스뿅뿅,KR1,1,4.84,53.00,405.19,0.70,48.00,벨코즈뿅뿅,KR1,2,4.54,45.27,350.18,1.29,47.06,55.56
라이꾸2,KR1,1,4.48,52.46,410.85,0.87,65.00,그럴려고 그런게,KR1,4,2.27,42.07,350.44,0.88,49.24,50.00
떠뽀끼,맛있엉,4,4.60,60.00,441.92,1.04,70.31,2727423433147520,KR1,0,3.01,49.83,277.61,2.05,0.00,35.00
박보영,1838,0,2.37,47.96,325.36,1.54,51.61,북조선인민로동당,KR1,3,2.69,43.12,352.37,0.56,58.33,35.71
토마토에전기충격을주는기계,KR2,2,4.37,58.12,390.20,0.86,52.14,인생이모르겠다,KR1,2,4.75,46.30,337.91,0.95,47.00,68.42
1분대상병권준하,KR2,2,2.78,44.75,452.11,0.63,52.73,김깽한,KR1,1,4.93,53.40,393.42,1.16,0.00,40.00
sbbbbbbb,KR1,3,4.00,38.69,394.77,0.45,53.23,윈 터,6872,1,3.42,52.64,371.66,0.99,55.08,57.69
무적해병기욱박,KR1,3,2.42,44.77,382.26,1.09,48.72,옆집할매폐지뺏기,KR1,1,1.57,43.19,365.81,0.96,51.00,40.00
용성아름,KR1,1,5.63,51.32,458.01,0.68,33.33,Xiao zhiouu zang,KR1,0,4.22,50.67,260.69,2.33,44.00,70.00
대전 박격포,KR1,1,4.35,47.33,415.01,0.52,0.00,한방에보내는남자,KR1,2,4.42,48.00,375.36,0.78,47.14,60.00
대전 박격포,KR1,1,4.35,47.33,415.01,0.52,0.00,Steel Shadow,KR2,4,4.76,58.60,357.59,0.87,57.14,60.00
Lv 1 최은찬,KR1,0,5.01,52.00,304.62,2.21,50.00,GEN canyon,KR 11,1,2.76,49.92,390.91,0.84,50.00,64.29
너의최애가돼주마,KR1,1,2.06,38.62,391.48,0.97,0.00,언어장애핑구,KR1,0,3.81,50.29,359.20,1.36,0.00,64.29
O0O0O0O00000O0O0,KR1,2,3.13,49.09,399.38,0.84,50.00,Angry seong,KR1,1,2.88,38.44,404.87,0.63,52.17,54.17
자객의발톱사이온,KR1,3,2.31,49.35,379.05,1.01,45.16,신명철,KR1,2,3.53,49.71,382.85,0.73,54.84,40.00
빵빵이,6220,2,3.89,50.00,396.78,0.98,63.89,아레나,모루장인,0,3.65,48.38,311.77,1.91,50.26,58.33
빵빵이,6220,2,3.89,50.00,396.78,0.98,63.89,네이버,earsd,4,2.99,48.27,392.74,0.75,0.00,41.67
개가튼내일,KR1,0,4.90,52.59,284.52,2.26,20.00,엿가튼내일,KR1,1,3.09,46.17,432.48,0.79,48.28,56.67
돼 지,7777,3,3.19,46.42,454.48,0.96,66.67,한번만봐주세요,PLZ,3,4.47,46.86,354.95,0.84,0.00,52.94
초코집과자,자과집코초,1,2.75,44.62,354.47,0.84,50.00,1RAOE,KR1,0,2.26,48.62,394.96,0.85,50.00,64.71
너일루왕이새킹,0617,0,4.97,54.44,348.11,1.66,0.00,ObliviateO,KR1,1,3.33,41.44,315.35,0.68,54.61,58.62
저도찾지마세요,KR2,2,4.80,50.47,404.45,1.30,0.00,dlsjkdisudwn,KR1,1,3.77,42.21,389.32,0.88,50.31,53.85
영슈야,0502,1,5.81,51.92,354.19,1.51,52.06,몽토야,0502,1,9.18,63.08,470.68,0.85,52.00,64.29
현지인이다살살해,KR1,2,2.69,47.25,377.66,0.66,40.00,수튜브구독자,KR1,3,3.88,42.73,374.48,0.76,45.12,53.85
현지인이다살살해,KR1,2,2.69,47.25,377.66,0.66,40.00,무야 볼리베스,2352,3,3.08,45.21,339.77,0.75,56.65,40.00
고양이키울래여,KR1,2,4.10,48.04,405.35,0.83,58.33,정글이왕이다,KING,4,2.80,47.80,374.50,0.87,51.61,50.00
바위게그라탕,KR1,4,4.26,49.83,349.71,0.96,0.00,Aurora Reflex,무지개반사,2,4.72,37.82,350.92,0.67,48.70,46.67
쑤미마셍,KR1,0,4.51,53.40,296.62,2.09,48.98,코딩의노예개발자,KR1,2,2.73,39.00,385.18,0.79,46.43,40.91
뱀 탕,KR1,1,4.89,48.94,444.60,0.86,0.00,つoωoつ,愛してる,0,7.03,54.40,252.62,2.23,47.54,50.00
메가트리움,KR1,0,4.32,50.25,275.03,2.10,57.58,박대춘,KR1,3,3.00,45.00,312.50,1.01,47.14,63.64
으니우니,KR1,3,3.19,50.38,363.52,0.74,56.32,당뇨고혈압문신충,123,2,3.88,54.50,385.99,0.63,47.34,47.06
솔랭 키아나,KR1,0,9.00,61.50,472.80,1.31,76.47,깡규얌,KR1,1,6.08,58.20,529.35,0.51,60.42,73.33
RPG배틀짱,KR1,2,5.13,41.50,365.28,0.83,75.68,와플곰돌이,KR1,4,4.56,55.73,370.70,0.92,52.17,46.67
맥도널드알바생,KR1,2,5.49,44.06,408.37,0.66,51.61,중요한순간딱한번,KR1,3,3.85,34.71,347.04,0.81,48.97,87.50
홍민찬,0828,4,4.09,41.36,393.28,0.79,37.50,Protoss,KR11,1,2.81,41.42,351.71,0.79,63.16,69.23
마오니대장,KR1,1,4.80,48.88,371.36,1.02,52.38,USINGKING,KR2,2,3.83,45.17,398.49,0.83,56.12,52.94
삼겹살에 소주 한잔 먹고싶다,참이슬,4,3.32,49.33,418.66,0.62,0.00,Shieda Kayn,0112,4,3.03,47.50,327.69,0.79,53.68,50.00
민수의왕자근,KR1,3,3.03,41.30,406.55,0.76,49.79,제가 지켜볼게용,KR1,2,3.62,45.39,408.51,0.79,52.94,66.67
5ushi,KR1,0,4.42,53.27,267.65,2.32,57.89,THE블루스,KR1,1,5.34,47.31,409.05,0.51,40.24,57.14
화나면울려요,KR1,2,3.51,49.19,399.24,0.84,57.14,초코와퍼,KR1,3,2.02,42.17,369.29,0.57,49.27,66.67
늑대파대대장,KR1,3,2.31,50.00,379.90,0.78,59.76,이기는법을까먹음,못이길듯,2,3.50,46.82,356.44,0.77,62.07,41.67
소환사0831,KR1,1,4.08,51.21,396.59,1.12,0.00,미쯔냠냠냠,KR1,0,2.66,49.60,266.71,1.50,0.00,71.43
wakuwaku,oui,0,3.81,55.25,291.88,1.75,57.84,DOEUIZZANG,요로시쿠넹,1,3.54,51.33,442.11,0.77,0.00,50.00
이게정성엽,KR2,2,3.53,46.29,397.24,0.83,54.55,최형우홈런,KR1,4,5.00,49.25,422.80,0.57,42.86,57.14
못 이겨도 좋아요,KR1,3,3.87,40.33,406.09,0.58,35.29,가난한용사는오늘도히어로를꿈꾼다,030,2,2.27,46.05,358.50,0.81,56.52,50.00
미스터하딘,KR1,3,2.70,38.38,394.20,0.55,51.08,Lutara,KR1,0,2.94,48.45,335.74,1.98,56.45,30.77
Suvita,KR1,0,5.60,58.15,341.96,1.81,55.56,good5768,5942,4,2.35,43.70,380.00,0.67,53.97,60.00
돈언제갚니,KR1,1,2.74,46.55,358.90,0.96,61.82,Zed,a3338,2,2.22,34.33,365.72,0.70,34.09,45.45
Lions,blue,3,5.41,48.70,459.08,0.82,57.69,여유로운삶,KR2,0,3.99,55.88,366.52,1.22,39.39,40.00
김세딕,KR1,0,3.55,49.90,310.53,1.65,55.56,FATE,KR22,1,2.43,44.50,351.64,0.75,55.24,57.14
곽튜브,곽곽디라라,3,2.72,41.05,422.32,0.46,52.22,FIash Mochi,7942,4,3.64,42.33,368.34,1.03,52.27,60.00
곽튜브,곽곽디라라,3,2.72,41.05,422.32,0.46,52.22,집에만있구싶다,KR1,0,5.85,57.80,268.77,2.31,0.00,60.00
겨 울,0524,4,4.75,52.25,345.32,0.79,65.22,하츄핑,KR05,4,4.55,51.25,354.60,1.24,45.21,50.00
귤 머 금,KR1,2,4.82,39.12,429.60,0.67,53.33,우주최강박솔,박 솔,3,2.67,39.85,335.43,0.62,55.88,61.54
귤 머 금,KR1,2,4.82,39.12,429.60,0.67,53.33,미움받을 용기,1470,2,3.88,43.88,345.99,1.12,48.18,90.00
져니몽,KR1,0,3.34,47.40,279.51,2.34,0.00,탈모문돼요실금환자 서성빈,KR3,4,4.68,54.22,406.01,0.63,45.83,57.14
다패죽인다,십련들,0,4.46,51.78,346.92,1.34,52.03,Powder,JXNG,1,2.80,48.67,384.12,0.73,54.69,45.45
열심히한다구요,KR1,2,6.20,56.00,402.38,0.72,53.85,기숙사 마피아,KR1,1,5.68,46.17,411.92,0.83,48.39,44.44
김차뉘,KR1,4,4.35,46.89,390.33,1.04,52.00,범죄자인사람,KR1,0,2.69,45.25,279.07,1.98,55.13,60.00
호롤롤로욜로,KR1,2,6.23,46.00,388.11,0.91,0.00,오늘살이,today,4,2.94,49.44,356.77,1.11,44.29,70.00
영등포피바다,KR1,3,5.20,44.11,384.63,0.80,63.16,GET1,KR1,1,3.77,46.67,412.27,0.46,37.78,54.55
싸이비 교주,KR1,0,4.34,57.50,292.27,1.91,50.72,하아리,KR1,2,3.75,48.56,380.70,0.91,53.33,50.00
까꿍 ,발로란트,3,3.40,46.35,403.20,0.90,55.32,노망치,KR1,4,5.43,45.95,385.53,0.75,65.22,66.67
포 위드 썬,KR1,3,2.91,44.00,379.74,0.79,0.00,다시한번처음처럼,KR1,2,3.12,47.00,370.81,0.81,52.22,41.67
Aileri,정 품,3,2.77,40.40,375.67,1.00,75.00,채팅못보는사람,KR1,3,2.70,41.47,408.14,0.63,52.29,40.00
아 수 라,1111,0,3.52,57.33,293.80,2.00,42.62,믿어요 정글러,KR1,3,2.69,49.00,440.05,0.64,49.59,47.06
첼로신발주머니,KR1,3,3.26,43.96,425.97,0.82,50.43,메 르,KR1,0,5.36,52.67,317.32,1.53,66.67,60.00
Center Forward,KJS,3,2.70,43.74,361.76,1.04,37.50,1티어 쉔서폿,KR1,4,3.32,46.53,425.15,0.83,53.19,41.67
Center Forward,KJS,3,2.70,43.74,361.76,1.04,37.50,소호동데브라위너,KR1,4,3.81,46.54,391.75,1.05,42.42,60.00
배뱁티,KR1,1,5.56,40.53,363.89,0.81,56.00,윤 씹 섭,KR1,4,4.87,50.79,453.45,0.73,50.00,70.00
한자보,KR1,0,2.81,53.64,309.77,1.50,68.75,장인은도구탓한다,KR1,1,3.04,50.86,444.89,0.54,46.67,54.55
한자보,KR1,0,2.81,53.64,309.77,1.50,68.75,톳트넘명예소방관,KR1,2,3.89,46.50,403.24,0.94,51.55,63.64
피크닉민초맛,KR1,0,3.13,53.50,285.94,2.55,0.00,누가 막을건데,KR2,1,4.89,46.53,395.19,0.52,58.97,80.00
Db다이너마이트,KR1,2,5.03,46.42,430.76,0.64,48.65,1학년8반체육부장,KR1,0,5.30,48.10,318.11,1.69,50.00,75.00
귀찮을때짓는이름,KR1,1,4.60,52.69,432.47,0.61,52.46,멀고먼꿈,KR123,0,6.25,59.20,304.71,2.05,50.00,57.69
샥샥푸슉,KR1,1,3.07,53.29,413.16,0.90,46.67,도망가는라쿤가족,1111,0,5.17,59.25,274.21,2.04,54.90,45.83
IIIIII,lIllI,2,5.08,49.00,368.52,1.44,51.31,P0P0,KR1,4,3.27,37.50,353.01,0.85,52.35,90.00
응애 나 태워줘,KR1,1,3.58,53.69,392.04,1.17,54.55,Ucalyptus,KOR,0,3.41,54.53,366.33,1.48,25.00,57.14
요 한,2001,2,3.92,48.00,418.42,1.00,62.79,다이예나,형냐들,0,3.38,51.75,281.58,1.55,40.58,75.00
Húndàn hánguó ré,CN1,4,6.04,55.35,452.74,0.81,50.00,공격횟수,KR1,2,3.14,37.00,357.98,0.63,0.00,50.00
싹바가지,1111,3,2.13,39.16,390.69,0.55,52.42,비타헬스수건도둑,KR1,4,3.30,42.35,375.58,0.61,61.16,51.85
섹시한 스테이크,8877,3,2.66,38.00,424.28,0.89,52.00,창 조,3949,3,1.38,40.00,368.36,0.61,53.02,53.33
나는준비됐지,KR1,1,4.06,43.55,414.56,0.76,52.62,허성재따먹기,KR1,2,3.05,48.06,400.12,0.93,66.67,54.55
사카밤바스피스,KRI,3,3.01,46.15,410.10,0.76,45.98,박다원존1나꼬집기,8691,1,6.34,51.75,436.65,0.67,44.00,65.00
요구르트보이,0305,2,3.99,53.36,402.40,0.93,0.00,펄스 걸 게이틀린,KR1,0,4.66,55.81,334.47,1.76,53.06,33.33
강 우 진,5453,3,3.48,39.88,380.72,0.77,50.62,강우진 사랑해요,KR1,4,4.54,47.43,380.12,0.91,50.00,70.00
재밌는거할래,Tarzo,4,3.73,53.90,423.48,0.97,56.25,사이코,4685,1,2.49,38.50,380.35,0.51,53.85,80.00
크리스티아누 임채민,siuu,0,3.73,53.05,322.50,1.77,50.71,Gaйg,KR1,1,3.36,45.85,435.48,0.69,46.88,54.55
ym2003,KR1,1,3.35,46.39,413.09,0.77,0.00,1010,0723,2,4.06,46.60,388.65,0.77,43.59,50.00
ym2003,KR1,1,3.35,46.39,413.09,0.77,0.00,명예5레벨도전한다,KR00,1,3.36,49.00,401.33,0.75,0.00,70.00
강한여성상,KR1,2,4.16,55.96,411.24,1.07,42.86,1단카정을가,1010,4,4.34,46.09,370.61,1.08,46.15,60.00
허니즈유지,zyuzi,3,3.70,42.12,388.79,0.65,47.62,쥐 후,KR1,2,4.34,48.11,407.84,0.86,54.55,66.67
허니즈유지,zyuzi,3,3.70,42.12,388.79,0.65,47.62,용용이즈유지,zyuzi,2,3.05,48.27,394.93,0.62,46.27,66.67
네모건달스폰지밥,KR1,1,3.58,54.00,422.54,0.79,0.00,뾰족머리삼도리,KR1,1,4.55,46.10,384.54,0.81,72.00,64.29
네모건달스폰지밥,KR1,1,3.58,54.00,422.54,0.79,0.00,유지혁,유지혁,1,1.69,38.61,371.53,0.69,50.76,70.00
두락두,RAKDU,1,6.03,48.40,410.41,0.82,50.60,22영,KR2,3,3.03,43.19,358.68,0.87,53.25,55.00
노벨고혈상,스프링랄러,2,4.52,47.11,349.96,1.04,56.07,딸기맛 소농민,KR7,1,2.64,56.70,336.35,1.03,63.77,47.83
Excusez moi,Adieu,3,2.68,49.33,421.74,0.65,69.23,ZCXF,KR1,2,1.87,39.50,416.35,0.61,54.17,56.00
배고파요밥사줘,KR1,2,2.51,41.64,390.22,0.92,52.55,샤와프후,KR1,4,4.28,52.91,384.70,1.02,55.96,50.00
그래서뭐어쩔건D,KR1,0,5.19,54.43,262.49,2.59,47.06,MANIAC,SSS,2,3.60,52.36,418.58,0.83,56.57,53.85
그래서뭐어쩔건D,KR1,0,5.19,54.43,262.49,2.59,47.06,장군의 길,KR1,2,2.78,49.06,438.56,0.75,86.67,63.64
메숭이,jh94,4,2.42,43.77,385.57,0.90,51.97,막기장인,KR1,0,1.98,36.13,271.73,1.33,56.10,36.36
착하게살자니까,KR1,4,4.18,62.50,447.31,0.95,83.33,짜릿하게 해줘,KR1,3,2.22,39.15,386.63,0.70,45.61,40.00
꽃처럼 아름답게,KR1,2,7.24,57.71,387.38,1.44,0.00,,,-1,0,0,0,0,0,90.91
김우G,KR1,2,3.72,50.38,408.10,1.01,60.53,밍 키,016,4,2.19,48.67,405.89,0.73,49.42,63.64
은둔쌉고수,KR1,2,4.84,55.75,450.04,1.14,80.77,겟앰프드,KR 1,4,6.87,44.00,367.54,0.92,45.68,60.00
세쿠시 남,VV1,3,3.32,49.41,384.07,0.93,0.00,코스모스,S10,4,3.51,40.00,314.09,0.77,40.54,54.55
그거슨 모슨,KR1,3,3.03,49.00,337.15,1.30,53.21,도구수준,KR1,3,2.40,44.89,337.59,1.15,47.37,60.00
모 밋,KR2,0,4.80,49.40,404.91,1.34,0.00,MiniM,kr99,2,4.96,51.50,481.74,0.75,40.83,75.00
ヲ ヲ ヲ ヲ,KKKKK,3,4.57,51.72,403.92,0.92,0.00,내가 더 잘할게,KR30,1,3.95,49.43,403.09,0.66,46.53,61.90
허허그럴수있지요,참을인,3,2.60,46.82,421.23,0.72,60.34,명문도가,도센세,2,3.02,44.58,363.11,1.23,54.21,74.07
김국연,KR1,3,2.98,43.33,353.61,1.04,60.00,moonlight,W900,1,2.34,35.62,362.33,0.61,34.78,54.55
Innocent fun,KR1,4,5.63,50.80,349.22,1.07,52.87,퓨즈다 도망쳐,KR1,3,3.13,40.15,407.88,0.47,50.00,63.16
Innocent fun,KR1,4,5.63,50.80,349.22,1.07,52.87,Moon wol,KR1,3,3.31,41.13,378.54,0.69,70.00,36.36
보라색맛나쏘,0000,0,4.96,58.00,278.26,2.25,50.31,15 gg open no,KR1,1,3.43,47.88,444.56,0.58,60.00,58.33
지 늉,KR1,4,5.30,55.32,344.79,1.31,55.17,혜찬들,KR1,3,1.99,39.64,357.71,0.84,52.25,92.31
지 늉,KR1,4,5.30,55.32,344.79,1.31,55.17,내머리로딩중임,KR1,1,4.16,44.82,375.87,0.74,22.22,25.00
아응애에요,KR2,2,2.89,47.88,405.89,0.77,64.71,와드 아껴 집사기,KR1,1,3.56,39.25,369.28,0.63,52.01,70.00
송기쁨,happy,1,4.60,53.70,423.81,0.75,50.00,못멍개,KR1,0,4.98,49.44,298.35,1.92,0.00,57.14
kikiboy,KR1,0,4.29,47.06,337.54,1.15,0.00,강 깍,KR1,4,3.74,53.25,370.25,0.90,50.65,35.71
kikiboy,KR1,0,4.29,47.06,337.54,1.15,0.00,비연질풍용신각,아아아,1,3.75,45.86,400.38,0.82,50.72,50.00
태 환,KR태환,4,4.56,53.12,393.55,1.18,77.78,차민엽,KR1,4,4.19,45.33,337.99,1.21,46.51,60.00
아가 포로,KR1,0,4.24,48.60,281.40,2.02,44.44,사 콩,KR1,3,3.48,44.10,368.83,1.00,57.01,72.41
RS1999,KR1,0,9.14,59.38,341.76,1.99,42.50,벚꽃동화,KR1,1,2.35,38.20,381.03,0.57,51.46,83.33
야속한 박스,KR1,4,6.23,49.92,342.90,1.37,64.29,야속한 팀원,KR1,2,4.50,37.22,359.85,0.55,47.83,61.90
김인규02,맹맹맹,4,4.93,49.12,398.67,0.91,50.00,아이돈캐어,KR1,2,3.70,48.88,429.92,0.89,35.71,58.33
아구바구,kr3,0,5.04,49.33,348.46,2.28,71.43,RaPi,SUP,0,5.60,52.29,265.38,2.93,44.33,80.00
TKZ01,KR1,4,5.04,55.67,391.53,1.02,48.57,홍정섭,1231,1,4.08,53.06,373.49,1.26,54.02,53.33
minqi,KR2,2,3.84,54.63,432.69,0.97,58.57,면뭔모,KR1,0,3.45,50.55,282.75,2.19,0.00,82.35
hanuleric,KR1,4,3.37,55.50,409.19,0.77,64.86,cheche,KR1,1,4.01,44.06,400.46,0.45,72.22,61.54
명띵교,KR1,2,4.61,49.94,374.71,0.95,55.56,I크로니D,KR1,4,2.95,45.43,386.02,0.82,52.81,57.14
ThanksgivingDay,LG1,4,4.06,47.47,399.21,0.97,55.88,페이커식 전령 박치기,dino,2,4.38,41.75,368.87,0.89,0.00,80.00
네오미아,kr2,1,2.67,51.69,387.22,1.26,61.90,뽀송연우,kr3,0,4.96,49.90,383.10,1.23,57.89,58.82
A GOOD PLAYER,KR1,3,2.63,41.00,378.77,0.50,52.68,favorite winter ,KR1,2,1.79,36.58,355.82,0.62,50.00,46.67
조산희,KR1,3,3.27,50.43,350.29,0.94,77.78,핀 겸,KR1,1,2.35,43.11,374.88,0.71,40.00,63.64
창혁박,KR2,3,4.63,36.80,341.80,0.73,58.39,왜노력을아끼는가,KR1,2,3.17,42.81,364.81,0.90,51.77,70.00
텐타시온,KR1,2,5.01,55.58,427.03,0.73,0.00,블루잭8,KR1,4,4.40,43.82,395.17,0.73,48.70,62.50
나르조아119,KR1,0,3.28,42.60,331.02,1.65,43.61,파이크 인생,KR1,0,2.08,40.68,347.38,0.99,52.32,38.46
내 지금 개빡칫다,KR1,2,3.77,38.33,376.73,0.81,52.17,믿기싫음믿지마걍,123,2,3.22,41.17,365.50,1.06,65.52,73.91
석남동 쌍칼,KR1,3,4.76,43.31,376.57,1.01,43.24,스몰더 킹,펄럭펄럭,1,5.60,45.64,391.73,0.99,42.65,56.67
꼬북칩사져,KR1,2,3.10,48.21,376.02,1.15,62.50,레 이,귀여워,0,3.42,48.71,331.06,1.67,51.72,63.33
시크릿쥬쥬,9999,3,3.22,42.67,368.11,0.86,56.52,빅 맘,룰루해적단,0,2.83,47.62,272.70,2.26,52.34,63.33
키 컸,KR1,1,4.53,51.08,383.28,0.63,53.93,선 린,KR1,0,2.20,42.77,290.52,1.88,50.64,50.00
KATA FR,KR1,2,3.08,53.00,393.07,0.87,50.46,루시안,KR200,1,2.76,44.75,367.70,0.70,55.00,66.67
KATA FR,KR1,2,3.08,53.00,393.07,0.87,50.46,신난다,skrrr,1,2.79,53.64,402.48,0.52,51.40,58.33
낭 만,hys,2,4.71,44.00,389.89,0.94,49.06,YEEEEAAAAHHH,KR1,0,3.00,43.22,312.49,1.29,57.14,71.43
大丈夫dingdingding,ding,4,7.60,47.50,425.41,0.99,53.85,구룡포임중사,KR1,2,3.69,43.54,385.51,0.76,0.00,92.00
전인석,1999,2,4.16,45.11,356.19,1.01,50.00,소원아 정말 사랑해,0215,1,1.98,42.50,383.40,0.72,51.04,50.00
고 수,KOR,1,3.66,49.76,427.08,0.66,53.06,급 으,KR1,0,5.33,51.64,337.73,1.20,67.65,51.85
WakeupFi1thy,1106,3,2.74,34.41,386.18,0.66,23.08,칼과 방 창패,KR1,3,3.83,39.30,430.78,0.63,52.54,75.00
WakeupFi1thy,1106,3,2.74,34.41,386.18,0.66,23.08,Jocelyn FIores,KR1,3,4.04,53.26,357.03,1.42,52.27,58.33
탑가는사람,KR2,0,3.81,49.22,382.36,1.37,54.91,뚱땡지,태 성,4,2.52,46.95,345.37,0.86,34.62,65.00
4차원 주머니,도라에몽,1,3.76,43.33,312.68,1.14,41.79,정 글 러,잘하는사람,4,5.18,60.00,420.47,0.86,54.21,45.45
젠 장,KR2,1,2.74,43.67,385.65,0.82,48.78,술 마실 나이,KR1,3,5.03,47.42,377.57,0.85,54.55,58.82
나희공주나희,KR2,0,3.45,53.00,313.05,2.91,48.33,포 포,소 연,1,4.45,48.00,321.97,0.69,53.59,56.52
정글럽,KR1,4,3.91,55.25,385.99,1.33,51.13,폭싹 늙었수다,KR31,2,4.77,49.43,390.79,0.87,46.15,53.85
정글럽,KR1,4,3.91,55.25,385.99,1.33,51.13,즉당히하소잉,KR1,2,3.26,45.60,354.68,0.73,49.58,54.55
부주입니다,KR1,3,2.85,41.09,389.95,0.61,42.86,1220sjy,KR1,4,3.93,50.44,436.92,0.66,53.49,58.33
마뭘쎄리보노,KR123,3,2.94,41.47,350.90,0.71,46.15,마인박는 벌쳐,KR1,2,2.60,44.60,399.01,0.58,51.45,46.67
망나니전문,KR1,3,3.20,48.50,391.22,0.65,54.17,ヲヲヲヲヲヲヲ,KR12,1,2.92,45.67,364.47,0.52,38.10,50.00
단단묵직,gmo,1,3.36,52.27,399.82,1.06,53.48,cous,KR1,1,4.89,46.00,355.99,1.26,60.00,64.29
min3,min,0,3.62,48.91,291.94,0.99,53.85,연 필,KR7,4,3.74,52.27,406.31,0.82,50.00,46.15
무서운밥,KR1,0,3.36,49.39,331.27,1.29,42.42,죽 섬,KR1,1,2.58,46.67,406.01,0.71,53.09,53.85
사람아니면차단함,KR2,1,3.36,47.50,379.93,1.12,49.51,Beogi,KR1,0,5.36,44.67,246.26,2.04,50.00,50.00
사람아니면차단함,KR2,1,3.36,47.50,379.93,1.12,49.51,예측완료,KR1,0,5.16,53.71,322.34,1.61,52.13,33.33
고냥 좀 합시다,KR1,2,2.79,41.17,381.19,0.72,0.00,둠피슷으,KR1,3,5.52,43.75,342.45,0.85,52.73,60.00
잼여우,KR2,2,3.76,41.08,402.88,0.75,53.70,깨꾹이,Post,0,2.71,45.00,355.39,1.17,62.30,59.09
코끼리같은나,KR1,4,3.96,48.43,388.34,0.91,58.44,제페토 할아버지,피노키오,3,3.74,45.46,297.24,0.85,33.33,33.33
큰 돌,KOREA,3,3.86,51.75,364.21,1.20,71.43,낭만베인,BR2,1,2.39,43.00,419.64,0.54,53.33,57.89
리자몽,ZIU,3,2.34,35.71,361.39,0.72,60.00,우라하라 키스케,KR2,1,3.27,49.14,416.04,0.73,56.82,27.27
쫑 운,KR1,0,3.91,53.12,333.15,1.26,25.00,최량이,KR1,2,2.23,48.47,353.36,0.97,55.10,58.33
김범균,KR1,3,5.18,44.96,413.73,0.89,54.17,혜진2짱,KR1,4,4.99,49.20,376.45,0.68,71.43,66.67
초보원딜,chobo,1,4.42,44.62,394.25,0.58,50.93,오른왼손도오른손,4906,4,3.81,44.06,397.88,0.88,50.00,63.64
허준필,KR1,1,3.14,56.54,399.84,0.94,0.00,탐켄충,KR1,0,4.70,54.75,388.01,1.50,51.72,58.33
틀딱정글,KR55,4,3.64,53.62,394.65,1.00,66.67,곱게 미친 사람,KR1,2,4.62,53.92,342.38,1.02,0.00,40.00
드론부터들어가자제발,급발진멈춰,4,2.55,40.81,364.37,1.04,48.61,정수호,KR2,3,2.59,36.19,382.37,0.81,37.04,34.78
피자찐빵,1104,1,3.39,49.30,425.75,0.76,33.33,와삭바만먹는이상준,111,0,4.80,55.90,270.69,2.53,61.11,57.89
桜島麻衣,青春豚,3,1.70,37.56,355.35,0.71,59.78,beenj2004,rlawn,3,4.30,53.42,405.44,0.82,50.88,20.00
자아가강한사람,KR2,0,3.33,43.00,262.35,1.91,0.00,천재정윤,인 히,1,5.94,53.25,456.90,0.53,73.33,60.00
진로검사,KR1,2,3.36,41.00,406.87,0.68,58.04,뚱씨땡씨,KOR,2,4.95,53.25,359.36,1.32,54.74,71.43
몰왕마최작쇼,KR1,3,4.12,46.93,387.29,1.09,0.00,진라면 매운맛 아,KR1,0,4.51,50.69,307.84,1.65,60.00,50.00
빡 쭈,221,4,5.50,55.27,405.69,1.04,0.00,문어한테짐,KR1,0,3.17,46.88,370.99,1.17,33.33,40.00
돈없고귀찮은백수,12345,3,4.47,39.67,388.13,0.71,53.25,IIIlllIIllIILlII,542,4,3.61,47.64,341.14,0.69,45.95,44.44
Black,k0917,1,2.23,43.89,408.13,0.51,48.89,멘탈건들노노,KR1,3,3.74,44.58,404.44,0.84,58.33,63.64
QWER,0806,1,2.53,44.71,399.31,0.80,43.24,co24,KR3,2,4.31,50.39,394.20,1.07,64.71,66.67
zzcxc,KR1,3,3.22,42.64,375.75,0.67,0.00,XUUU,KR1,3,3.40,44.62,378.84,0.80,92.31,31.58
장 너,KR2,4,5.66,58.50,413.45,0.92,64.29,땅다먹구,KR1,2,3.03,48.47,367.24,0.89,63.29,63.64
현 꽃 민,KR1,0,5.59,54.25,318.73,1.30,45.88,탑선수,KR1,2,3.59,44.75,363.80,1.02,53.40,50.00
Typhoon,태 풍,3,2.77,43.56,391.98,0.92,54.96,하나님은없다,KR1,2,2.63,45.19,373.18,0.53,51.53,41.18
윤의준,KR1,2,3.13,48.07,398.97,0.77,48.48,이경한의제리타임,KR1,4,6.02,53.64,407.43,0.71,51.00,55.56
멋이벤뚝배기,KR1,4,5.11,55.40,403.09,0.76,35.29,듕웅웡,ΚR1,2,4.31,38.73,353.20,0.71,66.67,60.87
묘 식,KR1,2,5.26,55.40,390.65,0.87,0.00,Airplane Mode,7671,1,4.28,44.80,401.75,0.69,65.52,55.56
날꺾이게만들지마,KR1,2,4.05,44.82,359.97,0.66,48.65,붕붐붐붕붐붕붕붐,KR1,1,4.82,48.40,408.39,0.56,46.62,37.50
우기보이야,KR1,1,3.71,44.32,387.85,0.76,57.58,Doran,KR6,3,3.31,44.88,385.66,0.60,51.38,66.67
골이따분,123,1,3.28,57.56,444.45,0.36,0.00,하위 게,123,0,6.44,59.25,301.60,2.84,66.67,73.33
안녕수야,사랑해,4,2.70,34.17,335.53,1.06,50.83,쳐다보지마,KR0,2,2.46,41.67,377.31,0.67,55.45,50.00
와꾸대장평준,KR1,1,5.73,54.17,448.26,1.00,47.37,재아야사랑해,KR1,0,4.72,47.83,339.67,1.43,48.53,63.33
봉골레노틸러스,KR1,1,3.71,47.90,323.01,1.17,0.00,까르보나라사미라,KR1,0,3.39,52.00,291.55,1.93,0.00,55.56
무 찬,KR2,2,2.50,49.00,361.54,1.32,55.10,Dooohe,KR1,4,4.85,43.85,358.11,0.78,52.48,20.00
양덕동 부모폭격기,어망구박살,0,3.16,50.25,318.19,1.71,0.00,나 재용이,Wodyd,4,4.24,57.38,425.49,0.67,48.89,25.00
적당히 빨 감,KR1,3,2.91,48.95,417.47,0.66,70.27,안녕승훈,KR1,4,4.75,44.25,390.31,1.28,40.54,28.57
적당히 빨 감,KR1,3,2.91,48.95,417.47,0.66,70.27,늘E전용,kr99,2,3.99,43.77,409.77,0.68,52.03,70.00
나주미의 긍지,KR1,3,4.12,47.53,378.25,0.88,0.00,이크에크박크,KR1,0,4.26,49.33,299.83,1.81,64.86,57.14
민카르도,7013,0,4.90,55.43,328.17,1.80,51.45,Ravensong,송휘진,2,4.29,52.90,384.81,0.71,0.00,52.17
모든길은나로통해,KR1,4,5.01,47.17,362.49,0.95,63.64,하얘지고싶다,KR1,4,3.45,43.38,359.88,0.80,60.00,45.45
모 기,모비딕,3,2.47,43.00,359.00,0.78,0.00,똥 침,맵 핵,4,2.52,42.28,432.14,0.76,56.92,87.50
면세담배,던힐6ml,2,3.18,50.39,392.27,0.83,66.67,나는벌레,다르다,3,3.23,44.00,371.53,1.13,0.00,64.29
빵댕이,2909,1,5.20,53.32,365.53,1.40,55.56,재팡FC,KR1,2,3.38,42.80,335.39,1.39,52.44,68.75
전나게 잘하네요,KR1,3,5.41,53.47,398.40,0.67,55.32,내가 누군지 왜 궁금해,KR100,0,3.88,50.06,340.50,1.59,46.25,50.00
오르트 구름마,KR1,1,4.06,53.00,425.41,1.02,0.00,hide on mcheol,KR2,1,3.09,45.13,388.13,0.56,56.10,71.43
bluelemonade,lemon,1,5.14,53.14,452.00,0.50,55.07,김루시,lucy0,0,3.08,46.00,316.75,1.24,46.81,55.56
bluelemonade,lemon,1,5.14,53.14,452.00,0.50,55.07,구름치는파도,KR1,0,4.56,61.00,268.26,2.40,48.06,60.00
검꼭지,KR1,1,4.29,51.00,430.62,0.93,66.67,AK55,KR1,0,3.04,49.30,264.44,2.59,44.71,58.62
King Haeibo,KR1,2,4.61,46.35,420.55,0.68,48.00,택입니다,0000,3,2.01,38.00,389.29,0.66,49.24,80.00
제발이겨줘요,1204,2,2.84,44.21,334.70,1.13,39.13,이민혁,이민혁,2,3.96,45.09,400.44,0.77,68.97,50.00
롤은내원수,KR1,2,3.13,44.87,393.04,0.55,46.30,TTALON,KR1,4,2.68,50.82,389.18,1.11,50.83,50.00
롤은내원수,KR1,2,3.13,44.87,393.04,0.55,46.30,금기를 겨눠,KR1,3,1.53,29.73,324.78,0.72,0.00,45.45
소  갓 ,KR1,0,5.46,57.00,263.85,2.25,45.45,왕소라초코빵,KR2,3,2.88,35.60,379.56,0.57,50.89,40.00
오주왕,KR1,4,3.25,50.94,344.01,1.18,45.45,기어오르지마1,KR1,4,3.68,50.32,394.36,0.83,62.96,70.00
몰랑몰랑볼,KR1,1,4.56,56.87,385.22,1.63,87.50,빠른다램쥐,KR1,0,3.88,56.27,300.19,1.76,50.00,48.00
원 딜,KR33,1,3.89,48.14,348.97,1.48,60.71,비 첼,KR1,0,3.12,52.44,333.23,1.52,51.00,31.58
참된 젓가락,KR1,4,4.68,47.41,414.51,0.83,52.74,현태식이,KR0,0,4.09,52.18,396.11,1.40,60.00,58.33
sung님,KR1,4,4.08,46.18,397.70,0.78,49.06,메이플로 오세요,KR1,2,3.71,44.75,361.33,0.73,50.00,57.14
네네치즈볼개노맛,KR1,4,5.74,53.41,423.23,0.87,50.00,최 소 룡,KR1,3,6.20,42.00,379.36,0.62,52.86,68.18
두루마리휴지,6974,0,4.12,51.00,313.59,1.48,60.98,빛이나는마이WAY,KR1,4,3.18,41.50,397.69,0.68,52.03,63.64
동경C,KR1,4,6.02,48.18,407.34,0.87,66.67,녹턴제라스,001,2,4.79,48.07,365.52,0.98,70.59,64.71
대강하자잉,KR1,0,5.34,51.92,364.58,1.61,41.94,만재랑롤하기,KR1,4,4.70,56.86,378.82,1.57,69.70,75.00
주님의몸,KR1,0,3.04,51.00,282.94,1.90,45.13,Ho 도구,KR1,1,3.44,49.50,396.20,0.99,0.00,66.67
악 마,KR112,1,4.01,53.00,423.67,0.62,48.31,리롤토체스,KR1,0,3.47,48.00,305.01,1.64,0.00,41.18
악 마,KR112,1,4.01,53.00,423.67,0.62,48.31,인어공주,JYP,3,2.20,36.50,342.87,0.83,57.59,46.15
돌격해 도구년아,cs2,1,4.05,46.89,403.48,0.57,48.00,덴티티,KR1,0,2.72,41.57,319.52,1.41,48.98,40.00
베미맥,KR1,1,4.62,42.50,380.11,0.84,53.33,롤로노아 뽕순이,뽕순이,2,2.93,40.50,355.55,0.88,56.76,62.07
ENTP그자체임,KR1,3,1.63,35.78,393.32,0.65,82.76,뉴현석,700,0,3.26,44.00,268.57,2.00,48.39,52.17
정현서,씹혜지,3,4.76,41.00,371.60,0.76,78.57,손채성,조정훈,2,5.77,41.82,379.88,0.90,35.00,63.64
가나다라마바사아자차카타파하,안녕하세요,4,2.95,46.95,420.58,0.63,28.00,탑가는 악어,KR1,1,4.91,50.70,420.76,0.61,49.14,42.86
기옹아비,KR2,3,4.75,52.71,433.18,1.13,57.14,기옹아비,KR1,2,1.75,37.15,403.21,0.59,51.03,58.33
임뽕빵,8090,1,5.63,53.00,424.38,0.85,48.65,SX티모XS,KR1,0,3.06,48.92,261.84,2.30,60.87,54.17
밀크랙,1557,1,3.89,55.00,430.92,0.82,46.97,남친은어디에,KR1,0,3.62,52.12,324.07,1.60,54.90,53.33
polymorphism,sdg,1,3.72,50.88,426.75,0.53,0.00,황제 창이,KR1,2,3.57,39.85,354.55,0.73,48.39,50.00
브뤄컬리,KR1,2,3.59,52.05,410.47,1.05,45.56,한용훈,KR1,3,2.30,38.78,340.71,1.05,0.00,53.33
Stop the Madness,KR1,2,2.97,40.25,359.43,0.48,56.47,승미곤듀,KR1,0,4.66,52.00,293.66,1.47,39.29,46.67
치이카와,CR7,2,4.02,48.60,379.03,0.77,53.47,이찌리,kr3,1,3.57,44.86,387.73,0.69,50.00,40.00
원딜감수성,1004,1,2.89,51.65,353.06,1.37,61.54,Zoolbbada,KR1,3,2.84,40.21,369.42,0.70,62.50,33.33
박스타,111,2,3.14,42.60,413.96,0.68,51.06,외쳐 갓주일,kr11,1,3.00,46.57,403.38,0.77,57.48,64.71
ysan1009,KR1,4,3.27,48.71,398.49,0.70,50.00,너희유미는어딨니,KR1,2,4.24,40.67,321.51,1.18,42.11,27.27
명예브렌트1호기,KR2,3,3.48,46.62,407.70,0.64,52.63,persistent,KR1,4,6.24,50.71,373.40,0.84,47.06,50.00
파랑파랑l,KR1,3,4.70,32.00,366.35,0.65,54.17,반갑습니다람쥐,2식이,1,6.01,53.40,460.41,0.58,46.32,69.23
Farming,9999,3,4.14,36.50,435.56,0.63,53.57,전구핑,1104,0,3.64,49.50,368.99,0.83,50.00,55.56
검고13,KR1,0,3.24,48.75,283.98,1.54,0.00,글덩이,KR1,4,3.68,48.72,408.17,0.73,52.24,50.00
검고13,KR1,0,3.24,48.75,283.98,1.54,0.00,탱덩이,KR1,0,4.53,51.05,373.95,1.25,58.62,41.67
이팀맘에드네,KR1,3,5.43,40.13,362.13,1.05,51.55,이팀맘에안드네,KR1,2,3.88,46.30,398.25,0.77,55.17,55.00
이팀맘에드네,KR1,3,5.43,40.13,362.13,1.05,51.55,자기야왜그렙,일루왕,0,2.97,54.53,315.03,1.93,0.00,60.00
로로로롤,6180,2,4.68,46.60,391.56,0.59,0.00,파리관절,KR1,4,4.77,47.00,352.91,1.27,0.00,40.74
몰담황제,KR1,2,2.21,43.11,367.00,0.91,52.91,소도둑,KR1,1,3.51,43.82,403.94,0.74,51.84,50.00
안정환,남자 4호,3,2.18,50.06,384.81,0.54,40.62,유 나,장카설유,0,2.57,47.19,336.95,0.82,43.48,57.14
원딜차이,AD챔프,1,4.52,55.50,393.70,0.94,0.00,망나뇽,망나니에용,1,4.37,49.59,357.90,1.16,52.78,64.29
Value,0126,1,4.18,49.14,354.22,1.29,51.53,Zezeee,KR1,0,5.30,58.67,296.35,1.66,43.33,46.67
역대급 물거품,KR1,1,3.54,51.55,350.45,1.18,46.88,최     강,kang,1,3.48,42.00,348.06,0.68,39.39,52.94
퐁퐁잉,KR1,1,4.84,56.17,443.24,0.45,35.29,뭘뽀노,nini2,0,3.00,51.62,264.56,2.18,50.00,65.52
Chrome AD,KR1,2,3.24,36.55,368.74,0.64,48.24,3000k,KR1,1,3.16,42.93,401.95,0.69,52.53,58.82
응응아잇,PR1,2,2.82,48.23,377.02,1.01,44.26,크산태,kst,3,2.84,40.83,419.22,0.73,49.38,44.00
다이아달리기프로젝트,D 45,4,2.89,43.80,366.22,0.80,56.00,머리큰난쟁이,KR1,3,2.73,43.41,384.26,0.65,43.33,35.71
아까부터던졌음,KR1,4,6.17,62.75,452.56,0.93,69.70,30대원딜러,5738,1,2.58,33.77,348.85,0.59,50.00,65.00
여퐁듀,오공기여어,3,1.53,38.33,306.16,1.01,50.00,소년하다훌륭,KR1,0,4.28,59.85,276.99,2.14,52.00,20.00
부먹펩시파인애플피자지코,KR123,2,4.61,50.26,465.79,0.74,61.11,한계돌파,8227,3,2.36,35.82,319.24,0.48,0.00,60.00
수박씨우엑,KR1,3,5.99,45.47,435.20,0.68,41.41,odd future,111,2,3.56,44.54,353.06,0.93,0.00,70.00
AngelPain,KR1,1,3.10,48.38,406.04,0.72,49.38,하나팀 미드,NO7,4,3.29,57.89,391.23,0.72,50.00,50.00
IST타,KR1,1,3.94,49.83,429.47,0.78,0.00,재코파이,8717,0,3.85,43.00,331.62,1.34,50.00,50.00
앙 크,KR0,2,3.28,46.06,398.45,0.87,75.00,fjldjklcj,KR1,3,3.53,37.10,370.11,0.70,51.34,81.82
앙 크,KR0,2,3.28,46.06,398.45,0.87,75.00,바나나팜,KR0,3,2.30,41.14,325.79,0.78,41.67,60.00
데프트될뻔,KR1,1,3.59,53.92,406.95,0.90,37.50,T1 Oner,world,4,3.19,45.58,352.29,0.94,53.30,56.67
Creative self,KOR,1,4.27,51.75,391.90,0.88,60.71,잠자는공주민또,KR1,0,4.32,45.70,322.93,1.19,0.00,40.00
김천 김무호,김무호,1,3.99,50.08,393.33,0.58,71.43,야메롱,КRI,4,5.13,48.95,396.22,1.24,70.00,84.62
김천 김무호,김무호,1,3.99,50.08,393.33,0.58,71.43,곽도창,KR7,1,4.80,46.59,405.52,0.79,50.00,58.33
BMW,MGmbH,0,5.34,51.74,359.91,1.73,0.00,Thank for you,KR1,3,2.70,34.53,362.64,0.67,52.17,56.25
폭신한 최승완,KR1,1,4.89,50.24,390.06,1.12,53.33,남 혁,KOR,1,2.42,53.06,387.49,1.03,54.23,66.67
정발산기슭곰발냄새타령부인사잘해,하이브리,3,3.58,47.67,400.98,0.71,0.00,레오크,KR1,0,3.41,56.92,333.76,1.92,42.67,66.67
둘리는못말려,크랙의신,0,2.76,48.86,279.78,1.77,54.76,스테레오포니,5481,3,3.42,33.92,357.13,0.65,60.00,38.46
DEGUL,KR1,0,4.66,53.42,371.17,0.93,55.77,프로틴먹는날,KR2,0,3.68,52.27,331.67,1.46,52.17,53.85
DEGUL,KR1,0,4.66,53.42,371.17,0.93,55.77,춘천닭갈비,KR11,1,3.94,43.38,407.12,0.71,51.39,70.00
지 펠,KR1,3,2.93,45.07,376.99,0.71,51.56,땅끝해기타분대장,KR1,2,2.91,45.28,351.99,0.84,0.00,45.45
다롱디링,KR1,4,3.28,50.44,387.87,1.03,48.26,문서분서소,KR1,3,2.85,35.67,328.13,1.45,0.00,31.58
않돼는건않되,KR1,0,3.10,55.00,306.02,1.66,55.00,장보벌,KR1,3,4.21,36.92,379.13,0.74,40.00,69.23
파도링,KR1,4,4.70,58.23,432.22,0.82,65.22, 프로틴 두스푼,KR1,0,2.07,46.33,263.88,1.94,71.70,56.67
너여야만되겠더라,KR1,4,4.16,51.75,376.50,1.03,60.00,어느화창한 봄날엔,1124,4,2.18,46.50,396.02,0.74,50.00,47.06
해군가지마세요,691,4,5.67,52.72,374.43,1.08,51.11,상큼한 파인애플,KR1,2,4.65,49.10,363.67,1.05,0.00,62.50
해군가지마세요,691,4,5.67,52.72,374.43,1.08,51.11,궁 예 찬,KR1,2,2.90,47.00,395.41,1.00,54.84,60.00
마늘이 매워요,KR1,0,4.36,53.47,304.52,1.77,55.88,카징크,KR1,1,3.18,52.24,359.42,1.50,54.55,21.43
돌랑랑랑,KR1,1,5.30,44.38,392.01,0.55,51.39,GWANGPRO,KR1,2,3.88,41.62,390.02,0.62,51.87,70.00
ekwnrdu,다죽여,4,4.28,51.53,374.47,1.34,47.67,조선팔도박성호,PSH,1,2.71,32.54,375.89,0.66,49.16,52.38
덩들스틱,KR1,4,2.62,48.91,358.46,1.27,49.12,원딜러찢기,KR1,0,2.95,52.79,348.59,1.42,53.93,55.56
금잔디명예소방관,지후선배,3,3.29,49.06,332.72,1.41,0.00,라 윈,KR1,4,4.18,50.10,372.65,0.86,40.00,52.94
grckso,굳굳이야,4,3.93,51.35,397.74,0.88,45.45,제라스장인이꿈,KR1,3,2.41,27.84,362.01,0.58,48.51,66.67
왕자지훈,6011,0,3.83,50.75,262.63,2.12,48.55,박지훈 강림,KR1,2,4.47,51.78,379.74,0.81,40.00,52.94
hide on push,KR74,3,2.52,33.71,337.92,0.46,50.33,닉값을못하는유저,KR1,3,2.67,42.60,380.20,0.83,38.60,50.00
각성하다,Kr3,1,3.44,46.43,385.46,0.77,36.73,세 잘,KR1,1,3.27,45.00,419.20,0.59,43.48,33.33
조이딱밤,KR1,2,2.89,48.33,333.63,0.94,36.36,연탄v,KR1,1,1.58,44.58,346.86,1.01,52.70,44.44
재어닝,KR1,4,4.08,50.12,409.69,0.78,51.67,킹무대,KR1,4,2.77,44.54,370.14,0.99,50.64,42.86
진 돌,진돌2,4,2.44,45.48,381.67,0.62,48.17,서희스타110동,7047,1,3.19,44.53,368.15,0.86,51.84,23.08
별헤는구름,9882,0,1.98,52.92,271.77,1.35,69.44,도련2,KR1,1,1.60,48.88,394.08,0.90,61.03,21.74
차해인,오른팔,4,2.74,43.04,367.39,0.90,53.85,설윤아몰라아몰라머시풀모드초각성,123,2,1.45,33.83,391.27,0.52,14.29,46.15
윌럼프 버린 누누,KR1,0,2.86,47.75,318.57,1.64,50.00,너네엄마남자친구,뜨거운밤,3,3.08,36.09,383.39,0.59,0.00,54.55
의정부꼬부기,KR1,1,3.15,47.25,408.16,0.75,57.89,갱슬쥐,KR1,0,2.74,50.11,312.25,1.78,47.66,52.63
애견미용전공,4081,4,2.55,48.70,359.53,0.94,0.00,슈 화,0106,4,4.47,49.53,367.48,0.80,46.51,36.36
다정용,KR1,4,8.18,58.50,410.10,0.95,45.45,롯데자이언츠,KR119,2,4.85,37.73,369.97,0.45,41.76,63.33
ヲヲヲヲヲヲヲヲヲヲヲヲヲヲヲ,KR12,0,2.66,46.33,242.08,2.45,55.67,is real 잘함,KR1,1,2.59,48.93,409.69,0.48,52.63,33.33
하나뿐인내알을깨지말아도,KR1,2,3.64,41.06,355.60,0.58,46.24,책상밑의여비서,KR1,4,3.46,43.50,372.68,0.59,52.46,53.33
JeTT,제트기,1,3.25,47.31,388.95,0.70,47.52,강무데헌,쓰레기,1,4.59,53.23,366.97,1.03,46.51,64.00
오성혁,1029,3,4.39,45.90,381.64,0.54,50.43,아리눈나,D250,4,2.98,42.00,367.29,0.64,50.24,61.54
짱 구,1002c,4,4.06,49.20,391.89,0.81,62.50,녹번동 통통이,KR1,1,4.65,41.43,361.53,0.82,49.07,25.00
삿갓이요,예삿갓이요,1,4.53,47.67,385.18,0.89,52.63,걱정하덜덜마러,KR1,3,2.23,41.55,394.74,0.83,0.00,58.33
멍멍왈왈,그르르릉,0,4.59,58.75,266.81,2.13,46.77,블루투스샤워기,1234,1,1.79,48.30,354.14,0.99,39.47,33.33
상어초밥,2656,1,2.95,44.71,379.00,1.12,64.00,Geese,9898,1,2.21,45.60,370.11,0.80,50.00,80.00
닉변성공,xxx,3,3.09,43.69,411.17,0.33,80.00,이렐아칼리,KRS,2,1.53,39.57,391.82,0.65,49.20,58.33
sh00tgd,shoot,0,2.07,49.25,353.31,0.90,64.29,나 화안낫어,KR1,4,1.88,46.59,392.21,0.82,49.51,63.64
pimang,hater,4,2.97,48.15,388.42,0.85,54.41,대 영,0903,2,3.95,46.47,360.82,0.95,55.44,57.14
Hide in,KR1,4,3.48,46.50,363.32,0.89,64.58,지고싶어안달났지,니미18,0,4.30,49.86,326.16,1.31,53.21,55.56
야스오개쌉장인,KR1,3,2.62,37.25,370.34,0.91,22.22,야스오개쌉장애인,kr 2,2,4.10,43.00,398.00,0.62,42.14,36.36
서포터만함,KR1,0,3.95,46.74,378.19,1.24,47.97,톡 시 도,KR1,1,3.07,40.92,392.86,0.42,42.40,90.00
야무진 이름,KR1,0,6.27,55.00,314.06,1.51,38.89,신쫑욱,KR1,1,5.36,48.36,399.75,0.77,53.38,81.25
재범이다,KR1,2,1.96,39.38,354.59,0.84,40.74,HAEJIKING,힐타강사,0,2.90,47.67,280.41,2.45,46.67,47.06
나루레빗,KR1,1,4.56,51.73,390.14,0.88,0.00,맞기장인,kr 2,3,2.98,38.06,338.33,0.94,0.00,48.00
라기상,KR1,1,4.59,47.00,407.04,0.56,63.64,자아성찰게임,KR1,1,5.45,45.30,373.31,0.86,55.40,67.86
이거산거니,KR1,1,5.62,50.92,406.92,1.03,55.00,봉명동 황천길,KR1,0,4.19,54.73,377.43,1.38,53.25,58.33
Eagle mind,KR1,4,3.94,43.57,376.29,0.73,51.08,엘리스하는다현이,KR1,0,2.89,57.60,316.41,1.43,50.00,64.71
TianMing,KR1,2,3.03,35.55,392.32,0.61,100.00,EasyMountain,KR1,1,3.88,50.86,412.70,0.49,55.19,62.50
닉 뭘로하냐고,KR1,4,4.72,45.00,366.91,0.60,51.57,안재민,KR1,3,3.75,37.31,339.74,0.92,46.85,52.94
늙고아픔,1234,3,3.35,41.50,393.03,0.71,46.43,늙고병듬,6590,2,2.77,41.88,376.66,0.82,54.46,50.00
늙고아픔,1234,3,3.35,41.50,393.03,0.71,46.43,롤하는 희진이,KR1,3,3.52,41.95,401.44,0.66,70.00,72.73
모트독,77754,1,3.54,48.30,369.19,1.16,57.14,SCANDAL HARUNA,KR1,2,5.98,47.22,350.87,1.33,68.18,37.50
알아서 할게,BLUE,1,3.60,48.33,400.30,0.49,56.25,전준범,1106,0,4.97,58.10,256.66,2.19,47.16,44.44
도란스태틱도둑,안샀으니까,0,5.46,46.75,298.27,1.83,54.29,Ritooc,KR1,4,2.87,54.82,423.65,0.74,76.92,70.37
파가 놀라면,KR1,0,1.49,46.21,309.41,1.09,53.72,주물럭,umai,2,2.32,41.26,403.50,0.58,53.25,20.00
초심잡고처음부터,KR1,1,3.48,42.25,392.09,0.62,61.54,협곡의전땅크,KR2,0,3.92,48.47,360.02,1.73,57.14,61.11
막을수 없는 분노,KR1,3,2.50,40.41,395.92,0.62,43.48,김민수,1115,2,4.62,45.67,369.70,1.02,0.00,38.89
태연이형죄송해요,이태연,2,4.59,49.64,413.97,0.56,40.00,MSJ ILSUKK,KR11,0,3.38,39.88,396.65,0.57,42.07,78.57
부와악,3238,3,4.10,41.95,350.36,0.92,49.02,압수당해버린틀니,KR1,2,3.26,40.95,412.74,0.64,0.00,58.33
주 호,0000,4,4.70,52.86,333.55,1.12,40.91,붉바리,먹고싶다,2,3.94,47.94,413.01,0.70,48.67,45.00
주 호,0000,4,4.70,52.86,333.55,1.12,40.91,1st or 8st,KR1,4,4.79,49.12,403.00,0.73,48.89,30.00
소보로빵,제과점,1,3.53,38.75,393.78,0.60,50.40,모비디,KR1,3,1.91,25.50,363.28,0.45,57.81,44.44
jaky jaky,KR1,3,2.53,37.29,368.56,0.66,46.30,jaky,KR1,3,3.38,44.23,331.96,0.64,45.27,33.33
세찌닝,KR1,2,4.67,49.83,367.51,1.00,53.57,형 돌,초월자,0,4.16,53.14,346.76,1.00,50.00,23.53
자살 브랜드,0001,0,2.75,48.40,318.37,1.56,47.83,검스다리,KR2,3,2.62,36.33,389.75,0.80,47.25,53.85
자살 브랜드,0001,0,2.75,48.40,318.37,1.56,47.83,항상 남탓만 해,KR1,1,2.94,46.10,409.02,0.60,51.62,69.23
바이도 봄이 오냐,KR1,2,3.78,50.86,392.13,1.15,46.99,경진사랑,8148,2,2.79,44.73,357.62,0.58,47.47,77.78
바이도 봄이 오냐,KR1,2,3.78,50.86,392.13,1.15,46.99,경진사랑,니하형,3,3.35,33.33,329.60,0.98,44.57,50.00
28서동우,KR1,3,2.41,46.32,350.44,0.92,54.87,풍 경,소 리,3,1.77,38.36,336.96,0.83,51.15,30.77
28서동우,KR1,3,2.41,46.32,350.44,0.92,54.87,황 욱,KR1,0,4.13,51.46,325.72,1.69,57.14,27.27
문도전문,KR1,4,4.21,49.88,397.38,1.22,80.00,생선아구창,KR1,3,3.12,43.68,358.09,1.12,51.52,70.00
락발라드,KR1,3,3.14,40.14,421.40,0.59,48.31,오 공,KR0,1,2.58,38.83,404.51,0.23,27.27,57.89
테 흥,KR1,3,3.09,44.32,388.57,1.01,50.00,저는 이게임을,해봤어요,4,5.46,65.29,462.00,1.15,76.92,70.00
크러쉬퐁,KR1,0,4.35,37.14,277.52,1.50,33.33,쌉이tv,오우조타,4,3.61,45.00,399.28,0.70,55.83,41.67
허니콤보 안먹어,KR1,4,3.96,51.33,356.89,1.28,51.96,꼬치튀김,KR1,1,2.67,46.17,396.00,0.50,52.86,63.64
허니콤보 안먹어,KR1,4,3.96,51.33,356.89,1.28,51.96,김 주 환,KR02,2,4.46,48.69,410.91,0.93,45.95,70.00
귀요미,7335,3,3.28,48.67,466.37,0.44,51.72,뱃살꿀떡꿀떡,KR2,2,2.36,36.19,331.30,0.64,47.17,46.15
귀요미,7335,3,3.28,48.67,466.37,0.44,51.72,XXXdasa,KR1,3,2.08,32.61,360.84,0.78,51.28,60.00
F5000171,88461,3,3.86,45.32,331.95,1.06,46.88,Spuma,KR0,4,5.16,48.60,385.91,1.05,47.59,35.71
EESMOEY,KR1,3,4.10,44.10,360.90,1.06,41.18,나무늘보때리기,KR1,2,4.60,45.75,361.84,0.84,38.64,45.00
개탈락,123,2,2.55,36.33,297.67,1.35,45.63,퐁 퐁,퐁 퐁,4,4.05,53.75,419.26,0.87,68.42,63.64
해야 되는 각,KR1,4,3.93,55.67,404.26,0.69,51.85,규효미야,KR1,0,7.76,57.58,283.31,1.66,51.62,66.67
해야 되는 각,KR1,4,3.93,55.67,404.26,0.69,51.85,우리 서폿 왜이래,169,1,4.11,52.30,382.69,0.81,53.68,60.00
あいみょん,INFP,2,7.03,54.42,429.02,0.79,52.54,탈모엔안제모,123,1,2.40,35.69,366.81,0.60,0.00,58.62
라 단,KR7,3,3.65,45.77,374.17,0.89,60.18,사랑해 김혁규,KR1,1,3.28,51.17,367.77,1.24,60.00,20.00
황성연,good,4,2.34,45.59,353.99,1.19,52.00,범인때려잡는중,First,2,2.01,43.92,368.49,0.66,52.58,50.00
세최걸,KR1,1,4.00,49.15,414.21,0.91,40.62,군영보G,6974,4,4.54,54.86,427.00,0.89,66.06,86.67
분노의망치,kor,4,4.94,50.29,331.72,1.31,62.67,연습을해보자,1004,3,4.17,42.31,386.55,0.98,57.97,66.67
럭키비키원영,0620,4,3.51,58.43,419.54,0.92,47.01,06 JUGKlNG,유엄민,4,5.80,50.53,426.18,0.82,50.72,28.57
콘 혁,7393,2,4.99,50.16,446.65,0.57,0.00,한 국,8315,2,3.36,47.39,390.98,0.87,52.11,70.59
25년11월20일,그날이올까,4,3.34,49.80,368.85,0.82,40.74,바텀 개,KR030,1,2.49,37.05,366.86,0.50,50.38,28.57
GillzerO,KR1,1,2.87,54.50,396.37,0.69,50.20,수리수리섭술,KR1,0,2.33,59.50,258.27,1.97,51.69,40.00
무조건1픽선,KR1,2,2.39,41.24,337.91,0.62,59.88,후픽내놔 10련아,KR1,4,3.17,41.77,366.06,0.58,46.94,37.50
권일용,KR1,3,2.74,44.46,435.46,0.54,36.00,그냥그렇다고,이태영,2,2.61,45.78,339.55,1.11,92.86,75.00
묵언수행중,말걸지마라,3,2.49,43.67,350.72,0.73,53.28,세균맨,하히후헤호,2,3.07,49.70,355.36,1.19,47.31,31.25
습관성와드카이팅,3096,1,4.28,51.73,381.63,1.15,38.78,효찌당,KR1,0,6.13,53.50,359.31,1.94,69.23,66.67
옹기장인 수제자,옹기마을,4,4.55,47.83,376.75,0.84,75.00,누나의분노,KR1,2,3.61,34.44,368.56,0.80,52.19,41.67
유기하지마,앙태웅,1,3.05,50.86,436.97,0.72,46.15,쏭 진,KR1,0,5.45,53.43,244.93,1.83,47.83,58.33
득듬이,KR1,3,3.13,42.69,392.18,0.44,0.00,구마유시속옷도둑,KR1,3,2.41,45.47,375.54,0.78,28.57,46.15
삼 빠,9915,3,4.33,43.88,349.97,0.68,48.07,날치앤참치,KR1,2,4.18,43.06,405.29,0.63,42.70,65.22
환데기장군,KR1,1,2.97,44.19,384.84,0.72,55.56,오늘같이먹자,KR1,2,2.88,49.58,395.94,0.89,0.00,40.00
말이필요없는세계,KR1,4,3.57,43.80,363.95,0.92,37.21,파랑색,3231,3,3.68,53.40,333.30,0.96,60.61,64.00
훨드지박령,KR1,1,5.05,52.50,353.36,1.29,47.37,Vide in hole,KR1,1,3.46,50.00,397.86,0.83,50.76,58.33
안 태 선,KR1,3,3.07,39.20,329.17,1.00,36.36,초호기,NERV,1,2.00,48.43,398.34,0.60,50.91,27.27
어OI쿠,KR1,4,5.19,53.15,375.85,0.65,47.81,카 리 나,sa92,2,2.95,39.86,365.78,0.98,62.79,47.06
굉장히 긴 돌,KR1,3,3.07,44.33,314.73,1.06,74.07,이상한거할예정,KR1,2,2.41,32.11,327.41,0.70,48.96,53.85
뉴메타발굴,KR1,4,4.84,53.20,354.69,1.50,67.65,동라핀,4845,0,4.74,50.40,314.92,1.43,54.76,73.33
세체쁜,KR1,1,4.80,50.80,415.43,0.59,47.96,커닝시티바론도둑,KR1,4,2.82,48.38,364.19,1.10,47.78,63.16
세체쁜,KR1,1,4.80,50.80,415.43,0.59,47.96,또띠띠,KR1,0,3.85,59.29,262.77,2.22,50.50,40.00
탑솔요정손정욱,KR1,3,4.73,37.90,345.75,0.77,84.21,내맘대로사는사람,KR1,2,4.33,49.85,443.06,0.76,76.00,71.43
튼튼한남자,KR1,1,4.03,52.18,418.96,0.65,50.00,현공주전속돌쇠,1153,0,4.58,55.50,270.34,2.17,52.58,53.85
전병욱,KR1,4,3.23,51.10,390.44,0.71,40.91,원챔이 사람이냐,KR1,2,3.75,54.59,333.06,1.28,72.22,37.50
신박한메타로이김,KR1,0,2.66,49.20,353.69,1.35,52.83,이왕이면이기는게좋지않겠나친구들,0000,0,3.04,41.39,374.96,0.95,41.25,66.67
T1 Gyumayusi,KR999,4,3.71,46.42,363.57,1.09,52.17,강 둘,KR1,1,3.17,41.56,384.16,0.60,48.77,57.89
T1 Gyumayusi,KR999,4,3.71,46.42,363.57,1.09,52.17,insomйia,KR1,2,3.16,43.09,385.21,0.70,62.50,50.00
망가니,KR1,0,4.32,50.25,396.26,0.92,42.86,맥 킹,KR1,3,2.42,34.00,312.71,0.63,0.00,68.75
망가니,KR1,0,4.32,50.25,396.26,0.92,42.86,영꽁이,KR1,0,2.79,37.50,308.57,1.30,41.81,54.55
코르프스,KR1,4,5.02,54.64,380.15,0.94,45.63,자몽파파,KR2,4,4.86,57.71,389.47,1.08,50.88,45.00
미고랭,KR1,3,4.68,53.29,373.89,0.63,50.81,포사도냥꾼,KR1,0,3.81,56.00,258.92,2.65,52.07,50.00
상기다,KR1,4,3.81,49.83,377.71,0.99,48.15, 나는 학이,KR1,1,3.68,47.18,443.95,0.71,53.49,64.71
죠스바,13216,3,3.04,40.83,336.83,1.14,51.24,cooKod7,KR1,0,4.25,54.70,321.60,1.25,51.62,28.57
서폿유저,KR2,1,4.84,49.91,395.08,0.95,36.36,우리메리,KR2,0,3.07,47.00,261.52,1.77,55.61,61.11
Causecelebre,KR1,0,4.09,55.67,292.99,2.24,0.00,리바이,KR사사게,2,4.04,37.00,314.81,0.70,57.29,76.67
TrashBoy,KR1,3,2.81,44.82,325.03,0.60,53.33,YumJi,KR1,4,3.11,60.17,450.84,1.12,42.42,44.00
밀로핵만들기,KR1,2,3.23,47.65,388.63,0.96,40.00,도구미,D9M,1,3.46,38.12,388.39,0.70,57.14,50.00
구본좌,KR1,0,4.22,50.72,283.57,2.03,46.27,고양이냐옹냐옹,S2S2,2,3.57,45.93,399.47,0.64,57.89,52.94
망나니거,목화재배,0,4.09,45.25,359.73,0.88,46.85,구라핑찍지마,KR1,1,3.20,51.80,516.52,0.53,44.65,70.00
왕 자,순 대,1,2.62,44.21,370.39,0.76,29.73,전신문신녀,KR1,2,1.95,46.16,386.06,0.76,51.65,35.71
덱성진,KR1,1,2.58,58.27,438.13,0.67,51.02,꽃채림,KR1,0,4.06,44.50,356.30,0.91,50.00,46.67
블루스퀘늄,KR1,2,3.55,53.89,406.70,0.86,0.00,Deft2630,KR1,1,4.01,43.00,383.75,0.59,54.62,60.71
토티예나,KR1,4,2.98,43.42,361.08,0.90,0.00,눈알이있었던리신,KR1,3,2.62,39.22,395.91,0.82,49.35,54.55
Oh she it,KR1,3,2.73,37.60,333.78,0.71,41.94,김모르쇠,KR1,3,1.29,37.82,390.40,0.46,48.05,91.67
REDI,3240,0,3.49,50.71,264.10,2.29,46.67,차다차다냉커피,KR1,1,3.62,46.50,391.04,0.79,40.00,46.67
밴전에스왑요청할시겜망함,KR2,0,2.60,54.33,284.34,1.63,46.67,우민찬,망둥어,1,3.75,59.14,463.68,0.59,59.09,58.82
ICanDoThisAllDay,하루종일,3,2.05,47.00,361.80,1.06,0.00,43년생 곽춘팔,KR2,4,2.99,48.48,370.93,0.99,52.11,36.36
표창남,4885,2,1.95,44.42,343.47,0.63,46.88,다엽귀는루마,KR1,4,2.56,45.00,392.49,0.56,69.57,35.00
이제는웃어주겠니,123,1,3.07,49.36,437.08,0.75,0.00,ニへωへニ,kr2,0,4.24,47.36,308.03,1.24,0.00,57.89
ZANMANG LOOPY,2717,2,4.08,45.42,399.15,0.74,54.55,HLE ZEUS,fan,4,4.14,49.67,390.59,0.56,44.38,75.00
내생일,0420,2,5.55,52.56,399.17,1.13,48.61,밤의길잡이,3421,1,3.24,51.67,436.93,0.54,27.27,76.92
정글김병만,12345,3,2.16,53.65,364.26,1.01,51.20,이공득,1557,1,4.03,42.43,388.72,0.87,55.71,41.18
SKT T1 Bang,GC1,3,2.53,43.95,371.67,0.66,0.00,색시피그,KR1,1,4.03,62.54,428.59,0.64,42.42,60.00
미쳤다리,KR1,2,2.65,37.75,348.23,0.93,47.87,정 규예요,KR1,1,2.27,46.31,391.19,0.58,48.97,60.87
쿠로미,공 주,1,4.95,45.29,418.41,0.80,0.00,마이멜로디,공 주,0,6.51,50.00,259.72,2.00,33.33,64.29
롤로노아카타리나,KR1,4,5.65,56.56,452.18,0.80,48.70,세꼬시도다리,KR1,0,2.57,48.83,304.42,1.72,45.68,61.54
나참갱점,KR1,1,6.54,49.73,398.13,1.23,43.64,우 유,MiIk,4,2.84,47.67,310.22,1.28,49.40,76.92
나참갱점,KR1,1,6.54,49.73,398.13,1.23,43.64,A Cantata,KR1,0,4.41,54.09,264.25,2.60,54.95,30.00
하영쿤,KR1,0,4.50,62.20,257.97,1.25,0.00,우주대트롤,KR1,1,2.59,52.57,381.83,0.63,43.40,63.33
보내기싫어묵냈다,KR1,2,6.86,59.20,506.27,0.72,0.00,wilsonfisk,KR1,2,1.76,34.25,320.60,0.66,49.50,60.00
편견과오만원,KR2,0,4.09,50.00,259.57,2.01,52.55,패색이 짙다,cn1,4,3.62,53.21,347.40,1.36,70.00,40.00
울산남친구함,부산울산,1,3.51,54.00,395.50,0.98,0.00,혜나공주,KR1,0,2.88,54.40,310.27,2.16,50.43,50.00
안은비엄승주,KR1,4,4.03,43.07,404.06,0.85,49.62,건국대 장애인,9999,2,2.88,44.67,389.51,0.88,55.63,60.00
멸같이개망,KR1,0,3.39,42.33,310.90,1.15,47.47,정슬옹,KR2,4,3.88,53.05,413.01,0.73,46.27,40.00
SURL,dry,4,2.90,54.38,434.68,0.81,0.00,리플레이,cex,2,2.60,37.57,349.05,0.76,45.83,32.00
학살의현장에서,자 크,1,2.14,38.21,374.50,0.77,69.57,King Zac,KR111,2,1.79,39.14,358.54,1.22,35.48,25.00
학살의현장에서,자 크,1,2.14,38.21,374.50,0.77,69.57,절대안진다,KRI,3,4.07,40.65,341.83,1.42,51.02,70.00
밥먹고하는롤,KR1,4,4.20,48.90,393.88,0.82,51.72,웩정글웩최고,0704,3,3.23,46.61,370.59,0.77,53.12,48.28
이새롬,0122,1,2.05,46.25,383.67,0.77,64.86,김현섭,0706,1,1.97,43.57,416.34,0.67,34.78,66.67
99명의 어쩌고,KR1,1,2.30,36.72,356.31,0.74,0.00,돈까쓰요,KOR,2,2.54,43.11,362.72,0.81,49.90,41.38
술에서 물맛 나,KR1,2,4.01,54.79,442.84,0.63,62.50,수 진,1996,0,7.57,55.00,315.45,1.83,48.90,41.67
팜하니,KR675,3,1.98,38.33,390.18,0.47,45.16,송하영,1717,2,3.30,52.27,368.80,0.98,44.74,31.03
아입닫아잣만아,KR1,0,2.34,46.96,335.98,1.13,45.00,챗 딕,KR1,1,2.33,45.29,340.69,1.37,28.57,18.75
세종 키아나,0303,4,6.34,55.75,410.32,0.92,60.00,이윤우,000,3,2.85,35.38,370.72,0.65,34.48,61.54
눈내리는 겨울이오면,지남매,3,5.65,39.12,414.44,0.47,78.57,미난쓰,KR1,4,6.37,55.33,416.55,0.86,52.22,93.75
부먹민초맥콜진순,KR1,2,2.66,37.23,324.66,0.79,0.00,농심감자깡2,KR1,3,2.86,45.67,423.27,0.69,52.05,56.52
Chill guy,바 다,1,3.59,52.23,421.60,1.16,48.57,정 돌,정 돌,4,5.59,50.86,394.76,1.40,0.00,61.90
똥침한 동치미,KR1,2,2.49,45.29,370.60,1.31,38.24,adsfasdgasdga,dasd,1,4.56,46.71,345.18,1.22,47.89,83.33
내가 지는 이유는 정글 잘못,kr112,1,2.83,50.32,390.79,0.76,56.10,롤로노아 조로,rollo,2,2.35,36.75,322.88,0.89,0.00,52.94
퐁퐁남1,KR1,2,2.57,45.12,374.86,1.09,50.96,조 선,KR245,3,2.34,38.88,362.68,0.83,50.00,45.00
人l凹卜乙卜口卜,12살,3,3.30,50.00,436.70,0.78,33.33,짐승왕 보노보노,KR1,3,3.34,44.43,388.41,0.62,48.39,30.00
AP Rising star,KR1,4,3.39,54.78,447.10,0.90,53.21,후 방,KR1,1,3.42,53.09,363.53,0.71,50.37,52.94
AP Rising star,KR1,4,3.39,54.78,447.10,0.90,53.21,FXXKING TOMBOY,KR1,2,2.69,41.52,390.76,0.59,50.00,61.54
조현셕,KR1,3,1.74,25.86,348.94,0.61,58.24,정지일베,KR1,4,4.69,59.00,381.59,1.03,57.63,63.64
춘 6,KR1,1,3.37,51.37,410.19,1.03,0.00,춘 형,천 사,4,2.64,41.67,345.90,0.93,49.54,35.71
개초보,초보입니다,3,2.84,46.95,352.05,0.87,28.57,Poyoyo,ovo,2,2.87,39.62,367.30,0.91,38.00,38.46
매화가져버린봄,0822,1,2.61,48.71,393.95,0.62,50.00,변 기,kr00,3,3.68,44.36,403.15,0.48,45.56,53.85
우여닝,KR1,4,3.04,44.12,421.05,0.93,0.00,잘생긴유비왕댜님,유빈이,3,2.20,35.86,344.74,0.62,60.87,50.00
복슬복슬 털멍멍이,0219,1,3.52,44.92,376.06,0.80,52.31,A GORIHEA,KR1,4,5.24,55.12,449.65,0.84,62.50,81.82
복슬복슬 털멍멍이,0219,1,3.52,44.92,376.06,0.80,52.31,여러분 새해 복 많이받으세요,2025,1,3.22,52.62,360.77,0.97,0.00,60.00
사과사라다,KR1,4,5.26,53.00,376.74,0.72,0.00,동익독수리,9115,0,4.01,53.00,281.89,1.80,58.06,63.33
원섭s2,0001,0,2.89,43.64,284.20,1.91,51.22,Psycho,Bol4,2,3.05,49.57,372.25,0.77,61.29,50.00
어차피무시,협곡미친개,4,6.16,54.57,335.26,0.92,0.00,모코코,2021,3,3.25,44.65,330.38,1.65,0.00,50.00
월배재겸,KR1,4,4.93,51.39,410.67,0.81,42.86,나 으르렁 으르렁 으르렁 대,화난타마,3,3.48,48.29,377.06,0.95,48.50,66.67
재 숭,123,4,2.67,43.89,376.87,0.86,48.73,숭 환,2519,2,3.22,54.31,360.06,1.24,0.00,35.71
어 한잔해,그라가스,3,2.22,34.46,387.34,0.55,37.78,불타는소울,KR2,4,2.71,59.33,361.11,0.64,57.71,37.93
삐 두,KR1,4,3.08,46.60,389.23,0.73,54.49,골드가는부계,KR1,3,1.92,27.82,352.77,0.58,40.00,27.27
홍석현,hongs,0,1.98,45.88,298.06,1.42,50.00,김봉장,123,1,5.19,56.00,397.57,0.68,55.29,27.59
개념원리,수학2,4,2.77,47.52,389.96,0.84,63.24,trip,릴러말즈,2,2.93,44.52,382.30,0.67,0.00,50.00
바다에 이는 물결,KR1,3,2.99,35.17,382.12,0.53,50.63,실시간라이브,KR1,4,4.88,47.42,380.53,0.88,46.00,69.23
권장군,권유빈,4,3.16,51.94,343.12,1.07,49.44,권돗개,권유빈,2,4.11,50.15,441.06,0.87,44.24,57.14
귀여운 기원이,KR1,1,2.29,37.22,351.30,0.64,50.83,즐겜할래,KR1,3,2.69,46.08,397.94,0.75,51.90,33.33
도구는무조건차단,KR1,3,2.41,37.33,353.85,0.41,53.38,Akaps,KR826,4,4.68,45.57,385.20,0.83,56.11,58.33
후 너무쉽다,KR1,1,5.04,51.50,385.05,0.88,46.28,초롱애비,KR1,1,3.14,54.80,402.43,0.98,44.00,50.00
그냥사라,KR1,2,2.87,47.46,386.71,0.90,55.56,dragggon,KR1,2,3.71,49.50,348.15,1.61,40.98,61.90
이준수의 니플패치,앙젖꼭띠,1,3.35,56.00,374.55,1.19,43.75,긔루루루,KR1,0,3.31,54.10,295.56,2.44,39.73,57.14
한국산리신장인,KR1,4,5.08,50.89,379.42,0.80,48.74,봉농봉농,9999,2,2.08,35.25,347.63,0.66,48.05,35.71
ヲヲヲヲヲヲヲヲヲヲヲヲヲヲヲ,캬캬캬,1,4.34,39.06,385.68,0.35,48.39,너무컴컴해,KR1,2,5.16,46.11,319.80,0.68,49.15,40.91
리서지오,KR1,3,4.21,37.67,383.79,0.89,52.38,현계정,KR1,2,3.36,45.08,347.40,0.70,59.74,40.00
980420,KR1,1,4.14,58.14,413.22,0.58,40.00,242424,KR1,4,3.55,53.10,392.09,1.35,45.60,61.11
980420,KR1,1,4.14,58.14,413.22,0.58,40.00,쉔치한놈,KR1,4,4.31,51.33,366.51,1.41,47.13,41.67
조은날조은데이,KR1,2,4.45,50.79,434.69,0.78,59.78,갖다박으면안함,KR1,0,3.86,57.52,265.08,2.35,40.00,40.00
타 리,NTAIL,2,4.19,49.50,433.08,0.51,77.27,BeAcD,KR1,0,9.02,52.17,344.28,1.62,0.00,70.59
핸 뇨 ,KR1,0,4.66,47.83,312.19,1.41,44.44,DNF 호주,0624,1,3.33,49.20,392.42,1.13,52.11,53.85
Kanye West,KR69,4,1.81,37.20,370.99,0.65,53.08,크리스티아누 호날두,GOAT9,3,2.84,45.71,397.59,0.53,48.05,46.15
교량들던 헬창,6122,2,3.38,40.20,353.94,0.63,51.16,송우호,1012,3,2.86,40.00,400.56,0.63,50.00,38.89
혜지하면여눈삼,KR1,1,3.97,49.83,405.89,0.93,41.82,거창한탑,12348,0,4.14,51.92,258.47,1.84,45.00,46.67
홍수현,KR1,4,3.07,46.18,397.86,0.80,51.94,박정현짱멋져,KR1,1,3.14,38.60,398.34,0.74,46.86,30.77
흘러가자,KR1,3,3.56,41.80,345.00,0.69,57.33,채팅안칠겨,KR1,2,2.84,49.55,330.52,1.12,51.15,27.27
멘탈을지키는법,KR1,3,4.14,39.00,370.05,0.72,27.27,Min Kug Kim,올채팅차단,4,2.90,49.86,340.75,0.94,50.00,56.67
쌀래 말래,애매하긴해,1,3.33,44.93,420.40,0.97,54.97,태 양,주계열성,-1,0,0,0,0,0,60.00
원필성진도운영현세윤식스레츠고,DAY6,4,5.34,52.18,402.31,0.93,65.85,빛장수비정세윤,6007,2,3.57,38.00,345.05,0.79,0.00,50.00
척추꺾여도황원주,1002,2,4.82,45.61,449.10,0.85,66.02,퍼어어엉,콰아아앙,1,2.83,41.92,385.64,0.84,51.67,63.16
Space,0213,1,3.43,53.57,357.05,1.38,58.62,Avocado,1016,3,4.60,41.14,315.47,1.20,0.00,57.14
2024년12월04,KR1,0,2.67,47.10,348.73,1.38,60.00,이배추,KR1,1,1.72,47.87,372.35,1.01,53.74,40.00
Youha팬,KR1,3,3.32,43.74,374.12,0.69,43.33,제천대성 원숭민,KR1,4,3.78,44.89,368.01,0.71,49.35,38.46
이 겅 우,KR1,1,4.38,46.80,376.46,0.88,70.00,AmaZing Mid,KR1,2,4.38,46.20,399.87,0.71,50.55,64.29
이 겅 우,KR1,1,4.38,46.80,376.46,0.88,70.00,소년 가장 원딜,KR123,0,3.99,55.00,321.99,1.94,0.00,50.00
AEILO,KR1,1,3.63,46.00,376.93,1.04,50.75,설 화,W1nte,0,4.08,48.27,313.60,1.44,49.02,50.00
서윤공주님,8385,2,3.35,44.13,372.74,0.63,58.33,AKA하울링,KR1,3,3.65,40.00,372.80,0.78,51.24,37.50
딱다구리부리박기,2953,3,3.18,51.00,471.19,0.84,0.00,야슬오,KR1,2,1.97,30.11,342.77,0.66,51.28,64.29
아싸되고싶은인싸,KR1,0,2.08,46.29,313.37,1.61,56.91,경험치만먹게해줘,KR1,3,4.70,31.00,384.69,0.43,0.00,20.00
제이스의굵은망치,KR1,1,3.06,44.42,365.18,0.73,0.00,옥수수 징징이,징징이,2,5.01,53.12,362.51,1.01,50.00,53.33
양심 잃은 사람,KR1,0,3.20,55.07,333.68,1.43,45.83,SeoRea,KR1,1,3.02,50.50,412.09,0.55,50.45,41.18
02임찬호,KR1,4,4.79,43.33,365.19,1.01,59.26,퇴마더,럭키비키,2,2.74,45.46,393.24,0.83,48.39,69.23
딸기맛승미,맛있어요,1,3.19,43.22,426.33,0.56,49.60,슈뢰딩거의 고먐미,나만없어,0,2.32,48.29,303.11,2.18,77.78,41.67
땡구의파이크,KR1,4,3.26,43.54,346.45,0.96,47.62,마태민,6137,2,3.44,49.61,392.52,0.93,46.79,33.33
이멀전씨,LA23,1,4.83,56.53,420.91,0.75,57.50,임호군밤,KR1,2,4.19,46.42,398.98,0.85,54.55,73.68
준서 또바기,KR1,1,3.02,46.32,372.34,0.82,56.06,싱싱한귤은슐,제주감귤,1,3.54,42.64,336.76,1.02,51.63,33.33
준서 또바기,KR1,1,3.02,46.32,372.34,0.82,56.06,Jiйhyeok,KR1,4,2.30,44.50,363.72,1.10,50.79,36.36
gechobo,KR1,1,3.48,45.60,426.05,0.59,48.66,고기듬뿍된장찌개,KR1,0,5.78,50.38,302.55,2.19,55.07,48.00
솜사탕,854,1,3.42,53.42,419.33,0.60,54.66,승주는 귀요미,1201,4,4.68,43.88,389.39,0.74,47.79,54.55
붕의 반란 ,KR1,2,3.06,46.05,385.29,0.72,61.90,낭만 트롤 우용준,KR1,1,2.72,45.00,379.27,0.74,56.76,57.69
닥피고롤,0305,3,1.99,41.92,392.96,0.70,48.39,Macallan,1926,2,2.45,47.60,368.58,0.78,0.00,47.62
원딜하다불교입문,KR3,2,2.48,40.11,374.75,0.67,53.12,허벌성대 김승환,KR1,2,2.14,31.00,354.35,0.77,51.72,54.55
입후보,KR1,3,1.88,32.89,362.83,0.33,50.93,중동회색늑대,KR1,2,1.72,48.00,406.05,0.56,52.52,34.78
리얼캠퍼,KR7,4,5.44,53.47,398.77,0.82,51.01,전기통닭,KR8,2,3.41,50.17,406.30,0.57,50.57,68.42
리얼캠퍼,KR7,4,5.44,53.47,398.77,0.82,51.01,치즈규동,0609,4,4.11,38.94,346.63,0.83,56.94,70.00
킹오른,3849,3,3.53,24.50,342.78,0.62,52.94,아이들을위해,Daily,1,4.87,52.36,441.09,0.60,49.62,80.00
죽이지마로라,KR1,1,4.92,51.88,443.84,0.47,50.42,포테이토,헤드1,3,3.12,41.62,313.54,1.09,50.31,63.64
용운동 원딜러,KR1,3,2.55,43.55,365.99,0.66,58.64,대천방마유시,041,1,3.51,42.33,388.35,0.56,48.94,50.00
용운동 원딜러,KR1,3,2.55,43.55,365.99,0.66,58.64,정준혁,0628,3,2.10,38.24,381.12,0.66,0.00,30.00
사리면서파밍만해,KR1,3,3.89,40.50,339.40,1.11,63.16,De1eted,KR1,2,2.25,48.11,364.69,1.00,45.49,35.00
탈론으로 암살중,KR1,4,3.17,49.25,372.45,0.54,56.72,O 학이 O,KR1,4,3.13,40.89,303.05,0.91,0.00,30.00
남탓을할수도있다우리는남이니까,그만싸우자,1,3.23,45.38,357.95,0.79,42.11,이상원,3706,2,2.54,43.76,362.95,0.62,54.55,47.37
탑 오공,돌숭이,2,3.29,40.55,377.03,0.89,51.61,사이다맛껌,KR1,4,4.19,42.14,353.14,0.88,55.00,56.25
연그린,KR2,3,2.45,41.31,365.76,0.69,38.46,연그린,KR1,2,2.28,41.65,336.24,0.81,50.00,33.33
골치가살짝아프네,KR1,4,2.96,32.08,343.13,0.83,48.61,발목잡는탑신병자,KR1,3,2.42,35.46,379.89,0.63,76.00,72.73
예승이롤Z,KR1,2,4.39,51.33,338.50,1.19,44.32,인자강,KRN1,2,2.71,44.62,349.57,0.84,43.56,51.72
도경이잉,KR1,3,3.16,43.64,377.87,0.48,54.94,한재선,KR1,2,2.75,42.90,387.69,0.80,52.02,30.77
입털어봐 손해좀보자,KR2,0,7.13,48.80,278.25,2.10,55.83,겨울은흐빵이지,Huni,0,3.70,50.83,328.15,1.48,51.20,31.25
입털어봐 손해좀보자,KR2,0,7.13,48.80,278.25,2.10,55.83,IIllIIIIIllIlIi,KR1,3,3.13,32.54,370.98,0.81,57.95,76.92
용인 Oner,KR1,4,6.48,52.75,374.22,0.84,50.00,4818652del,KR1,2,3.39,42.56,424.18,0.50,50.00,60.00
이태리습하게띠,KR1,3,2.86,41.25,341.19,0.85,51.38,먹태의감칠맛,taste,1,3.65,45.90,372.71,0.74,40.00,26.67
블러드 더 덕준,KR1,1,2.77,46.06,375.13,0.78,50.76,닝냐닝뇨,KR1,0,4.00,54.71,276.08,2.23,51.15,45.45
ClarkJungler,KR1,4,3.79,51.00,393.48,0.87,48.68,그럴수도있지,3133,3,2.29,38.33,367.89,0.89,50.51,54.17
Allof2and1,9821,0,3.17,52.27,280.66,1.66,56.00,연 우,ΚR1,1,2.78,55.29,436.97,0.60,46.05,44.44
깨비야,GG0,0,3.28,44.39,305.06,1.51,48.98,부끄러운 ID,KR1,4,3.21,44.76,379.17,0.91,41.86,53.85
얼그레이스콘,1234,1,3.25,47.47,351.65,1.29,0.00,근육서폿,KR1,0,3.07,53.10,265.18,2.44,47.62,57.89
한국제약 황사장,king,3,2.83,42.13,332.90,0.97,55.06,브 베,댕장꿍,2,2.64,44.79,362.72,0.87,52.63,25.00
에효효효효효효효,KR1,4,4.42,54.69,407.10,0.98,43.33,민 깨,112,1,5.43,54.24,375.98,1.08,45.65,50.00
쟝지한,KR1,1,3.46,49.85,362.07,0.78,0.00,건들면느껴요,kr2,4,3.11,50.22,394.95,0.64,0.00,52.94
쟝지한,KR1,1,3.46,49.85,362.07,0.78,0.00,준수는서폿을너무못해요,22222,2,1.92,33.53,356.38,0.84,0.00,54.55
숟 탉,KR1,1,3.38,44.50,429.64,0.57,39.29,사소한것도못참아,KR1,2,3.08,42.88,319.22,1.45,48.08,54.55
숟 탉,KR1,1,3.38,44.50,429.64,0.57,39.29,짝지라고,KR1,0,2.49,45.00,251.66,2.02,48.45,70.00
박복자,KR1,4,2.42,45.05,407.22,0.59,59.52,의미부여,KR1,2,3.83,51.75,424.69,0.84,47.83,47.37
박복자,KR1,4,2.42,45.05,407.22,0.59,59.52,못생긴년패기장인,KR1,4,4.84,59.00,445.26,0.71,55.28,20.00
mokun1,KR1,4,6.05,53.58,449.73,0.94,41.27,MOKUN,6598,3,2.95,49.11,421.95,0.79,42.60,66.67
unwer,KR1,3,2.10,46.92,426.04,0.68,0.00,못참는다5,KR1,4,2.39,46.10,361.47,0.83,47.62,56.52
전두광,gh11,3,2.52,41.58,346.64,1.06,64.29,넌뒤졌따,KR1,3,4.44,49.50,428.96,0.67,0.00,50.00
피시중임,KR1,0,3.19,46.65,334.15,1.37,49.21,Boy지않는검,KR1,2,3.63,39.71,379.57,0.82,51.28,47.06
Zenith,KRMID,2,4.13,39.69,381.07,0.83,52.94,Liberation,해방이당,3,4.47,51.73,445.35,0.53,60.87,63.16
LVNDMARK TV,KR1,1,3.35,46.18,353.89,1.04,58.52,잔인한귀신,49213,2,3.51,50.65,443.78,0.82,67.86,50.00
카 르 마,KR22,0,2.59,48.00,253.08,1.92,50.00,구름덕춘,KR1,4,2.83,51.83,360.69,0.64,0.00,43.33
콩스프,KR1,3,5.39,50.91,396.11,0.61,46.49,가족의소중함,KR1,3,4.22,39.80,374.51,0.95,53.66,69.23
하버아빠,KR1,1,4.58,53.09,435.05,0.74,0.00,왓더퍽은헬,KR1,3,3.05,36.00,353.06,1.13,47.24,75.00
HLE Zeka,1204,3,3.45,49.12,394.00,0.82,43.84,캐 륜,KR1,1,3.17,45.94,407.10,0.74,48.17,40.00
눈물날것같아요,kr2,4,3.66,51.84,372.28,1.05,44.23,현무무,KR1,0,4.13,48.50,308.76,1.21,44.19,27.27
lllIIlIIIlllll,KR1,0,5.31,51.06,410.09,1.16,90.00,레어닉인데여,KR1,3,4.66,48.29,426.89,1.02,70.21,88.24
박춘배할아버지의기적의돌려차기,KR3,4,3.42,48.05,389.08,0.71,55.45,공룡익룡,KR1,0,3.18,53.88,312.53,1.78,50.00,73.33
Only Tabi,야랄금지,2,3.25,45.75,388.52,0.77,53.46,lililililiil,123,1,2.37,38.65,358.47,0.47,49.28,45.83
tpdusrhdwn,KR1,2,3.19,41.14,405.50,0.52,71.43,성 저,KR1,4,4.49,48.06,372.68,0.81,60.76,56.25
은돔벨레의 탈압박,1111,4,3.59,44.69,383.09,0.94,51.90,GOA T,좀 내지마,4,3.30,48.89,408.16,0.84,41.51,75.00
컹스말라이쿰,KR1,3,2.06,41.71,423.92,0.52,55.56,나지수정수리,jsjsr,2,4.01,42.00,394.19,0.83,20.00,57.14
찬바람이 슝슝 ,KR1,3,4.28,35.33,380.15,0.57,28.57,대구 길치,KR1,3,2.83,41.86,347.64,0.69,50.00,61.11
조 건,kr2,3,2.22,37.08,382.63,0.60,52.58,고통속에서,6974,2,2.75,42.00,373.39,0.75,0.00,31.58
냥냥거리는지원씨,KR1,0,3.97,39.06,310.57,1.13,53.98,Aura,99944,1,5.38,48.92,398.48,0.59,54.73,27.27
탐 배,마니머거,2,3.27,39.33,335.40,1.14,54.37,경순공주,KR1,1,4.77,41.50,350.79,0.87,0.00,38.46
Marid,1024,1,3.94,55.25,448.90,0.93,48.57,에엥우,KR1,4,2.25,43.50,411.33,0.77,44.35,48.28
열심히해봐요,KR3,1,4.44,54.59,367.33,1.03,75.00,앤주성,KR1,1,4.03,58.67,460.81,0.66,56.57,54.55
열심히해봐요,KR3,1,4.44,54.59,367.33,1.03,75.00,참는다는 마인드,KR1,0,8.69,61.33,278.91,1.92,60.23,50.00
Clutch,클러치,0,5.15,54.23,401.61,1.33,71.43,멘헤라쿠로미지뢰계애정결핍집착녀,1111,1,4.06,49.58,411.66,0.80,0.00,90.91
털찐앵무,KR1,2,2.45,45.10,374.15,0.43,47.69,털찡앵무,KR1,4,3.25,52.33,386.53,0.84,48.65,40.00
술먹는진글,KR1,4,6.71,62.15,421.55,1.01,53.85,용수아들,KR1,3,2.40,30.60,377.69,0.55,56.46,59.09
Nlcodemus,KR1,2,3.30,43.08,390.41,0.82,58.82,한눈팔지마,012,4,3.83,49.67,406.26,1.08,44.78,50.00
킁킁퉤,KR1,2,3.97,49.00,370.99,0.86,51.47,사미라협회위원장,KR1,4,5.11,53.17,387.81,1.34,51.85,37.04
화염룡,KR1,3,2.44,47.05,396.57,0.75,52.85,정문앞귤한박스,1614,0,3.73,49.85,303.76,0.93,49.15,30.00
킹콩콩콩콩,KR1,3,4.82,31.00,352.22,0.60,0.00,코 코,KR11,1,3.35,54.60,342.11,1.34,50.97,56.00
나는 이런거 그냥 들어가버려,KR정욱,3,2.68,50.67,369.96,0.59,60.00,태 산,KR현수,4,3.41,33.71,337.65,0.70,44.44,45.00
김머중롤체전용계정,123,2,4.06,49.29,392.88,0.82,72.22,엮은이는 아는데요,김경식1,4,3.24,35.14,308.23,0.91,46.51,84.21
물기냥보리,KR1,4,6.36,59.89,409.17,1.12,61.54,7373737,KR1,0,7.10,55.57,260.20,2.36,46.67,58.33
과일은 멜론,KR1,2,4.07,54.28,429.19,0.64,70.59,양심무능력자,KR1,2,1.58,37.09,358.68,0.55,52.80,50.00
과일은 멜론,KR1,2,4.07,54.28,429.19,0.64,70.59,신짜오엘리스리신,Zhao,4,5.21,47.85,348.91,0.85,50.00,66.67
Chill함,909,3,3.14,38.91,395.00,0.60,0.00,서폿 개X끼,KR1,1,4.21,46.58,404.14,0.66,52.50,77.78
Psychopomp,VIIX,3,1.66,37.79,365.77,0.99,56.92,S rang,Srang,3,2.44,41.04,391.55,0.57,51.27,18.18
고경빈2,KR1,1,4.72,48.40,400.97,0.64,50.00,OneTopMoving,KR1,2,2.47,34.11,376.98,0.65,31.25,76.92
고경빈2,KR1,1,4.72,48.40,400.97,0.64,50.00,진로사이다,KR1,3,2.58,44.47,361.50,0.89,90.91,66.67
언제 강등되노,KR1,0,4.25,51.44,322.20,1.85,35.71,chill gay의 하루,KR2,1,2.92,43.22,377.08,0.73,51.61,61.54
행복한협곡전도사,0603,3,2.85,45.88,383.41,0.83,53.33,빈대떡,떡빈대,2,3.23,48.85,409.70,0.83,48.57,43.33
느그딸래미탐켄치,KR1,1,4.07,52.92,440.89,0.86,53.23,문가붕가,KR1,2,2.54,36.78,399.21,0.34,41.67,78.26
게스트하우스,KR1,1,3.31,46.30,418.84,0.50,51.01,돌아온 북프트,KR1,1,4.47,54.00,395.41,0.70,40.68,56.25
잡 스,KR1,0,3.67,57.35,344.01,1.63,64.58,데 고자르,KR1,1,2.86,49.95,376.36,1.09,80.00,66.67
응수빠진피오라,KR1,2,4.75,40.00,335.06,0.94,57.14,KSANTE,텟카이,3,4.21,37.35,345.50,0.79,48.28,53.85
박계감,KR03,4,3.79,54.00,389.86,0.94,54.28,감동란노른자,KR1,2,2.15,37.68,348.47,0.79,56.76,45.45
박계감,KR03,4,3.79,54.00,389.86,0.94,54.28,20250423전역,6307,0,2.30,48.65,284.94,1.78,59.40,30.00
산타실제로본사람,KR1,0,3.92,55.80,340.26,1.58,35.71,빅 뱅,1017,1,3.07,52.55,410.00,0.66,30.00,47.37
산타실제로본사람,KR1,0,3.92,55.80,340.26,1.58,35.71,You H,KR1,1,2.31,48.92,394.25,0.72,52.94,45.45
Mouck,Mouck,4,3.93,42.00,357.64,0.79,42.86,lllIlIlIlllllllI,KR1,0,2.54,53.70,398.57,0.90,0.00,45.45
6월8일입대,KR1,2,3.49,48.29,395.50,0.97,0.00,좋은날은꼭올거야,KR1,1,2.80,47.44,375.96,0.79,57.81,56.00
연속함수의최솟값,KR1,4,7.36,58.00,442.69,1.09,57.39,づooづ 귀신,KR100,4,3.52,45.67,309.97,0.95,30.77,87.50
TOPTOP탑TOPTOP,KR1,3,4.23,48.44,394.83,0.93,69.23,황야의 이리,KR99,4,4.07,48.00,393.24,1.06,53.33,57.89
xia xiao fei,KR1,3,3.05,40.33,382.78,0.68,44.44,wohunxiafei,0000,2,3.30,50.32,404.07,0.79,56.00,27.27
KOR Sexy Pig,KR1,1,4.39,56.09,396.81,0.94,51.87,EunMan,2468,0,2.92,47.58,318.84,2.02,49.68,38.46
kyrokami1111,5177,3,3.37,46.88,382.40,0.64,54.17,Easyhoon,두번째태양,2,3.32,43.56,332.31,0.85,66.67,57.14
숟가락의발악,7150,1,2.70,44.58,354.16,0.98,40.00,naist,kr99,1,2.83,40.70,374.26,0.61,53.09,45.00
편안한드럼통,KR1,1,3.03,38.20,375.29,0.73,38.46,굉이씨,KR1,0,3.41,50.00,300.25,1.79,51.45,41.67
김헤수,KR1,3,2.88,39.00,386.16,0.50,50.00,춘자내꺼,KR1,2,3.62,48.55,394.97,0.89,41.67,70.00
airprotrc,kr2,3,4.90,46.71,367.58,0.89,63.64,cocoFarn,KR1,0,5.13,50.17,335.33,1.16,56.80,63.64
봉곡동황태자,KR1,0,4.10,48.69,289.90,2.08,51.95,기병술사,KR1,1,6.39,59.10,475.33,0.78,47.17,62.50
너무힘들어요,KR1,3,2.98,45.25,392.09,0.72,51.98,가나다,KR18,1,2.35,51.25,401.92,0.80,55.63,45.83
동나잔희,KR1,0,3.53,50.69,295.14,1.53,49.01,제발말걸지말아주세요,KR2,4,3.31,48.23,389.85,0.98,49.11,35.29
노동자 우석,KR1,1,3.60,47.77,420.23,0.84,50.00,주그맨,KR0,2,2.63,41.71,368.10,0.73,37.50,60.00
네다음민찬,KR1,4,6.00,51.67,373.98,0.64,50.00,한 울,KR0,2,1.98,44.11,352.92,0.63,45.34,62.50
つΟωΟつ,고양이,2,4.18,41.38,352.84,0.73,41.94,Uma to Shika,KR1,2,2.55,38.57,371.27,0.68,47.71,38.46
미친개,1233,1,4.52,55.00,426.75,0.59,39.62,끠끼다리털,끠 추,2,5.14,46.37,425.76,0.51,13.33,66.67
나는고래다,KR1,1,2.65,55.25,372.42,1.42,49.46,NightCain,KR1,1,3.00,57.57,365.11,1.14,0.00,47.37
가 을,1120,1,3.39,52.07,401.53,0.58,53.51,황산도,KR1,4,3.22,47.22,357.76,1.08,43.94,41.67
41100490del,KR1,1,3.85,49.43,450.31,0.51,62.86,나히쓰,KR1,0,7.09,35.00,233.58,0.44,48.65,63.33
Mr SunW,KR1,4,1.74,37.56,367.21,0.58,64.29,9u 9u,KR1,2,1.94,39.62,356.73,0.94,41.76,50.00
감삼동 구마유시,KR1,2,2.77,39.10,367.64,0.88,50.94,핑크덤벨,krI,4,4.38,51.50,428.73,1.01,51.18,33.33
칼에 손을 베이가,KR1,2,3.33,54.92,394.80,1.01,48.43,16기통 소라카,KR1,0,8.14,50.29,271.00,2.10,44.90,37.50
규카츠,3661,3,4.10,43.08,385.27,1.01,52.53,noob,88848,1,4.12,50.00,425.24,1.08,60.38,61.90
혜리 이뻐요,KR1,3,3.44,41.10,377.59,0.55,45.95,민 지,여 신,3,4.31,48.05,367.66,0.73,50.18,45.45
그대진정억울한가,KR1,1,3.58,53.40,372.94,1.01,43.14,브론즈행비행기,KR1,1,3.96,45.08,378.44,1.01,47.33,71.43
비트코인 도사,KR1,4,2.33,40.62,366.08,0.77,50.72,긍정적 마인드,KR1,0,4.00,55.00,349.46,2.13,50.23,33.33
애 선,KR1,1,2.17,43.09,380.87,0.75,0.00,물 맛,KR1,0,3.42,50.25,296.49,1.62,40.00,60.00
오레오레먹을오레,KR1,4,7.70,62.06,404.95,1.11,53.66,이강필,KR2,1,1.72,41.53,342.12,0.79,51.28,60.87
박 보 영,pan,1,5.67,51.30,411.42,1.08,48.35,심윤선,KR1,2,3.15,44.14,373.04,0.63,0.00,91.67
솜수건,KR1,2,3.24,47.13,373.37,0.84,57.89,니난디라,KR1,4,2.32,45.00,329.09,1.18,40.82,60.00
1픽 미드감,KR1,2,4.08,44.60,380.17,0.78,44.44,젤리먹어,KR1,4,3.77,44.19,387.02,0.70,41.94,53.33
웰시동준,0531,1,2.77,43.38,363.89,0.91,34.78,Bdd Hunting Dog,1111,2,4.26,47.12,367.12,1.18,51.00,41.18
warus,8080,3,2.74,45.50,387.18,0.66,0.00,k1sker,KR1,4,5.45,54.44,403.51,0.76,0.00,54.55
개백정백범준,KR1,4,3.05,50.15,366.74,0.69,53.85,친절한민수씨,4957,0,4.16,53.60,333.56,1.08,56.25,37.50
느 엥,1001,1,3.29,52.53,407.27,0.76,52.86,미드왕 웅이,KR1,3,2.89,38.56,371.28,0.78,52.31,51.85
정글 싸일러스,KR1,4,2.79,51.31,375.05,0.77,43.75,Gucci Flip Flops,KR1,0,5.22,59.67,344.04,1.05,50.00,63.33
그릇된 신념,성 석,4,3.58,47.67,353.17,1.14,29.63,재훈이다이아간다,KR1,4,3.34,52.77,364.18,1.50,50.88,40.00
중근사마,KR1,1,4.19,48.57,388.17,0.92,0.00,잣같은게임이네,KR1,4,2.73,49.54,349.07,1.21,54.35,58.33
난곡숟가락,KR1,1,2.96,48.05,406.52,0.72,54.24,한성시크릿쥬쥬,KR1,2,2.58,39.89,379.85,0.56,57.01,47.06
난곡숟가락,KR1,1,2.96,48.05,406.52,0.72,54.24,가 께,KR1,2,3.52,44.60,317.33,1.15,54.55,30.00
걸어다니는 충전형 물약,150,0,3.40,50.85,288.36,2.07,50.00,가짠뎅,Nise,1,4.61,51.85,372.07,1.11,50.87,76.92
아주 제법이십니다,123,1,5.58,48.88,425.89,0.60,56.25,takeiteasyong,KR1,0,4.08,58.00,268.30,1.88,46.82,65.52
이상혁,TGK,3,3.52,40.94,375.75,0.95,48.33,굴먹고 귤먹고,KR1,4,5.49,52.64,421.16,1.12,0.00,72.22
망나니이씨,KR1,1,2.38,47.38,425.72,0.60,48.11,망나니황씨,1111,2,3.84,51.50,389.05,0.88,50.50,50.00
kanbujian,KR1,4,2.98,44.07,354.37,1.08,0.00,박그녕,KR1,1,4.31,48.33,379.69,0.91,48.00,52.94
매드맨,MDM,0,5.66,51.15,296.26,2.35,66.67,속도전,0000,0,3.68,47.33,333.87,1.28,55.00,53.33
엑소오빠들사랑해요,사생팬,0,2.22,54.36,274.63,1.50,51.81,양 지 훈,korea,2,1.15,39.08,400.41,0.73,49.45,20.00
옥천대대,KR1,1,1.63,39.17,404.64,0.61,55.00,언양1번이재민,김재현,2,2.53,36.80,313.52,0.65,49.06,9.09
의사는누가살려,KR1,3,4.88,41.16,415.66,0.53,57.58,상어는개발은못해,KR1,4,4.27,44.35,349.85,0.94,47.76,55.56
가보자 가보자,1234,2,3.41,37.09,382.08,0.70,48.19,씨얄반응,1111,3,2.58,39.06,368.33,0.83,50.72,42.86
Pantheon,2013,4,1.94,48.00,303.70,1.36,59.20,숨겨둔 플래 계정,KR1,2,3.71,46.94,424.43,0.79,39.06,38.89
풍운승려,KR2,1,3.71,51.11,418.98,0.90,50.00,꾸꾸호떡,KR2,1,4.32,57.33,448.80,1.09,0.00,60.00
손요미,KR1,4,4.95,53.83,411.89,0.80,52.94,버섯나라,KR1,2,3.23,40.60,334.12,1.23,50.87,66.67
별수호젤리자크,KR1,4,3.41,45.44,338.01,1.11,55.34,정먕호,KR1,1,3.32,47.67,370.35,1.05,0.00,53.85
이러시면곤란해요,KR1,4,6.30,56.70,427.65,0.57,75.00,원 딜,gosu,2,3.25,40.45,367.35,0.89,50.94,68.00
Terri,1119,0,2.97,43.08,280.67,1.99,56.52,boycold,KR82,1,3.37,56.89,431.98,0.70,50.70,66.67
Terri,1119,0,2.97,43.08,280.67,1.99,56.52,우 태,KR82,4,3.84,47.47,417.55,0.59,59.26,70.00
갱플랭크로하층민들학살하는계정,화약통이다,2,2.51,33.00,356.33,1.01,57.34,Gyulation,KR1,4,3.38,47.76,410.10,0.83,0.00,46.15
규웅현,KR1,4,4.24,58.00,386.49,1.40,52.73,Jinxs,KR1,1,2.37,40.33,352.51,0.61,46.97,36.00
집이 사라진 기사,KR1,2,3.16,53.60,407.73,0.57,14.29,집이 사라진 쿼카,쿼 카,0,2.82,48.69,288.01,2.08,50.94,56.25
집이 사라진 기사,KR1,2,3.16,53.60,407.73,0.57,14.29,집이사라진나피리,KR1,0,3.15,47.00,341.76,1.30,58.97,57.14
봉명동살인사건,KR1,1,3.27,42.00,354.99,0.62,48.20,왕 댜,공 듀,0,3.95,40.00,251.56,2.02,53.27,46.67
괘씸보이,KR1,3,1.68,39.41,402.86,0.81,47.73,Q Flash Darious,KR1,2,3.48,45.38,419.67,0.46,40.00,75.00
구마유시,99999,1,3.29,52.58,416.96,0.54,50.00,광주대표걸레94 김세진,1212,4,3.80,43.24,370.70,1.00,100.00,80.00
사막여우상,3351,2,3.37,45.05,401.52,0.70,45.88,oner,546,3,2.41,44.12,382.61,0.52,54.17,50.00
미동박,KR1,4,3.44,33.00,315.88,0.76,68.89,lolololol,1134,3,2.70,36.67,360.24,0.77,50.00,50.00
갓볶은김치,KR1,2,3.74,40.56,374.29,0.56,0.00,덩덩이,1347,1,2.39,43.60,425.11,0.51,57.80,59.09
땅유링,KR1,4,4.39,51.45,391.44,1.09,52.73,Yone,5392,1,3.00,46.00,383.71,0.70,56.90,52.94
근본미드다,KR1,2,5.00,51.56,460.63,0.55,35.71,gjwnsgur,KR1,2,5.00,35.80,351.49,0.70,58.33,60.00
오연투척검,Mk2,3,1.84,39.00,374.04,0.65,0.00,럭셔리 스킨충,KR1,2,3.95,46.36,354.57,0.72,62.50,27.78
멀로하면,KR1,4,3.78,56.26,417.82,0.89,50.00,환상신이,KR1,2,2.01,36.56,337.42,0.77,41.67,33.33
수연야,KR1,0,4.23,53.44,422.97,0.91,54.30,플로버,0514,2,4.29,33.67,361.83,0.88,55.77,40.00
제라스OP,KR1,2,4.62,46.20,408.07,0.96,50.00,챔프연구소,0131,3,3.40,38.04,387.96,0.85,48.48,84.62
제라스OP,KR1,2,4.62,46.20,408.07,0.96,50.00,돼상지민,KR1,4,2.45,32.65,367.54,0.48,50.68,75.00
47년생 임춘득,KR1,0,4.00,46.80,293.31,2.10,46.45,춘봉맨,KR1,4,3.66,53.50,399.19,0.84,64.15,31.82
6강의실,KR1,3,4.28,46.86,354.55,1.18,47.90,경계선인격장애,JMU,2,3.54,33.00,372.75,0.98,48.84,90.91
바구미,KR1,1,5.06,55.25,410.97,1.23,46.67,Bald Min,KR1,1,2.26,47.32,373.66,0.94,47.52,55.56
검은것은 항상 큰 것을 지녔다,코코볼,2,2.21,47.29,346.22,0.98,49.12,ILYSB,KB1,1,2.45,39.38,388.40,0.47,22.22,40.00
야야숨쉬어,KR2,4,2.87,61.50,378.05,1.02,60.00,불 행,윤희망,0,2.15,45.39,358.35,1.32,57.33,62.50
지나가도좋습니까,KR1,1,4.79,47.35,420.72,0.73,0.00,Sweet Cannon CS,KR1,2,3.22,34.88,333.01,0.59,27.27,75.00
지나가도좋습니까,KR1,1,4.79,47.35,420.72,0.73,0.00,에코 박,KR1,0,1.90,35.88,308.61,1.00,52.94,54.55
서포터캐리좀,KR1,0,3.55,47.44,341.52,1.15,53.52,냥이 Lengar,KR1,3,3.13,41.32,402.51,0.58,44.79,63.64
서강욱,KR1,0,3.64,48.86,357.71,0.85,49.83,Hide on bush,K44,1,3.62,51.81,386.60,1.03,55.56,52.94
쵸 비,GenGG,0,5.07,42.68,377.73,1.41,0.00,치과보존과전문의,KR1,1,3.91,50.50,407.16,0.49,51.81,85.71
왱알웽알,9293,0,3.65,48.50,330.98,1.12,41.18,쉽다쉬워,8859,4,5.18,53.86,402.11,1.13,51.94,59.09
응애고양이이,3773,1,3.18,47.87,355.59,0.84,52.27,Cuddly,KRI,1,4.54,51.38,434.25,0.62,49.67,66.67
응애고양이이,3773,1,3.18,47.87,355.59,0.84,52.27,준 표,0001,0,5.12,46.83,253.86,2.11,60.00,50.00
graysaekkiya,KR1,3,8.00,41.88,394.69,0.42,41.94,아 뀌,KR1,3,2.70,39.84,350.66,0.58,45.10,77.78
앙병석,KR1,0,3.50,54.33,314.06,2.15,53.54,카타리나 행님,KR1,0,2.09,45.50,298.50,2.16,62.90,57.14
성화씨진짜여,kr2,4,2.96,54.77,381.32,0.99,49.25,장애인카운터,3215,1,4.97,52.84,404.51,0.88,30.77,54.55
시비걸면대포강타,KR3,4,4.11,42.53,393.24,0.85,46.03,꿈의끝,KR1,3,4.81,46.95,451.34,0.63,0.00,64.29
술 담배 도박 계집,7526,2,5.10,45.65,366.26,0.83,60.20,08년생슈퍼zr지,kr123,1,5.72,55.05,416.94,0.68,43.51,43.75
서울에살아,KR1,2,3.95,46.64,411.07,0.74,51.43,다까키 마사오,KR1,4,4.53,52.50,437.46,0.85,0.00,64.29
김판용,KR1,3,3.40,45.43,431.44,0.62,54.43,시체꽃 셰라진,KR1,4,5.49,54.89,363.82,1.01,46.53,62.50
서폿장인,0521,2,2.87,46.37,323.07,1.28,48.53,박수치는까마귀,0220,1,3.24,42.91,399.57,0.65,0.00,33.33
안녕쏘현,KR1,1,6.46,59.00,449.88,0.87,64.29,JOTSOO,KR1,4,3.56,36.22,335.81,0.87,53.33,40.00
정동철,목운중8짱,4,3.81,50.90,369.12,0.78,56.67,98년생 황윤태,80kg,0,4.01,47.50,344.72,1.27,59.09,60.87
호석핑,KR2,1,5.27,49.06,390.52,1.02,47.69,국밥민,KR1,3,3.05,42.90,388.97,0.75,63.16,62.50
대흉근이란,KR1,2,5.90,51.11,385.95,1.01,31.82,IIIIIIIIII,채희수,2,3.58,48.36,364.55,0.90,51.50,52.00
아니재현아,KR1,3,3.35,40.75,354.48,0.52,58.82,Jong20,KR1,3,2.59,42.46,348.63,0.52,50.17,42.86
가오리아나,KR1,3,3.51,53.55,451.45,0.45,52.94,황금색 능구렁이,www,2,2.73,43.67,294.49,1.16,25.00,51.72
엥에에엥엥,KR1,1,2.80,52.40,416.48,0.64,48.48,엥에엥엥엥,KR1,0,2.76,51.00,252.88,2.01,47.56,56.67
종화나무,두부2,0,3.84,58.08,287.56,1.96,51.61,원 딜 성 조,KR1,2,2.44,43.18,365.40,0.39,47.57,56.67
qwer1234,4554,1,4.20,51.88,440.05,0.52,53.06,윤봉길선생님,KR1,0,5.34,54.00,327.61,1.08,58.46,60.00
첼린저갈남자,KR1,1,5.17,49.14,429.29,0.58,53.52,이렐아칼리,HAN,4,4.88,53.07,369.22,1.14,0.00,53.33
임꺽정,괴력맨,1,5.06,42.14,389.05,0.50,0.00,못하면,져야지,0,3.58,44.17,369.11,1.13,51.79,66.67
3691572del,KR1,2,5.72,52.92,474.69,0.58,0.00,지나보이,JNP,3,2.22,35.67,321.96,0.75,36.00,64.29
쿠주릐,KR1,3,3.68,32.25,355.33,0.87,50.00,상체 꼬라지보소,KR1,0,3.80,49.00,263.28,2.56,55.00,58.33
치즈김뱝,KR1,0,5.54,46.86,315.61,1.94,0.00,치즈깁뱝,KR1,3,1.31,30.00,329.69,1.06,57.26,30.00
GoId Ahri,KR1,2,4.06,44.55,369.16,0.70,43.33,백 이,1234,2,2.61,31.00,361.20,0.57,48.57,50.00
총대장,대도검,4,3.20,39.23,371.60,0.84,45.40,효으응,1111,1,5.46,54.37,408.73,1.08,59.21,68.75
이졍빈,0709,2,3.28,46.18,382.72,0.89,64.29,빈졍이,0709,0,3.07,43.91,326.98,1.30,52.92,73.33
The shy,KR01,2,3.64,43.22,378.82,0.89,54.02,AWAWAWAWAWAWA,KR1,1,2.68,54.79,394.55,0.75,53.44,50.00
Bento,Saiko,3,3.86,49.05,327.74,1.30,45.45,호갸끼,KR419,4,2.88,43.52,401.05,0.84,50.00,66.67
큰 칼,1KR,3,3.89,43.90,370.95,0.93,60.00,이주언,유아독존,2,2.21,45.32,371.20,0.53,57.41,41.67
DARIUSiuuuuu,KR1,3,3.13,32.50,358.73,0.44,83.33,팀운 X발 진짜,KR1,4,3.68,47.25,391.09,0.82,54.78,38.10
포항대지,KR1,4,5.11,49.44,372.76,0.84,47.50,외로운 독수리,Eagle,2,2.69,40.69,359.63,0.78,53.36,38.89
믓쨍이,토마토,0,4.92,55.00,396.57,1.11,63.64,5272429del,KR1,1,3.47,48.33,384.36,0.93,51.06,73.68
요다당,KR2,1,2.90,47.10,361.34,0.91,0.00,코가큽니다,KR1,0,1.76,46.45,311.44,1.48,49.69,40.91
고요한 고양이,KR1,3,3.01,43.63,376.38,0.56,42.86,빠 따,1234,3,2.17,37.00,365.13,0.55,55.80,31.25
owl rock 지욱,KR1,4,4.43,52.29,405.65,0.99,44.44,경 녕 이,KR1,4,3.09,49.90,360.95,0.70,46.94,64.29
논 챗,KR1,0,3.12,51.71,314.02,1.39,45.00,미움받기,KR0,3,2.47,54.41,387.13,0.83,45.05,50.00
강철같은바람처럼,KR1,2,3.47,46.00,314.41,1.08,49.58,레미마흐뗑,KR1,4,4.64,46.60,345.89,1.05,48.48,84.62
죽쓰기장인,KR1,0,5.68,55.20,338.53,1.43,42.34,말라뮤트간지,KR12,2,2.58,46.43,359.78,0.72,51.61,57.89
무미무미무미,KR1,0,4.62,50.87,299.29,2.02,50.00,시작해요,KR1,4,2.69,50.50,370.42,0.95,44.12,45.00
너 사용법,에디킴,4,3.41,51.69,400.33,0.82,70.59,기무버무진,0518,2,2.06,38.90,372.43,0.54,28.57,50.00
견강부회,KOR,0,2.72,48.00,337.22,1.28,55.10,함은하,SD2,2,2.15,45.58,370.21,0.94,56.67,23.08
08프로지망생슈웃,KR1,2,3.41,49.62,437.88,0.57,47.41,duende,KR1,3,2.03,44.14,360.24,0.89,53.90,73.68
무네링,KR1,0,4.75,48.50,336.12,0.95,100.00,거북왕 구공이,KR1,1,4.46,45.00,410.17,0.77,52.63,52.00
갈짜오,신리오,2,4.16,46.69,413.91,0.48,53.85,애딤뀨뀨,KR1,0,2.04,39.20,290.78,1.33,45.38,68.18
민붕이,KR3,2,3.93,33.58,383.14,0.89,47.92,네잎클로버,KR1,3,2.25,44.88,363.11,0.60,61.29,54.55
lllIIlIllIllII,1112,0,7.03,63.60,277.38,1.89,57.14,네엑슨망해라,KR1,1,2.97,52.50,396.31,0.55,62.89,64.29
경기도미드,KR1,1,3.35,50.57,399.16,0.51,62.50,경기조합쟁이,KR1,3,3.24,41.56,404.77,1.07,52.05,36.36
경기도미드,KR1,1,3.35,50.57,399.16,0.51,62.50,묵방리올라운더,1996,2,3.37,48.53,348.25,1.03,55.38,36.36
애니비아,9119,1,2.98,55.57,432.58,1.15,66.67,도련님짖지말아주세요,제발제발,4,3.96,44.88,354.48,0.82,49.51,50.00
일승태,안경잡이,3,3.87,40.33,399.94,0.76,51.55,비빔밥 사이다,1111,3,3.74,46.82,387.69,0.72,40.62,33.33
안녕하세요,스위트걸,2,3.41,49.63,427.49,0.96,48.25,왕투안 그리즈만,1027,4,3.54,47.71,404.11,0.83,42.17,57.89
한 울,1111,1,4.71,50.79,407.80,0.83,51.67,김나공,김나공,0,3.24,52.25,331.25,1.78,42.28,66.67
바이뚜,KR1,2,5.84,47.00,398.55,0.93,50.00,쓰꿀아,KR1,1,5.05,45.67,426.68,0.69,47.38,64.29
야생숭이,KR1,2,1.90,45.80,369.26,0.88,0.00,이잔넹,KR1,4,3.06,54.29,384.42,1.15,45.61,36.36
ThreeOneSix,7444,4,2.57,45.63,403.83,0.84,50.48,꽃을 보듯 너를 본다,AK47,4,2.74,42.18,357.56,1.17,51.02,72.73
Christina Perri,KR01,2,2.87,47.13,386.24,1.00,0.00,대충할게,1111,3,2.77,47.58,369.37,0.90,54.21,53.85
Christina Perri,KR01,2,2.87,47.13,386.24,1.00,0.00,경태는 못말려,2004,4,2.40,44.89,333.25,1.01,56.60,33.33
시이나 마히루,Angel,4,4.03,44.35,342.24,0.91,48.82,내가가장좋아하는해산물은해삼창자,jtong,2,3.40,41.91,362.07,0.71,50.00,27.27
무버러지,KR1,3,3.26,41.57,352.79,1.00,50.00,FC만찐두빵,KR1,2,4.40,37.23,385.52,0.63,50.85,61.90
liq1,KR1,3,2.92,49.50,441.33,0.48,80.00,아군정글냠냠,KR2,2,2.71,41.00,327.20,0.76,63.64,59.09
현타온 놈,KR1,3,2.76,41.47,397.55,0.51,45.97,원리합계,KR1,4,5.52,57.83,344.94,1.30,51.52,47.37
현타온 놈,KR1,3,2.76,41.47,397.55,0.51,45.97,소환사 넷마블,KR1,2,3.05,42.70,414.11,0.81,50.00,70.00
근두광,1203,3,2.97,44.80,357.95,0.71,65.91,자 야,저리가요,1,4.16,53.38,358.68,1.62,56.14,76.92
초딩검객,KR1,1,3.10,39.40,361.60,0.87,0.00,곽순방,3838,0,6.79,59.50,286.29,2.38,0.00,50.00
호 두,KR5,1,4.02,55.71,438.23,0.57,41.94,Anonymous L,KR1,0,3.60,49.62,343.20,1.10,25.81,62.50
요키몬,KR1,3,2.44,43.69,383.88,0.61,0.00,꼬라박아,KR1,3,3.20,43.00,392.76,1.12,49.40,50.00
권선동아이유,권선방범대,0,3.65,55.60,298.00,1.59,55.56,권선동범죄자,권선방범대,1,3.83,51.62,377.34,0.46,45.24,53.33
야생동물 에호가,어흥어흥,4,2.28,45.94,349.19,1.05,51.15,레넥톤,6297,3,2.60,43.50,391.75,0.78,55.56,28.57
우우우우아이,KR1,4,6.41,54.91,384.03,1.45,60.00,검은콩세계,KR1,1,2.36,48.15,291.94,1.27,48.80,58.33
우우우우아이,KR1,4,6.41,54.91,384.03,1.45,60.00,Donavi,KR1,2,3.48,38.75,321.71,1.13,52.83,80.00
금요일공강,KR2,1,3.51,59.29,404.59,0.88,46.99,행복한 사람이 되자,aespa,1,1.72,39.47,367.71,0.60,53.17,50.00
핑준X지,드흐드흐,3,2.79,43.79,342.43,1.22,68.42,닝 닝,KR19,4,5.80,49.29,382.12,0.85,39.02,53.33
하 얀,우 유,0,6.55,58.00,359.99,1.29,58.33,어둠의 제왕 다크니스,2522,1,4.66,58.12,412.99,0.63,51.56,50.00
하 얀,우 유,0,6.55,58.00,359.99,1.29,58.33,GNU PE 22,KR1,4,3.71,48.50,408.10,0.88,54.29,70.00
Haku and Mata,KR1,4,2.69,41.60,418.49,0.66,46.15,박오붕,Steel,0,5.07,46.36,302.32,1.48,65.00,53.85
지나쳐온행복은그대에게전해져,SK1,3,1.53,32.00,388.35,0.45,62.28,목거리,klace,2,3.39,44.05,406.29,0.68,42.42,52.17
할래 말래,얘매하긴해,3,4.48,41.20,323.62,1.28,46.43,쌀래 말래,애매하긴해,1,3.33,44.93,420.40,0.97,54.97,60.00
올 한,KR1,2,4.43,59.65,416.55,0.78,45.00,브실은 나의 고향,KR1,3,3.24,46.60,408.07,0.74,61.33,54.55
올 한,KR1,2,4.43,59.65,416.55,0.78,45.00,쌍문동한제현,KR1,4,4.38,49.25,381.23,0.86,58.18,54.55
진짜너무하네,KR2,0,4.12,56.67,337.41,1.46,0.00,마 뮬,KR1,4,3.39,41.47,362.25,0.56,38.78,53.85
뭘 째래보니,KR1,2,3.45,48.12,353.21,0.89,58.90,승 바,KR1,3,3.07,41.73,382.04,0.57,0.00,56.25
하남자,krkr,2,3.30,39.60,420.87,0.45,84.62,후잉킹,KR1,3,2.40,50.33,442.71,0.48,0.00,38.46
김재우1224,KR1,3,2.46,37.28,372.29,0.65,45.45,나는 준일하다,zek,3,3.91,43.47,389.80,0.75,47.52,38.89
뿡뿡빵빵삥뽕,KR1,0,4.21,48.62,349.10,1.34,55.81,괴물쥐,KR  3,4,5.37,44.10,404.42,0.85,54.35,75.00
지 맹,0205,4,3.65,56.71,364.05,0.82,48.21,지 맹,0412,1,3.00,46.67,349.10,0.96,57.89,61.11
슈슝빠바방,Cu2,2,3.69,49.50,412.22,0.56,49.37,발목잡지마라,4498,4,3.31,45.17,360.86,0.98,47.47,45.45
슈슝빠바방,Cu2,2,3.69,49.50,412.22,0.56,49.37,Seoultech S,KR1,3,3.69,36.32,366.21,0.77,44.68,45.45
신입 원딜러,KR1,1,3.58,53.33,418.71,0.53,57.14,나만억까하는게임,KR1,1,4.29,51.83,410.66,0.93,56.25,52.63
한라봉 김준수,KR1,0,3.87,49.38,391.27,1.20,35.00,준 범,111,1,3.83,47.00,381.01,1.06,66.67,54.55
지퍼내려갔다,KR1,3,2.69,49.71,358.86,1.09,49.61,떡 장사,오메기,2,2.47,38.32,369.78,0.72,64.29,38.10
빠때루자세,KR1,2,5.29,52.54,395.65,0.97,0.00,쩡 임,KR1,3,1.70,31.64,384.54,0.58,55.81,70.59
빠때루자세,KR1,2,5.29,52.54,395.65,0.97,0.00,로로씌,KR1,1,3.16,53.12,408.99,0.90,52.56,80.00
정 왕,031,2,4.16,49.38,382.16,1.28,62.96,안 산,031,1,4.37,53.00,388.87,0.50,54.03,56.67
unknown is,KR1,4,4.01,44.50,421.04,0.89,69.64,شيطان,sxuxj,0,3.17,48.48,345.64,1.47,42.75,60.00
1999 10 02,KR1,3,4.30,43.56,416.15,0.53,48.89,미드따이면탈주,KR1,2,2.94,43.55,384.47,0.61,33.33,50.00
뉴진스차기혁,KR1,3,5.01,45.25,293.80,1.31,56.41,wvwwvvwvvwv,KR1,1,4.50,49.22,400.05,1.10,58.62,61.54
물만두에초간장,KR1,0,5.41,48.14,277.38,2.23,48.97,고라니,3009,4,1.49,32.22,334.09,0.91,50.67,72.73
람머스,1233,4,5.30,52.36,376.08,0.61,48.97,루 루,4458,0,5.83,54.00,250.01,2.85,40.74,60.00
주 작,4444,0,5.00,55.70,335.91,1.76,0.00,변호사고명주법률사무소,K1R,2,4.59,53.25,351.66,1.02,0.00,55.00
브라움,1990,0,3.07,43.38,322.48,1.60,56.56,키시키,1990,4,3.63,49.58,392.34,0.89,0.00,42.86
노력을 못하네,KR1,3,3.21,40.36,368.76,0.58,42.59,원 관 호,KR1,1,4.95,52.12,428.22,0.49,46.33,59.09
new someone,KR1,2,3.39,44.08,351.59,1.24,54.29,누구나할로인,KR1,3,5.38,44.14,419.99,0.67,0.00,64.29
우울한쿠키씨,KR1,3,4.25,41.31,357.68,0.93,56.25,인성tlqkf,w같다,2,2.76,32.00,350.81,0.77,45.00,47.62
일등입니다,KR1,0,4.60,56.24,325.14,1.61,45.45,행복사랑이해,0305,1,6.22,53.75,398.07,1.29,51.33,46.15
아이정말미지근해,KR1,0,4.09,48.95,331.89,1.47,44.44,gumayusi,괴 물,2,3.82,43.61,369.37,0.80,52.17,40.00
아이정말미지근해,KR1,0,4.09,48.95,331.89,1.47,44.44,Canyon,KR111,4,6.05,58.15,385.36,1.03,70.73,60.00
gyblue,KR1,2,2.77,40.00,340.82,0.92,49.78,뽀스기사,KR1,2,2.40,43.75,385.04,0.70,55.17,50.00
강지훈,KOR1,4,4.22,40.71,383.99,0.79,50.00,이홍현,55555,4,5.46,49.00,365.87,0.78,58.62,33.33
강지훈,KOR1,4,4.22,40.71,383.99,0.79,50.00,patata espantosa,KR1,2,3.07,42.67,399.14,0.76,51.09,61.54
더치생맥,DSM,2,5.98,50.12,405.34,0.77,55.00,강아지도세상을구한다,강세구,1,3.49,45.33,371.58,1.50,51.43,62.50
花無十日紅,KR2,2,4.61,54.06,382.99,0.76,45.45,롤대남의 부계정,001,3,1.94,35.73,319.04,0.60,67.74,30.00
한방전도사,KR1,2,5.27,44.70,394.48,0.60,60.56,봄 바람이 불면,KR1,2,3.57,44.75,397.23,0.74,50.00,65.22
우람한그곳이보여,KR1,1,4.28,50.84,394.55,1.18,51.38,한대만때릴게,KR1,0,7.56,52.00,272.75,2.32,48.10,73.68
우람한그곳이보여,KR1,1,4.28,50.84,394.55,1.18,51.38,겨 울,1109,1,3.93,47.73,403.05,0.83,47.62,54.55
코무영담당일찐,KR1,2,3.19,46.37,392.81,1.02,54.88,바텀c8,KR1,3,2.71,43.47,398.78,0.78,46.15,57.14
blug,KR1,0,2.40,48.15,357.41,1.35,42.62,피라미드석탑,KR1,3,2.99,48.41,390.52,0.66,60.71,34.62
도궁초등학교,KR1,3,2.10,44.86,394.27,1.03,51.81,휴 무,0000,1,2.28,38.50,348.58,0.52,0.00,57.14
내가슈우웅해줄갱,KR1,4,1.80,40.05,359.59,0.80,53.57,우물우물오물,KR1,0,3.13,44.54,351.25,1.33,45.71,35.71
내가슈우웅해줄갱,KR1,4,1.80,40.05,359.59,0.80,53.57,강하게박아,KR1,0,2.84,47.71,363.26,1.53,50.00,40.00
승패보다값진우정,KR1,0,2.56,48.18,317.98,1.84,50.00,성진이의발냄새,아야무치다,4,4.81,54.71,392.47,1.17,44.64,46.67
호날두,SSIUU,2,4.38,50.25,396.64,0.68,51.61,하베르츠,KAI,4,3.24,47.00,335.90,1.06,0.00,46.43
1지수,1234,0,4.26,57.00,305.16,1.67,0.00,철 수,7777,1,4.91,59.50,447.86,0.86,16.67,61.54
1지수,1234,0,4.26,57.00,305.16,1.67,0.00,SKhynix,SKT,1,6.96,56.00,457.59,0.92,0.00,50.00
수웨이진란,KR1,1,3.81,54.61,403.01,0.97,70.59,쵸 로,KR1,1,2.61,50.13,408.07,0.78,42.86,36.36
수웨이진란,KR1,1,3.81,54.61,403.01,0.97,70.59,우리 안한게 모가이찌,웅 마자,0,4.06,51.77,293.15,1.23,48.00,70.00
캐러비안베이가,KR1,0,3.46,51.20,268.67,1.98,45.05,에비츄전용듀오,KR1,2,2.34,48.00,373.41,0.61,45.07,62.50
t1 제리,KR2,1,2.53,51.59,374.98,0.51,41.67,성현이구른다,KR1,0,4.43,46.19,339.80,1.08,47.06,63.64
쟤는 왜 또 굴러,KR1,3,4.05,41.14,391.89,0.80,52.14,매애루,KR1,2,4.20,42.13,367.15,0.78,57.89,56.25
쟤는 왜 또 굴러,KR1,3,4.05,41.14,391.89,0.80,52.14,짠 쭝,KR1,4,3.91,51.50,337.37,1.64,53.70,72.73
私が愛した波,wave,0,6.52,54.95,355.07,2.14,64.29,Red,shs,1,2.71,37.58,349.78,0.55,46.43,68.75
best of RYZE,KR1,2,4.14,54.00,419.58,1.01,0.00,감자캐는 최우식,KR1,2,3.07,46.33,359.75,0.96,51.23,66.67
텍풀까마귀,JUST,2,3.73,54.20,443.21,0.99,44.64,김밍굴,1230,0,3.45,53.00,278.66,1.93,50.54,50.00
XLIM,9094,1,3.12,40.36,337.47,1.01,53.11,트롤방범대,KR1,2,3.29,36.36,348.08,0.79,51.52,54.55
세상에서 제일 빠른 달팽이,KR12,4,6.71,49.74,425.30,0.81,50.00,윌슨35세,KR1,0,5.17,46.83,278.66,2.16,51.69,65.38
땅이울면흙흙,1234,1,4.45,53.00,416.15,0.31,48.62,빡성원,123,4,3.34,50.00,405.63,0.67,49.52,50.00
땅이울면흙흙,1234,1,4.45,53.00,416.15,0.31,48.62,이쁘게말하기1일차,123,0,3.35,54.00,275.99,2.15,47.83,33.33
릭옵레,KR1,3,3.09,48.83,364.71,1.35,68.42,화끈한게좋아,3895,1,2.72,49.20,462.39,0.88,50.00,69.23
OoVin,KR1,2,5.46,52.81,409.48,0.76,56.52,지갑아 아프지마,KR1,4,6.64,55.00,419.08,0.96,72.22,70.00
OoVin,KR1,2,5.46,52.81,409.48,0.76,56.52,모래꽃,KR1,4,2.95,49.62,363.07,0.67,52.94,50.00
OoVin,KR1,2,5.46,52.81,409.48,0.76,56.52,lliiililillilil,KR1,2,3.04,49.40,445.25,0.80,50.35,30.00
레드베리카카오,KR1,1,3.35,50.00,421.42,0.81,49.06,Paixão,ROKAF,0,3.08,57.37,342.84,2.07,51.30,54.55
두들겨맞는중,KR1,1,5.71,45.36,432.13,0.82,0.00,행복한형종,KR1,0,2.46,45.29,309.40,1.46,53.16,66.67
슬피우는소쩍새,KR1,2,3.76,48.47,366.08,1.20,49.14,돌아온 솔라바카,KR1,3,3.38,45.38,337.31,1.24,55.24,53.33
하린이3세,김내하,0,5.38,57.21,308.56,1.52,50.00,연 약,뉴 비,1,2.43,56.44,463.23,0.52,50.67,61.54
T1 Gumayusi,AD99,1,4.52,53.00,389.74,0.81,52.23,섹시한웰코,이 콩,0,9.27,40.33,223.25,1.38,0.00,51.72
ONNGII,KR1,4,3.54,54.50,379.96,0.70,53.45,NO 지성정글,KR1,2,2.83,37.90,351.60,0.76,48.39,61.54
알라딘항문,KR1,4,5.16,52.93,380.55,1.14,46.35,사과나무밑유턴,KR1,1,2.22,40.53,341.87,0.99,40.43,47.62
개마띠츠맞고질질짤진팡이,0430,0,3.53,55.00,279.91,2.38,48.15,개마띠츠맞고질질짤봉팡이,0430,1,4.39,52.33,420.13,0.62,49.39,50.00
멘탈담당유리,KR1,4,4.53,45.85,370.94,1.17,70.00,김끔껌,KR1,3,2.26,23.50,339.41,0.52,51.84,53.33
Andra Ragoon,KR1,2,3.09,51.17,375.34,0.82,53.95,노숭늉,KR1,3,2.87,37.35,352.55,0.79,46.89,54.55
상호입니다,KR1,2,6.23,56.35,427.12,1.17,0.00,1백원,8337,4,4.10,50.12,382.11,0.88,51.46,79.17
누 러,KR1,3,3.45,43.56,378.69,0.70,48.48,경찰장구,KR1,4,3.90,46.88,365.55,0.84,44.44,45.00
용인뚝배기살인마,KR1,1,3.52,46.83,389.92,0.73,47.37,신기방,KR1,0,4.03,51.75,260.36,2.12,51.54,36.84
영 규,1234,1,3.88,51.14,439.96,0.84,77.27,넥서스가깨져도평타쳐라,KR3,0,2.38,47.88,378.45,1.43,57.31,87.50
정현빈,4299,3,2.40,40.08,438.66,0.40,44.88,새로운시작,태초마을,2,4.81,43.53,395.64,0.64,44.88,65.52
미드대학교,KR1,1,2.75,47.47,334.14,0.85,42.55,푸른요미,KR1,1,3.04,48.29,337.66,1.09,58.82,57.14
비엔나커피하우스,KR1,1,5.13,51.60,402.27,0.98,63.64,춘six,KR1,0,6.12,56.83,265.26,2.02,53.59,55.56
핑퐁핑퐁,6745,3,3.89,41.33,381.73,0.72,53.85,핑퐁핑퐁,0301,0,2.66,47.30,325.08,1.24,52.17,84.62
탑 유미 장인이요,KR1,1,4.79,51.84,432.44,0.83,67.57,닭의부인은닥처,KR1,0,7.94,44.00,257.83,1.87,38.95,68.18
llliliiillliii,KR1,1,4.55,48.80,484.92,0.57,0.00,ISFP,침대조아,3,4.61,42.57,425.79,1.00,40.00,78.95
OnOvO,KR1,2,3.77,39.38,346.17,0.67,52.08,2024 04 10,4560,2,2.72,38.75,367.77,0.72,50.00,40.00
가로우,kr12,3,2.17,42.08,374.42,0.63,40.00,해달로,KR1,2,4.85,49.00,405.75,0.84,46.67,51.72
osskiz,KR1,3,5.74,54.31,433.30,0.48,48.74,QQIQ,KR1,0,4.07,42.67,297.45,1.70,0.00,66.67
든든한국밥요정,KR1,0,4.01,50.00,271.40,2.50,56.94,950,1111,1,4.09,44.80,357.14,1.28,47.22,66.67
바닐라쌤,KR1,1,6.73,54.38,386.73,1.10,51.56,창출되네,KR1,4,5.32,44.00,305.31,1.02,48.65,54.17
송하빵,100,4,6.30,51.45,385.20,1.01,57.89,아련한 하루,KR1,2,3.91,49.11,344.97,0.83,54.81,60.00
송하빵,100,4,6.30,51.45,385.20,1.01,57.89,대나꼬,사랑해,3,3.89,35.67,338.95,0.89,51.43,84.62
jax cex,KR1,2,2.38,39.50,325.96,0.67,52.63,쾌락은삶의원천,KR1,3,1.81,45.75,370.17,0.64,50.00,25.00
jax cex,KR1,2,2.38,39.50,325.96,0.67,52.63,PureWhiteSugar,INE,-1,0,0,0,0,0,54.55
울혈이,KR1,3,3.05,33.06,352.86,0.58,66.67,깨끗한롤린이,KR1,3,2.39,35.44,378.46,0.66,56.41,52.94
륜지똥,KR1,4,5.18,51.43,389.75,1.03,57.14,유미하면정신병옴,KR1,3,2.94,42.67,325.72,1.43,53.90,72.73
Darlian,KR1,4,3.79,51.05,384.19,1.13,58.33,좀잘해봐제발,KR1,3,3.44,39.89,369.80,0.77,0.00,58.33
0 0,KR112,4,3.02,45.25,385.30,0.73,50.00,ISTP,0202,1,3.36,44.20,379.81,0.83,50.85,54.55
노가다오장갑,KR1,2,4.84,42.94,363.72,1.19,54.17,권영오랑우탄,0505,4,4.35,49.80,346.87,1.66,52.46,53.85
노가다오장갑,KR1,2,4.84,42.94,363.72,1.19,54.17,오장이돌머리,KR1,4,2.52,58.12,366.57,0.87,53.26,36.36
카리나윈터장원영원희해린민지,11111,3,2.02,42.95,419.70,0.59,50.00,승 현,HYUN,1,2.64,47.86,392.30,0.71,46.74,76.92
틀 니 맨,KR1,4,5.72,49.53,408.80,0.85,63.64,Kcexd,KR1,2,3.12,41.62,398.72,0.75,50.00,61.54
틀 니 맨,KR1,4,5.72,49.53,408.80,0.85,63.64,전치28주,KR1,2,3.42,45.16,399.96,0.52,60.00,40.00
사연이있었다니까진짜,KR10,4,6.06,50.53,406.43,0.72,50.00,응애아기상후,전상후,2,2.94,50.00,386.25,1.12,54.50,84.62
깡촌SWAG,KR1,3,4.08,47.50,405.57,0.78,46.58,명동돼지두마리,KR1,4,3.17,41.18,335.52,0.62,35.82,38.46
나랑드티즐순두부,치지직,1,3.43,52.29,486.51,0.76,62.50,아가곰V,KR1,0,6.91,57.11,286.84,2.19,48.04,83.33
두넉은왜두넉,KR1,1,4.09,53.40,404.02,0.90,70.59,유진짜야,KR5,4,3.69,54.67,326.48,1.41,66.67,48.00
666,kr6,1,3.51,56.29,435.92,0.66,46.43,데 둉,KR1,0,4.05,61.88,268.35,2.26,53.06,50.00
젠지 트윈스,KR1,2,3.50,48.88,422.62,0.69,50.00,플  로  버,kr123,2,2.06,31.90,301.39,0.63,52.89,46.15
오기공주,KR1,2,5.64,52.27,390.09,0.99,50.00,탑원딜합니다,p35,1,4.89,58.00,450.86,0.89,69.70,70.59
스껄롬,스껄롬,4,3.68,43.33,347.28,1.18,59.52,분석과예측,KR1,1,3.19,49.11,396.83,0.69,52.75,66.67
착 중 뒤 중,KR1,0,5.27,44.08,365.69,1.41,52.38,매 혹,S2S2,1,5.09,49.69,406.67,0.76,61.54,66.67
심 현 뷰,KR1,3,3.50,46.72,388.85,0.61,40.54,Wintt,KR1,4,4.32,41.35,396.00,0.84,47.23,71.43
Zhenhao,KR1,3,3.07,48.92,338.88,0.93,59.38,남한산성지킴이,삼십살,4,2.18,44.46,337.71,0.89,51.72,45.00
잼민혐오주의자,KR1,0,4.65,58.22,386.05,1.55,0.00,중요한건 어떻게 끝으로 가는가,SANAB,1,6.10,56.43,437.78,0.95,52.78,72.22
입닫고하는계정1,KR1,2,4.43,49.19,405.90,1.11,46.58,ByeolGa,KR1,4,4.89,49.00,338.40,1.03,41.18,43.75
어쩌라고,3967,0,4.13,50.20,359.37,1.20,46.81,Robbort,KR1,0,3.68,56.75,277.78,1.98,49.51,62.50
문신진,4444,1,4.26,51.79,362.90,1.00,56.82,쭌케이,1234,0,3.09,48.62,336.69,1.89,54.35,41.18
남극바다코끼리,KR1,3,3.82,44.44,382.00,0.67,66.67,작은 요정 룰루,KR1,1,3.06,42.46,377.39,0.71,69.23,64.71
윤 석 열,수구리당,1,2.68,46.69,421.82,0.64,48.18,에메없는에메랄드,KR1,1,3.05,53.14,378.60,0.65,60.87,57.14
사연많은 원딜러,KR2,1,3.48,50.60,412.49,0.77,51.02,빅행주,KR1,4,5.90,56.00,412.56,1.76,20.69,66.67
qoT오Top,KR1,3,3.86,46.00,358.88,0.89,55.56,Lihildol,KR1,4,4.74,44.36,371.77,0.79,58.82,63.64
별에서온김영훈,KR1,1,3.27,49.60,372.18,1.05,62.16,홍도그,KR1,3,2.92,34.00,324.13,0.98,54.55,73.33
제이스 월식,KR1,0,4.56,50.17,329.25,1.32,0.00,Moonjeemin,KR1,4,4.37,51.15,408.04,0.79,52.54,52.17
감자의반란,헿헿헿,3,3.76,50.27,417.45,0.81,0.00,Code Name Storm,CNS,2,1.50,18.33,336.86,0.64,54.39,63.33
저러꿍,KR1,2,6.95,50.70,392.70,1.44,39.02,김스윙,KR1,3,4.33,43.27,398.21,0.89,49.90,81.82
이래도 될까요,9999,4,4.09,54.50,431.01,1.09,57.14,내가다해,9999,0,3.98,56.12,294.14,2.21,48.00,66.67
모네냥,찬도그,0,5.74,53.45,329.40,1.52,0.00,정글차이극혐,8826,3,3.06,33.29,332.22,0.48,49.18,70.00
성심당베이글스,11111,3,3.51,45.60,370.72,0.78,52.43,담배없인못살아,2360,3,3.30,47.60,349.87,0.77,39.44,39.13
슬픈한남자,KR1,1,2.60,45.90,343.47,1.00,51.04,미켈란젤로의천지창조,미켈란젤로,4,5.53,53.15,392.81,0.72,47.48,46.15
겜 생,KR1,0,4.04,56.00,364.28,1.76,49.72,망고코코넛라떼,이즈홀스,3,3.34,37.25,392.05,0.81,52.23,56.67
T T,sad,4,4.06,54.56,382.79,0.78,57.14,난 운이 없어,pjm,4,2.80,46.50,352.58,0.89,52.80,46.67
그입술을막아본다,KR1,0,3.67,44.40,264.65,2.49,55.32,보영씨,KR1,3,2.84,42.62,386.31,0.76,56.92,62.50
그입술을막아본다,KR1,0,3.67,44.40,264.65,2.49,55.32,성인조F,KR1,3,3.79,42.71,384.53,0.72,0.00,50.00
나는야청담동갑부,KR1,1,2.53,51.95,414.93,0.82,59.06,72세박춘식할머니의마지막한발,ak47,0,4.79,56.67,270.29,2.40,48.94,55.56
DESEMPLEADOS,KR1,1,3.86,49.63,399.90,0.71,90.00,난 나미야,KR1,0,3.19,50.00,273.46,2.26,0.00,45.83
LAST DANCE 04,KR1,3,1.77,46.00,375.53,0.76,52.00,legofigure,lego,3,2.19,28.07,355.00,0.57,50.00,40.00
비눗방울따가워,KR1,4,4.89,57.93,397.99,1.20,52.17,빛나는아가야,KR1,0,5.86,45.75,245.71,2.23,57.80,66.67
안 산,4257,2,3.46,44.79,415.06,0.58,63.64,재 건,4257,3,2.64,41.92,383.30,0.56,57.80,61.90
리 바,UMP45,3,3.35,49.65,340.79,1.24,50.00,캬 루,PRCN,1,1.80,31.00,360.65,0.62,50.00,54.55
탑에원거리들고오는젠첩들머갈부숨,88848,2,4.32,45.86,377.46,0.77,49.32,Tricky Rabbit,TFT1,1,4.76,48.00,396.69,0.47,49.35,55.56
전라도프로패드립퍼,가나다라,0,4.01,45.50,295.98,1.83,0.00,마 따꼼하쟤,KR1,3,1.99,42.44,384.63,0.67,48.98,54.55
탑골공원훈수할배,KR1,3,2.10,37.93,367.71,0.75,59.32,산보다바다,KR1,1,4.02,51.92,385.10,0.99,40.00,66.67
유망주 금쪽이,KR1,3,4.20,47.13,354.10,0.75,58.33,배장훈롤못함,KR1,4,2.76,46.39,369.06,1.10,63.64,53.33
탱탱두,KR1,2,2.86,44.07,367.16,0.61,52.63,울부짓는버섯주인,KR2,3,4.03,45.62,429.63,0.84,62.03,60.00
핫식스 중독자,KR1,0,4.66,56.62,354.69,1.57,61.54,킁 킁,КR1,1,2.83,40.33,372.31,0.70,49.21,60.00
서 똥 욱,KR1,4,4.79,59.67,427.61,0.83,48.15,예롱롱,JJANG,0,5.69,52.56,340.51,1.20,50.22,65.52
왼손잡이다,KR1,2,3.62,48.52,388.25,1.01,57.14,ftan,KR1,1,4.28,50.69,336.34,1.29,42.86,52.63
아가리파이터,KR1,2,5.44,46.71,372.00,0.92,46.51,바라바라카피바라,카피바라,0,5.63,55.00,263.18,2.05,52.23,60.87
쥐쉑기,KR1,4,3.36,41.86,370.48,0.94,48.58,Hiten Style,KR1,0,2.81,46.18,398.53,1.09,51.72,70.00
力不終心,0703,2,3.23,39.85,349.56,0.60,90.00,쩡구기,KR1,3,3.61,41.22,364.32,0.90,70.27,61.54
나는악마김연진,KR1,3,2.96,37.76,399.62,0.68,49.15,T1 taemins,KR1,2,2.70,43.60,396.33,0.80,44.57,64.71
박앵웅,KR1,3,3.02,48.72,408.31,0.92,50.00,박서연,123,1,4.04,45.17,387.36,0.62,53.33,33.33
붕실붕,KR1,1,3.96,54.12,457.26,0.73,54.76,EGD Onion,EGD2,0,2.86,53.33,262.84,2.43,47.56,48.28
화이팅 우리탑,KR1,1,3.52,45.45,402.53,0.83,50.27,피곤한나무늘보,KR1,0,4.18,53.00,267.00,2.02,56.98,50.00
버섯빼주세요,KR1,0,4.33,51.57,365.67,1.57,53.01,꼬라LI,KR1,1,3.89,42.25,375.68,0.87,46.39,57.89
각성알파메일빵빵이,옥지얌,2,3.52,47.14,398.43,0.85,40.00,티 모,소악마,3,2.90,43.57,398.49,0.67,47.33,66.67
illliliiiliiiii,KR1,4,2.41,47.57,402.13,0.98,53.55,라쿠데큐,KR1,1,3.26,47.82,394.71,1.02,52.82,37.50
RNG Xiaobai,KR1,0,4.28,51.68,320.98,1.44,51.35,행복한소식,KR1,0,3.44,45.81,308.64,1.23,49.90,50.00
9832590del,KR1,3,2.96,33.54,395.62,0.54,0.00,차니형님캐리좀요,KR1,4,3.05,45.71,407.16,0.72,46.38,83.33
양치질을잘합시다,kr2,3,4.54,44.62,405.49,0.84,0.00,방구끼다똥싼사람,KR1,3,3.12,43.52,421.57,0.62,55.45,70.00
dsafafea,KR11,3,2.31,44.56,429.54,0.45,0.00,축구왕올챙이,KR1,1,2.58,41.20,383.18,0.55,57.35,40.00
ITZY 유나,sjh,3,3.17,41.44,393.19,0.60,50.85,행임이,KR1,2,2.72,38.27,416.30,0.57,45.75,35.71
ALL라,IN더,4,5.44,47.87,408.62,0.88,60.00,1735339del,KR1,3,2.50,41.78,392.56,0.64,47.45,78.95
바삭바삭한,0000,4,2.78,50.86,412.16,0.59,61.02,아시타비,我是他非,3,2.79,38.20,359.88,0.44,51.47,36.67
볼 록,KR2,2,4.16,50.06,398.59,0.69,0.00,doran in ga,0323,1,4.09,44.77,385.54,1.01,49.61,70.00
리버틴 MD,KR1,2,2.16,39.92,418.28,0.48,53.06,주링링,KR1,3,2.91,48.25,356.68,0.85,54.55,54.55
뚝딱망치,KR1,1,5.68,45.67,368.14,1.03,0.00,동탄알파남,1234,2,3.20,48.10,405.58,0.68,53.16,69.23
범준식,KRA,2,5.43,54.00,399.72,0.77,0.00,탑 너구리 처럼,KR1,3,3.11,43.00,331.78,0.81,57.89,61.11
롤한척,KR1,1,3.58,55.50,405.50,0.70,47.13,일곱번째 행운,KR1,1,4.89,54.55,406.97,0.67,36.36,50.00
작은love,KR1,1,2.68,49.44,392.73,0.99,53.24,퍼플냥,1003,0,5.32,48.64,252.20,1.93,44.26,31.25
롤로노아,5009,1,3.29,49.05,457.07,0.61,41.76,육덕김광민,KR1,1,3.61,47.06,419.19,0.79,49.47,46.67
롤로노아,5009,1,3.29,49.05,457.07,0.61,41.76,발7l하고너네집으로,KR2,2,3.25,39.89,407.50,0.60,48.39,72.73
Bonsior,KR1,0,8.00,54.67,294.00,1.80,50.00,나약바니,KR1,0,3.05,53.75,343.18,1.18,50.00,66.67
l of l player,KR1,2,4.07,54.61,438.41,1.00,0.00,친절한이웃진혁씨,0427,4,4.55,42.88,405.93,0.77,0.00,68.18
초비현,KR1,0,4.30,53.83,348.60,1.67,60.00,시bal,0417,4,3.58,41.43,339.79,1.01,67.57,52.63
롤체인생,1234,4,3.99,55.40,391.63,0.87,43.75,스트라이커,3210,1,3.18,47.14,381.15,0.81,50.64,40.00
미드장인용사,KR1,3,3.39,51.10,413.95,0.93,43.48,천상천하 유아독존,0117,3,2.70,31.23,361.57,0.43,25.00,46.67
시크릿쥬쥬,언콩123,4,4.77,49.88,437.41,0.75,49.57,효돌이네,KR1,3,3.89,48.32,416.65,0.99,55.74,66.67
빵빵이,603,4,7.02,51.23,437.54,0.92,42.31,뛰어  난,KR1,2,1.87,37.81,324.83,0.86,52.99,45.45
온수정해인,KR1,4,4.73,39.00,315.12,1.06,0.00,시빈정,KR1,3,3.48,46.95,363.36,0.88,49.40,50.00
딱희뭘,KR1,3,3.37,50.58,392.46,0.69,0.00,84세박두철의마지막이니시에이팅,1941,4,4.94,50.48,378.19,1.26,0.00,46.67
Llolv,zzz,3,4.26,52.89,390.49,1.01,46.05,서시은,000,2,4.63,40.12,327.38,0.75,43.96,45.83
SAM,BS1,3,5.02,47.20,417.66,0.74,65.22,쓸쓸한감자,KR1,0,4.41,53.00,347.57,1.13,18.75,80.00
LoL,pkkk,3,2.80,41.61,420.53,0.42,57.73,오현우,csy,2,2.23,38.76,376.64,0.65,50.48,61.54
Fantastic Youth,KR1,3,2.85,50.73,415.23,0.65,0.00,계속 한밤중이면 좋을텐데,ZUTO,4,3.04,46.60,346.16,1.08,60.00,42.86
천아름,KR1,0,4.53,54.56,365.36,1.79,54.78,사죄하라,KR1,0,3.84,50.76,313.29,1.79,33.33,61.54
햐햐햐햐햐햐햐,KR2,1,2.41,41.67,392.99,0.53,73.91,야마둠,KR1,2,3.14,42.47,345.55,0.76,46.62,40.00
냥냥펀치,0224,0,8.68,47.38,277.10,1.71,49.27,싸우지말자,제발요,1,6.22,54.67,420.88,0.75,56.67,50.00
급발진손떨림,00000,0,4.43,47.14,314.25,1.93,42.86,네가 사는 거라면 나도 끼지,0000,3,4.38,41.56,364.63,0.77,53.49,10.00
IIIIIIIIIIIIIIlI,Ko1,2,4.42,48.57,357.74,1.27,74.19,초코딸기블루베리,Ko1,4,3.63,37.15,341.87,0.53,70.27,65.38
작은햄토리,이다희,1,2.67,43.64,404.97,0.55,48.98,다 혜,KR2,0,3.21,47.50,248.17,1.68,0.00,38.46
둔탁한 칼,KR1,4,4.36,47.63,411.30,0.66,55.84,inha,KR26,2,2.92,46.47,306.81,1.23,50.00,66.67
바텀노견,KR1,2,3.43,46.59,395.28,0.99,55.00,미쳤따도랏따마시따,7900,3,2.13,31.93,329.29,0.78,50.00,50.00
원숭이,2345,3,2.84,35.33,346.02,0.64,60.94,어이업셔,KR1,3,3.99,35.09,368.20,0.61,0.00,56.25
두비두밥비둘기밥,KR1,1,3.88,52.33,380.24,0.91,62.20,탑 너굴맨,KR1,3,2.31,34.30,327.86,0.64,44.68,41.18
차가놀라면카놀라유,KR2,3,2.78,41.85,404.07,0.47,45.45,쳐 잡아줄까,KR1,4,3.27,47.79,325.99,1.18,29.41,55.00
강한량A,KR1,2,1.79,43.89,362.85,0.65,64.29,네온친구시온,1234,4,3.63,55.90,381.26,0.87,33.33,54.55
살 료,KR1,0,3.49,48.80,311.02,1.75,50.00,짭짤이,hhh,1,2.96,46.78,420.42,0.49,46.40,63.16
나만나면탈주해라,KR1,4,3.92,57.78,435.24,0.86,61.90,행복을찾아서,lee,1,2.60,45.73,369.75,0.73,57.35,64.00
건 빵,우마이,1,3.37,52.62,403.06,0.72,42.86,넘칠 연,KR1,1,3.08,47.86,340.58,1.02,46.55,48.15
괴물쥐,전민동,1,3.22,48.00,360.69,1.11,60.00,BaikSY,KR1,0,3.47,46.12,332.79,0.95,56.25,55.00
마 루,0506,1,4.83,57.11,393.14,1.20,14.29,노력하는중입니다,KR1,0,3.33,51.83,278.41,2.14,0.00,70.00
케민첩준,KR1,0,5.46,58.83,268.50,2.52,50.00,김해 김민준,KR2,1,4.29,54.20,410.22,0.58,52.92,57.69
albgj,KR1,2,4.38,43.36,390.21,0.66,62.86,웅산테,KR1,3,3.00,43.46,381.38,0.72,0.00,53.33
albgj,KR1,2,4.38,43.36,390.21,0.66,62.86,누나 me die,KR1,1,2.96,39.00,358.19,0.68,43.48,73.33
편견에사로잡히지마,1235,2,2.33,42.36,348.09,1.08,48.28,F0rsakènツ,0905,1,5.64,53.00,459.22,0.48,47.50,44.83
잘느끼는서폿,KR1,1,3.44,49.31,369.52,0.95,50.00,해 적,사냥꾼,0,3.48,46.09,277.57,2.03,0.00,64.71
정비조교,KR2,2,2.19,46.57,440.23,0.62,44.44,사정없이돌리는애,KR1,0,3.02,48.31,386.92,1.26,0.00,64.29
남촌 아주스,4971,3,2.22,31.10,379.03,0.62,58.11,청호아파트,KR1,3,2.71,44.86,402.31,0.65,45.76,60.00
꾸시오페아,KR2,2,3.16,47.83,400.66,1.19,100.00,PENTAT0NIX,KR1,4,3.41,46.11,372.52,1.15,55.22,64.29
암별냥,KR2,2,2.21,50.65,447.34,0.53,80.00,암별냥,KR1,3,3.24,35.08,383.54,0.82,49.38,55.00
바닥의삶,8789,0,5.08,51.50,277.14,2.31,47.62,신한110366904874,KR1,1,3.90,48.67,428.40,0.44,66.67,47.62
얼룩돼이지,0728,2,3.66,43.11,370.60,0.59,50.68,상남자식 라인전,KR1,0,3.75,44.17,347.05,1.24,35.00,80.00
디치기장인,KR1,0,5.86,51.31,394.92,1.36,66.67,가스주입기,KR1,1,3.46,46.21,386.68,0.99,57.95,60.00
봉 근 석,KR1,4,4.22,50.13,386.35,0.99,44.44,섹시헌,123,1,3.08,48.67,395.82,0.86,0.00,41.67
xhite,KR1,4,6.41,50.10,412.30,0.93,0.00,곱 셈 공 식,KR1,0,2.34,41.38,323.37,0.98,51.52,62.50
baked potatoes,KR1,2,4.20,45.00,374.45,0.90,57.14,내전역은삼일절,KR1,4,2.89,40.91,367.25,0.85,50.00,53.85
정자목,KR1,1,3.74,45.53,390.31,0.82,61.29,포로년,KR1,0,2.90,44.20,297.91,1.79,54.97,64.29
개오짐,KR1,4,2.78,46.43,379.20,1.01,0.00,사미라장인,입니다,1,4.60,50.50,421.47,0.60,39.51,58.82
엉덩국물,KR1,3,6.14,54.69,503.96,0.77,44.00,포 비,1234,0,5.02,57.07,334.04,1.76,47.56,80.00
하명옥,KR1,2,3.27,51.61,393.53,0.81,56.63,콩순이,나는류나,0,4.35,55.60,273.05,2.13,50.00,30.77
응OI겼어,KR1,1,3.60,48.08,391.05,0.85,50.40,응안Lr와,KR1,0,3.67,52.00,282.39,2.28,50.00,61.11
나만하는연애,KR1,3,3.03,45.50,382.10,0.78,0.00,WildFlower,Eilis,3,1.78,42.95,313.99,0.93,46.94,10.00
환타오렌지혐오자,KR1,0,2.73,48.75,365.95,1.26,88.89,겨수교드랑이,KR1,2,2.85,42.00,371.67,0.56,88.89,84.21
황금고추,0509,1,3.69,49.62,364.31,0.54,50.65,대왕돌문어잡기,KR1,0,4.73,57.33,271.59,2.19,42.86,56.67
송 쫑,KR1,1,2.90,51.28,398.99,0.77,37.50,에이피정글러,KR1,0,3.23,51.10,349.09,1.29,0.00,63.16
네모대가리,KR1,3,4.12,51.72,393.46,0.85,48.00,인생모토 살크업,KR1,1,3.38,48.15,387.07,0.98,55.65,64.29
네모대가리,KR1,3,4.12,51.72,393.46,0.85,48.00,마테오코바치치,KR1,2,3.89,46.89,380.56,0.79,48.37,30.00
선박우,KR1,0,2.99,51.87,255.97,2.34,65.12,조훈희,조훈희,2,1.92,45.54,399.99,0.72,50.82,45.00
정글은 미움받을 용기있는 위인,정글의눈물,0,4.17,56.50,299.82,1.74,38.89,박현빈주인,KR1,2,2.45,45.76,391.91,0.56,44.64,63.64
Blue,KR201,0,4.03,48.37,342.48,1.08,33.33,오빠 어제 어땠어,KR1,4,5.11,53.63,374.02,1.30,0.00,27.27
김 상 칠,KR1,3,1.91,37.00,369.78,0.88,55.88,초코호엔하임,KR1,2,4.35,50.80,410.43,0.73,40.00,58.33
해 방,kr11,1,4.84,49.15,387.50,0.82,61.54,Regulator Tp,KR1,0,3.21,55.80,344.52,1.26,57.14,52.94
선서빠,KR1,0,3.22,50.88,324.80,1.46,49.08,빨라빨라뿌,KR1,0,2.98,59.00,299.47,2.09,0.00,43.75
파스텔 카라,KR1,3,5.02,45.62,393.56,0.94,54.00,씹련아 컷,KR1,2,5.66,48.07,356.20,1.09,52.38,56.52
솜사탕신,KR1,0,5.55,44.00,370.87,1.78,66.67,99빈,99대장,3,3.29,42.67,380.47,0.98,48.83,62.96
하암졸려,kr3,2,2.96,45.53,383.25,0.70,52.90,어쩔티비저쩔티비,12345,4,4.52,56.38,422.96,1.27,54.74,60.00
내계정돌리도,3577,1,2.89,43.77,385.73,0.92,53.49,마음만은청춘원딜,KR1,1,3.39,45.94,409.51,0.76,57.14,31.58
온시코기,멍몽이,4,5.48,52.14,408.07,0.56,45.45,LIve together,KR1,2,3.44,39.11,376.93,0.60,50.55,9.09
레인보우 샤베트,ice,0,3.38,44.07,293.05,1.66,59.02,건강현,1216,0,2.94,39.20,318.14,1.23,46.75,48.28
음경까,KR1,1,6.16,59.50,424.80,1.13,0.00,comcer,KR1,3,2.23,36.54,361.87,0.42,51.11,63.16
ナニモナッカー,4379,3,3.65,49.11,464.56,0.83,0.00,범중이따까리정빈,kr1,3,2.60,46.46,382.69,0.83,51.61,63.33
gomath,2693,2,4.06,42.47,385.57,1.00,0.00,이찬영,184,0,3.21,42.12,316.77,1.40,50.96,68.75
오빠들아야해,KR1,0,3.12,58.00,306.08,2.15,51.14,팀운굉장히나쁜놈,KR1,1,4.14,64.00,499.96,0.61,48.42,46.67
del000000000,KR1,1,3.54,55.64,456.01,0.44,0.00,자도자도부족해,KR1,0,3.50,37.00,334.07,1.36,0.00,70.00
기도중인 망나니,KR1,2,2.90,48.71,406.77,0.92,0.00,거제도 슈퍼보이,병1290,4,2.66,43.89,384.29,0.83,55.75,44.00
HornyFemboy,KR1,1,5.16,61.55,424.10,0.68,0.00,어색할 땐 일단 웃어보세요,0514,2,3.18,42.31,356.26,0.61,47.88,60.00
버섯 캐는 농부,KR1,4,5.36,53.65,382.60,1.02,50.00,꿀렁우렁이,KR1,2,4.14,45.65,349.13,0.69,60.47,50.00
갱플랭크,征服者門主,3,2.68,44.94,400.33,0.47,57.14,참을수없는사람,KR1,3,1.72,38.27,348.85,0.46,53.91,35.71
유채령,KR2,3,3.75,29.00,346.26,0.55,0.00,조유리즈시절,KR1,2,3.23,44.42,347.80,0.82,41.94,40.00
CRT NO WARNINGS,KR1,4,3.10,49.18,390.24,0.67,0.00,Terrashape,키아나,2,3.51,49.31,331.39,1.09,45.59,50.00
창원의 태양,KR1,3,2.34,31.22,324.49,0.48,54.67,말랑랑말이,KR1,4,4.31,57.06,393.63,1.14,53.85,58.82
멍뭉이내꺼임,KR1,2,3.20,47.17,394.93,0.94,50.00,부우허,KR1,3,6.14,47.30,413.59,0.47,48.60,36.36
멍뭉이내꺼임,KR1,2,3.20,47.17,394.93,0.94,50.00,Barvare,7732,3,3.26,40.92,391.54,0.53,51.78,40.00
건실하게살자,jsm,3,4.34,37.64,411.97,0.67,0.00,늙고병든,피지컬,4,4.11,48.45,349.68,1.15,60.42,57.14
김태형꼬치,KR1,2,2.77,52.55,391.06,0.62,51.72,조선제일활잡이,헤으응,1,3.99,45.62,354.54,1.23,40.00,32.00
KT HyBriD,KR1,2,3.13,51.36,418.28,0.64,50.97,GodZenji,KR2,0,1.94,44.47,322.29,0.94,58.93,58.33
KT HyBriD,KR1,2,3.13,51.36,418.28,0.64,50.97,GeNmem,gen,0,3.01,42.07,306.33,1.49,40.74,60.00
짱 구,제발말려,3,4.65,36.20,362.33,0.84,50.94,팜하니,KPOP,3,4.13,39.92,366.46,0.76,0.00,60.00
lllilliiiilllll,KR1,3,4.04,48.14,361.60,1.01,58.46,Or칼리,KR704,1,2.90,41.64,385.90,0.57,46.53,52.63
xi ni de pigu,KR1,3,2.54,44.58,375.47,1.13,49.25,발짜국,0091,0,5.74,46.86,306.49,1.48,46.81,57.69
첼cs,KR1,4,7.72,55.83,447.83,1.05,79.31,현피승률50퍼,물주먹,2,3.85,45.20,379.08,0.62,66.67,71.43
귄성민,KR1,3,4.12,45.86,422.98,0.84,44.44,이유없,KR1,1,2.49,34.38,363.16,0.58,61.02,45.45
이기고싶다,plz,4,2.06,53.73,390.44,0.72,53.85,신을 죽이는 법,KR1,1,2.98,50.38,418.64,0.87,80.00,45.45
허거덩,6921,3,5.67,44.65,343.26,1.27,59.49,오구의모험,KR1,4,5.32,44.94,412.70,1.01,56.25,76.92
와플곰,1122,2,2.73,41.29,358.53,0.80,46.41,장대호,8176,4,3.14,48.38,341.83,1.09,57.14,56.25
너내용없어,KR123,1,3.28,52.00,368.23,0.99,48.65,Hide on bush,KR 2,2,4.09,44.64,352.90,0.87,44.92,31.58
해냈다해냈어버거가해냈어,띠용띠용용,1,2.41,46.00,395.16,0.50,50.00,Vaundy,SDR,3,5.97,28.60,334.48,0.81,66.67,65.00
버섯이빨딱,KR1,2,4.55,46.75,403.27,0.74,63.33,기가 죽었어요,KR1,3,4.05,52.52,367.22,1.12,52.88,60.00
변비왕자,sexy,0,3.92,52.20,274.57,2.19,49.18,니엄마랑잭스중,KR1,2,3.28,51.17,425.25,0.61,53.72,46.15
변비왕자,sexy,0,3.92,52.20,274.57,2.19,49.18,호식OI,KR1,2,3.48,50.61,424.43,0.61,47.50,69.23
동대문백수,KR1,3,3.01,44.16,366.87,0.48,47.06,앙GetSome,KR1,2,2.57,38.92,385.41,0.40,51.22,46.67
동대문백수,KR1,3,3.01,44.16,366.87,0.48,47.06,추운게더좋아,Cold,3,4.39,47.00,419.47,0.81,47.95,60.00
펭귄크면팽도리,KR1,2,3.70,45.36,384.66,0.53,65.38,독도오리,KR1,0,4.86,52.10,280.44,2.48,41.03,45.00
평온 공연한 물개,KR2,3,3.44,47.50,354.93,1.21,57.14,낭만베인,BR2,1,2.39,43.00,419.64,0.54,53.33,56.00
7931517del,KR1,1,4.01,50.25,402.86,0.85,47.62,비 상,선 언,0,3.10,54.93,325.67,1.54,47.56,46.67
그만둬,KR3,2,4.16,47.59,376.35,0.77,50.00,똥과진지한대화,9419,3,7.09,38.89,388.37,0.67,43.55,54.55
창현이,KR1,2,3.73,47.32,392.89,0.76,69.23,호남신학대학교,KR1,2,4.62,47.89,399.46,0.85,59.15,70.59
어메이징잠자리맨,AZ1,1,3.52,48.67,375.48,1.00,51.69,칼과 총 귤,총귤쇠,3,2.28,36.29,394.21,0.43,50.72,41.67
채연이,0710,0,6.55,55.25,268.61,2.64,40.74,The ad perfect,KR1,1,4.60,57.53,415.11,0.95,55.56,80.00
박쥐용사,KR1,1,6.25,49.22,361.63,1.30,54.74,촉촉한남자,sexy,3,2.14,37.15,387.80,0.52,50.00,70.00
웃음자판기,jug,4,4.58,46.40,392.41,1.08,46.67,쵸비교목사,chovy,2,3.68,40.57,415.82,0.61,53.14,78.57
계양의 드럼통은 푸르다,Drum,2,1.58,38.56,351.22,0.55,60.78,구해줘용,KR1,0,3.48,45.27,327.77,1.56,50.00,25.00
부자나라필립공주,KR1,2,6.33,48.76,403.53,0.68,50.00,김 중 필,KR1,3,3.53,45.33,372.19,0.83,48.77,60.00
Hide on bush,31810,2,2.19,45.30,359.39,0.71,50.65,juwon러버,kr2,3,1.99,30.00,369.05,0.37,53.85,38.46
나한테이러지마,KR1,0,3.94,57.82,342.65,1.31,52.38,과즙진영,KR1,1,3.77,46.95,408.74,0.75,49.45,60.00
petty,kr903,3,4.60,53.08,453.77,0.49,44.19,두 행,KR1,4,3.61,41.64,374.84,0.93,47.14,40.00
YORDLEKING,요들킹,3,2.53,42.86,341.89,0.52,54.01,역천괴,박보영,3,4.13,40.89,379.86,0.81,54.94,52.17
신도림동,kkkkk,4,3.86,44.21,379.70,0.70,53.97,혀 니,KR2,0,2.43,46.50,248.00,2.18,58.82,45.00
거제정글킹,KR1,4,3.92,52.31,351.84,1.26,49.42,99박준철,KR1,2,3.64,50.17,376.94,1.34,51.91,57.14
쳐맞은병국,asd,0,2.39,47.16,344.65,1.21,63.64,도파민중독자,skrr,4,3.75,54.74,392.82,1.07,50.74,60.00
근 황,KR1,0,3.70,50.50,376.87,1.43,50.00,라코가트롤안잡네나두해야징,탑신병자,3,4.27,36.79,386.39,0.60,48.23,40.00
루루똥,1682,2,3.03,46.53,374.22,1.05,60.00,내가제일잘나다,KR1,3,4.71,55.10,353.74,1.10,73.08,50.00
Choco emongs,KR1,0,3.27,46.40,270.08,2.08,16.67,더스케,KR1,1,4.00,47.23,459.24,0.47,26.32,57.14
불성실한 놈,KR1,1,3.72,52.00,408.30,0.95,50.46,아우렐리웅 솔,KR1,0,3.19,45.18,317.15,1.38,55.56,55.56
LeevGod,KR1,2,4.78,51.94,338.30,1.19,0.00,귀여븐템템,KR1,1,5.56,44.92,423.74,0.89,0.00,68.75
미안합니탓,KR1,1,4.73,52.08,449.20,0.79,55.56,순풍산부인과의찬,KR1,1,2.47,40.50,329.65,1.18,52.15,61.90
말없이 탑만갈게,KR1,2,3.49,46.14,386.62,0.73,52.78,Qkek,KR1,4,3.89,40.71,378.59,0.80,50.73,42.86
IRSE,806,1,3.16,48.00,350.77,0.87,60.87,그만예뻐김민지,kr99,2,3.80,42.56,377.36,0.96,45.24,64.71
킹혜웅,KR1,4,4.04,42.46,361.07,1.29,47.57,강태욱,입니다,3,2.42,35.58,411.11,0.64,53.23,50.00
킹혜웅,KR1,4,4.04,42.46,361.07,1.29,47.57,노승인,1103,1,3.01,41.89,362.65,0.59,54.32,27.27
지비비,KR1,0,5.07,52.83,320.43,1.14,58.54,김지비,KR1,3,2.54,29.67,352.41,0.40,48.08,52.94
재원티비,KR1,1,5.18,56.24,403.28,0.89,56.76,공권이,ch1,0,2.53,41.47,329.20,1.23,61.54,63.16
몬스터광현,KR1,4,4.81,53.60,378.19,1.52,53.33,렝가재밌어,KR1,4,5.91,54.43,342.30,1.29,53.57,54.55
피슈케,KR1,2,6.21,51.12,421.76,0.91,75.00,jungup,KR1,1,3.86,41.12,407.44,0.66,60.00,81.82
콜 파머,0325,4,3.77,53.75,378.05,0.93,56.00,노알라,5885,0,4.32,50.71,257.11,2.17,44.44,64.29
일해회VVIP이도규,KR1,1,7.63,57.33,461.87,0.73,54.24,나버리면나도버린다분명히경고했어,123,3,2.19,33.05,364.25,1.00,0.00,66.67
임진강고라니,KR1,1,5.85,46.38,406.82,0.79,0.00,myonxy,qwer,0,6.87,48.00,248.90,2.18,53.69,57.14
탱 구,snsd0,1,3.70,46.14,363.72,1.15,48.51,꿀잼닉,KR1,1,2.17,46.67,378.44,0.84,47.06,42.86
꿀밤체리,KR1,2,6.56,51.90,362.30,1.20,0.00,서폿가는 구름이,KR1,4,5.46,51.08,361.78,1.50,63.64,72.73
강휴지,KR1,3,2.21,36.89,372.72,0.51,52.94,대전전민고탑솔러,KR1,2,2.90,46.08,380.89,0.57,47.80,62.50
08수진이,KR1,4,5.65,59.50,420.86,1.08,0.00,큰여우,KR1,2,2.92,40.84,345.59,0.56,49.48,81.82
이상현이상현,KR1,2,6.88,49.44,463.70,0.93,0.00,X발팀운,KR1,4,3.04,48.17,395.80,0.64,41.18,89.29
짹짹찡,KR1,3,2.61,36.00,335.01,0.63,64.44,삼원아파트,KR1,4,4.63,57.18,443.19,0.86,52.50,64.29
CG memories,001,2,2.79,48.56,366.12,1.06,45.74,궁쓰고들어간다,KR1,3,2.11,45.00,389.03,0.76,52.73,66.67
Was Permitted by,KR1,3,5.63,42.80,446.60,0.67,39.02,emptinessMachine,KR2,3,5.40,42.27,361.75,0.83,58.82,73.33
바텀개,원딜왕자,1,2.94,49.05,426.18,0.78,47.14,근본Supporter,KR1,0,3.73,49.23,265.36,2.51,48.19,62.50
Aster Koraiensis,KR1,0,3.31,54.00,300.52,1.97,40.62,인두겁의 개들,KR1,1,3.73,51.50,417.61,1.11,49.76,44.83
손일기,KR손,3,3.87,46.54,380.75,1.00,0.00,전라남도,여수시,1,3.19,48.05,419.61,0.56,38.58,61.54
뚜두둥좡,KR1,4,2.84,52.22,440.88,0.68,48.39,DDHH,0308,3,2.29,36.00,380.99,0.88,48.07,55.00
맛 우,KR1,3,1.95,40.72,398.82,0.63,43.75,파란색흰둥이,111,2,4.15,47.12,376.34,0.79,50.40,62.50
무뇌kim,KR1,3,3.01,38.90,355.15,1.02,49.26,msekem,9630,2,2.07,37.00,374.74,0.72,51.25,63.64
괴복치 ,KR1,1,3.00,47.62,388.56,0.67,52.78,우즈이 텐겐,악보완성,0,5.05,48.75,355.68,1.33,50.00,50.00
믹스오라썸,KR7,4,2.97,43.00,357.19,0.80,36.84,Notre,KR1,2,3.62,51.25,375.19,0.94,56.00,36.36
산타크로즈,KR1,3,3.63,42.60,357.80,0.80,80.00,lllllllll,aaa,1,2.86,44.43,400.26,0.68,43.86,83.33
오버이트,KR1,3,3.40,46.61,402.45,1.02,37.50,두노따효니,KR1,2,2.30,42.44,393.74,0.64,49.74,52.63
매 화,king,4,5.15,45.21,380.10,0.91,63.04,영 웅,KR3,4,3.70,48.76,378.22,0.84,50.29,59.26
top grave,csgod,1,4.18,51.90,394.34,0.86,55.00,운이 없군,KR97,2,3.51,37.76,368.83,0.65,55.74,36.36
역천핵,KR1,0,4.48,48.82,362.24,1.52,48.15,ฅΟωΟฅ,야   옹,0,3.29,44.77,320.11,1.55,45.45,60.00
트라케라톱스,백악기,1,2.64,48.17,348.80,0.68,50.00,브라키오사우루스,쥐라기,2,2.97,48.18,359.44,1.22,39.29,46.67
트라케라톱스,백악기,1,2.64,48.17,348.80,0.68,50.00,디플로도쿠스,중생대,3,3.36,34.44,373.67,0.52,41.67,50.00
탱탱볼이,KR1,1,5.14,53.00,371.98,1.46,64.71,멍뭉이다,KR1,4,3.27,53.25,368.62,1.10,56.52,68.75
사냥꾼의야메테,0000,3,3.50,39.80,351.87,0.82,46.81,Dear Keinwiz,KR1,4,6.55,52.93,385.20,0.98,48.43,53.57
뿌니비아,KR1,4,3.21,53.53,417.20,0.98,55.11,오과장,곧 차장,1,2.98,44.83,396.96,0.56,47.99,62.50
JY MS,KR1,2,4.15,45.14,345.88,0.51,53.57,Korea Zinc,칭찬맨,4,4.00,54.11,360.13,1.02,47.22,60.00
낮잠자는 짹짹이,KR1,0,5.11,57.60,314.14,2.13,0.00,보낙이가캐리한다,KR1,1,4.26,49.71,395.88,0.66,60.00,72.22
칼라홍삼,999,0,3.94,49.09,313.26,1.66,51.90,오킹포킹,KR999,2,3.40,47.89,361.24,1.20,44.17,51.72
응애 나 악의티모,KR3,4,3.71,55.92,407.78,0.77,0.00,최강원딜이될거야,1800,4,3.97,50.88,357.29,0.87,50.00,63.16
미움받을용기,5CCNW,1,4.34,45.70,394.17,0.97,45.56,멍댕구리,KR1,0,4.41,50.82,283.18,2.35,47.22,72.00
Hide on push,hionp,4,4.31,43.64,403.03,0.70,53.01,송중기아니에요,KR1,2,2.59,35.46,365.91,0.56,47.66,75.00
1년차 롤룽이,KR1,1,5.37,52.26,434.33,0.49,50.00,니없어서다행이다,KR1,2,3.66,45.43,394.66,0.62,50.37,66.67
니엄마와사바리,KR2,3,2.30,32.72,380.99,0.79,61.90,조선의상남자,시라오니,1,3.14,47.16,418.70,0.68,57.04,70.83
anjgkfRk,123,0,5.30,57.67,335.25,1.37,53.12,꼬북칩콘스프,KR1,0,6.75,47.50,263.05,1.48,0.00,62.96
태건이야,KR1,3,2.73,40.38,426.58,0.81,40.00,붉은하늘위의 달,123,4,3.09,44.95,414.05,0.92,50.00,50.00
A891,KR1,1,2.98,48.61,418.02,0.58,46.94,루이30세끼,777,4,2.72,35.67,308.25,1.06,44.90,50.00
사랑꾼,KR3,0,3.50,54.46,362.06,1.06,53.85,닌먼데,1122,4,4.38,44.09,375.57,0.91,51.58,63.16
이재명,jail,4,3.28,51.67,342.72,0.87,44.26,은 수,KR2,2,3.91,48.00,390.37,1.21,48.28,53.33
テンニンカ,kr2,0,5.17,50.40,321.13,1.51,0.00,VvzxzvV,KR1,1,5.71,49.61,437.03,0.75,46.00,68.75
テンニンカ,kr2,0,5.17,50.40,321.13,1.51,0.00,소마지롱,KR1,1,3.99,46.67,420.66,0.62,52.63,41.67
늙고병든혜그랑땡,KR1,3,3.72,38.38,411.55,0.73,49.18,은가뉴,프제쨩,2,2.96,37.61,380.25,0.79,54.55,60.00
웃긴걸보면짖는개,KR1,0,3.30,45.29,248.57,2.75,46.81,유예h,KR1,1,3.34,50.75,349.08,1.32,46.81,50.00
새순유치원,111,1,3.52,48.94,395.18,0.98,57.38,고냥이,82528,0,6.28,50.67,252.18,1.60,44.44,57.14
맑은수,KR1,2,3.73,56.64,385.81,1.43,48.51,수리나무잎,KR1,4,3.90,57.14,401.69,0.96,40.00,33.33
GloryKR ,KR1,4,3.93,47.00,348.36,0.77,50.70,wutevergosaround,11111,1,4.95,43.80,362.09,0.68,57.38,42.86
HenaK,KR1,4,5.18,58.80,418.08,0.85,61.68,써리원 박진,31살,3,4.20,38.11,327.91,0.82,51.59,69.23
탑 개,0534,1,2.64,47.70,379.77,0.76,44.66,부 냥,KR0,4,4.17,51.53,345.12,1.17,57.89,30.00
안녕안녕,반가워,1,4.62,50.36,430.59,0.93,45.71,xi quz,0322,4,5.88,48.58,383.33,0.90,48.78,50.00
인생은 빨간색,KR1,2,2.24,45.78,403.74,1.05,48.65,닥치고게임을해,1234,2,3.26,36.81,398.48,0.56,48.21,72.22
인생은 빨간색,KR1,2,2.24,45.78,403.74,1.05,48.65,AD Carry,연수은,1,3.50,49.38,386.73,0.66,51.95,50.00
도리도리 돌돌이,심청이,2,3.13,41.27,357.01,0.68,56.88,Azass,band,3,2.03,40.75,369.13,0.65,52.54,57.89
준현이의작은아이,귀요미,3,1.89,44.00,389.00,1.06,33.33,louisean,KR1,2,2.75,45.52,359.77,0.94,77.78,40.91
꿈을 이룰 남자,KR1,2,2.84,48.00,392.66,0.81,52.38,illit,njzs,3,2.48,36.47,371.52,0.49,46.75,63.64
물똥벌레,KR1,2,2.84,33.50,360.77,0.65,50.63,김치 미식가,ky77,3,3.08,47.10,440.94,0.83,0.00,36.84
젭이  젭젭이 ,KR1,0,3.24,48.62,268.74,1.71,56.32,벌레의삶을산쌍베,KR1,1,4.10,52.11,475.89,0.61,45.45,53.33
탈공탈토,KR1,0,5.35,47.14,357.39,1.29,50.00,행복벌레,KR1,0,2.22,49.93,339.49,1.48,44.66,50.00
뽕 글,KR1,3,1.77,31.91,344.72,0.95,43.92,파카는아가아,KR1,2,3.01,51.70,436.05,0.89,40.00,36.84
JustLikeThatKR,WHY,4,4.67,52.92,389.37,1.17,53.58,웅비포병,315,4,4.22,44.50,404.41,0.85,50.32,76.92
뿌행행행,KR12,4,4.97,52.44,343.40,1.36,45.35,라인전의왕교전의신,박광용,3,2.51,40.93,370.61,0.64,45.92,38.46
Aindo,KR1,2,5.38,49.09,417.34,0.74,33.33,나꼬사랑,KR1,4,3.95,44.09,362.70,1.00,0.00,63.33
한재싱,KR1,0,4.00,50.00,261.03,2.15,58.82,진 키,진 키,1,2.78,44.83,388.52,0.45,66.67,36.67
마이픔,KR1,1,3.46,54.22,413.48,0.87,56.10,루비루,루비루,2,2.24,38.82,323.90,1.18,0.00,50.00
암스트롱물고기,KR1,3,3.07,44.60,398.52,0.70,57.69,전투식량도둑,무작위,1,4.17,46.20,408.40,0.66,49.47,40.91
지구최강종쮸,4271,4,4.79,52.12,343.45,1.22,48.15,할수있다아자아자,KR1,4,3.56,54.12,363.46,1.00,50.22,61.54
슬라이스치즈,슬라이스,3,3.21,41.83,372.55,0.37,45.45,감 자,7057,4,4.13,48.33,413.52,0.67,45.45,33.33
저지능지체아,이상완,4,4.56,54.45,406.87,1.18,0.00,돼지토끼,KR7,3,4.13,33.40,384.80,0.81,58.46,73.91
g0rAni,동물의왕국,2,3.60,43.67,371.00,0.78,50.91,나만지켜봐,KR3,1,3.85,37.50,413.36,0.80,46.77,42.86
g0rAni,동물의왕국,2,3.60,43.67,371.00,0.78,50.91,김선응,핫소스,3,3.92,43.14,408.99,0.72,47.22,40.00
아쉐르,KR1,4,4.06,50.96,441.01,0.89,55.62,여이그,KR1,0,4.38,54.07,299.29,2.01,66.67,56.52
쮜쮜훈,KR2,1,2.50,42.89,392.91,0.95,60.00,조호법,해동밀교,2,2.95,38.32,384.85,0.60,34.62,66.67
여름인데요,KR1,0,2.43,38.50,246.69,1.91,64.71,단아해,KR1,4,2.79,53.83,321.74,1.61,51.45,30.00
ZARD,ker10,0,2.95,44.74,331.33,1.57,46.15,skdd,KR1,1,4.58,44.58,374.12,0.37,46.59,40.00
임성빈바보,KR1,4,3.91,49.00,381.80,1.02,53.51,비슴비아아도,KR1,4,3.80,44.32,410.38,0.84,54.26,41.67
Mid side,KR1,2,3.30,43.50,382.40,0.51,51.61,WOOZA87,KR2,0,3.86,48.27,317.92,1.03,44.97,46.67
Mid side,KR1,2,3.30,43.50,382.40,0.51,51.61,정상인인척하기,KR1,4,3.59,50.75,410.74,0.75,53.92,26.67
제 이 카,리즈이사,2,3.41,44.62,430.18,0.75,51.16,주 작,0806,3,3.85,36.78,329.89,0.44,71.43,57.69
한 퉤 원,KR1,2,3.66,45.06,396.36,0.73,42.86,메가장꾸,KR1,3,3.89,37.44,337.62,0.82,60.00,61.54
문이열리네요,KR3,0,4.14,50.75,266.89,2.26,0.00,무사 나왔다게,KR1,1,3.30,49.00,402.11,0.85,48.12,43.33
INFJ,2142,2,3.11,52.69,375.98,0.74,51.66,해킹하지마라디진다,1818,2,2.65,46.94,395.15,0.73,48.80,40.91
무학여고 최린,KR432,4,4.86,52.00,406.78,0.90,60.38,임앵웅,KR1,3,1.91,39.28,352.38,0.54,0.00,68.00
정 열 조,KR1,1,3.69,41.78,364.84,0.82,51.03,물리데미지,KR1,0,2.86,50.88,261.84,2.31,51.49,57.14
고영 도당 창족,KR1,3,3.34,45.23,392.12,0.96,60.00,왓따잉,KR1,3,3.27,47.25,358.62,1.06,61.54,60.00
내 남편 볼리베어,KR1,0,3.71,45.20,257.69,1.69,47.93,펩시제로슈거라임향최고,KR2,1,3.86,55.20,405.65,0.77,55.26,46.15
완전무력화3초전,3210,2,3.66,53.06,379.67,0.87,40.35,소리나는다오,리 신,4,2.34,40.11,364.39,0.81,47.06,50.00
게임좀하는편이야,KR1,4,4.30,52.93,381.12,0.94,50.00,이해가안되면외워,KR1,0,3.46,50.67,282.85,2.44,50.54,62.50
게임좀하는편이야,KR1,4,4.30,52.93,381.12,0.94,50.00,옆동네에서왔어요,KR1,1,5.03,56.18,411.46,0.79,29.73,36.36
폭탄처리반,8282,4,4.64,48.00,377.65,0.93,50.50,화려한솔로킬KOR,KR1,4,6.39,54.77,430.72,0.91,50.90,55.56
민트초코 크로플,KR1,2,3.19,52.78,355.33,0.72,59.26,쿠츠츠,KR1,4,3.84,57.64,387.31,0.58,58.49,47.83
기벼진,KR1,4,3.43,46.80,350.75,1.15,49.33,가렌그자체,KR1,0,2.96,48.40,337.56,1.48,54.12,57.14
애국보수다리우스,KR1,3,2.40,34.25,322.38,1.25,54.90,부패산신령,KR1,4,3.26,42.24,362.57,0.71,72.73,60.00
뉴진스나가,KR1,4,5.39,57.75,379.74,1.00,38.60,숭 늉,1227,3,2.55,45.78,369.13,0.77,46.06,38.89
뉴진스나가,KR1,4,5.39,57.75,379.74,1.00,38.60,롤로노아 장승주,KR1,2,5.17,47.60,354.40,1.22,47.20,81.82
강 건,0323,1,3.45,49.89,405.12,0.81,42.31,강해빈,0323,0,4.01,56.00,285.15,1.93,54.55,64.71
타워가부서졌어요,KR1,1,4.37,47.50,332.19,1.07,0.00,지제 동삭동,KR1,2,3.21,49.80,390.17,0.77,66.67,43.75
TAKOCHI,KR1,1,3.38,41.25,336.91,0.85,44.51,TAKOCHI,KRI,3,4.28,43.59,388.86,1.10,60.00,54.55
꿀 LifeHack 꿀,KR1,2,4.82,46.14,362.34,1.19,46.88,곰발바닥쿵쿵,곰3마리,0,4.46,52.50,348.87,1.65,53.49,45.45
핵츤욱,KR1,0,2.83,46.43,273.13,1.74,50.98,모오쪼로라고모,KR2,4,3.41,53.91,381.87,0.63,50.78,46.67
기대하지않는사람,KR523,3,3.34,35.56,380.13,0.55,40.74,선 민,KR2,1,4.01,52.72,420.91,0.76,48.12,81.25
정목이가젤멋져,KR1,4,4.04,42.15,324.64,1.25,47.83,최후의쓰랄,KR1,4,4.41,33.17,342.33,0.65,0.00,42.86
철강의 심장,KR1,0,2.87,38.76,339.38,0.81,52.31,노 답,1282,4,3.31,45.05,366.08,0.72,50.00,78.57
24200586del,KR1,2,2.36,34.50,356.66,0.73,64.86,본캐우디르장인,KR1,3,4.39,45.61,418.40,0.69,48.21,63.16
임채벌,KR1,3,2.84,42.37,361.85,0.99,56.25,윤오노,KR1,3,2.66,43.50,417.72,0.60,54.82,55.00
Hide on bush,UM1,0,4.90,58.31,336.30,1.72,0.00,Roasted  Coffee,KR1,2,3.57,54.64,452.86,0.51,0.00,57.14
Hide on bush,UM1,0,4.90,58.31,336.30,1.72,0.00,흥청망청사는놈,KR2,2,2.54,44.08,385.38,0.70,45.45,50.00
뉴벨즈,KR1,1,3.85,52.18,393.36,0.67,52.94,이미 늦었지,KR1,3,5.81,44.48,354.30,0.77,68.42,50.00
요르치,KR1,0,3.18,42.59,335.65,1.10,0.00,승쿤갓,KR1,1,2.96,44.00,345.95,1.39,49.51,55.00
정상화의신,우리팀을,3,2.10,38.18,380.50,0.69,53.49,2급공돌이,PhD,2,2.47,48.77,357.01,1.13,44.97,69.23
DeviLFuRy,KR1,0,5.36,52.33,343.81,2.52,57.14,monstersup2,KR1,1,2.90,37.00,331.66,0.96,50.00,50.00
운리단길,KR1,4,3.96,48.19,386.78,0.88,44.21,믿드갈게,KR1,2,2.95,50.73,343.00,0.89,50.00,45.45
아톰아 물어,KR1,0,4.07,49.37,322.58,1.57,46.22,로이야 물어,KR1,1,3.76,51.35,368.32,1.25,42.86,55.56
노동착취협박살인,조선족,0,4.21,47.50,235.69,2.09,46.88,50일정지된본캐,KR1,4,2.97,55.80,413.03,0.77,38.33,40.00
xiaIu mei,KR1,1,2.56,46.78,407.56,0.75,50.68,우쪽이,KR123,3,1.70,27.64,373.65,0.50,52.05,42.86
알리가내맘을알리,KR1,3,3.36,43.00,410.34,0.66,47.13,인생편하게살기,KR1,1,4.40,52.27,373.95,0.88,45.90,66.67
알리가내맘을알리,KR1,3,3.36,43.00,410.34,0.66,47.13,오류수정,KR1,4,4.94,46.67,366.90,0.95,45.45,73.33
산기슭토깽이,KR1,2,3.48,43.81,325.96,1.08,50.00,Bad villain,KR1,1,3.22,52.43,363.37,1.50,44.10,46.67
산기슭토깽이,KR1,2,3.48,43.81,325.96,1.08,50.00,수리진,KR1,2,4.16,46.55,376.81,0.68,53.62,71.43
구 체,GEN,1,4.01,50.31,382.72,1.04,52.38,SUP FOR YOU,KR1,0,4.64,44.40,318.38,1.36,46.88,45.45
긴세월에변하지않는사랑은없겠지만,오래전부터,4,3.81,53.60,385.47,0.87,51.82,듀란드의 방패,KR1,2,2.50,30.25,326.44,0.61,57.50,33.33
BIN,KR0,3,4.23,45.44,363.98,1.07,68.18,최룡륭,왜죽였어,3,4.23,38.00,339.15,0.64,40.85,50.00
대한독립만세,KR2,0,3.47,56.00,233.78,1.90,50.36,베이가원챔,KR3,1,2.84,55.00,428.60,0.54,47.14,40.00
탱글성욱,KR1,2,2.36,52.07,442.55,0.80,45.52,KDF Leaper,KR04,0,3.67,52.33,394.18,1.09,53.81,56.25
탱글성욱,KR1,2,2.36,52.07,442.55,0.80,45.52,아이라,0505,1,5.56,48.36,436.64,0.75,71.43,70.00
경 슨,KR1,2,2.64,44.33,379.65,0.74,66.67,하남신말,KR1,3,2.99,43.31,434.53,0.66,0.00,61.11
영빈아다탈출기원,26년째,1,4.82,54.00,381.07,0.86,58.33,정글연습,123,0,3.85,54.57,262.33,1.78,68.42,50.00
느 좋,1234,0,2.84,43.71,337.98,1.05,50.51,믿기 싫음 믿지 마,SON,3,3.31,50.39,395.73,0.97,54.29,47.62
우리팀정글은어디,KR1,2,3.81,48.38,378.45,1.35,0.00,티모는어려워,KR1,2,4.41,46.82,381.60,0.99,57.34,80.00
미한남,KR1,3,3.43,52.86,370.34,1.17,33.33,분신의마음으로,SSU,4,3.33,69.33,364.75,0.74,62.16,63.64
미한남,KR1,3,3.43,52.86,370.34,1.17,33.33,chobo1028,KR1,3,2.36,31.07,359.07,0.66,33.33,36.36
박수엽,KR1,4,5.24,45.60,337.46,0.85,50.00,하늘에서공차기,KR1,1,4.75,48.50,389.30,0.32,55.06,50.00
2025년12월16일,1234,3,2.65,38.78,384.09,0.60,50.00,부이우드,FRAME,4,3.34,40.76,382.35,0.58,45.45,60.00
갱민Yee,KR1,1,6.27,53.09,428.21,0.88,50.00,갱은2,KR1,0,4.11,51.44,266.70,2.57,58.59,56.52
원딜마빡딱대,KR1,1,2.92,49.84,372.87,0.90,48.54,까 앵,1004,0,4.89,41.00,241.66,1.68,0.00,62.50
그럴까나,KR1,2,3.18,42.53,378.95,0.86,50.44,멕시까나,KR1,1,4.08,51.80,394.99,0.82,51.48,64.29
정글고아라박아요,jgmom,3,3.11,44.40,478.75,0.64,62.79,이상한청년,KOR,4,5.16,42.27,391.21,0.68,51.92,53.85
몸통믹서기,head0,1,3.55,47.17,375.00,1.16,0.00,POWER레인저 레드,KR1,0,4.44,57.12,349.99,1.46,49.25,69.23
HHope,KR3,4,3.87,51.54,405.82,1.07,48.39,참 빛,KR1,1,2.85,52.83,430.34,1.14,70.00,83.33
저를막만지셨잖아요,1122,3,4.32,45.29,412.62,0.75,65.22,장현진,KR1,0,2.90,44.15,325.99,1.72,48.57,36.84
최강멸공박정환,KR1,3,2.89,43.67,419.48,0.67,51.52,고구마무스시,1230,4,5.61,50.00,403.93,0.79,54.08,50.00
최강멸공박정환,KR1,3,2.89,43.67,419.48,0.67,51.52,찢원민,china,0,2.37,45.94,325.91,0.97,53.20,70.00
도끼병,8543,1,3.94,44.62,435.25,0.88,61.54,산다는것그것은치열한전투이다,로망로랑,2,3.40,45.06,348.93,0.86,40.00,66.67
김꽃비,KR1,1,3.38,57.50,379.49,0.86,48.57,만까이,KR1,4,2.67,50.33,343.89,1.53,60.00,42.86
明 星,JSH,2,2.75,44.30,355.92,0.90,56.68,배고픈데뭐먹지5,KR1,3,4.79,52.00,386.81,0.89,60.00,57.14
이게원딜이쥐,KR1,1,4.19,54.62,442.80,0.61,37.50,Sandevistan,싼데비슷,0,3.27,49.62,270.17,1.99,49.71,41.67
T1 Faker,96057,2,3.99,43.94,373.16,0.92,51.96,하얀히소,KR1,0,2.62,51.67,350.47,0.94,53.33,77.78
질 리 언,KR34,1,5.88,57.20,406.59,0.80,0.00,꽁치소금구이,KR1,1,2.23,28.86,307.00,0.81,57.14,76.47
NIA feLix,KOR,0,3.37,52.18,303.63,1.78,46.27,Spltze,KR1,1,3.13,47.29,456.05,0.65,56.00,75.00
녕 안,2308,2,3.56,48.78,413.37,0.88,67.39,kazuhot,kr3,3,2.04,30.56,373.76,0.65,66.22,66.67
녕 안,2308,2,3.56,48.78,413.37,0.88,67.39,빵빵이의미친일상,KR1,2,3.05,43.19,370.96,0.71,49.66,50.00
Kellani,KR1,4,5.12,52.50,411.51,0.86,46.15,김지원,하이지음,1,3.63,47.50,408.82,0.49,48.25,57.14
햐안색한지,KR1,0,5.08,47.33,343.20,1.64,0.00,돛단배,HC1,2,3.21,40.67,393.94,0.49,46.86,50.00
IlIIlIIIIlllIl,KR1,0,4.49,51.46,319.61,1.57,58.54,Top Makes Man,KR1,3,5.90,46.53,452.93,0.56,71.43,69.23
IlIIlIIIIlllIl,KR1,0,4.49,51.46,319.61,1.57,58.54,JDG Guler,kr619,1,4.28,58.33,394.99,1.00,40.91,70.00
비뚤어진 대나무,KR1,2,3.69,44.89,366.48,1.02,0.00,서정방,KR1,0,2.64,45.84,317.10,1.36,53.66,50.00
박정희,계엄선포,1,4.32,51.57,420.10,0.58,43.24,노정엄글,KR2,0,2.44,50.08,266.11,1.68,50.29,53.33
事 必 歸 正,1111,0,2.87,52.35,340.94,1.13,57.39,Babbby,KR1,0,11.22,54.91,350.99,1.46,48.84,33.33
事 必 歸 正,1111,0,2.87,52.35,340.94,1.13,57.39,New Astaxanthin,KR1,0,4.05,48.00,345.32,1.65,0.00,60.00
XunJie,KR1,2,4.89,49.50,427.72,0.77,68.00,TangPaoFan,KR1,3,2.77,36.37,356.27,0.67,41.18,72.73
XunJie,KR1,2,4.89,49.50,427.72,0.77,68.00,수도공수닝,KR1,1,5.30,44.60,404.29,0.73,0.00,63.64
럭 스,원 챔,2,2.39,36.14,314.60,1.46,59.38,귀 신,창 귀,3,5.16,50.21,433.55,0.81,53.93,72.73
오낳괴,KR1,4,6.21,51.00,395.23,1.07,65.00,버섯과자,KR1,0,3.37,52.00,321.72,1.17,58.11,66.67
수정구망나니,KR1,0,3.65,52.07,295.00,2.52,38.00,레전드오브운타라,KR1,4,4.47,55.27,396.93,1.05,60.53,20.00
소통이어려운사람,KR1,3,4.39,47.83,396.23,0.60,63.64,잭슨피자석촌점,KR1,4,3.72,53.00,399.60,1.06,50.96,72.73
찻집스텔라와,KR1,3,3.01,48.44,441.44,0.53,0.00,T1 애완동물,KR777,0,5.90,46.23,288.11,1.47,48.08,60.00
찻집스텔라와,KR1,3,3.01,48.44,441.44,0.53,0.00,오뚜기3분나비탕,KR1,0,4.53,42.89,276.75,1.62,48.21,80.00
용인 양아치,KR1,0,6.12,40.64,347.55,1.00,0.00,북극곰 슈트,KR1,1,9.29,57.36,414.17,0.83,0.00,64.71
dyundyun,KR1,4,2.81,42.27,350.53,0.75,0.00,일단사려봐봐,KR1,2,6.51,56.76,412.49,0.77,69.70,55.56
지코바정자2호점,KR1,3,3.09,45.40,420.81,0.84,50.00,착하게살기,죄송합니다,2,3.14,44.47,333.75,1.42,43.90,47.37
희워늬,0212,1,4.19,52.67,372.74,1.10,0.00,힐 왜 안 썼냐,KR1,4,2.82,49.39,348.68,1.31,71.43,58.33
군산대표덤벙이,하나님사랑,3,6.28,52.00,438.56,0.82,55.56,여자찾아 삼만리,디엠주세요,2,1.82,24.00,331.46,0.67,59.49,84.62
함박웃응,15681,3,3.18,48.57,382.67,1.17,55.36,Assayy,KR1,1,3.11,42.85,343.88,0.88,47.79,73.33
권아윤,공쥬사랑,1,3.35,54.73,429.79,0.85,51.61,핑뚝이,결 밴,3,1.71,27.71,321.62,0.74,58.70,45.45
경성대다리털미남최태영,개꿀따라시,3,2.77,39.64,412.49,0.65,48.00,이기자 제발,none,2,3.21,39.20,382.46,0.68,46.30,50.00
민들찌,KR1,1,4.16,55.77,424.26,1.13,50.00,울비링,KR1,0,3.97,50.22,272.67,2.21,0.00,30.00
Ruler,KR100,1,3.82,51.75,350.79,0.89,54.17,이승진왔다,KR1,2,2.93,38.22,335.08,1.05,55.93,52.94
atapel,KR1,3,2.57,42.07,399.79,0.73,53.14,미친낙기견,1247,4,3.47,52.05,379.76,1.01,46.27,57.69
뒷구녕조심해,KR1,0,3.01,44.50,323.45,1.50,54.79,채팅다차단하고합니다,KR666,4,2.50,49.50,370.21,1.08,27.27,63.64
1류준열,KR1,2,3.29,46.83,424.58,0.80,44.44,떡볶이는먹고싶어,KR1,1,3.21,49.75,384.75,0.80,55.35,57.14
사랑체리,KR1,1,4.74,56.21,447.39,0.84,83.33,혼 팡,KR1,0,5.25,54.65,384.49,1.45,56.06,83.33
꼬마무너,KR1,3,2.54,31.00,348.11,0.50,62.07,동글원,KR1,1,5.65,52.00,395.66,0.67,60.44,78.57
박 조 헉,KR1,3,2.66,37.81,378.65,0.69,33.33,호야핑,수돌핑,4,4.60,51.74,385.23,0.95,56.32,40.00
02 07 08,KR1,4,3.72,60.47,467.05,0.67,0.00,명찌똥,KR1,0,2.94,54.75,280.70,1.75,23.33,57.14
yc그리너,001,4,3.94,52.90,351.71,1.07,0.00,콧수염해적단,KR1,3,3.19,45.10,348.36,0.92,68.00,54.55
통감자코너,KR1,0,3.24,45.80,329.97,1.47,0.00,김박석동이,KR1,3,3.63,44.65,395.17,0.71,51.72,57.14
카트라이더라이,KR1,4,5.24,51.33,407.42,1.26,66.67,뽀영뀨,KR1,2,2.49,42.37,359.32,0.86,65.43,46.15
매우 깊은 구덩이,KR1,2,3.78,56.33,317.81,0.76,52.46,미친나무꾼,KR1,3,3.67,42.75,398.80,0.68,51.52,52.94
익자현지,KR1,4,4.78,49.12,371.91,1.09,56.00,최태환,2222,2,4.13,41.25,367.65,1.12,61.54,60.00
잘조여,KR1,1,6.17,53.27,432.50,0.83,0.00,혜 왕,ฅΟωΟฅ,0,5.49,57.67,409.05,1.30,0.00,68.75
iSginM,KR1,0,4.60,53.57,320.61,1.56,57.14,진흙반소다반,KR1,1,2.83,48.25,369.74,0.80,46.98,54.55
나는개도물어,1999,1,4.61,53.80,452.04,0.81,0.00,JYUNMAI,KR1,2,3.40,48.29,338.30,0.89,37.88,66.67
l 김아름 l,KR1,2,6.47,52.73,370.74,0.97,53.82,내서폿건들면죽임,KR1,1,3.98,43.64,400.73,0.38,54.21,88.24
좋나 좋같다,KR1,1,3.27,55.50,400.38,0.77,52.73,aoamg,KR1,4,3.33,48.82,426.18,0.84,44.79,44.44
핑핑이눈찌르기,KR1,3,3.26,47.32,421.60,0.57,58.65,다람이헬멧깨기,KR1,1,3.11,44.33,424.62,0.72,51.18,41.67
Master Darren,KR1,4,3.46,41.35,361.91,1.00,46.84,오션앞 예쁜누나,KR1,2,2.37,45.86,367.10,1.08,50.00,45.00
공주의품격,9999,1,2.63,49.56,401.14,0.49,48.44,왕자의품격,2036,0,2.75,47.00,252.84,2.26,39.66,46.67
추두애,KR1,4,5.19,45.14,409.36,0.78,51.79,매여고,KR1,1,3.21,52.31,392.26,1.07,39.58,70.83
망겜모임,KR1,4,3.83,48.77,414.24,0.97,46.71,79세 박옥분,1942,2,5.17,49.43,387.82,0.60,59.46,57.89
퓨슈유융,KR1,0,3.23,46.23,396.34,1.04,62.07,건물주아저씨,KR1,0,4.18,43.38,331.98,1.03,50.88,57.14
제라스만사랑할래,KR1,1,5.65,48.18,417.76,1.19,0.00,링쟈오밍,KR1,0,3.82,52.75,324.15,1.72,80.00,90.91
꽁즈리얼,KR1,4,3.82,49.00,425.30,1.04,40.91,Ol발소,KR1,4,3.16,50.62,371.59,0.72,53.28,70.59
Garald,KR1,0,4.83,54.13,346.77,1.26,41.67,낭만찾아요,KR1,1,4.79,53.25,381.31,0.93,45.83,80.00
저으교,KR1,4,7.33,53.62,476.46,0.72,52.17,독산동 딸기공주,KR1,4,3.37,40.74,397.40,0.76,50.41,75.00
다이아찍어보자고,KR1,1,3.31,56.71,405.29,0.86,60.98,ReatEna,KR1,0,3.16,48.00,307.74,1.48,55.28,41.67
TaeDu,KR1,2,2.52,36.50,336.06,0.57,46.62,비주야,KR1,3,4.01,46.04,391.51,0.83,66.67,46.15
p1zl,KR1,3,3.13,38.20,335.63,0.74,51.54,NOvelium,KR1,4,6.31,52.44,403.34,0.94,49.04,53.33
ktstorm,KR1,4,8.19,54.71,450.02,0.82,77.78,승트록스,KR1,2,5.57,48.45,430.62,1.08,53.66,91.67
73세박점례,KR1,1,5.60,56.20,468.58,0.53,80.00,오합지졸 서폿,KR1,0,3.79,51.83,354.97,0.98,57.45,63.64
키야 나 쩔지,KR1,3,3.33,49.62,402.08,0.98,0.00,Raric,KR1,1,4.04,50.80,353.83,0.83,0.00,76.47
岐 炫,0520,2,4.84,50.00,376.25,1.46,88.89,기무태훈,CN1,4,1.65,37.70,329.76,0.89,62.50,44.44
눈 내린 겨울날,KR1,4,3.20,60.10,381.03,0.81,54.40,올차단핑안들음,KR1,3,2.37,42.56,409.69,0.62,35.14,57.14
4번타자트런들,KR1,2,4.17,42.36,391.97,0.76,45.88,5번타자트런들,KR1,0,5.72,51.83,269.01,2.75,47.02,55.56
딤태암,KR1,0,5.83,46.54,336.17,1.47,44.23,Olleh111,KR1,2,5.21,45.31,369.75,1.08,0.00,36.36
안산섹시가이,KR1,3,4.79,49.59,368.26,1.00,48.72,박달호,KR1,1,2.40,47.44,365.23,0.94,54.25,53.57
명동고라니,KR1,3,4.33,49.00,375.86,0.90,0.00,          a VIBE,KR1,1,6.84,53.00,412.86,1.03,49.90,60.87
개구쟁이병진,588,1,3.06,49.58,372.30,1.30,0.00,처제의일기장,KR2,0,2.36,59.00,341.55,1.07,0.00,36.36
스타콘덤나이트,KR1,3,5.44,55.38,437.91,0.59,46.84,Samira Rose,KR1,4,3.38,50.88,309.90,1.30,50.24,56.67
지  욤,KR1,0,3.69,47.17,299.59,1.97,61.43,귀욤지욤,KR1,1,3.37,50.08,392.44,1.05,55.56,66.67
민예나,KR1,2,3.60,53.53,413.14,1.01,0.00,123겸,KR1,3,4.64,45.00,384.67,0.52,52.17,64.00
르블랑요네제드,KR99,4,5.03,53.47,403.75,0.81,66.35,동천동 이동욱,KR1,2,3.72,50.18,367.99,1.03,55.48,42.86
어려워 롤은,KR1,1,5.42,47.79,432.86,0.77,77.42,화염저항포션,KR1,0,4.37,56.95,276.51,2.25,49.25,60.00
Helper 이즈나,KR1,4,5.41,52.18,437.68,0.62,52.00,혀 무,KR1,3,3.25,39.38,355.14,0.66,57.89,66.67
경남 사천시,KR1,2,3.51,54.05,413.12,0.68,0.00,Zl존 상훈,KR1,0,3.19,47.90,323.62,1.87,47.15,50.00
LeoNautiluS,KR1,0,4.31,48.25,263.47,1.86,0.00,안녕하세요들썩,KR1,4,4.34,52.30,357.49,1.27,48.80,72.73
호석자,KR1,0,4.26,45.20,311.31,1.24,0.00,몰락한 정상수,카피바라,4,4.17,48.88,404.46,0.90,42.86,60.00
엑소익소,KR1,2,2.91,51.36,394.68,0.77,46.15,정신분열환자,KR1,4,4.76,46.50,374.06,0.79,0.00,60.00
실수할까 두렵다,KR1,4,2.98,44.88,345.68,0.90,45.45,역천괴,KR712,1,2.14,44.62,362.91,0.57,53.70,41.18
만원짜리지페,KR1,0,6.22,55.60,280.71,2.95,0.00,원딜갖다버리기,KR2,0,4.25,48.89,297.31,2.19,54.08,68.75
만원짜리지페,KR1,0,6.22,55.60,280.71,2.95,0.00,울팀서폿목졸라죽이기,KR2,0,3.49,43.53,336.93,1.36,49.72,61.54
광쥐팥쥐,KR1,3,3.76,39.10,372.79,0.64,25.00,김매력,KR3,1,3.76,52.79,349.39,1.18,58.33,30.00
거울로 보는 얼굴,KR1,1,4.54,54.70,412.98,0.61,28.57,82세 독거노인,KR1,3,1.76,30.83,373.58,0.56,53.66,66.67
멘탈가출아이디,KR1,2,5.53,48.05,408.11,0.87,50.00,THE 스몰The,스몰더,2,3.38,49.95,379.21,0.88,52.63,73.08
WangDdu,KR1,0,4.46,55.57,324.32,2.23,61.90,니손가락탓,KR1,2,4.23,42.80,410.99,0.73,42.86,57.14
명란젓쿠키,KR1,2,3.88,41.38,370.80,0.72,83.33,wjm1212,01212,2,3.80,42.33,379.18,0.48,54.05,64.00
트리오브세이비어,KR1,4,4.44,52.71,324.48,1.19,0.00,사토리,NK1,2,5.06,29.00,327.81,1.37,55.56,66.67
orco,KR0,2,4.25,41.50,375.30,1.03,45.45,갓구피,KR1,2,3.54,45.43,375.32,0.71,66.67,70.00
협곡유치원 흰둥,KR1,0,4.92,57.50,275.97,2.42,0.00,협곡유치원 짱구,KR1,2,2.37,48.22,325.06,1.35,50.80,43.48
암호론,KR1,3,4.45,48.00,434.66,0.95,60.47,또미니다,KR1,3,2.86,37.00,363.50,0.87,48.78,70.00
암호론,KR1,3,4.45,48.00,434.66,0.95,60.47,기준아너존야있다,KR1,2,2.15,38.60,346.56,1.00,52.12,60.00
New트윈,KR1,0,5.21,50.00,306.30,2.51,40.00,양학동장,KR1,1,3.73,42.00,380.21,0.91,47.65,50.00
M Perro94,KR1,2,5.76,45.14,322.34,1.13,54.62,정글도는깜보,KR1,4,4.26,54.20,366.53,0.94,51.41,45.45
빠또맨짱짱123,KR1,3,5.68,45.68,367.62,1.13,46.19,의문의복귀유저,2132,0,3.04,48.11,322.89,1.47,0.00,71.43
Byms,KR1,3,3.87,37.79,383.57,0.62,0.00,나잖아 주호,KR1,1,5.25,48.50,406.79,0.96,0.00,66.67
유기농 포도잼,KR1,2,4.53,50.82,420.57,0.61,46.67,LL Stailish,KR1,3,2.10,36.20,355.70,0.68,49.12,46.15
아메리한잔,KR2,0,3.81,54.06,287.90,2.10,28.57,싫슴돠,KR1,3,4.47,41.00,413.96,0.39,50.65,61.11
부러우면지는거야,KR1,1,3.49,46.77,423.11,0.44,51.19,유 찬,대유찬,1,4.30,54.83,430.65,0.27,30.95,60.00
부러우면지는거야,KR1,1,3.49,46.77,423.11,0.44,51.19,루주라,9098,0,3.71,56.75,379.28,1.53,48.89,83.33
민 영 2,7874,2,5.89,49.56,387.87,0.87,0.00,스쿨존광란의레이서엄준식,KR1,4,4.45,55.88,405.27,1.07,0.00,40.00
딸긔공주,KR1,1,3.60,42.00,364.02,0.76,50.00,플레부터 탱폿함,KR1,0,2.04,47.62,284.62,1.86,58.11,58.33
계엄의택,999,3,2.51,41.33,346.29,0.98,55.56,여기도한발,KR1,2,3.56,44.45,359.01,1.04,48.68,53.33
먼 슴,KR1,0,5.13,56.27,273.27,2.55,64.29,최재권,KR2,1,3.88,41.83,394.54,0.74,0.00,61.54
재선리,KR1,3,3.73,45.40,374.33,0.83,0.00,백혈음지,KR1,3,4.60,47.56,362.95,0.74,50.00,66.67
can not win,KR1,3,2.82,48.75,369.70,1.18,52.38,박종민,KR1,3,3.46,36.31,333.98,0.80,43.59,41.67
장작패기장인,장패장,0,2.56,47.62,305.49,1.62,0.00,Hide on Push,3001,4,4.16,52.82,389.67,0.91,0.00,50.00
우니아이,KR1,0,5.08,54.43,304.44,2.16,0.00,The Suply,KR1,1,3.75,44.56,368.11,0.58,50.88,57.89
알고있냐,모르는데,3,4.20,53.50,411.62,0.92,76.09,오 리,아나그란데,0,2.31,39.20,343.45,1.07,37.50,60.00
상큼한너굴씨,KR1,4,4.23,53.80,335.19,1.26,83.33,나만의흠뻑쇼,KR2,1,5.00,48.36,408.71,0.56,48.57,42.86
상큼한너굴씨,KR1,4,4.23,53.80,335.19,1.26,83.33,경기도민,123,1,5.46,52.30,468.92,0.77,60.00,80.00
니 꽃,앵 두,1,4.72,58.79,418.83,0.69,47.62,비 상 계 엄,12345,0,3.59,50.31,328.70,1.35,0.00,55.56
평리동불도저,KR1,2,4.65,44.40,365.57,0.62,54.22,신조차질투하는재능의소유자고다운,1233,3,4.04,45.08,389.72,0.61,41.07,60.00
호영동생,KR1,4,4.47,51.00,441.43,0.88,57.38,junesi,준 식,2,5.47,35.93,354.07,0.86,38.46,52.17
마라탕 먹구 시퍼,KR1,0,4.73,47.75,275.49,2.02,50.00,인프피 인간,KR1,1,3.96,50.18,437.03,0.57,52.83,72.22
마라탕 먹구 시퍼,KR1,0,4.73,47.75,275.49,2.02,50.00,비공개소환사0,KR1,3,3.10,38.75,361.77,0.65,20.00,70.00
바이탈부스터,0366,2,4.84,44.50,397.04,0.88,50.00,살인유망주,KR1,0,4.67,50.31,322.70,1.71,49.55,65.00
농축밀크맘마통,BOZI,2,5.55,49.38,361.11,1.04,52.63,원툴제라스,KR1,4,4.07,54.57,365.79,1.48,45.83,58.33
죽기장인,12322,4,5.23,58.59,401.00,1.05,53.12,뚜쉬따쉬,빵뚜기,2,4.13,51.00,379.18,0.83,59.26,63.64
1234,효 찬,0,2.93,49.70,367.22,1.24,0.00,김록헌,0001,0,3.87,49.50,355.43,1.28,47.62,55.17
이기구시펑,KR1,2,3.37,37.00,362.81,0.42,62.69,누나는끌릴만해,KR1,1,4.85,48.50,380.38,0.57,54.17,63.16
2윤재,KR1,3,1.99,37.27,330.67,0.80,48.33,홍대흑인,KR1,2,3.39,36.62,350.23,0.64,0.00,31.25
하 이,there,3,3.74,36.50,374.16,0.48,51.22,치질연고바른면봉,1234,4,3.16,45.26,382.74,1.03,48.39,55.56
모기모깅,KR1,1,4.44,48.31,409.24,0.95,0.00,춘 배,행복한,0,4.38,52.58,318.45,1.43,0.00,45.45
감자국의망나니,KR1,3,3.49,40.00,367.09,0.82,0.00,슈마초,KR1,2,1.79,45.84,377.91,0.61,57.50,60.00
감자국의망나니,KR1,3,3.49,40.00,367.09,0.82,0.00,슈퍼마켓초코퍼지,KR1,2,1.31,40.40,327.78,0.83,52.81,45.45
부천역 노숙자 신문도둑,마계부천,2,3.31,39.77,349.68,1.03,0.00,독거노인 원딜,KR0,4,3.33,50.06,353.65,1.07,0.00,30.77
taeyeon8903,KR1,2,3.15,40.31,401.86,0.87,40.00,해도해도너무하네,5832,1,3.93,50.50,376.85,1.08,57.14,45.45
모모는 무지게,KR1,4,3.29,44.09,372.19,0.87,50.00,안아조,1012,2,3.61,48.57,401.50,0.85,50.00,30.77
파키티,KR1,0,5.59,54.64,359.77,1.89,0.00,우리집개또또,dog,2,7.04,48.00,408.46,0.76,54.82,68.75
닷지해라,KR1,4,3.72,52.19,415.64,0.76,0.00,인생의분노,KR1,3,3.65,47.56,416.48,0.80,35.00,30.00
환석봉,KR1,3,2.94,34.50,381.81,0.46,50.00,김치년이므니다,KR1,4,2.21,46.25,359.18,0.82,47.44,42.86
Yoonkid,KR1,0,3.08,42.91,315.95,1.72,0.00,방퉁수,KR1,1,3.92,49.11,341.64,1.38,49.63,56.67
꼬쿼러취,KR1,4,5.44,50.43,346.05,1.15,0.00,Tiny bug,KR1,1,3.31,45.22,400.49,0.42,50.00,52.00
우리들은소중해요,KR1,0,7.29,56.14,282.84,1.96,100.00,천사소녀 네티,정의로운,1,4.43,60.67,405.42,0.57,54.76,72.22
위기를 기회로,1111,4,4.79,51.81,379.39,1.39,52.96,못하는데자아갖으면박음,KR2,2,3.72,43.46,379.31,0.64,54.84,36.36
정준호,KR1,1,5.11,51.44,406.48,1.00,71.43,쉴 드,KR1,0,3.20,54.08,283.18,2.11,53.07,76.92
나미나미오나미,KR1,1,4.87,60.00,414.49,0.94,45.45,햄포니퐁,KR1,0,3.79,57.33,278.18,2.16,40.00,59.09
참 빛,KR1,1,2.85,52.83,430.34,1.14,70.00,HHope,KR3,4,3.87,51.54,405.82,1.07,48.39,83.33
왕자님,1118,1,4.76,47.75,418.86,0.58,20.00,가라 혜린몬,KR1,1,2.53,46.24,407.45,0.63,52.98,81.82
Übermensch,KR9,3,2.49,35.00,369.11,0.46,50.00,닝겐장미,KR1,4,3.98,46.95,384.04,0.90,52.02,45.83
과니어디과니,KR1,3,3.24,29.83,340.90,0.45,56.82,여 름,0808,4,4.85,55.82,384.62,1.22,51.24,45.83
심해의공포쓰레기,KR1,0,4.04,46.11,288.86,1.68,61.11,가껴가껴,KR1,1,3.04,45.10,374.91,0.57,61.54,50.00
호 성,HS0,4,3.68,50.67,426.90,0.72,52.50,Bug 입니다만,KR1,3,3.38,46.00,384.76,0.67,53.81,78.57
또각또각신부입장,KR1,4,3.11,42.24,378.93,0.88,59.32,허민혁,KR111,2,3.96,43.06,395.55,0.62,53.19,61.54
11972035del,KR1,0,3.88,59.00,333.87,2.32,33.33,징크소,KR1,1,6.13,50.75,438.85,0.60,50.68,61.54
롤하면3수함,KR1,1,4.79,53.04,437.71,0.53,73.68,겨울동화 장지환,KR1,3,3.09,31.25,335.74,0.75,50.00,33.33
롤하면3수함,KR1,1,4.79,53.04,437.71,0.53,73.68,Aerernus,KR3,4,3.95,48.14,365.37,0.81,53.57,50.00
컴퓨터쌤,KR1,0,5.61,54.42,281.50,2.47,37.78,삼겹살볶음밥,KR1,2,5.88,49.75,397.33,0.82,47.62,50.00
강절래,KR1,2,5.27,53.62,426.55,0.69,51.72,이쁜네꺼,1234,1,3.33,44.58,376.84,0.45,46.94,68.00
인생은한여자,KR1,1,5.16,62.31,467.48,0.98,57.14,안되겠냐고그게,KR1,4,3.72,37.46,354.49,0.67,55.26,93.33
윤성남,KR1,1,3.99,42.20,409.77,0.71,57.14,Fezite,1005,4,3.74,55.00,417.09,0.94,54.55,63.64
물렸다 멍멍,KR1,1,3.55,40.82,367.81,0.86,0.00,시라유키 히메,KR1,0,3.12,36.44,271.03,1.09,0.00,40.00
김명종교수동생,1234,3,2.69,31.58,373.81,0.56,51.35,김건묵극곰,KR1,2,2.60,50.00,388.71,0.50,55.17,36.36
박정우,미 남,4,5.51,48.67,386.94,0.96,47.92,미 드,0878,3,2.45,39.40,372.07,0.82,41.67,60.00
kllax,KR1,4,4.36,54.69,391.99,1.01,64.00,패배자,KR3,3,2.68,35.29,382.87,0.74,46.77,54.55
무법자근희,KR1,2,2.34,45.11,414.13,0.77,56.43,내시계어딨노무현,KR1,1,4.09,42.25,419.60,0.48,49.54,54.55
무법자근희,KR1,2,2.34,45.11,414.13,0.77,56.43,Xiaodelanhu,7902,3,3.05,46.40,408.51,0.64,43.48,40.00
탑 건이,KR1,1,3.71,49.11,409.68,0.45,45.75,재 민 언 니,KR1,0,3.06,47.00,251.53,2.12,61.11,75.00
이 별,KR5,4,3.78,61.44,407.27,1.09,51.40,잠실 냥펀치,KR1,0,2.78,47.88,295.10,1.52,33.33,25.00
영혼의 꽃,Yone,1,7.64,53.93,490.05,0.75,0.00,다재무능,1011,0,4.47,51.86,351.66,1.33,43.21,73.33
AkshanNo1,KR12,2,5.18,34.50,325.91,1.08,51.52,성실한공익요원,0303,3,3.51,50.86,409.83,0.64,52.58,64.29
조지긴하네,KR1,2,4.65,50.70,400.09,0.86,29.41,창구는못말려,KR1,4,5.05,44.79,382.27,0.74,54.79,66.67
hivanmipkanda,KR1,0,2.65,54.23,307.34,1.79,49.08,너에게 못했던 내 마지막 말은,4486,3,2.13,40.83,358.86,0.77,51.46,64.71
탑신병자가되었다,KR1,2,6.01,51.41,383.75,1.21,77.27,erenyday,qwer,2,2.78,47.29,387.33,0.80,43.43,52.94
달의 호흡 이지러지는 달 암월,KR1,0,3.62,45.19,294.36,1.86,53.19,Coeus,KR1,1,5.02,50.83,388.05,1.11,50.22,68.75
2618205580707488,KR1,2,3.72,50.08,450.01,0.55,63.64,드립3대,00000,2,2.68,37.45,361.13,0.64,56.76,70.00
돼지피카츄,KR1,3,2.12,41.17,391.92,0.43,0.00,ehddn 주현,KR1,2,4.40,43.48,382.64,0.79,45.98,60.00
수면입니당,KR1,1,3.55,49.33,406.44,0.74,0.00,밀림의왕손승현,KR1,3,2.69,47.67,338.82,0.87,53.97,50.00
수면입니당,KR1,1,3.55,49.33,406.44,0.74,0.00,God Bless you,bless,1,3.85,54.94,367.55,1.38,0.00,45.45
01022936255,KR1,4,4.25,53.95,428.69,0.74,0.00,성민이발가락사이핥기장인,츄베릅,0,4.28,52.23,275.61,1.81,48.98,73.33
Cloud Strife AC,KR1,2,4.11,55.55,453.36,0.53,0.00,시빵집,KR1,1,5.20,44.83,382.62,0.54,44.44,66.67
민지꿍꿍,KR1,0,3.52,52.11,262.80,2.08,55.56,GUMADEFTVIPER,T1 wi,4,5.19,58.18,455.09,0.85,50.00,63.64
낌영민,KR1,1,2.77,50.92,377.96,0.80,60.00,못참는사람,5226,1,4.16,50.56,366.96,1.07,48.38,25.00
괴 군,조 연,4,3.39,46.44,408.88,0.70,38.46,Mega Storm,KR1,4,3.44,47.89,347.50,1.08,64.71,60.00
귀뚤뚜기,4214,3,3.43,51.88,421.29,0.58,66.67,배창연,KR1,2,2.46,44.20,369.33,1.30,27.27,48.00
April Freesia,KR2,3,4.69,44.13,383.03,0.71,55.10,벽넘는 병만,KR1,2,2.60,36.67,378.59,0.50,57.89,61.54
April Freesia,KR2,3,4.69,44.13,383.03,0.71,55.10,니캉내캉고기묵자,KR2,0,3.48,49.00,250.41,2.42,56.25,66.67
꾸 딩,0906,1,2.13,51.07,363.15,0.65,56.86,칵테일삼겹살,KR1,4,3.91,46.22,360.98,0.99,0.00,35.29
고독한 금쪽이,0331,0,3.16,46.50,328.51,1.50,42.86,Hollow Knight,6310,1,3.41,51.23,382.83,1.09,61.29,57.14
말벌벌꿀오소리,KR1,2,3.35,48.33,366.26,0.81,52.50,01053183866,KR1,1,3.55,49.87,349.28,1.29,54.69,50.00
카와라기 모모카,걸밴크,3,5.68,46.60,444.97,0.56,48.08,브금버튼,KR1,0,3.40,51.33,334.87,1.31,55.56,44.44
카와라기 모모카,걸밴크,3,5.68,46.60,444.97,0.56,48.08,신지호,8409,3,3.50,41.63,381.16,0.46,41.10,75.00
롤로노아 김재경,KR1,3,3.28,27.25,345.71,0.44,0.00,킹갓엠페럴밍밍이,KR1,2,3.36,48.88,457.93,0.67,51.05,53.85
뽁뽁이 터뜨리기,KR1,4,3.90,51.17,428.51,0.85,31.25,official oppa,KR1,2,3.02,36.00,359.15,0.94,51.35,36.36
rOgy,KR1,1,5.05,55.00,355.45,1.66,58.82,즐겜용버리는용,KR3,4,3.67,50.33,395.30,0.89,59.32,61.54
중간이 없는 자,KR1,2,5.46,49.31,367.30,1.04,0.00,구미효,KR2,0,8.09,40.67,242.09,1.99,46.77,68.00
강가네 손만두,KR1,1,4.31,40.64,368.23,0.89,59.52,밝은유채꽃,KR1,1,2.16,53.50,380.52,0.68,54.33,50.00
염우스,9176,3,2.40,37.56,375.15,0.71,48.78,삼대오백그램,KR1,4,3.07,44.90,386.25,0.78,20.00,64.71
금강불괴지신,6666,3,2.75,42.44,348.37,1.25,51.35,은승이,0000,2,3.03,45.33,404.87,0.61,40.00,50.00
T모티모,KR1,0,4.48,49.88,348.70,1.62,48.76,노운현무지잘한다,2672,0,3.30,47.92,348.34,1.23,0.00,50.00
구맹덕,KR1,3,4.57,44.20,334.02,1.18,50.56,밤만되면라마,KR1,4,3.59,54.33,388.78,0.45,47.37,57.69
도라이사이코,KR1,1,2.81,45.59,395.79,0.62,52.03,사람샬럿,KR777,1,3.44,50.71,377.46,1.09,51.42,54.55
너네아싸인날너무좋아하는거아니냐,이세계,4,3.17,45.91,367.63,0.74,51.61,그저 지키라고만 하였거늘,읍참마속,2,2.86,46.92,356.75,1.01,42.06,50.00
너네아싸인날너무좋아하는거아니냐,이세계,4,3.17,45.91,367.63,0.74,51.61,바다미꾸라지,KR1,4,4.85,49.82,402.88,0.84,52.83,40.00
아직차다,KR1,3,3.37,42.19,363.41,0.81,50.70,심각하다게임수준,KR1,4,5.65,46.84,417.06,0.80,48.72,61.54
미쿡드립,KR1,1,6.48,54.38,457.85,0.99,46.43,금붕어,0115,0,4.77,58.11,244.69,2.22,52.23,54.17
태백산흑곰,5656,3,3.35,43.88,395.21,0.58,49.57,릴리사랑해,KR1,3,2.38,44.13,362.94,0.54,58.76,57.14
천 안 전 민 성,KR1,1,3.06,47.91,387.52,0.70,46.52,황규찬,KR1,3,2.56,45.87,355.39,1.49,49.80,52.38
호양놈,KR1,4,3.49,42.40,415.97,0.81,56.46,루피뽀로로,KR1,2,2.33,45.58,355.00,0.78,51.83,56.52
Yellow 5,KR1,0,3.60,48.67,354.70,1.80,50.00,곽명은짱,KR1,2,3.25,49.00,352.83,1.02,50.00,61.54
준 의,KR1,1,3.87,47.00,400.82,0.60,59.38,지눈이,KR1,4,2.34,47.35,371.51,0.88,45.16,56.67
Lumen,033,1,2.54,48.71,407.00,0.52,37.04,사우스웨스트,0310,2,3.53,48.24,361.93,1.13,0.00,64.71
진의 리신,0328,4,4.55,51.11,366.01,1.04,69.23,만남이별,KR1,1,6.30,43.50,382.32,0.62,56.82,46.67
된장찌개끓여온나,KR1,2,3.98,43.90,397.66,0.46,59.09,이딱골,KR1,3,2.88,38.42,371.41,0.72,0.00,51.85
pain agony,KR1,2,5.34,46.73,364.02,0.79,49.00,Isella,KR1,4,3.34,57.00,366.14,1.31,45.95,61.54
펭귄대장,Siba,2,4.64,52.79,427.80,0.63,48.78,김강산 굉장하다,KR1,0,4.55,55.21,300.89,1.81,37.14,61.54
외쳐원석갓,KR2,4,4.23,57.31,402.75,0.74,58.62,박찬원,모란2길,2,3.51,48.79,362.35,1.14,58.33,64.00
KaiSa,KRl,1,4.16,59.33,413.33,0.81,53.91,땡전이,KR1,0,3.16,52.83,302.13,1.63,55.64,55.00
절도사공파27세손,KR1,0,4.00,50.36,305.28,2.12,50.00,빈유는 정의,KR1,1,3.20,44.89,394.95,0.48,41.94,75.00
Dr Kiss,KR1,1,2.44,43.36,406.29,0.59,50.85,bshkilad,KR1,3,3.24,39.10,384.70,0.72,53.23,47.06
즐겜용,김덕배,3,2.24,48.80,366.34,0.87,54.84, 난 갈 길이 먼데,KR1,2,2.32,37.18,377.27,0.71,50.00,64.29
즐겜용,김덕배,3,2.24,48.80,366.34,0.87,54.84,너구리 팬티,KR1,2,4.98,47.67,378.66,0.84,60.00,63.64
T1 DORAN,세최탑가자,3,2.70,33.77,334.57,0.50,40.68,의창구 물주먹,KR1,4,4.42,57.83,393.51,0.91,60.61,43.75
통무마무,KR3,3,4.09,45.12,389.84,0.77,49.68,CarroII,5639,0,3.10,47.35,363.37,0.99,50.00,66.67
문어빵,KR1,4,5.52,49.60,388.21,0.74,0.00,까 5,KR1,2,3.13,49.00,358.88,0.92,60.98,65.38
집가고시퍼여,KR1,3,3.68,44.50,372.69,0.39,53.33,인생망한팟수,KR1,0,5.40,61.15,358.73,1.36,50.00,55.00
제왕 킨키,KR1,1,4.39,50.62,450.79,0.44,0.00,최진범,KR2,0,4.91,53.23,318.17,1.91,39.58,60.00
다변수함수삼중적분,KR2,2,3.32,53.83,389.94,0.87,54.35,아해아해구물구물,0917,3,2.56,32.43,353.73,0.55,54.84,63.33
장 췐,KR1,2,3.67,42.53,389.62,0.75,47.66,cxzhaiusd,KR1,1,5.35,49.93,412.08,0.64,51.54,42.86
백덩렁덜렁,KR1,1,4.89,50.48,419.94,0.86,51.61,Q13E2W4R,KR1,0,5.78,55.43,417.10,1.18,0.00,70.00
402호,KR1,0,2.61,45.71,331.09,1.61,52.48,깨소금,KR1,0,2.63,50.64,368.47,1.26,58.65,54.55
KKang,KR01,2,3.06,50.82,397.70,0.61,45.56,유즈하 리코,0313,4,4.23,47.80,369.53,0.97,56.25,45.45
roll back go,KR1,4,5.07,43.50,427.23,0.95,65.79,조 오,KR1,0,2.86,41.45,328.78,1.29,45.45,50.00
삐지기장인출신,매우 수줍,2,4.52,50.36,363.72,1.05,44.44,그웬 스킨 좀내줘,KR1,1,2.41,45.25,367.24,0.86,47.30,52.17
사과나무귤냄새,KR1,0,5.49,53.24,335.70,1.41,57.14,쪼꼬와 포비,KR1,4,2.62,40.00,362.50,0.67,52.65,66.67
삐롱기,삐롱기,3,2.47,30.47,368.35,0.47,50.54,총각울린유부녀,KR1,0,3.95,58.45,276.77,2.24,51.35,56.67
롤이란것때문,KR1,4,3.84,56.52,445.50,0.60,62.86,말그대로카직스,KR1,3,2.37,47.00,319.49,0.95,0.00,65.00
펄기아,KR22,2,2.70,44.12,415.55,0.67,52.43,최고의엉덩이,JP2,0,4.33,48.24,319.37,1.81,66.67,50.00
롱터우,8312,3,4.56,46.62,376.56,0.71,46.49,세리자와 정재,백수의 왕,2,2.81,40.44,370.04,0.84,47.75,53.85
웅 황,kr777,3,4.41,49.76,386.20,0.99,46.67,Rain,I D,2,3.40,47.00,382.61,0.92,52.17,70.59
노코스트,KR1,4,4.34,46.67,398.26,0.98,0.00,누가와서먹나요,0216,1,2.67,46.42,370.75,0.74,48.98,63.64
정 글,01년생,4,4.21,47.06,412.53,0.80,57.14,재 원,0206,0,3.95,37.20,321.87,0.97,58.54,63.64
黒 棺,9 0,2,3.74,50.12,385.87,0.92,58.33,인 물,KR1,4,3.12,33.22,383.41,0.64,49.45,75.00
하이머딩석,KR1,2,3.83,43.79,380.57,0.66,55.56,ace,daddd,3,2.29,37.45,373.38,0.50,68.18,57.14
시오미호,4096,4,2.79,51.89,365.41,1.00,40.00,렝가합니,KR1,3,2.42,44.64,423.13,0.83,54.55,52.94
탑이지는건정글차이,JGgap,3,2.30,37.00,380.94,0.88,32.35,keon won 2,KR1,4,4.12,51.67,432.74,0.97,63.64,58.33
실시간원딜꿀챔,KR1,1,3.66,40.36,365.77,0.55,71.43,Sitk,KR1,4,4.30,40.82,343.03,0.96,0.00,69.23
머야미신사,KR1,1,2.54,52.06,370.76,1.49,54.55,한남버스기사,KR1,1,2.82,51.42,356.09,1.55,54.59,64.00
zxcasdsa,KR1,3,4.26,39.86,368.92,1.01,0.00,두부김치다내놔,Drama,0,2.33,47.39,325.75,1.62,50.00,52.17
닉네임을잊은사람,KR1,2,5.02,41.10,380.87,1.02,0.00,에 몽,성준이안녕,3,2.91,39.24,386.86,0.66,0.00,46.15
IllIIlllIIIllIl,KR1,2,3.70,48.47,427.30,0.70,46.15,도일각,KR1,3,4.24,30.00,361.95,0.49,0.00,71.43
화려한솔로킬,0825,2,2.82,47.30,363.74,1.09,55.00,터벅터벅,0803,1,4.82,56.56,457.30,0.52,53.37,31.58
화려한솔로킬,0825,2,2.82,47.30,363.74,1.09,55.00,박병재,KR1,1,4.61,51.00,426.39,0.69,39.29,80.00
미니언잡는게어렵나,어렵더라,1,4.19,42.54,418.42,0.61,38.46,킬리즈,KR1,3,4.53,50.65,440.05,0.73,49.60,72.73
Dicky MD,KR1,1,3.34,50.14,428.86,0.87,66.67,한계직면,KR1,0,3.57,53.00,376.63,1.65,50.33,50.00
Dicky MD,KR1,1,3.34,50.14,428.86,0.87,66.67,추가람 팬티도둑,KR1,0,3.59,53.00,245.61,2.41,55.17,70.00
박치기공룡,2012,1,3.01,45.82,362.66,0.98,55.56,Eternity Pellet,KR1,2,4.57,50.40,361.41,0.93,37.50,60.00
15151561,KR1,1,3.06,42.14,418.64,0.44,61.54,살찐포동포동포동,KR1,0,4.81,47.75,266.65,2.00,59.26,59.09
몽광연필,KR1,2,2.86,42.77,366.72,0.78,57.83,오동통나무,KR1,4,4.02,54.83,381.86,2.23,67.80,46.15
포슬포슬,계란찜,0,4.25,44.67,248.14,2.17,55.56,페르시안,KR2,1,4.07,58.88,440.07,0.87,48.48,35.29
상하차맨,BOX,3,3.93,41.50,486.19,0.64,52.17,Nahida,PoP,4,3.04,43.95,374.22,0.50,0.00,80.00
뷔 치,KR1,2,4.95,43.65,395.92,0.83,66.67,희연씨,KR1,4,4.42,44.27,367.55,0.77,37.50,62.50
뷔 치,KR1,2,4.95,43.65,395.92,0.83,66.67,정희연,KR1,3,3.28,44.69,362.28,0.79,49.04,75.00
97세백경인할아버지마지막점멸,KR2,4,5.33,54.89,409.53,1.05,57.80,따귀폭풍볼리베어,KR1,0,5.24,53.53,368.69,1.93,0.00,68.75
97세백경인할아버지마지막점멸,KR2,4,5.33,54.89,409.53,1.05,57.80,학식먹을나이,2101,1,4.96,53.17,434.24,0.65,50.00,60.00
BWB,0222,3,2.31,40.62,385.89,0.56,52.83,햄버거소믈리에,1128,4,3.46,51.64,360.18,0.80,52.75,47.83
98373680del,KR1,0,8.90,57.78,369.07,1.51,36.17,崔 珉 綺,2315,3,3.02,42.10,337.51,0.92,58.06,68.97
민지렁이에요,KR1,0,3.33,49.05,369.19,1.23,0.00,제주도주말농장,KR1,0,2.80,50.45,371.61,1.62,0.00,81.82
JMK9999,KR1,3,3.57,40.96,407.44,0.62,58.59,SCENARI0,KR1,0,2.84,43.23,286.25,1.73,44.70,50.00
spicy한시키,KR1,2,2.66,46.73,390.54,0.76,0.00,농고의 전설 이준규,밭갈기만렙,3,2.80,40.36,385.40,0.75,55.00,60.00
spicy한시키,KR1,2,2.66,46.73,390.54,0.76,0.00,흰 헛,KR1,3,2.40,37.00,373.70,0.56,60.98,63.64
개가치죽음,4444,0,4.99,48.73,315.22,1.83,50.00,슈 뢰,KR1,1,3.76,44.50,396.50,0.46,60.00,60.00
칼날부리 소매치기,chick,0,4.13,45.17,318.13,1.09,0.00,코카가짬,KR1,3,4.24,36.29,381.75,0.51,53.33,53.57
고등어등고,0713,1,3.93,56.63,414.03,1.13,80.00,김줍인,KR1,2,2.42,40.67,353.48,0.66,58.18,60.00
말걸지마 혼자해,KR1,4,3.45,51.10,398.31,0.89,0.00,안 승,USA1,0,3.73,45.20,317.96,1.24,44.44,58.33
말걸지마 혼자해,KR1,4,3.45,51.10,398.31,0.89,0.00,모코코씨았,KR1,0,3.35,50.29,330.21,1.18,47.37,45.45
Mangddung,KR1,0,7.78,46.83,309.13,1.52,0.00,포항남구연합파,KR1,3,2.69,34.60,343.54,0.75,36.84,66.67
회초리압수,1262,4,5.89,50.17,438.90,0.76,0.00,만19세장난감,KR1,2,5.35,46.33,348.84,1.19,46.02,52.38
박현준은곧휴가철,KR1,0,2.92,49.56,346.06,1.48,57.53,조용훈,456,1,3.72,50.21,390.09,0.83,61.21,47.06
귀찬희즘,LCH,1,3.75,53.47,441.45,0.59,60.00,야옹해바보,KR1,3,1.87,39.65,378.18,0.66,37.93,62.50
콜라를까놓고안먹었네,조직먹방,0,7.24,57.82,303.38,2.04,0.00,맞다이로들어와,OOO,2,3.81,32.25,306.88,0.83,51.68,63.16
토게나시토게아리,새끼손가락,1,4.48,54.67,406.94,1.07,0.00,Hot버터Slayer,Hot,4,4.51,51.50,393.26,1.05,48.69,60.00
jsurl,srm02,2,3.66,50.60,406.73,0.83,50.00,ShowMaker,중꺽마,2,3.29,47.58,365.37,1.06,55.43,50.00
공주김강민,KR2,4,4.23,53.82,413.76,0.74,51.43,핑찍으면오라는뜻,KR2,4,3.81,30.17,332.76,0.70,57.89,70.59
백만볼트,KR3,3,5.57,50.50,417.67,0.99,52.58,SaveStyle,KR1,4,4.99,43.08,364.74,1.05,45.45,57.89
king 0526,KR1,2,3.66,53.88,389.26,0.87,52.17,원할머니보go쌈,찌익스,2,3.18,48.80,408.46,0.87,48.56,64.29
내 인생은 참 특별해 히히,1016,2,4.57,43.71,424.14,0.78,38.89,초탄명중일발필살,정예포반,2,2.78,41.47,365.31,1.01,54.69,84.62
PandaTV88270,KR1,1,2.09,43.38,367.87,0.73,0.00,시동겁니다,KR1,4,2.38,47.00,362.57,0.96,50.78,9.09
PandaTV88270,KR1,1,2.09,43.38,367.87,0.73,0.00,맛도리닭도리탕,KR1,1,3.45,45.67,405.89,0.79,62.79,30.00
Mad Runaway,KR1,2,3.46,44.09,371.71,0.85,50.00,대충바코드닉넴,KR1,0,3.57,59.38,311.66,2.22,46.59,76.92
배달비 너무 비싸,KR1,1,4.43,52.89,386.67,1.26,40.00,닷지절대안하는계정,DODGE,3,2.09,38.78,335.49,0.62,46.00,44.00
주악구옥주이녁,1234,2,4.74,48.14,366.97,1.40,56.76,옹 란,KR1,4,3.49,45.22,415.43,0.87,0.00,70.00
신안염전노Yeah,pyke,4,5.35,45.93,411.98,0.86,0.00,모르어,KR1,2,3.14,50.22,385.27,0.86,54.76,57.89
오패산 족발당수,KR1,1,1.51,40.19,382.80,0.46,52.56,티 꿀,KR1,0,3.00,55.28,314.48,1.96,63.08,33.33
윤 성,4691,1,2.71,57.92,436.55,0.64,75.00,난형규,KR1,3,2.58,40.18,334.72,0.60,45.45,64.29
윤 성,4691,1,2.71,57.92,436.55,0.64,75.00,아이로로,KR1,2,3.07,50.00,421.17,0.88,53.04,70.00
효02,KR1,4,2.87,50.17,408.99,0.79,49.12,규힝이,KR1,1,5.02,47.67,383.07,0.35,44.12,50.00
방깐만,똥깐만,0,2.72,46.00,319.15,1.26,47.52,람깐만,6638,4,2.99,58.54,413.32,0.91,60.00,50.00
하와이검은모래,2077,1,4.33,47.62,363.08,0.69,33.33,Huizz,KR1,0,3.97,48.08,290.30,1.95,80.00,60.00
남 꺼누,7876,4,4.44,52.14,403.36,0.92,45.56,시영치,KR1,0,4.41,47.67,264.05,2.16,54.67,60.00
Sense E,KR1,0,5.36,53.57,269.16,2.16,77.78,굽는집,KR1,2,3.73,49.77,414.36,0.72,42.86,72.73
주악구 옥주휘,KR01,2,2.85,41.89,361.75,0.46,53.25,렉사이요,kr123,4,4.26,56.50,353.25,0.81,51.40,36.36
나는 이장희,KR1,0,3.85,51.50,334.88,1.45,0.00,박구켠보고시펑,KR1,3,3.46,46.33,369.90,0.79,41.46,66.67
살살해줄래요,KR1,3,3.71,42.09,367.86,1.09,44.44,강약약강미드,KR1,2,3.88,37.57,375.87,0.83,49.09,52.17
양혁승,KR12,4,3.39,45.00,406.68,0.74,48.84,이준서,KR12,4,4.40,46.89,374.68,0.80,62.22,65.22
절정 창술,KR1,3,3.43,38.56,406.55,0.87,25.00,노윤서 fan,팬이에요,2,3.06,40.36,340.65,0.83,33.33,53.85
초신성,kr4,3,2.99,44.50,342.60,1.12,49.23,갓밸리,KR1,4,6.19,62.50,504.26,0.85,71.43,50.00
25년9월전역,살려줘,3,3.31,44.31,382.45,0.62,45.37,오 월,1516,1,3.28,48.53,381.34,0.72,50.27,33.33
한 줄기 강의 왕,KR1,0,5.20,55.60,337.03,1.59,56.11,야도란띠부실오너,KR1,1,4.18,55.33,447.22,0.72,62.50,64.71
이기고싶으면개처럼짖어바,왈왈왈,2,4.04,45.06,430.80,0.82,52.87,El에서넘어옴,KR1,4,4.51,47.19,414.76,0.62,44.12,53.85
다 희,1234,4,5.11,53.92,427.35,0.93,0.00,샘 핸드위치,KR1,2,2.80,40.67,361.11,1.03,54.55,66.67
한 지,한 지,4,4.56,57.71,433.02,1.04,57.14,흑쌉꿀,KR1,3,2.79,32.00,371.72,0.63,58.02,63.64
바다위의성3,KR1,2,4.11,48.73,398.71,0.56,50.91,Wanna Bee,Honey,4,4.91,52.50,416.22,1.20,80.00,56.25
낭만 런갑조,autoQ,1,2.68,47.77,382.67,0.91,60.00,주찬영,0709,2,2.62,48.35,369.63,1.13,49.31,46.15
건보 방와와,KR1,0,4.18,50.39,300.60,1.68,0.00,박장새,KR1,1,3.37,47.67,385.37,1.01,53.33,54.55
남쌀롱,KR1,1,2.67,49.25,401.70,0.56,84.62,바라바라카피바라,카피바라,0,5.63,55.00,263.18,2.05,52.23,53.33
Jorok,KR1,3,4.50,42.12,369.76,0.96,0.00,토깽이 조련사,KR1,0,2.22,41.53,322.51,1.10,64.86,62.96
만만콩떡,KR1,0,6.11,55.18,329.61,2.04,67.86,유물론적변증법,KR1,1,4.40,52.86,471.61,0.53,59.26,80.00
Ama et fac quod,V1s,4,3.28,51.39,462.39,0.76,46.51,야스오,발로 어려,1,1.96,38.79,352.22,0.89,40.22,60.00
운문댐,KR1,2,2.31,38.31,342.53,0.44,27.78,그건법적으로금지,KR1,1,3.67,60.50,455.33,0.70,26.32,44.83
아무래도,좀 그렇지,2,4.06,38.58,380.88,1.13,51.23,파란강타애용자,SKT,4,3.56,47.92,375.75,0.96,40.18,55.00
Van Cleef,조다은,1,2.35,51.94,381.57,0.77,52.38,찬 재,입니다,0,2.94,56.00,346.22,2.14,52.38,60.87
신승호똥손,KR1,4,4.69,39.75,365.87,0.98,44.37,징크스,0916,1,5.51,51.17,458.31,0.58,51.53,66.67
고양이택시기사,목적지바텀,1,6.64,52.00,436.82,0.97,12.50,고양이 선생,YUUMI,0,8.43,53.75,239.43,2.51,58.33,66.67
젠지 묘비,zhang,2,5.02,53.33,360.87,0.95,42.86,KT Smeb,6837,3,4.15,40.74,416.15,0.55,49.01,56.25
Aria della Luna,KR1,2,4.29,41.56,380.94,0.52,54.55,정적이 흐르면,kr2,1,2.78,43.20,392.37,1.08,50.43,81.82
국악인 송소희,KR1,3,2.52,39.94,383.81,0.81,47.06, 려졸려졸려졸려졸려졸려졸려졸,KR1,1,3.55,58.38,436.37,1.25,36.73,70.59
YOUNGMAN,ZERO,4,8.03,55.55,449.48,1.21,58.33,쩌리짱,MOKPO,4,5.09,42.08,381.18,1.04,53.33,81.82
포비 서준,KR1,3,1.64,40.38,339.05,0.95,58.06,중앙대 간호학과 지망생,살려주세요,1,2.15,42.59,359.09,0.69,48.33,21.43
쿨 쿨,zoe,2,3.60,52.05,406.98,1.05,0.00,FXXKING TOMBOY,KR1,2,2.69,41.52,390.76,0.59,50.00,61.90
신속배달 빡빡이,KR1,4,3.29,46.00,342.38,0.93,51.97,스타더스트,LIGHT,3,4.62,50.14,456.76,0.77,43.75,50.00
연초록빵,KR1,3,4.75,49.61,374.23,1.29,0.00,이동우,1127,3,3.11,38.48,431.47,0.68,55.00,60.00
연초록빵,KR1,3,4.75,49.61,374.23,1.29,0.00,하 멋,0918,0,3.16,47.56,310.55,1.69,49.51,60.00
문 주 디,KR1,4,3.74,41.50,396.18,1.04,41.67,크리문 ,KR1,0,3.55,50.72,320.10,1.83,52.94,62.50
정확하게보셨어요,KR24,2,3.86,42.72,372.40,0.76,60.00,메숭이,123,1,6.13,50.42,411.15,0.93,50.60,35.71
이옹디,KR1,0,3.88,55.33,337.29,1.49,50.60,종민이형,GOOD,2,3.51,43.50,369.87,0.73,50.00,40.91
니가 보고싶을 때,겨울을그려,3,2.33,42.27,343.68,1.25,55.17,Peyz,라고할뻔,2,3.10,50.09,371.68,0.86,47.35,60.00
홍차니,1027,3,3.95,45.00,401.63,0.80,50.00,민 뀨르가즘,KR1,2,3.28,37.21,342.38,0.87,54.29,30.00
솬솬이의하루,KR1,4,4.41,51.71,381.71,1.17,67.50,서지호님,KR1,3,4.01,52.14,395.86,0.83,0.00,36.84
휘 치,마요네즈,0,4.64,49.25,325.75,1.37,46.69,똥 침,8147,0,2.14,53.19,335.77,1.52,50.81,50.00
단검줍는꼬마,KR1,4,5.63,47.50,414.40,0.88,60.00,The Frost Mourne,KR1,3,4.11,49.74,402.67,0.56,35.71,57.14
Bitten Bullet,KR0,2,5.32,48.67,423.70,0.77,55.77,AllMuteGaming,mute,0,3.48,44.46,345.18,0.84,46.49,60.00
이놈아저씨가이놈,KR1,1,3.87,50.00,368.53,1.29,56.41,도제인,도제인,2,3.17,36.56,359.59,0.60,25.00,60.00
야스오전용부캐,KR1,0,3.46,53.33,316.42,1.23,47.44,술통에빠지고싶다,KR1,2,5.35,42.00,346.10,0.79,28.57,40.00
다진이,다진이,0,4.56,47.25,316.10,1.63,0.00,정신병자최소은,KR124,1,6.12,53.88,439.07,0.86,54.05,63.64
영준한,KR1,2,2.34,36.87,368.21,0.60,54.23,NEW보루방,KR1,2,3.63,44.17,421.43,0.88,52.76,60.00
장수Ya,KR1,2,5.01,52.19,392.27,0.75,0.00,오늘플레간다,오늘플레간,1,3.65,46.00,356.78,0.90,52.50,66.67
차도남솔이,KR1,3,4.13,43.18,345.28,1.07,61.11,78943233,KR1,1,5.42,52.00,370.95,0.90,35.94,45.45
trem,45644,0,5.45,47.00,260.70,1.92,48.00,안산에 안산다,123,0,3.84,45.40,318.50,1.23,0.00,60.00
고통받는 가붕이,KR1,2,3.83,46.41,377.03,0.83,0.00,씹가린,KR1,0,2.78,40.73,275.26,1.45,50.00,23.08
고통받는 가붕이,KR1,2,3.83,46.41,377.03,0.83,0.00,좋은 추억,KR1,3,2.04,37.15,389.10,0.73,46.97,60.00
공치료,KR1,2,4.11,48.50,379.45,0.76,50.00,해경에이스시훈이,KR1,1,3.46,41.39,394.87,0.76,40.00,53.85
전두환,5180,0,3.69,50.73,355.86,1.25,49.87,ヤリステ,518,4,3.75,44.44,372.17,1.22,51.09,56.00
SkyPc2,KR1,2,5.77,47.14,375.00,0.91,0.00,ghddmltjr1,KR1,0,3.62,48.77,363.53,1.33,46.15,50.00
타락파워성욱,KR1,2,3.41,43.23,398.15,0.73,60.00,여명소파고부장,KR1,4,2.81,50.09,354.41,0.73,41.96,47.06
개따슥,KR1,1,3.72,48.83,410.09,0.88,48.24,하림맥시칸치킨,KR1,4,3.55,47.05,380.92,1.07,55.22,61.90
동공듀,4918,1,3.20,40.67,391.41,0.68,48.91,별별별,9705,3,1.60,34.56,357.64,0.77,64.29,61.54
익스올라잇턴라잇압도정진,1005,2,2.71,43.08,403.25,0.38,0.00,iililiililiiili,ilili,3,1.97,35.50,347.46,0.77,53.85,57.89
익스올라잇턴라잇압도정진,1005,2,2.71,43.08,403.25,0.38,0.00,이기는 법을 까먹은 사람,4760,4,5.96,53.20,381.79,0.87,48.41,36.36
보라색오렌지,9319,3,4.37,40.55,417.62,0.53,0.00,끌리면자살각,KR1,2,2.72,46.04,417.23,0.60,40.00,70.59
아 똥 joonna 마렵네,DDONG,0,5.27,53.41,311.74,2.07,0.00,최밝음,KR1,1,2.57,50.67,380.06,0.88,52.17,55.56
연례행사,KR1,2,3.30,41.50,343.75,0.59,51.74,67270685del,KR1,3,3.31,44.67,412.06,0.60,44.44,47.37
국밥미새,KR1,3,2.80,48.50,385.94,0.81,44.44,국밥무새,KR1,1,3.45,49.40,369.47,0.65,56.33,76.19
이강재붕신,KR1,2,2.21,53.57,327.89,0.91,52.21,김민곤붕신,KR1,1,3.15,41.12,379.99,0.77,48.63,56.25
한마음정육식당,충북청주,4,4.56,50.29,412.00,0.75,55.56,상어밥,1621,3,5.47,45.00,332.01,0.95,57.01,64.71
한마음정육식당,충북청주,4,4.56,50.29,412.00,0.75,55.56,고속도로달리는펭귄,Lakka,1,3.85,46.32,397.20,0.77,47.12,54.55
One Ezreal,EZ1,4,3.53,51.62,351.42,1.08,49.03,헌 제,KR1,4,3.06,42.96,373.06,0.76,36.51,40.00
햄찌방구뿡,KR1,3,3.37,43.05,382.88,0.87,57.14,모찌이이이잉,KR1,4,3.81,51.33,341.63,0.38,53.14,50.00
아트원챔아니다,KR1,0,6.06,56.54,410.60,1.22,76.27,나아트원챔아니다,KR1,1,2.95,41.62,395.11,0.76,39.53,100.00
유하사루,KR1,4,4.46,42.62,351.88,1.04,50.00,기회주의자,6789,4,2.74,41.46,325.93,0.83,46.67,60.00
똥싼지얼마오렌지,KR1,3,2.97,38.14,427.33,0.53,28.57,두부집효녀정민,KR1,2,2.78,46.90,384.46,0.77,47.39,57.14
Redpantiess,KR1,2,1.64,40.82,370.72,0.58,48.39,슈퍼카리스마용휘,KR1,1,3.65,43.25,392.21,0.54,49.12,42.86
깊고어두운락커룸,KR1,4,3.92,52.58,350.34,1.35,55.67,돌거부기,부기부기,0,3.44,52.31,335.30,1.65,46.73,44.00
Last Destination,KR1,2,6.14,53.58,431.94,0.87,64.71,영신박,KR1,2,2.07,41.62,352.16,0.65,44.83,72.73
저지 원챔,저지 조아,1,2.38,49.09,432.12,0.67,59.04,팀붕이,KR1,1,3.38,45.08,399.31,0.68,40.62,46.15
저지 원챔,저지 조아,1,2.38,49.09,432.12,0.67,59.04,차나핑,귀차남,0,4.23,45.87,336.29,1.24,50.00,20.00
딸기맛 순하리,KR1,2,4.27,45.64,381.43,0.96,42.86,SEOner,KR1,4,3.72,48.71,385.87,1.17,41.67,50.00
너구리궁댕이,KR1,2,2.56,43.92,390.23,0.69,46.65,동근lol,KR1,4,2.25,54.33,407.67,0.92,51.27,45.83
포포이,1126,0,4.66,48.89,270.60,1.94,48.92,포기가 빠른 인간,KR1,2,2.70,48.05,359.25,1.06,45.00,38.89
post meridiem,nonam,2,3.40,42.59,342.99,0.77,52.14,착하고이쁜말만하기,kr11,1,3.13,48.75,397.21,0.58,35.71,52.17
금연성공하면닉변,KR1,4,3.63,54.54,429.11,0.81,0.00,혜지냥,KR1,3,3.02,48.75,394.06,0.87,51.72,50.00
짱아가울어,KR1,3,3.83,39.62,369.45,0.76,0.00,Radiohead,dal9,4,3.85,50.42,361.95,1.04,59.59,66.67
할머니지팡이도둑,지팡이,1,2.29,49.67,379.36,0.71,43.59,욕하지마열심히함,KR1,4,2.56,46.80,345.07,0.91,61.82,50.00
석 호 준,나는썩씨야,0,3.92,48.08,257.58,2.01,66.67,xtova,0712,1,4.14,49.40,419.34,0.55,48.65,57.14
비비빅자zi,KR1,1,4.78,46.00,438.27,0.47,53.33,4eva,2006,0,5.03,48.25,263.00,1.99,58.82,52.94
W c r a z y 주,KR1,4,4.55,51.43,436.95,0.80,0.00,졸귀탱우주,KR1,2,3.30,52.62,372.59,1.07,48.36,57.14
개땡Seven,KR1,1,6.01,58.45,433.29,0.68,63.41,하이드온부시,amen,2,2.00,45.33,342.46,0.83,46.73,50.00
개땡Seven,KR1,1,6.01,58.45,433.29,0.68,63.41,주머시깽이,KR1,2,3.27,45.06,345.20,0.96,50.00,61.54
Dangerouslyyy,KR1,2,2.09,48.88,340.27,1.57,42.86,후부니아,KR1,4,3.40,58.62,384.46,1.07,85.71,26.67
Dangerouslyyy,KR1,2,2.09,48.88,340.27,1.57,42.86,똥독 오른 오른,KR1,3,2.59,34.25,333.44,0.77,42.11,80.00
나는신이니라,KR1,4,3.76,54.18,396.39,1.33,50.55,매 료,soo,1,2.91,50.80,412.15,0.62,48.60,46.67
팥찌콩찌,KR1,1,2.69,44.05,374.35,0.88,0.00,QATS,2024,4,3.32,50.77,350.29,1.26,42.86,40.00
사미라 할꺼야,KR1,1,2.92,48.60,358.15,0.98,0.00,머리박기고수,0000,4,3.03,51.85,388.76,0.86,53.18,38.46
사미라 할꺼야,KR1,1,2.92,48.60,358.15,0.98,0.00,인천 사미라 ,KR1,1,3.75,43.44,387.72,0.69,37.50,50.00
여민구,KR1,3,1.35,36.43,305.74,0.69,61.51,맹구아들,KR1,4,2.42,51.96,387.71,1.09,42.77,14.29
HyunD0,KR1,2,3.11,48.43,371.29,1.12,50.98,승우형왔다,KR1,0,3.52,51.00,301.03,1.90,47.06,47.37
JOE연습용계정,KR1,2,4.75,48.64,403.93,0.72,55.00,방화범,KR45,4,4.31,45.47,369.46,0.71,49.06,62.50
설이사촌형,KR1,2,1.90,45.96,346.44,0.82,53.14,혜 선 G O D,KR1,4,2.35,52.60,373.04,0.86,45.51,36.84
한대치면두대,KR1,4,5.06,54.33,451.03,0.75,0.00,던진다,2013년,0,1.84,44.05,343.98,1.15,45.79,58.82
이쁜가오나시,KR1,0,2.04,48.00,276.47,2.12,60.87,우리원딜게임왜함,KR1,0,3.44,50.67,312.52,1.40,49.02,60.00
신짱구 5살,부리부리,3,3.59,51.20,408.17,0.71,42.86,서 이,KR0,1,5.11,48.86,337.30,1.01,53.96,57.69
끌리면자살각,KR1,2,2.72,46.04,417.23,0.60,40.00,보라색오렌지,9319,3,4.37,40.55,417.62,0.53,0.00,63.16
Black ggochu,KR1,0,6.41,58.32,362.15,1.50,66.67,물은영어로샐프,KR1,4,4.63,55.19,376.01,0.87,53.49,46.15
벌써 에이징커브,KR1,4,6.02,48.62,406.49,0.94,60.47,구운가래떡,방앗간,0,3.50,53.38,255.89,1.88,43.80,76.47
똑단발 김채원,KR1,4,5.48,48.94,405.36,0.85,56.00,청주금천고1짱,KR1,1,3.93,50.64,399.66,1.00,50.00,46.67
앙 성무띠,KR1,3,2.31,33.22,331.49,0.58,46.67,안공현,KR2,2,5.01,47.00,370.90,0.78,0.00,33.33
앙 성무띠,KR1,3,2.31,33.22,331.49,0.58,46.67,유난아아아,KR1,2,5.16,53.32,402.34,0.92,60.00,58.33
오공춘,KR1,0,3.56,48.52,389.61,1.47,58.33,나락쓰,KR1,0,3.01,49.36,314.51,1.78,63.64,50.00
아리송아리쏭,544,2,3.39,46.61,400.80,0.90,0.00,원딜 계정,KR1,2,3.40,46.04,398.86,0.62,61.29,61.54
구름덕춘,KR1,4,2.83,51.83,360.69,0.64,0.00,카 르 마,KR22,0,2.59,48.00,253.08,1.92,50.00,43.33
병영생활룰토의,KR1,1,5.07,48.59,380.66,0.85,48.46,유 희,sexy,0,3.41,44.00,316.48,1.35,48.57,46.67
허거덩,0408,1,4.54,49.67,386.30,1.21,0.00,프로포폴,123,1,3.03,43.12,338.12,1.22,48.75,55.17
작은전쟁,KR1,0,4.94,51.21,386.44,1.27,50.68,덜비빈비빔면,팔도1,1,3.80,44.63,374.43,0.65,36.36,61.54
말랑자두,KR1,1,2.34,50.00,418.57,1.01,48.98,유찬깜찍,KR1,0,1.72,42.69,322.93,1.37,45.59,50.00
주 인,6016,1,5.88,57.22,424.28,0.95,53.15,김두둥,훈쪽이,0,3.25,50.00,281.95,2.00,50.13,43.48
고독한 명사수,5580,1,2.91,48.74,384.85,0.56,40.54,어둠의지배자이영호,3139,3,2.24,41.81,376.35,0.65,52.46,46.67
Seong Bum,KR1,1,5.03,59.11,453.69,0.81,50.00,숟민하,KR1,0,1.99,43.38,324.31,1.43,66.67,52.38
기므지서그,KR1,2,2.29,45.64,389.64,0.64,48.65,일단동석이형한테맞자,나 동석,0,2.79,42.24,317.18,0.80,36.36,53.85
스노우플레이,KR1,4,5.26,51.78,408.04,1.01,0.00,17살,희망사항,0,2.56,50.00,376.63,1.29,52.94,66.67
열라이 뽕따야,지 원,4,2.97,56.82,381.47,0.85,56.38,WISH,WIN,1,3.61,49.50,397.13,0.61,46.02,63.16
열라이 뽕따야,지 원,4,2.97,56.82,381.47,0.85,56.38,distressing,KR1,2,3.37,41.70,356.58,0.56,0.00,40.00
리영훈,KR1,1,4.17,48.06,368.19,1.29,0.00,happy롤,KR1,1,5.45,50.44,425.44,0.76,49.09,40.00
토코몬 주인,KR1,1,2.87,44.17,398.23,0.53,55.93,강신주,9989,2,4.07,49.24,408.99,0.88,0.00,50.00
integrity verify,111,2,4.14,42.69,378.66,0.48,49.40,lllIlIIllII,KR1,3,2.78,38.05,374.44,0.83,54.16,60.00
integrity verify,111,2,4.14,42.69,378.66,0.48,49.40,뇌없는 프레이,KR2,3,2.91,31.58,360.70,0.51,47.69,70.00
콩존맛,0901,3,4.70,38.00,370.02,0.86,50.00,콩극혐,KR1,4,4.93,51.50,368.71,0.62,50.65,63.64
건우야 정신차려,KR1,1,4.40,54.80,454.50,0.92,71.43,DarkAK,KR1,0,2.20,51.75,288.01,1.41,48.44,54.55
김뽀롱,김뽀식,2,4.14,36.83,385.81,0.70,47.81,혜영이존맛탱,KR1,4,6.20,51.33,398.65,1.09,52.94,60.00
롸우짱짱짱,KR1,0,6.19,49.45,346.63,1.41,53.31,켜 니,3269,1,3.05,43.87,348.67,1.14,0.00,58.33
이태림c8련,3937,4,5.08,50.90,391.51,0.83,45.87,종호가 트로리야,KR1,0,4.13,53.21,273.48,1.98,56.25,53.85
엉 큰,KR1,2,3.23,45.00,466.22,0.54,50.64,승모근,KR7,1,2.90,43.67,362.01,0.48,45.58,56.25
CorgiAudi,KR1,0,5.25,51.20,319.32,1.54,61.54,티모6,KR1,0,2.67,50.12,274.37,2.38,52.63,58.62
동천동 테디,KR1,2,3.70,48.19,384.13,1.05,48.57,최재혁,7410,3,2.83,44.67,375.11,0.99,52.31,50.00
학연혈연지연,KR1,4,6.37,50.50,408.00,1.15,0.00,Zawa,KR1,4,5.12,57.17,406.07,1.12,50.00,79.17
JXX김수현,KR1,0,3.07,46.76,254.73,2.08,60.00,잊고살아,KR1,1,4.50,43.92,388.46,0.76,65.00,44.83
찬히차니,KR1,4,5.78,53.13,376.27,0.73,58.04,하 니,8767,2,3.64,35.07,353.11,0.60,58.90,80.00
DaCapo,Korea,0,7.13,55.50,353.67,1.79,76.47,Ynck,KR1,1,3.93,48.78,441.23,0.57,60.50,75.00
FLY Inspired,JGL,4,5.31,57.29,433.76,0.90,0.00,때리면 잇뽕,KR1,2,3.04,42.29,393.97,0.98,52.70,66.67
말랑가뿐복슬몽글,1366,2,4.58,43.00,372.61,0.61,0.00,샤를 르클레르,페라리,4,4.98,52.00,429.20,0.84,57.89,47.06
안씨집안,KR1,2,4.70,43.89,380.82,0.60,59.09,Yuki,0255,1,2.20,40.47,346.68,0.82,35.14,63.16
산이 주인 민이,KR1,4,4.93,49.00,448.13,0.63,42.86,계란후라이,에라이,0,6.20,57.83,253.56,2.02,0.00,81.82
김규헌긴급구조대,119,1,4.69,51.79,381.24,1.12,0.00,김규헌,1111,0,3.87,46.29,335.84,1.55,52.83,54.55
모노폴리즘,KR1,4,4.67,56.37,395.87,0.91,45.00,추억의밤만쥬,KR106,2,3.84,38.77,328.46,0.79,49.48,50.00
협곡여행기,KR1,3,4.39,46.68,408.08,0.70,0.00,언 짢,KR1,2,3.41,41.22,364.40,0.88,53.59,60.00
대전롱스톤,KR1,1,3.80,45.40,379.53,0.77,44.03,Mc Godzilla,KR1,2,2.60,36.86,353.34,1.16,46.77,42.11
강성욱,KR2,1,2.27,48.56,396.27,0.53,0.00,오빠쫌,KR1,0,6.81,55.14,275.66,2.32,53.78,46.67
Ongbum,KR1,1,5.01,47.25,378.04,0.89,56.76,홍세기천재,KR1,0,3.39,49.50,337.04,1.08,50.93,58.33
Peyz,1209,1,4.63,49.94,452.99,0.56,60.47,문선웅,0303,0,4.52,49.25,313.24,1.52,50.00,64.71
엑셀렌C,KR1,3,2.28,34.50,330.14,0.73,61.73,리대하,KR1,4,2.77,49.95,419.14,1.00,63.64,76.92
기인기인,3595,1,3.97,44.67,415.11,0.73,53.66,에브이,700,3,4.45,44.70,387.85,0.81,58.33,80.00
장난똥빠냐,KR1,0,4.21,50.64,306.36,1.44,42.86,제발 운동좀하자 수일아,kr2,4,5.77,52.12,390.56,0.95,48.57,66.67
Stellar,1020,0,5.46,53.06,303.56,2.48,55.74,Starry,Kor1,1,2.86,51.50,387.91,0.80,54.88,61.54
천리만개,KR1,3,3.32,33.44,363.95,0.71,29.41,룰루는 혜지야,KR1,0,4.74,52.86,299.70,2.01,48.56,46.67
황혼의Shen,KR1,3,2.56,40.27,352.57,0.72,60.00,관악구관악로1,KR1,4,4.15,60.72,432.16,0.71,37.50,18.18
Radiohead,꼭조쿠상걸,4,4.25,50.57,393.47,0.86,47.87,탈랜드,KR1,3,2.02,33.00,369.33,0.57,54.31,40.00
조우제,마편박시온,1,3.88,47.67,394.26,0.89,52.07,VerLike,KR1,4,3.65,42.11,363.84,0.80,45.83,45.83
렝 가,신상훈,4,3.75,48.00,382.86,1.11,43.90,애호박구이,KR1,0,2.91,45.68,333.20,1.13,51.97,40.00
하니팜,푸른산호초,4,4.85,52.79,434.30,0.85,0.00,비에고 남편,KR1,3,3.67,35.71,364.27,0.55,50.00,60.00
어떻게대머리가사람,머머리,2,4.41,57.59,430.00,1.10,80.00,늙고병든청년,KR2,3,5.91,48.62,375.25,0.92,49.57,62.50
candy of me,KR1,4,5.97,49.87,424.07,0.64,40.00,연어의 모천회귀,KR1,1,4.42,46.31,423.75,0.47,54.13,71.43
일찍일어나는새,KR123,0,4.32,46.30,310.00,1.42,48.44,탑티모,518,3,3.75,45.87,362.46,0.96,53.06,58.62
안프로,KR986,4,5.57,48.68,380.13,0.75,0.00,불법유턴차,KR1,2,4.14,58.46,419.92,0.78,64.21,50.00
잊지말자고기리,KR1,2,5.51,52.35,353.12,1.32,0.00,아트제이스몰더,탑신병자,3,2.51,46.60,371.85,0.98,57.45,50.00
녹은버섯,KR1,4,5.84,59.80,407.39,1.01,75.00,YuJunCheol,KR2,2,3.67,54.50,360.47,0.83,61.84,56.67
힝핑퐁,KR1,3,3.52,41.27,442.01,0.76,83.33,묵직묵직,KR2,1,3.40,50.62,411.43,0.53,54.63,76.92
5초에 한 마디,KR1,2,4.34,44.06,370.10,0.89,0.00,주영건,KR1,1,4.03,55.57,440.26,0.78,58.62,53.85
5초에 한 마디,KR1,2,4.34,44.06,370.10,0.89,0.00,나는쌀찬편,KR1,4,5.34,57.36,433.62,1.20,0.00,80.00
underamo,KR1,3,2.33,45.33,398.61,0.68,60.44,대한민국최고의치아발치전문엠씨몽,어금니전문,2,3.70,42.12,373.59,1.10,53.75,56.67
숲속에서방귀소리,KR1,4,4.33,49.94,424.40,0.74,64.29,잠 넛,KR3,3,2.45,42.77,337.50,1.00,54.02,33.33
골로감다,KR1,1,2.67,44.48,384.44,0.63,50.78,딱따구리,알코올소독,0,3.54,57.62,256.56,2.05,46.73,41.67
정 글 러,KR99,1,2.09,40.60,350.87,0.78,53.85,Qnis,KR1,3,2.61,46.72,370.17,1.10,53.52,60.00
1111100,KR1,2,4.44,43.78,390.71,0.95,54.55,불합리해,KR1,3,2.75,33.07,322.71,0.57,62.30,66.67
1111100,KR1,2,4.44,43.78,390.71,0.95,54.55,실덩이,골드보내줘,1,2.90,46.57,375.41,0.79,55.56,72.73
나라시,포실핑,0,7.30,50.50,243.32,2.13,54.87,팥앙금크림빵,KR1,0,4.71,50.42,350.09,1.39,57.86,66.67
나라시,포실핑,0,7.30,50.50,243.32,2.13,54.87,팀운JOT망겜,KR4,3,3.73,45.89,372.02,0.65,49.12,58.33
야스머신상빈,KR1,0,3.89,47.20,316.34,0.84,25.00,한국인,항궁말자람,1,4.24,48.78,388.41,0.72,50.60,41.67
코칼콘,KR2,0,4.38,57.20,339.96,1.59,91.67,롤링밤바,KR1,1,3.33,48.30,431.27,0.62,32.35,46.67
코칼콘,KR2,0,4.38,57.20,339.96,1.59,91.67,GFI LEESIN,KR1,4,3.63,54.56,404.78,0.93,51.11,20.00
감승엽,KR313,4,3.37,44.10,348.66,0.89,0.00,구지세모,KR1,-1,0.00,0,0,0,0.00,30.00
이상호 따라잡기,KR1,1,4.15,50.39,439.55,0.57,52.00,나르시스즘,KR1,4,4.75,43.87,381.22,0.75,49.47,52.00
노언랭,KR1,3,3.48,39.21,387.30,0.75,53.45,다이아5,KR1,3,2.33,35.40,388.41,0.63,51.92,45.45
구운고구마수미칩,KR1,1,2.66,45.15,385.49,0.90,55.22,thghk소환사밥,KR1,3,3.61,37.26,391.42,0.74,50.00,53.85
던질깡말깡,KR1,0,5.36,55.56,297.53,2.01,50.44,만수동선짓국,0304,2,6.04,52.20,409.39,0.63,54.00,66.67
쩡민이 불륜남,KR1,1,3.83,52.79,463.06,0.65,45.58,つOωOつ,OYO,3,2.04,36.86,366.27,0.64,52.05,60.00
비 삘,KR1,4,5.62,46.18,353.29,0.84,62.50,재 웅,KR777,2,4.30,44.11,416.61,0.90,51.91,50.00
몽글몽글 솜사탕,KR1,4,5.58,57.62,372.94,1.63,47.06,핑으로만CH화,KR1,1,4.11,42.00,430.31,0.67,50.76,60.00
리븐충,KR12,3,3.75,46.00,405.31,1.18,56.14,전설의 숟가락,6619,0,4.87,55.57,264.56,1.86,49.34,61.54
원 딜 러,8138,2,5.84,54.43,454.16,0.75,53.45,문희성,KR1,4,4.21,50.38,376.00,0.87,51.31,80.00
95년생,KR2,4,5.96,53.88,412.05,0.50,50.00,아 꿍,김현아,0,4.65,62.50,292.02,2.13,49.71,48.28
권씨가둘째아들,권부용,1,3.93,44.29,376.39,0.40,56.60,인중점에쪽쪽쪽,KR1,0,2.68,45.91,337.38,1.16,60.00,71.43
Zhang Qian,KR1,0,3.12,45.82,277.99,1.71,46.03,스미야코바코,KR1,4,3.76,54.12,421.27,0.90,57.14,58.33
3DaePants,KR1,4,4.79,50.95,404.77,1.07,0.00,꽃과 같은 너,KR1,4,3.96,48.71,374.72,0.93,54.02,50.00
배정선,4444,3,3.86,42.47,396.56,0.34,49.37,호조찡,KR1,3,3.53,50.53,372.04,0.86,45.31,61.54
포천 비둘기,KR1,0,5.23,57.41,358.50,1.49,28.57,코오구멍,KR1,1,3.91,45.00,409.82,1.13,52.69,81.82
Tian Xiao,KR01,1,3.68,45.67,377.88,0.91,50.00,곽근후,KR1,3,1.94,39.67,408.35,0.62,0.00,20.00
미드만하는 새끼,KR1,2,2.16,40.44,335.62,0.98,49.04,뚱인데여,KR2,3,3.88,41.44,400.59,0.51,64.44,50.00
옷코츠 윤타,KR1,2,4.36,48.13,390.56,0.64,35.00,쬐경슈,최경수,1,3.85,47.27,415.08,0.50,55.56,79.17
광주재벌3세,KR1,3,1.49,37.00,333.00,0.96,40.71,베 인,KR 베인,1,2.25,36.00,379.59,0.48,46.94,45.45
봄의소리,KR1,0,2.48,48.71,272.95,2.54,58.33,씹다가 뱉은껌,씹뱉껌,1,2.92,48.56,427.53,0.62,62.16,62.50
정정진,KR2,0,3.42,55.17,348.98,1.19,44.44,SENCE,KR2,2,2.58,47.96,352.45,0.91,49.20,50.00
나진 찡,KR1,4,5.03,45.53,357.47,1.17,0.00,강동 귀염이,KR1,2,3.14,48.16,338.59,1.08,46.51,60.00
탱공주,KR1,0,3.59,50.85,393.43,1.11,50.46,도라에농,1004,1,3.66,48.90,362.20,0.84,51.36,50.00
원해소원해,KR1,2,2.78,45.93,326.94,0.86,60.61,이익배당전환청구는안된다고,1000주,1,4.39,55.64,360.41,0.90,0.00,66.67
애니망가,KR1,3,3.30,38.92,349.60,0.82,48.78,서프 아는사람,KR1,1,3.08,38.57,352.27,1.13,44.83,52.94
スフえの,KR2,4,4.08,55.14,345.76,1.59,42.86,정글부르면근손실,KR1,3,5.23,48.23,439.29,0.80,44.00,50.00
형님저에요,KR1,4,3.35,50.05,386.61,0.71,51.43,Sword,0127,3,3.21,45.40,374.31,0.54,50.44,60.00
단숨노트,KR1,4,4.46,58.35,394.99,0.89,61.22,JB언제니,KR1,0,4.33,62.00,288.83,2.23,49.87,47.83
ktaps159,KR1,3,3.37,47.31,372.63,1.06,52.22,죽기장인,54968,1,2.02,36.33,341.98,0.71,48.79,51.85
서폿어머니살아계심,7753,1,2.76,52.14,402.08,0.60,49.37,치요기,KR1,3,3.00,37.38,341.64,1.03,45.65,50.00
그만하자,plz,1,4.89,56.41,451.04,0.68,0.00,왜나한테만이래,KR1,0,3.02,55.12,273.88,2.12,69.23,63.64
lsmel,KR1,4,3.20,52.00,353.90,1.07,51.22,댕기등장,KR1,3,2.14,41.50,392.15,0.58,50.66,42.11
노I가 녹아버린 병록,뇌녹병,4,4.06,50.67,362.32,1.29,51.41,소상혁중상혁대상혁,이상혁,2,3.63,46.91,367.83,0.96,45.61,50.00
에메랄드주차계정,KR1,1,5.14,34.67,369.22,0.48,45.45,유신호,1004,3,2.24,35.50,359.16,0.76,40.00,58.33
쉔앙인,KR1,0,4.48,47.50,279.16,2.13,46.61,쿨렁이,KR1,2,3.51,44.00,388.46,0.57,52.77,50.00
전주 오윤희,KR1,2,4.30,49.18,368.90,0.89,59.31,고구마고양이,0000,1,3.27,52.53,399.24,1.03,49.39,36.84
MoeYS,8145,2,6.65,41.50,449.51,0.48,94.74,抖音Rh4uOuO,6166,4,12.38,54.00,382.99,1.19,0.00,94.74
인다 카라네,9월9일,3,3.22,42.44,438.12,0.76,0.00,다크 플레임 마스터,0001,0,4.91,59.38,283.18,2.10,44.63,63.33
Black,P2nk,0,5.33,52.90,316.47,1.27,72.22,논산 보도삼촌,KR1,1,5.67,56.76,442.39,0.87,63.64,78.57
Black,P2nk,0,5.33,52.90,316.47,1.27,72.22,페이커,abcd,1,6.05,58.18,487.75,0.62,61.73,61.54
콜라는펩시,pepsi,1,5.25,49.36,414.33,0.61,0.00,자르반,1111,4,3.93,50.00,355.59,0.90,51.27,50.00
신용불량자,4444,4,4.25,53.00,375.62,1.08,54.55,알루얄랴,KR1,2,3.94,46.80,420.41,0.72,46.09,63.64
전현민,KR0,1,2.52,49.83,339.10,1.32,37.50,블루버스데이,KR1,0,4.17,53.80,303.42,1.83,50.88,43.33
3월 13일 오후1시,3333,4,3.81,50.30,392.11,0.95,65.62,4월 27일 새벽3시,KR1,0,3.63,53.33,256.16,2.72,60.27,71.43
3월 13일 오후1시,3333,4,3.81,50.30,392.11,0.95,65.62,비제이 박바깅,KR1,1,3.94,43.75,375.22,1.42,48.78,61.54
탁한소주,KR1,2,2.97,39.08,383.13,0.68,83.33,민병관,8770,3,2.48,36.14,317.33,0.83,45.45,50.00
쿄 히,2122,2,3.75,51.90,391.11,1.05,52.94,빠 부,KR1,4,2.51,41.12,380.12,0.52,62.50,42.86
흐긴송,1698,3,2.66,42.74,399.91,0.39,0.00,궁중에서신전으로,KR1,0,4.78,58.56,255.43,2.52,40.38,60.00
문학소녀,KR2,1,3.50,42.67,372.22,0.81,0.00,next chovy,7777,2,4.83,43.23,401.45,0.84,47.42,60.71
라이너랑대화안함,euly,4,3.07,46.00,389.77,0.82,49.51,정글러랑대화안함,1818,3,2.61,36.83,358.36,0.78,49.00,56.25
예뻐서게임못함,KR1,0,5.48,46.00,267.66,1.91,48.15,이리누,176,1,3.38,47.54,448.84,0.72,47.06,62.50
예뻐서게임못함,KR1,0,5.48,46.00,267.66,1.91,48.15,이찌융,KR1,2,8.29,35.50,366.27,0.50,48.85,35.71
승 하,오승하,2,2.31,39.11,363.24,0.84,49.70,신인수분해,리버풀,4,2.93,51.00,355.90,0.94,52.74,50.00
FoSheanXiQiao,KR1,3,2.82,35.87,384.85,0.69,0.00,세나픽하면미드뜀,KR1,1,3.01,46.70,408.28,0.77,52.11,50.00
FoSheanXiQiao,KR1,3,2.82,35.87,384.85,0.69,0.00,다리잘린아트록스,1670,1,2.89,44.08,402.84,0.97,55.88,45.45
LoNGTIMENoSHoWER,KR1,2,2.82,45.87,455.28,0.62,0.00,adsfasdgasdga,dasd,1,4.56,46.71,345.18,1.22,47.89,54.55
마 라 싫 어,KR1,4,5.50,51.47,364.42,1.37,65.22,탑은정글차이,KR11,3,2.68,48.43,358.90,1.15,39.52,75.00
한우지,KR1,2,3.00,47.38,438.21,0.67,51.40,롯데자이언츠,V 3,0,4.59,55.67,305.18,1.37,54.12,53.33
이허언증말기환자,KR1,2,3.07,44.57,409.68,0.53,49.43,젠틀한 사과즙,KR1,0,3.68,53.73,353.51,1.38,55.43,72.73
20021106,KR1,1,4.24,46.11,446.81,0.85,0.00,셰 훈,KR1,1,4.04,48.33,381.34,1.30,61.18,88.24
thats real life,kr7,1,3.54,52.47,448.19,0.93,48.84,MarcusRashford,1632,0,3.49,47.36,337.51,1.04,0.00,52.94
존중배려믿음,kr2,2,4.82,48.78,381.77,0.84,80.00,브라이어,FISH,3,2.59,34.27,325.24,1.07,50.00,57.69
Emili4,KR1,3,2.34,41.00,433.34,0.79,40.91,습관성 더블킬,KR1,2,4.95,49.85,407.70,0.91,41.03,58.82
Emili4,KR1,3,2.34,41.00,433.34,0.79,40.91,비켜 구질구질해,KR1,3,2.37,41.89,409.47,0.36,48.06,50.00
도와줘도라에모옹,KR1,2,3.85,44.84,382.48,0.87,47.37,하늘다람쥐의여행,KR1,4,3.96,48.26,385.44,0.93,40.00,53.85
쨈이 없다,KR1,3,4.50,58.88,497.56,0.53,70.00,쿨 한,KR1,1,3.53,46.56,351.00,0.44,46.40,69.23
넘추웡,KR2,1,3.41,46.95,382.37,0.96,37.50,느으려어,KR1,2,3.29,43.58,363.58,0.75,40.91,50.00
탑승모드,KR1,0,3.66,48.14,313.43,1.93,63.64,아리유,KR1,1,1.80,39.17,337.12,0.46,49.13,60.00
Jong20,KR1,3,2.59,42.46,348.63,0.52,50.17,버스도착합니다,KR1,4,3.36,49.00,405.48,0.68,47.62,46.15
Jong20,KR1,3,2.59,42.46,348.63,0.52,50.17,아니재현아,KR1,3,3.35,40.75,354.48,0.52,58.82,40.00
송파구대미장식,KR1,3,3.12,51.19,402.78,1.00,51.61,돌아온진절래,9587,1,4.27,44.09,379.96,0.92,52.34,59.26
인류정점,KR1,3,4.34,41.90,380.54,0.70,73.08,M I D,0110,2,4.04,43.21,329.20,0.73,46.00,73.33
유지민,KING,4,3.70,42.50,405.49,0.47,38.46,김민정,29293,1,3.51,42.78,426.22,0.39,50.00,62.96
엠제이와이,KR1,3,2.46,42.31,386.12,0.76,52.10,김용th,KR1,4,2.65,35.08,350.10,0.85,53.91,40.00
양산형휴면계정,KR1,3,3.07,42.06,421.27,0.63,60.00,다시는안그럴게이젠제발그만해줘,다죽어라씨,2,3.01,36.09,385.17,0.57,48.23,66.67
fishwishsushi,KR1,3,4.09,43.00,385.55,0.93,40.00,pigwishpork,KR1,0,3.46,45.56,307.92,1.91,43.88,54.55
레벨업대신벌크업,KR1,1,3.83,34.14,376.07,0.58,40.00,sword72,KR1,2,5.01,52.27,416.81,0.84,66.67,65.38
돼지국밥라떼,KR1,1,3.11,50.71,425.60,1.22,48.65,禹智善大統領,CN1,4,5.07,48.53,389.10,1.26,53.14,60.00
돼지국밥라떼,KR1,1,3.11,50.71,425.60,1.22,48.65,마스터이로마스터,KR1,4,2.50,41.25,356.82,0.81,48.48,30.00
임동혁,보고배움,1,2.78,57.21,378.14,0.48,37.50,두바이임동혁,KR11,2,4.57,49.45,363.94,0.82,53.02,53.33
우 겸,0925,3,3.54,47.67,401.13,0.75,66.67,상 비,6974,2,3.66,45.12,400.20,0.92,73.68,45.45
냉철한 상황판단,KR1,3,2.86,44.07,395.86,0.81,53.24,고독이원동력,KR1,2,3.99,48.10,408.86,0.54,50.94,40.00
진묭이,KR1,1,3.24,50.70,423.04,0.69,52.17,서폿아가리파이터,KR1,0,3.57,45.39,340.82,1.07,59.38,40.00
행 신,krl,1,3.27,48.85,392.43,0.54,50.35,CFS,KR1,2,3.38,41.17,395.02,0.90,49.45,52.17
아기인찍,KR1,3,4.41,43.84,422.75,0.65,0.00,거제 불빠따,KR1,2,2.10,45.00,357.22,0.98,52.91,56.25
열심히 죽일생각,KR1,2,3.39,49.16,386.71,0.73,46.36,문제돈나많은사람,KR1,1,3.48,48.05,380.11,0.80,65.00,61.54
pnpm,KR333,4,7.64,54.33,416.28,0.93,60.26,리오넬 메시,테니스선수,2,4.05,46.12,351.68,1.01,42.27,75.00
フレイア ヴィオン,ごりごり,4,4.71,44.57,367.20,1.09,35.48,천민은 차단이 답이다,9598,0,3.61,50.05,298.32,2.17,26.32,64.71
이새빈,KR1,3,1.68,41.08,368.31,0.87,0.00,차인범,KR1,4,2.82,43.94,407.96,0.54,50.57,45.83
김미호,KR1,3,4.08,48.00,441.65,0.74,80.00,O마이GoD,KR1,4,3.18,36.75,362.91,0.51,39.47,75.00
섹시초콜릿보이,KR1,2,3.99,45.00,368.67,0.83,68.75,sadniffle,KR1,2,2.49,43.14,346.53,0.66,44.44,66.67
배고니,9720,1,3.99,44.53,402.22,0.88,39.39,우 뱅,KR1,3,3.60,51.33,427.33,0.72,0.00,80.00
메쉬마리골드,KR1,1,5.15,55.33,426.14,0.75,57.95,지 르,KR2,2,5.29,41.75,373.02,0.40,50.30,73.08
프로하고쉽다,KR1,2,2.49,45.06,356.45,1.34,50.44,괴물쥐,qwer1,3,3.34,43.94,385.68,0.93,61.11,41.67
행복한수비니하루,KR2,4,5.63,47.48,403.85,0.66,55.56,원 영,11111,1,3.58,44.69,369.43,0.74,55.84,46.43
Flair,또먹혔네,4,6.70,54.50,366.85,1.02,0.00,카 르 마,erqw,0,3.63,51.33,277.30,1.98,58.33,52.63
SKT T1 ZEROS,KR1,3,3.19,46.00,385.61,0.61,49.48,반달산지리곰,KR1,2,1.76,44.00,365.01,0.95,46.43,66.67
착착감기네,KR1,0,2.87,57.50,292.66,2.04,57.87,일곡클라쓰,KR1,1,2.43,50.58,341.50,0.93,45.31,41.67
오지원,KR1,1,4.37,45.09,437.79,0.53,44.90,Vezl,KR1,3,2.80,41.69,397.48,0.64,52.50,40.00
원숭이찌릿내,1178,0,2.43,50.94,339.31,1.20,50.00,뽀짝겅듀,31314,0,3.44,52.89,353.45,1.24,63.16,50.00
아직어린크롱,KR원,0,4.02,53.83,270.26,2.04,51.82,Slippin Jimmy,KR1,1,2.86,49.60,368.63,0.69,53.70,44.44
형섭머리네개,KR1,3,2.39,44.06,379.89,0.92,54.44,내가다잡아,KR1,2,3.89,44.08,375.03,0.94,52.00,58.62
소환사재미업음,KR1,1,3.45,52.43,383.59,0.78,62.22,개백정원징징망나니라인싸개,kr12,0,2.56,49.12,301.66,1.83,52.58,42.11
mo로할까,KR1,0,9.02,59.25,293.28,2.37,65.67,확인테스트,KR1,1,3.64,49.17,412.95,0.80,55.66,63.33
고구마정글러,kr2,4,6.87,52.00,403.17,1.08,47.06,누누의모험,KR1,3,3.09,42.00,333.08,1.33,49.34,46.15
날좀 구하소서,KR1,2,3.26,45.45,377.40,0.84,66.67,손목삔세트,KR1,3,2.87,34.18,336.49,0.75,51.95,61.54
공건과오진성의팬티,KR01,2,5.43,51.09,406.29,0.90,0.00,Neckoste,KR1,3,2.82,42.44,356.96,0.89,54.36,40.00
발준하,4046,1,5.58,40.78,386.89,0.62,48.21,미 드 핑,하츄핑,2,2.77,46.57,364.00,0.71,50.33,53.33
마계인천의레전드지옥불마왕홍우빈,666,2,4.67,50.75,381.43,0.79,51.09,싸이온충격기,KR1,0,4.99,51.25,326.87,1.10,54.17,70.00
커피요정,o0o,1,4.56,43.78,415.65,0.68,55.67,커피요정,KR1,0,6.66,50.00,249.26,1.86,57.14,65.00
살인전차 장득춘,KR1,1,4.34,49.78,368.40,0.75,48.72,베르누이 한정식,KR1,0,2.70,52.89,261.30,2.12,50.00,18.18
요네 야스오 르블랑,4757,2,4.03,39.78,364.67,0.64,45.60,게르아웃,KR1,3,2.46,31.18,378.92,0.56,50.63,73.91
수촌대장빡구,KR1,0,2.87,49.73,333.14,1.28,62.22,항상뚱뚱한잠맘보,KR1,1,3.75,51.37,396.98,0.69,48.35,64.29
롤체하는 돌아이,창남노,2,3.38,48.09,405.13,0.73,0.00,요이땅,0425,1,3.69,46.21,362.54,0.92,52.58,54.55
여친생기면ID바꿈,KR0,2,2.84,50.33,392.98,0.90,45.45,쬬라카,KR1,0,5.48,54.00,275.94,2.45,53.94,64.29
노무현,7577,4,3.88,54.82,400.19,0.86,51.33,라인전은등가교환,KR1,3,2.49,44.71,342.22,1.17,52.63,41.67
Espresso,Lungo,3,3.09,41.79,351.96,1.11,53.33,짱구의매직팬티,KR1,2,1.88,40.86,374.81,0.61,58.73,46.67
건강한씨앗,KR1,4,5.31,46.71,344.31,1.71,71.43,2 4,241,2,3.67,45.25,382.72,0.57,52.81,63.64
Top Rengar Give,KR1,3,2.40,30.00,359.59,0.40,51.61,낭 인,최후의숨결,2,3.13,39.00,405.25,0.46,46.97,58.33
초시동차,KR1,3,4.00,33.80,372.73,0.75,60.00,잉걸불에태운도토리,mosu,4,4.10,49.75,399.54,1.01,0.00,81.25
장규진,NMIX,2,2.83,40.20,360.57,0.64,43.30,호주머니쥐,KR1,3,2.66,36.36,381.56,0.55,45.88,38.46
장규진,NMIX,2,2.83,40.20,360.57,0.64,43.30,백지헌,jh9,3,1.94,41.69,386.94,0.55,57.14,60.00
약블리,KR1,1,4.92,50.35,440.21,0.84,43.40,이상한 나라의 솜사탕,맛있엉,0,5.44,57.00,263.81,2.54,46.32,84.62
약블리,KR1,1,4.92,50.35,440.21,0.84,43.40,너C야T발러마,KR1,1,3.40,44.00,378.07,0.83,57.14,60.00
김덕타,여수빈,0,2.46,50.29,337.51,1.53,30.00,김태엽,김태엽,2,2.02,39.94,346.86,0.81,47.44,40.74
시진핑원숭이두창,KR1,1,3.56,47.31,396.36,0.81,55.56,방구꼈더니똥나옴,KR1,0,3.51,60.00,334.58,1.88,48.48,58.33
세글장,KR1,1,3.85,56.60,414.27,0.92,58.49,s4na,1215,1,3.77,45.00,389.16,0.76,41.07,48.00
짜증나면 던져,KR1,0,4.34,53.00,255.77,1.98,56.76,T1 Smash,KR I,1,2.95,50.50,432.65,0.69,63.93,63.64
방 법,HOW,3,4.76,39.69,385.55,0.81,0.00,탱븐이,KR1,2,5.86,49.89,395.09,0.83,47.01,71.43
ThanksForThat,KR1,2,3.20,49.37,370.38,1.05,0.00,긴밤의똘똘이,KR1,4,3.32,50.79,397.94,0.72,49.82,42.86
민0솔,KR1,2,3.66,47.75,370.10,1.21,33.33,그건안되겠는데,KRlsm,4,2.63,39.56,355.40,0.90,46.75,58.82
세탁기,KR1,2,2.85,44.65,380.04,1.02,46.34,Moguro,kr2,0,4.05,50.38,250.57,2.30,58.97,50.00
알파메일 뚝딱이,빡병단,2,3.77,38.12,348.71,1.15,0.00,뚝딱이,3581,4,2.63,46.78,388.61,1.08,48.57,53.85
조 개 폭 격 기,KR1,2,2.68,45.18,418.43,1.20,52.50,가평청년 조성욱,KR1,1,2.60,44.22,342.02,0.87,46.27,60.00
신의로태어나,KR1,3,4.81,36.00,336.69,1.13,56.52,MONTBLANC,kr3,2,5.36,46.55,376.57,0.86,0.00,54.55
케동이,KR1,4,3.67,49.33,333.85,1.08,50.00,HW1,KR1,0,4.78,57.25,349.71,1.46,49.19,50.00
미 도 리,하루S2,3,3.84,52.77,397.78,0.67,74.19,정돌꽃,KR1,2,3.21,47.19,382.66,0.84,51.33,66.67
18500136del,KR1,3,3.72,50.86,413.41,0.72,59.26,어인아펠리오스,KR1,1,4.60,43.70,392.78,0.52,49.37,58.62
기사너무어렵다,KR1,2,3.87,53.78,335.71,0.81,62.96,미눗방울,0000,3,3.66,43.00,378.66,0.69,54.93,30.77
승광민,KR1,1,4.06,53.00,375.98,0.94,51.71,청북김치녀,KR1,4,3.45,50.27,402.05,0.85,48.15,57.14
거 제,KR2,4,4.98,54.57,407.91,0.85,43.90,마스터이 비에고 릴리아 오공,KR12,2,2.92,44.53,378.84,0.67,45.26,56.67
레오나올때메로나,KR1,0,4.91,51.40,284.05,1.76,52.94,관세사,KR407,0,3.84,53.15,319.96,1.57,39.13,52.00
나는 늙었다,KR2,3,2.55,43.21,414.05,0.80,60.32,팽돌아,KR1,4,4.09,48.72,401.71,0.98,54.31,57.14
KenZo,KR1,0,4.22,56.29,354.21,1.48,65.45,나는원래트롤이였던것,KR10,0,4.16,47.07,308.63,1.57,47.24,51.72
김둔딕,KR1,4,3.16,52.36,411.54,0.69,47.06,삼청교육대,주님곁으로,2,3.19,42.90,356.43,0.93,50.00,31.58
김둔딕,KR1,4,3.16,52.36,411.54,0.69,47.06,구마유승열,KR1,2,3.65,49.63,385.71,1.04,53.12,81.82
김뱅장,KR1,0,2.56,50.50,336.70,1.18,52.87,눔사람,KR1,4,2.48,49.12,346.42,0.94,50.42,50.00
김뱅장,KR1,0,2.56,50.50,336.70,1.18,52.87,개쓰레기벌레,KR1,2,3.23,40.62,347.01,0.99,0.00,42.86
HLE JihaN,2008,1,4.42,48.93,414.56,0.84,70.97,언데드정글,0303,4,7.07,62.80,443.02,0.90,94.12,81.82
미스포츈미스포츈미스포츈미스포츈,4444,1,4.48,40.67,315.29,1.09,0.00,진진진진진진진진진진진진진진진진,4444,2,4.61,49.83,409.66,0.94,52.63,53.33
규니는 대식가,KR1,3,4.03,46.54,371.69,0.99,37.50,kuzz,까 잔,4,5.37,54.11,422.28,0.84,23.53,50.00
ASD ZZZ WWW,KR1,3,2.96,51.15,393.89,0.98,0.00,hide on bush,fifa,3,4.17,48.56,372.37,0.81,51.46,46.15
TakeCakeFake,888,4,4.87,53.00,403.03,0.86,53.04,신월류린,KR1,2,4.72,54.50,370.01,0.67,68.29,75.00
SD건담캡슐파이,KR123,0,4.03,50.89,370.85,1.14,0.00,Wire,123,4,3.18,46.22,359.11,0.94,36.84,36.36
SD건담캡슐파이,KR123,0,4.03,50.89,370.85,1.14,0.00,복실복실 서우석,KR1,3,5.24,52.74,400.15,0.71,55.00,54.55
얏쓰호,KR1,3,4.45,40.33,422.59,0.55,73.17,Abraxas,0327,2,2.73,37.53,370.51,0.73,38.30,85.71
Rathmines,KR1,1,2.54,43.50,399.29,0.80,69.23,쉐코타임,KR1,4,3.06,46.62,346.73,1.10,43.30,65.22
롤처음하는22살,0315,3,3.71,50.91,420.32,0.60,51.72,굴러라 홍춘삼,KR1,4,2.73,50.00,340.61,1.37,0.00,76.47
롤처음하는22살,0315,3,3.71,50.91,420.32,0.60,51.72,롤두번째하는22살,KR1,0,3.77,51.16,357.64,0.88,83.33,27.27
옹졸한 옹골참,HP1,4,3.82,52.62,382.28,1.17,48.87,김평수,이철득,3,1.60,37.00,382.14,0.51,55.88,53.57
무지신무지,프레첼,1,7.32,59.24,456.07,0.83,39.58,춘식이냐미,KR1,0,5.43,51.92,307.16,1.61,42.86,57.14
Nichjou,KR1,0,2.97,48.00,283.08,2.22,0.00,1203비상계엄,8721,4,3.79,54.20,390.76,0.93,50.00,41.67
Nichjou,KR1,0,2.97,48.00,283.08,2.22,0.00,마포뚱땡이,KR1,1,3.62,50.75,447.08,0.48,0.00,66.67
씅부사,0ha,4,4.48,57.70,389.39,0.88,50.00,천계학원 방송부,KR1,2,4.01,45.85,365.94,0.82,67.57,50.00
마녀 블츠,KR1,0,5.39,61.84,343.72,1.51,46.15,낭만표도,KR1,1,4.56,50.50,443.51,0.64,66.67,82.14
lii1lil11liil,KR1,0,4.40,55.87,306.88,1.71,0.00,관 설,KR1,1,2.31,43.00,359.78,0.64,48.74,60.00
햄짜쓰,KR1,3,3.15,38.32,333.73,0.88,54.55,방 국,KR1,4,3.30,44.43,392.10,0.67,0.00,46.67
노현우의베프원준영,둘이 베프,2,4.48,41.80,425.83,0.99,37.21,열심히할게용,123,3,2.28,35.27,371.29,0.46,58.33,73.68
양념 chicken,KR1,2,3.29,52.60,403.22,1.01,37.50,이렐리신,어라랏,4,3.95,56.71,355.23,1.06,50.83,50.00
30렙빨리좀,2899,2,3.47,39.75,356.84,0.81,48.57,88kg든든남,888,3,3.84,40.15,359.39,0.61,46.00,41.18
NutionE네버다이,KR1,4,3.44,53.40,389.47,0.89,51.24,송온부,KR1,4,4.19,58.22,324.10,1.85,55.26,46.15
괘종시계,째깍째깍,2,4.22,44.06,412.64,1.22,51.52,야스오개쌉장애인,kr 2,2,4.10,43.00,398.00,0.62,42.14,50.00
송천동방범대장,KR1,4,4.81,59.75,439.97,0.92,0.00,4타의 미학,4444,0,2.92,49.85,300.61,1.74,61.54,60.87
그거방탄분신이야,KR1,4,3.32,42.47,405.78,0.57,46.07,Blue,SJ11,3,4.18,40.30,420.84,0.53,46.27,68.18
ฅÒωÓฅ,OuO,2,4.27,54.80,387.61,1.10,44.83,P T,체조8번,4,3.15,45.76,375.88,0.76,52.75,81.25
ฅÒωÓฅ,OuO,2,4.27,54.80,387.61,1.10,44.83,젖소부인,9001,1,4.42,53.35,434.12,0.69,75.32,54.55
haze,KR3,1,5.16,53.82,486.76,0.67,85.71,바 다,1999,0,2.61,50.83,303.88,1.67,84.00,70.00
탈모최강,원펀맨,3,2.73,31.15,348.23,0.58,0.00,스켈로스,KR1,2,3.41,53.53,448.97,0.80,40.00,75.00
t1 김길규,11211,4,3.66,41.79,410.68,0.60,0.00,이애떠띠,KR1,0,2.24,43.73,248.08,1.80,51.09,50.00
뿌직현,KR1,4,6.42,46.00,343.28,0.68,49.06,나쁘지엑스,KR1,2,2.77,39.86,357.86,0.89,50.00,57.14
미국갔다돌아왔다,KR1,0,3.08,42.40,310.80,1.57,60.00,팜하니,애기하니,1,7.34,52.81,430.65,0.94,69.23,56.52
돔 황 청,KR1,0,5.17,60.20,318.44,2.04,60.94,BamBeeCo,KR1,0,6.67,43.69,328.83,1.27,0.00,58.62
전빈네세차장,KR1,1,4.10,46.73,430.85,0.66,50.00,태양조,KR1,3,3.48,41.77,334.47,0.94,0.00,72.73
전빈네세차장,KR1,1,4.10,46.73,430.85,0.66,50.00,켕켕이오,KR1,3,3.30,53.75,360.76,0.76,48.28,40.00
송파구 사미라,KR1,1,2.87,41.27,369.96,0.47,64.00,장성윤,0419,2,3.27,44.50,411.47,0.78,53.85,47.83
할머니,KR10,3,3.93,43.39,381.11,0.97,53.72,신난 밥둥이,KR1,0,3.95,48.57,286.23,1.87,62.96,80.00
순 방,KR32,4,2.94,53.10,382.52,0.96,41.67,해해해,kr7,0,3.49,51.20,326.60,1.34,66.67,20.00
뀨대리기사,KR1,3,5.49,47.19,375.68,0.87,58.14,제발죽지만마세요,KR1,1,2.77,36.86,354.40,0.70,55.12,66.67
호떡깨,KR2,1,2.80,38.62,358.48,0.59,0.00,남의현,KR1,2,4.41,41.79,336.79,1.04,46.67,58.82
02동헝잉,KR2,1,5.31,54.24,434.22,0.82,40.40,이날로그,KR1,0,3.63,53.58,317.04,0.89,0.00,53.33
CUCCI Charles,KR1,3,3.20,43.33,380.41,0.89,0.00,루키미아,KR1,4,3.45,48.58,368.41,0.79,48.48,47.37
AnaPunch,KR1,1,2.09,33.73,301.53,0.92,46.15,채 미,채 미,3,4.31,52.17,372.88,0.97,57.53,43.33
야스오형은야스육,KR1,2,4.05,46.81,417.42,0.51,57.14,rlaoo,KR1,3,2.00,44.31,358.96,0.76,53.19,64.29
야스오형은야스육,KR1,2,4.05,46.81,417.42,0.51,57.14,찬자룡,KR1,0,4.28,47.38,317.62,1.65,38.18,60.00
KOROKO코로코,KR1,3,3.43,45.29,391.64,0.99,0.00,레몬백작,레몬왕국,2,3.33,49.95,326.66,1.29,44.44,60.00
zHeadshotz,KR1,3,3.02,44.75,409.72,0.90,49.57,알빠노,0123,4,2.61,46.42,346.40,1.20,12.50,61.90
Pyke,KR991,1,3.15,44.86,416.79,0.54,52.99,코오즈,KR1,0,3.43,49.40,280.70,2.36,50.40,33.33
망치컷,KR1,0,5.00,47.82,357.14,1.31,61.29,producer,ETCH,1,3.03,39.89,381.95,0.49,52.40,58.33
자야는잠 자야돼,KR1,3,2.64,35.33,353.32,0.63,53.85,평일잠잠,KR1,3,3.76,39.96,377.21,0.65,41.24,55.56
새콤달콤 너구리,KR1,1,4.51,50.13,354.52,1.49,50.91,イェジュン,2003,1,3.92,54.00,352.42,0.71,0.00,83.33
Happy 리븐,KR1,2,3.22,40.89,413.50,0.63,38.89,네모난멈무,KR1,3,3.02,37.80,371.20,1.04,51.52,43.33
ฅΟωΟฅ,냐 옹,0,4.76,47.91,310.98,1.40,0.00,계산기,KR12,1,3.96,49.19,378.04,1.27,0.00,68.18
예림콩,2494,0,4.16,50.00,240.48,2.09,0.00,통닭인가치킨인가,KR1,3,2.64,40.14,410.76,0.66,55.95,72.73
몸사리는손흥민,KR1,3,3.61,51.05,439.39,0.77,0.00,TES,0713,2,3.54,33.86,346.15,0.98,47.67,36.36
몸사리는손흥민,KR1,3,3.61,51.05,439.39,0.77,0.00,이재용,713,3,2.56,44.00,381.19,0.56,52.00,60.00
손이굳었다,KR1,0,5.32,56.29,343.47,1.89,58.62,KDK스타일,KR1,3,4.49,49.61,379.48,0.98,46.48,63.64
원딜좀줘라,KR1,2,2.93,46.79,422.12,0.69,43.02,티모는외계인,KR1,2,2.82,49.00,372.30,1.24,40.00,53.85
강승상이보이지않,KR1,3,3.90,42.62,389.89,0.66,60.00,청년다방고대안암,KR1,1,4.32,47.88,460.45,0.56,53.47,51.85
Risicha,1111,4,2.87,48.78,366.79,1.13,40.48,lilililili,1122,3,4.35,43.41,386.20,0.68,55.96,53.33
Apdo,c0900,4,4.83,62.15,463.11,0.63,48.96,9ine7even,KR1,2,4.64,43.40,384.50,1.01,37.84,62.07
운명의 랜턴,KR1,4,5.26,49.86,389.40,0.83,45.45,big1wdee2nut,KR1,1,3.60,48.78,405.82,0.42,50.97,42.86
맛좋나,KR1,2,6.23,52.75,456.16,0.69,48.44,31세무직백수박광식,여친구함,1,4.57,44.77,381.79,0.74,54.26,54.55
호 쟝,KR1,2,4.05,51.65,406.55,0.71,50.91,인간사냥꾼윤석열,이재명,1,2.51,35.48,355.13,0.56,66.67,56.67
심플한 흑누나,KR1,3,4.86,54.94,457.86,0.70,71.88,천운을지닌자,KR1,3,3.33,41.00,357.35,0.61,0.00,69.23
앙염전띠,1945,1,4.47,50.25,441.26,0.78,62.75,주님 한놈 또 보냅니다,힌두교,0,3.75,56.17,247.60,2.26,0.00,80.00
어지러운 곰팡이,KR1,3,2.50,46.80,409.81,0.42,48.00,Kotoha,ことは,1,3.55,45.08,406.98,0.44,50.88,52.63
난여기까지인가봐,KR1,4,3.00,50.42,380.39,1.15,53.85,내가지우라했지,KR1,2,2.43,42.29,368.32,0.43,52.04,43.75
아르마딜호,KR1,0,4.62,60.12,350.68,1.59,0.00,서코모도왕도마뱀,KR1,1,3.42,43.57,384.35,0.51,0.00,61.54
홍구갓,KR01,2,3.14,47.38,380.76,1.01,47.35,서정욱,KR1,3,1.75,36.06,410.29,0.59,50.99,57.89
잠들지 못하는 밤,KR1,2,3.29,41.33,340.77,0.74,47.50,카이사,KR9,1,3.55,48.43,408.12,0.75,45.52,61.11
부쉬속맹수모모,1818,1,3.28,48.10,373.01,0.84,51.61,견문색 찐우,KR1,0,2.64,41.08,304.96,1.17,48.77,44.83
리련지,KR2,0,4.36,40.80,251.38,2.22,47.70,One and only,ik1,4,4.18,48.00,420.83,0.96,44.30,51.85
수상구조,KR 1,1,2.97,55.59,332.37,1.24,61.32,연쉐살인범,KR1,1,4.11,53.50,397.95,0.91,37.50,50.00
정복왕,KR1,1,4.80,56.00,423.46,0.85,53.97,윤호철도999,8686,2,3.27,43.81,335.11,0.82,37.40,69.23
정복왕,KR1,1,4.80,56.00,423.46,0.85,53.97,현란한손재간,KR1,0,5.12,46.00,292.34,1.26,48.89,66.67
으아싼다,KR1,1,2.98,49.50,440.99,0.57,0.00,보뎅볶음,KR88,4,2.99,45.38,375.54,1.02,45.31,44.44
죽기장인,prray,1,3.82,51.24,389.98,0.67,56.92,우리집 다리 밑,KR1,2,5.81,50.86,430.14,0.63,60.81,68.75
죽기장인,prray,1,3.82,51.24,389.98,0.67,56.92,소신을 다할것,KR1,2,4.06,49.23,364.13,0.61,51.56,21.43
엄봉민,KR1,4,6.55,63.60,455.72,0.95,39.02,학점분쇄기,KR1,3,2.02,34.90,346.96,0.65,45.35,70.59
엄봉민,KR1,4,6.55,63.60,455.72,0.95,39.02,아스날짱짱맨,KR1,0,2.76,39.57,281.81,1.52,50.54,61.54
루            간,KR1,3,2.43,37.20,354.65,0.64,47.06,강북구인간문화재,진짜임,2,3.24,46.00,364.15,0.73,54.89,40.00
부캐즐겜용계정,KR1,1,6.22,50.33,388.75,0.83,60.29,줴이기호,KR1,2,2.47,47.80,358.88,1.13,51.24,55.56
부캐즐겜용계정,KR1,1,6.22,50.33,388.75,0.83,60.29,헤르페스의 발걸음,0817,2,3.14,40.91,336.68,0.74,50.36,70.00
흡딱빡,KR1,2,3.05,50.16,370.53,0.95,50.22,허딱빡,smlab,4,4.39,52.36,376.76,0.73,50.81,66.67
주챔프가없는사람,KR1,2,4.57,45.80,408.44,0.69,0.00,소코초라빵,KR1,2,6.17,48.89,386.32,1.05,47.62,69.23
사랑꾼빵야,KR1,2,5.14,51.00,385.30,1.34,0.00,밥처먹을게,KR1,1,3.86,50.73,332.57,1.33,0.00,60.00
조원초등학교,KR1,4,5.65,59.58,409.82,0.93,59.68,조개물조절장인,KR1,0,4.03,53.47,324.25,1.35,51.88,59.09
봉 혼,KR1,2,4.07,50.25,428.90,0.94,54.76,단단묵찍,0425,1,3.50,41.47,378.36,0.65,51.55,81.82
몰루는몰루,KR1,0,4.30,48.75,279.38,2.26,53.29,MIDQING,KR1,2,4.34,40.42,388.10,0.64,34.78,81.82
우 반,호랑이,3,3.72,42.08,385.30,0.73,50.70,有志者事竟成,185,3,2.47,36.21,370.45,0.56,47.83,45.45
애봉이집사,KR1,2,3.25,56.33,377.62,1.22,58.23,빵빵앙 빅맥앙,KR1,4,4.98,48.07,390.33,1.15,52.31,50.00
몬스터 중독자,망고 로코,4,2.05,44.95,349.89,0.79,43.82,인디고내팀,KR1,4,2.46,45.52,434.97,0.45,45.54,39.13
아그작아그작,KR2,2,3.50,44.24,409.65,0.85,71.43,허평무,KR1,3,1.58,36.53,427.19,0.46,42.11,57.89
ZED98,KOR,2,3.53,47.60,409.80,0.48,0.00,불꽃남자김연철,KR1,2,2.85,47.83,383.90,0.80,48.80,60.00
너어는진짜못됐다,KR1,3,2.03,33.20,370.69,0.55,45.59,못 할 때도 있지,8944,1,3.89,37.75,403.91,0.81,42.86,33.33
텔레포트쿨,KR1,1,3.34,56.47,392.05,0.89,48.57,칼바람 미남,7787,1,2.50,53.54,366.85,1.00,43.75,60.00
전투대장멀록,KR1,1,4.14,47.43,407.95,0.93,53.33,눈앞의 하나부터,KR1,0,2.61,41.72,353.50,0.96,50.00,43.75
Dreamland,KR1,1,3.93,48.12,422.97,0.78,0.00,01087430064,전화데이트,4,2.93,44.55,348.50,0.68,0.00,76.92
Dreamland,KR1,1,3.93,48.12,422.97,0.78,0.00,시미켄치,KR9,4,3.98,50.00,404.20,1.02,9.09,53.85
콧물로간맞추기,KR1,1,3.12,52.50,366.53,1.06,51.38,괴물아이,KR1,1,2.73,47.33,324.61,0.88,54.45,40.91
seethatimicy,KR1,2,3.78,54.26,343.41,1.35,54.13,푸하하,SK1,4,2.00,42.29,370.33,0.78,51.65,44.00
양천구 힙스터,KR1,3,2.88,31.57,425.77,0.53,61.29,코딱지파다 피남,KR1,0,3.35,43.23,351.81,1.09,32.43,41.67
아도라,KRI,1,5.34,52.45,400.46,0.70,0.00,제발주댕이열지말고항상겸손,KR1,2,3.06,47.52,379.38,0.54,37.21,38.46
최강뽀또,SUP,0,2.92,44.00,245.02,1.99,59.18,옹골참,9368,4,9.36,69.00,511.49,0.96,75.00,81.82
딩구리,데이즈,0,6.60,60.67,323.35,1.65,0.00,꿀처럼 달디단 귤은 뀰,웃기당,4,4.04,59.50,338.13,0.98,57.58,53.57
미역다시마톳파래,8922,1,3.90,55.62,361.17,1.28,0.00,죠리퐁라떼,솔 짱,0,3.81,46.00,263.73,1.42,46.34,56.67
니어머이,5877,2,6.93,48.25,457.22,0.84,55.17,우직하게 머리 박기,우머박,4,4.95,47.65,370.58,0.89,54.44,83.33
Pnpm,KR74,0,2.01,51.46,359.75,1.22,75.00,트런들고추,KR1,0,4.53,59.25,262.80,2.04,71.43,41.67
강민석,울산동구,2,2.41,44.71,352.19,1.06,55.56,스오만조지는부캐,KR1,0,3.20,42.35,315.31,1.39,65.52,61.11
타 협,1227,0,4.76,50.29,280.25,2.04,45.45,키자루,코와이네,3,4.37,42.08,363.85,0.78,52.41,21.05
너가해보던가,1201,3,3.89,50.28,389.78,0.95,50.00,원딜은 내 자리,KR1,1,5.40,45.40,344.79,0.78,48.48,70.00
뚜꾸또꾸,kr12,3,2.10,39.00,396.93,0.59,0.00,Bluemoonsw,KR1,3,1.66,34.67,332.63,0.88,58.62,56.52
면민소욱슈,gidle,2,2.10,44.00,405.78,0.73,44.44,홍진아항상건강하고성실하게지내라,yes,0,2.93,50.50,306.40,1.71,48.89,33.33
KING,UFC,3,3.00,43.75,349.25,0.75,45.03,미야자키무야호,KR1,2,3.43,47.93,333.57,1.53,78.57,64.29
정지먹은 박란둘,KR1,3,4.30,49.20,399.56,1.14,60.00,민간인 박란둘,KR1,4,6.15,49.83,356.55,1.55,47.59,41.67
PD수첩,1990,0,6.61,46.43,280.33,1.47,53.17,상체게임역겹네,KR1,1,4.06,56.83,444.32,0.98,47.89,46.15
보라보랑해,KR1,4,3.96,49.67,350.27,0.75,83.33,칼이 정색하면,검정색,2,4.79,42.78,364.74,0.79,0.00,57.14
Blue,KR76,0,2.85,49.13,340.23,1.60,58.20,평타싸주세요,KR1,1,3.35,47.58,360.80,0.99,54.01,50.00
znxm,KR1,1,5.18,53.71,447.03,0.54,51.11,26372505del,KR1,0,3.65,43.12,305.86,1.34,0.00,57.14
왕곳휫털보아재,KR2,4,3.86,42.50,388.50,0.90,70.00,강주하,2754,1,3.23,35.45,368.99,0.65,52.80,57.14
테헤란로맨티스트,KR1,3,4.93,41.12,366.60,0.90,54.26,zhong,2104,4,3.13,53.24,373.44,0.97,51.52,60.87
초해상도,KR1,4,5.01,42.00,391.13,0.90,62.50,아모고또못하쥬,KR1,4,2.41,44.21,363.22,0.70,50.87,45.45
김도영,DY05,2,2.47,46.90,363.47,0.98,64.52,도현핑,KR2,4,3.46,45.54,379.58,0.71,50.00,47.62
지금니입냄새,KR1,2,3.15,51.45,439.63,0.74,37.50,검혼제황,KR1,4,3.12,41.05,395.17,0.87,48.84,72.22
넌강해졌어돌격해,KR1,0,6.20,52.71,262.37,2.43,53.27,삐약삐약,롤린이,1,5.61,56.50,384.20,1.35,40.00,40.00
로밍가는쓰래쉬,KR1,4,3.33,54.16,426.41,0.97,35.29,지요츄,0000,1,4.19,53.08,414.22,0.95,80.00,60.00
캔 비,KR1,4,4.77,50.91,380.90,0.94,0.00,goldentable,KR1,2,2.25,49.00,370.22,0.69,42.37,33.33
미 하,KR1,1,4.80,50.20,388.54,0.88,51.22,상큼한 사과즙,KR1,4,3.75,42.64,342.14,1.16,50.27,42.11
봉조리카,KR1,0,4.02,46.75,303.64,0.94,60.00,반 득,KR1,3,3.18,49.05,441.14,0.84,34.38,57.14
一3一,KR9,1,2.61,50.93,403.25,0.87,57.41,성경은 비치용,KR2,0,2.81,42.70,349.06,1.33,80.00,57.14
똥만싸고레벨업,KR1,0,4.03,59.00,351.34,1.73,69.23,Twilight Carry,KR1,3,2.69,33.76,374.02,0.32,50.00,70.00
sfr12345,KR1,0,3.33,53.29,376.62,1.25,0.00,sfr123,KR1,2,3.23,37.47,335.85,1.14,56.58,75.00
인코코,KR1,4,3.64,49.08,412.47,0.85,52.50,Sahranghae,KR1,0,5.11,51.14,282.48,2.31,54.55,65.00
노원 전설의 딸배,KR1,3,2.64,40.80,380.62,0.82,55.74,정글모험가,KR11,3,2.68,39.00,455.79,0.77,51.40,61.11
2020계정,KR1,2,5.78,48.38,483.80,0.66,48.57,풉 킥 메롱,KR1,4,3.97,53.29,451.15,0.65,66.67,78.57
2020계정,KR1,2,5.78,48.38,483.80,0.66,48.57,내 매력은 딥해,KR1,1,2.90,44.94,390.18,0.59,48.84,83.33
마태복음서,KR1,4,3.24,49.83,416.24,0.64,63.64,미친개,건들면뭄,2,3.26,46.05,357.49,0.92,33.33,42.11
부산북구 김종민,3407,1,3.27,49.43,400.70,0.79,31.25,교통공사 김종민,9739,0,5.02,36.00,272.46,1.12,0.00,50.00
고도리,123,1,3.66,44.75,396.01,0.67,22.22,김시호,name1,0,3.19,49.42,359.27,0.96,0.00,40.00
cheonac,KR1,2,3.88,38.17,387.17,0.90,50.00,Coin,이지은,2,3.41,47.59,382.95,0.84,36.36,69.23
미 소,미미미,4,5.28,51.95,406.32,1.06,64.71,벡 스,준 휘,2,2.14,50.50,346.70,1.22,50.54,46.67
미 소,미미미,4,5.28,51.95,406.32,1.06,64.71,ang gi moring,cceex,2,2.14,40.55,368.36,0.89,50.36,63.64
호날두,KR888,1,3.55,52.76,396.21,0.57,0.00,고독한정의의승부사장필우,내부자들,0,1.89,38.38,319.18,0.78,51.67,41.67
윤 슬,물 결,0,9.18,66.00,289.86,1.81,0.00,Sherry,KR22,1,3.60,49.15,405.04,0.88,72.18,81.48
아침은먹어야지,1737,3,3.08,32.70,384.24,0.62,49.61,bunnies,플로버,4,4.06,54.82,338.19,1.67,61.54,50.00
아파잉때리지마잉,KR1,4,3.46,48.12,411.38,0.90,60.87,핑크하트 시호,KR1,0,4.58,45.57,345.41,1.26,54.55,64.29
물오징어덮밥,KR1,1,4.83,51.62,411.50,0.83,67.69,유 연,sup,0,3.77,56.31,309.14,2.25,54.01,70.59
물오징어덮밥,KR1,1,4.83,51.62,411.50,0.83,67.69,정민재,1004,2,3.40,35.67,348.52,0.67,50.00,36.36
하라면하겠어요,KR1,0,3.40,49.60,281.76,2.32,47.06,토미오까 기유,KR1,3,3.76,41.93,421.05,0.66,57.78,66.67
KBAO,에버랜드,4,3.73,53.10,344.50,1.34,0.00,Bejack,KR1,3,3.86,47.36,439.30,0.57,47.47,58.82
KBAO,에버랜드,4,3.73,53.10,344.50,1.34,0.00,cozyboye,KR1,1,3.44,42.12,379.41,0.40,56.03,53.85
마법공학 점화,KR1,3,4.25,52.35,430.30,0.69,55.56,난 다 죽여,KR1,1,3.70,49.92,408.02,0.73,71.43,71.43
공쥬가간다,KR1,0,3.15,44.64,328.06,1.62,52.63,공듀가간다,KR1,2,3.47,41.56,369.76,0.96,0.00,56.52
유기묘,이다냥,0,5.86,63.00,258.05,2.15,54.55,갱 못가는 정글,7777,4,3.99,48.28,409.19,0.90,48.84,61.90
한밤두밤세밤,KR1,3,3.47,41.67,392.96,0.31,64.38,전북대의예과24학번,123,1,3.00,42.73,378.18,1.14,49.75,50.00
zi존검맥z,KR1,3,3.11,55.25,427.90,0.66,44.83,김창봉,4444,3,3.41,43.11,367.45,0.53,46.15,46.67
뱅가드 오류 VAN 68,좁BUG,0,3.45,43.88,372.90,1.30,56.00,불광동 리신,KR1,0,1.92,45.67,330.89,0.90,38.89,52.94
conatif,KR1,3,2.09,43.63,388.54,0.74,48.00,데빌구,Cute,3,3.44,46.50,401.77,1.22,51.35,38.89
Snowing With You,KR1,2,3.19,42.75,409.39,0.73,76.47,조정호,123,0,2.88,43.00,291.98,1.37,56.92,46.15
나주 꿀배 9900원,KR1,4,3.73,52.67,370.51,1.19,0.00,Tom Aspinall,1111,3,2.91,37.94,400.76,0.70,51.35,31.25
가렌의크고딱딱한,KR1,1,2.91,48.50,405.49,0.76,52.75,윤 성,4691,1,2.71,57.92,436.55,0.64,75.00,70.00
가렌의크고딱딱한,KR1,1,2.91,48.50,405.49,0.76,52.75,난한놈만패,KR333,3,2.25,38.76,350.23,0.71,54.10,40.00
시럽킹,KR1,2,2.49,43.74,409.95,0.49,44.23,Chimpanzee,ADHD,3,2.05,41.12,363.36,0.65,38.24,30.00
Iron 도우,KR1,4,4.34,52.25,379.24,1.05,29.63,Poro in the Box,KR1,1,3.14,49.50,426.40,0.48,53.60,66.67
whdnrms,KR1,3,3.00,38.94,367.41,0.55,58.93,루이케빈,1717,1,2.40,53.47,387.60,0.63,51.39,36.84
고기킹만두,KR1,4,5.85,67.25,425.36,0.97,54.05,애꾸닭,KR1,3,2.33,39.26,371.32,0.79,46.09,65.52
연쇄삽입중,김숙희,0,4.63,52.10,286.78,2.02,54.72,연쇄삽입범,김숙희,1,3.35,56.83,394.79,1.15,40.00,63.33
칼챔혐오증4기,KR1,3,3.71,41.12,420.87,0.78,56.79,고아왕 킹아고,고아나라,4,4.76,47.81,384.89,1.02,60.61,64.29
로무세,KR1,1,2.41,46.59,370.96,0.85,51.91,로리퍼리최면타락절정,옆집아저씨,0,3.22,52.71,307.09,1.42,49.43,45.45
5Dark,KR1,1,3.40,54.38,400.22,0.80,60.61,맛없는개복치,7482,2,2.83,44.00,380.15,0.72,52.94,60.00
T1 Zeus,대한민국,1,4.23,55.47,442.99,0.68,67.74,쉽게 생각해,무념무상,2,2.80,44.80,345.63,1.55,38.24,45.45
원숭이딜러,원딜챠,1,4.90,49.39,423.26,0.65,51.53,주댕이 봉인 on,KR1,3,2.87,38.15,396.93,0.57,51.33,78.57
원숭이딜러,원딜챠,1,4.90,49.39,423.26,0.65,51.53,휴학한 틀니,KR1,3,3.64,39.87,383.33,0.52,51.39,46.15
bdbdbd,kr2,4,6.03,53.24,419.84,0.87,49.61,데빌구,Cute,3,3.44,46.50,401.77,1.22,51.35,86.67
맨날지는평타,KR1,1,4.00,48.58,403.26,0.82,35.09,대겸둥이,KR2,0,3.60,54.52,326.66,1.59,52.25,57.69
ASHY1027,KR1,3,3.38,42.56,401.53,0.87,62.96,산나비,마리골드,2,2.80,42.69,365.13,0.75,50.00,64.71
자 크,파 란,3,2.16,39.43,353.30,0.50,66.67,수박이박수,박수박,2,4.07,50.05,427.02,0.83,80.00,41.67
Bishu,KR1,2,3.33,41.58,412.85,0.54,73.91,Raon Daily,KR1,0,3.39,46.67,329.15,1.17,0.00,60.87
다람쥐맛두유,KR1,3,4.65,44.46,366.88,1.07,0.00,하얀장미의저주,KR11,4,4.57,53.00,367.04,1.14,53.33,71.43
이선우123,KR1,2,4.25,44.06,362.65,0.71,66.67,무해한 허수아비,7367,2,3.59,48.71,350.28,1.23,0.00,51.72
귀찮게하지마,A D,1,3.49,46.25,382.71,0.66,54.09,고파고파배고파,pftma,1,1.98,44.27,327.22,1.21,43.28,53.85
종북좌빨 김연승,KR1,1,2.85,47.77,349.65,0.69,52.44,마시마로토끼,KR1,4,3.84,59.17,413.36,0.81,51.39,57.14
누나는 핑 보면돼,KR1,4,6.90,50.54,368.37,0.95,45.83,정글은 일베충,KR543,3,2.13,31.15,344.14,0.76,49.44,57.14
뽀삐대장,KR1,4,5.76,59.86,415.95,1.13,48.36,즉시지급,KR1,1,4.02,47.11,438.52,0.58,50.63,85.71
롤토체스재미있다,2023,0,4.40,49.80,310.14,2.05,50.52,톰 아스피날,IHC,1,3.75,38.62,372.41,0.72,35.71,52.38
신견o,KR1,2,3.46,48.67,397.15,1.01,64.29,호 견,KR1,3,3.23,43.76,347.60,1.28,36.11,41.18
화 절대 안냅니다,KR1,2,2.71,38.00,393.37,0.83,0.00,시fire놈들,KR1,3,2.63,40.40,370.65,0.82,56.07,45.45
기범재용사빈영민채민,KR2,0,3.83,52.17,266.35,2.14,57.14,정당포,KR112,4,2.45,46.00,373.91,0.58,0.00,33.33
경계선,호날두,2,3.90,46.47,381.87,0.92,48.39,넛 북,KR1,4,3.44,52.08,368.34,1.13,41.67,31.58
를 류,KR1,0,5.45,51.67,294.70,1.83,55.74,TOP 탐 켄치,KR1,1,3.92,56.27,432.90,0.93,50.00,91.67
대신맨주상철,KR1,0,5.96,51.11,283.10,2.50,69.23,Elvely,로체로하,1,2.69,43.50,405.94,0.65,57.99,53.85
빛나핑,핑핑단,3,2.99,38.33,332.91,0.68,16.67,야나미 안나,156,1,4.24,45.69,386.28,0.83,53.85,25.00
도도한 나꼬,nakko,0,4.08,52.29,332.15,1.33,53.07,꼭틀어비비고,정글은 꼭,2,2.43,43.74,378.73,0.86,52.81,47.83
야동보는계백같이보는관창,광개토대왕,2,1.67,33.27,355.12,1.03,0.00,흐 음,뭐 임,4,4.46,51.67,404.32,0.57,54.55,66.67
엉금희,KR1,4,7.74,54.00,386.61,0.96,0.00,곰민지 사랑해,KR1,4,3.61,50.93,407.32,0.78,40.48,76.92
3637948del,KR1,2,2.42,44.50,342.43,1.45,51.72,불댕이,KR1,1,3.34,40.40,296.99,0.53,0.00,58.82
운전면허소지자,KR1,3,3.07,35.95,377.48,0.73,0.00,Ivy,아이비,3,1.73,41.29,398.08,0.56,45.71,70.00
ofpower,KR1,4,2.68,41.05,372.07,1.02,54.17,성민아왜칭얼거려,KR1,2,4.30,45.31,387.63,0.94,46.67,50.00
파스타 랍스타,KR1,0,5.48,50.78,330.02,1.87,42.86,E루기,KR1,1,3.41,53.82,353.83,1.12,70.00,66.67
도롱미린,KR1,3,4.08,45.29,364.25,0.93,57.50,심술두꺼비,심두1,4,3.79,52.53,383.27,0.90,55.56,50.00
o2o2믿고있었다구,KR1,3,2.24,50.29,416.63,0.93,47.37,두요비,KR1,0,3.87,51.14,312.77,1.61,49.26,58.33
table leg,KR1,3,5.74,39.52,364.20,0.76,0.00,럼묵묵,KR1,4,3.53,49.61,405.03,0.71,45.45,59.09
귤혜향,KR2,4,4.78,50.60,359.52,1.23,0.00,개냥이구조대,KR1,2,2.63,44.21,382.58,0.54,46.85,47.83
이해했습니다,4NA2,0,3.40,52.00,272.01,2.02,50.56,죽기장인,살려줘,1,2.75,46.07,372.89,0.57,52.90,51.72
나 너 좋아해,KR2,3,3.74,46.10,433.71,0.69,57.49,출사표,KR3,4,3.58,49.57,406.37,0.85,56.92,63.64
김하누,KR1,0,4.17,59.53,321.89,1.71,54.55,미야모토 류사시,죽 인 다,1,2.97,50.89,426.28,0.66,50.31,30.77
너는 달밤에 빛나고,나가노메이,0,4.28,47.35,298.11,1.82,35.29,케로로원사,KR1,4,4.82,51.14,372.82,0.82,91.67,60.00
너는 달밤에 빛나고,나가노메이,0,4.28,47.35,298.11,1.82,35.29,마이는 마스터,KR1,1,2.71,47.00,363.98,0.83,52.21,40.00
봄 의 달 빛,KR1,4,3.31,53.00,384.48,0.81,50.90,살아있는그림자,KR1,2,3.72,43.70,379.15,0.58,50.00,66.67
Archie,5172,4,4.97,51.88,455.59,0.58,62.16,awerfw,KR1,1,2.49,49.12,376.89,0.85,59.38,54.55
JeUS,태산테,3,3.40,49.50,381.64,1.02,52.94,가락은3코어부터,KR1,1,3.07,46.58,402.97,0.61,42.70,50.00
梅花劍尊,1111,3,3.15,46.92,367.39,0.93,0.00,김마리,1010,3,2.47,42.94,380.01,0.80,51.09,36.36
flowoo,KR1,0,5.78,52.82,287.82,2.13,61.63,Elara,4110,2,5.32,47.30,362.67,0.73,50.61,46.67
ATHLETE OTTER,KR1,2,4.20,52.00,371.00,1.21,37.10,정말재밌는팀게임,KR1,4,3.11,41.41,367.71,0.99,49.66,31.58
귀아꽃,KR1,0,5.89,52.43,350.84,1.35,73.68,박엉미,KR11,0,4.87,52.67,268.33,2.61,44.55,41.67
폭격기해미,0516,3,4.15,45.09,348.13,1.42,60.00,동운맨,KR1,0,5.35,57.43,339.19,1.60,68.18,78.57
곽로로,KR2,0,3.95,51.25,297.10,1.69,50.00,Jung Min Su,KR1,1,5.36,51.45,420.12,0.64,27.78,70.00
곽로로,KR2,0,3.95,51.25,297.10,1.69,50.00,Mira Fides,KR1,1,3.82,48.29,360.92,0.88,51.85,30.00
전역을 찾아서,KR1,1,2.84,47.29,381.35,0.61,47.06,이상형은오해원,KR1,4,3.55,52.21,347.33,0.98,31.82,58.82
The Blackward,KR1,1,3.78,49.50,427.24,0.85,36.36,참치뱃사알,KR1,0,4.48,40.71,251.77,1.90,51.40,53.33
갈겨라,KR1,4,5.16,47.14,391.69,0.65,48.08,Teker,KR1,4,5.05,48.15,368.62,0.76,60.71,50.00
세리엠,KR1,1,4.78,43.92,415.97,0.81,68.75,초떼츄,KR1,0,3.14,54.94,325.61,1.28,53.33,46.67
zl존간지S2,KR1,2,4.39,49.33,392.24,1.04,55.10,이요옭,KR1,4,2.58,46.62,353.05,0.96,44.12,63.64
왕고추이상석,KR1,2,5.02,58.69,410.59,0.98,0.00,썩 썩,KR1,4,4.53,48.88,362.16,1.20,38.89,50.00
KDF Taeyoon,1557,1,3.49,49.90,426.96,0.70,49.61,소리질러봐 라라라,312,3,2.26,49.39,392.53,1.00,36.36,63.64
Kisea J Nah,KR1,2,4.25,47.33,414.22,0.60,0.00,2요누,KR1,3,4.47,45.18,374.28,0.77,57.89,50.00
뭉 치,김선욱,1,6.22,47.60,403.87,0.68,0.00,크만해이눔시꺄,KR1,2,3.79,58.29,381.17,0.62,60.00,33.33
썸녀와따묵꾼,따묵꾼,0,3.51,49.82,286.25,1.79,85.71,나랑깐부어때,KR1,2,3.64,46.00,366.93,0.91,48.65,42.11
징쿠수,KR1,0,3.58,41.60,281.74,1.29,45.78,Cat Dacldy,KR1,1,3.43,45.56,362.35,0.82,51.46,43.75
징쿠수,KR1,0,3.58,41.60,281.74,1.29,45.78,김순섭,KR1,2,3.89,37.90,371.12,0.71,47.27,50.00
깍 둑,i992,0,4.46,46.60,367.50,1.12,51.35,불타는 멍멍이,돌돌이,3,3.11,44.38,376.54,0.73,0.00,58.33
암살왕닌자박,KR1,1,4.75,50.40,408.41,0.97,33.33,찬츄잉,KR1,3,4.56,50.00,367.39,1.36,47.11,66.67
빡ehowl,KR1,2,3.29,43.50,389.70,0.67,52.94,평화로운롤,KR1,4,3.36,46.00,386.56,0.75,48.65,56.25
마약 방구차,KR1,3,3.75,43.00,384.80,0.41,50.50,랭글리,9217,2,5.21,52.00,354.96,1.09,48.50,40.00
lIllIllllIlllIll,lIlIl,1,2.68,53.00,361.17,1.41,48.48,쏠종개,KR1,0,3.53,53.12,315.79,1.19,48.00,58.33
민초맛없음,KR1,2,3.37,47.19,386.29,1.12,51.97,feliz desgraza,4578,4,3.49,39.67,365.48,0.82,60.11,53.33
제궁극기포인트얼마인지궁금하시죠,가려버리기,4,6.15,49.17,366.07,0.99,0.00,일자무식 박가놈,0000,3,3.36,37.82,407.21,0.70,0.00,90.91
짠 쭝,KR1,4,3.91,51.50,337.37,1.64,53.70,몽준이으쌰으쌰,KR1,3,4.96,48.86,377.53,1.09,49.20,41.67
윈 터,524,1,4.68,51.32,387.47,1.08,52.86,짖는개,KR90,4,3.85,44.94,416.38,0.74,52.11,60.00
윈 터,524,1,4.68,51.32,387.47,1.08,52.86,스콘 잼 버터,0611,1,4.53,50.88,377.19,1.17,60.00,46.15
BoHEM CARibe,KR2,1,2.99,46.74,373.34,1.16,50.81,또까핑,KR1,0,3.71,53.47,303.63,2.04,0.00,66.67
서니러버,1758,1,4.86,50.87,412.35,1.04,49.39,йallo,KR1,0,3.45,52.23,319.79,2.06,54.72,55.56
한국형 실업부조,KR1,1,2.78,54.50,360.89,1.01,49.57,혼쭐내줄게,KR1,0,2.48,49.00,356.98,1.24,54.24,46.43
Q웅cho,KR1,2,5.54,44.57,411.26,0.60,61.78,고죠더위사냥담당복마주어자박호현,1999,4,3.88,53.57,395.33,0.86,65.85,69.23
촌 씨,KR1,2,3.73,49.67,353.58,0.93,0.00,폼오른 장인오른,폼장오,3,3.30,50.11,366.23,1.12,44.64,61.54
촌 씨,KR1,2,3.73,49.67,353.58,0.93,0.00,수정씨,KR1,3,4.07,44.62,385.35,1.09,38.89,60.00
물방울꽃,2688,1,3.83,57.00,467.12,0.60,90.00,키키는츄르를좋아해,mew,0,3.41,43.40,291.38,1.94,57.14,50.00
우리손자건제,KR2,2,1.83,47.83,349.03,0.87,0.00,최순실or근손실,KR1,4,2.46,50.81,373.08,0.70,46.34,44.00
3시20분,KR1,4,5.53,47.64,375.00,0.76,0.00,양학 해야징,KR1,3,1.76,40.76,406.95,0.64,50.00,53.85
4시30분 퇴근,KR1,-1,0,0,0,0,0,victeem,KR1,0,3.29,50.33,300.27,1.31,52.38,66.67
삼전화,KR1,4,4.09,52.80,348.50,0.97,75.00,골리앗,6969,4,2.79,50.62,344.89,1.30,51.61,55.17
u S2 me,KR1,1,4.84,39.38,375.97,1.13,62.96,모구모구뎨뎬녜,KR1,0,4.62,47.86,244.01,2.29,44.44,45.45
김녕김가,KR1,1,3.94,43.00,433.55,0.42,71.43,C벨럼,kr2,0,3.55,49.12,348.80,1.48,59.52,76.92
말걸면템팔음,KR1,1,3.06,50.11,457.53,0.60,52.14,박원재,KR2,3,1.78,36.92,355.50,0.38,50.00,56.25
말걸면템팔음,KR1,1,3.06,50.11,457.53,0.60,52.14,DRX Teddy,테 딩,1,2.41,47.85,396.69,1.01,49.77,40.00
Premia Partners,KR1,3,3.38,43.83,353.94,1.53,42.11,귤에붙어있는하얀거이름은귤락,KR11,1,2.56,37.00,416.40,0.54,48.99,62.50
반인반수인간,KR1,3,2.99,34.87,354.10,0.52,48.44,짱구는목이목말라,KR1,4,3.06,48.40,354.86,0.56,47.98,50.00
우식이존잘,9487,1,2.35,50.73,356.89,1.16,37.50,은철핑,KOR,1,2.29,39.62,335.73,0.68,51.72,46.15
트페보다 잘 춤,KR1,4,5.10,53.76,373.87,1.44,57.69,대보한지,zzz,4,2.78,45.57,395.16,1.02,0.00,72.73
ItJiMaYo,KR1,4,2.21,50.80,389.65,1.02,51.61,87세곽춘자할배인생끝자락인섹킥,아 뵤,4,3.31,49.20,394.02,0.89,50.00,38.46
Akaps,박영식,3,5.02,49.92,410.47,0.78,30.00,Brain fade,0000,2,4.11,43.79,390.70,0.63,49.76,60.00
134679134679,KR1,1,3.79,49.00,415.02,0.94,38.46,으 언,KR1,3,3.74,44.14,341.91,0.59,50.00,58.33
파 멸,충동적파괴,4,3.18,44.31,387.18,0.83,51.85,Direm e3,KR1,3,4.76,38.80,326.12,0.96,53.97,47.06
킹갓제너럴슈퍼울트라지영,앙기모띠,3,2.89,44.20,412.86,0.57,35.29,강석훈,1110,4,2.86,48.50,365.24,0.92,51.14,76.92
오빠나야일라오이,KR1,4,5.82,51.63,399.53,0.91,49.15,임현재,KR3,4,4.90,55.90,353.69,1.45,51.97,46.67
오빠나야일라오이,KR1,4,5.82,51.63,399.53,0.91,49.15,눈덩이조심하세요,KR2,4,3.02,46.46,377.76,0.88,0.00,50.00
이스라엘 아데산야,0619,3,2.27,45.59,397.18,0.72,42.55,Cbum,KR0,4,3.22,46.29,391.90,0.56,57.14,71.43
최악이야,김원주,1,3.73,41.50,365.20,0.78,80.00,emson,KR1,2,2.99,50.62,449.79,0.79,55.56,71.43
너를 소중하게,KR1,3,4.33,53.11,429.72,0.82,38.71,사과 먹는 벙벙팟,KR1,4,3.30,47.50,360.50,0.72,51.85,72.22
불난집에부챗살,KR1,1,6.14,54.63,406.36,0.96,59.30,바르고 고운말,4996,3,2.88,34.88,360.14,0.81,47.79,62.50
김민재,고윤정,0,3.91,44.38,369.27,1.55,64.29,육군병장만기전역,징계X,1,2.17,39.08,407.54,0.51,55.88,63.64
간절한 신수민,KR1,3,3.29,42.29,433.83,0.54,77.78,포도맛포포로,KR1,4,4.01,47.53,405.62,0.56,90.91,77.78
연애가어려운남자,KR1,0,4.19,49.58,309.97,2.32,47.52,다시는야스오안해,KR1,2,3.41,39.25,393.90,1.42,52.68,80.00
Lv1너구리,KR31,1,6.81,61.20,458.35,0.60,0.00,아산시 서포터,KR1,0,9.76,51.75,320.28,1.81,52.00,80.00
Lv1너구리,KR31,1,6.81,61.20,458.35,0.60,0.00,어이가 없네,NOP,0,9.39,44.00,283.81,0.98,80.00,61.54
유튜브하이,KR2,4,4.33,50.22,391.15,0.86,62.26,반반충 탑,KR1,3,2.90,47.44,370.36,0.78,57.14,30.00
레 고,0000,3,3.45,42.57,380.34,0.81,0.00,jiyoung,12374,2,4.66,47.42,375.20,0.74,43.33,42.11
뿌삐뽀삐,KR1,3,3.88,42.17,350.06,0.87,52.90,고양이는 냐옹냐옹,KR 1,4,3.68,46.67,388.93,0.97,51.98,66.67
watchbug,KR1,2,4.28,46.38,334.14,0.83,46.43,냐옹2집사,KR1,3,4.12,40.36,407.05,0.66,38.67,31.25
Flex의 대명사,KR1,1,3.23,45.14,389.01,0.71,51.67,두머민,이게나야,2,2.35,40.04,371.74,0.40,39.90,50.00
봉 셋,KR1,1,2.95,42.33,399.26,0.62,52.25,염라대왕,민혀기,1,2.84,48.24,411.04,0.53,60.00,47.37
뜨거운슬러시,KR1,3,2.36,27.00,390.98,0.46,66.67,우라늄맛꽁치,KR1,2,1.95,35.64,364.86,0.84,46.30,66.67
기본차단,KR1,0,3.41,53.90,323.56,1.77,53.18,82세 림광철,아오지탄광,1,3.81,44.50,398.87,0.58,30.00,61.90
고초란,KR1,4,3.07,48.92,373.28,0.74,52.46,산악대장유학영,4067,2,3.36,46.29,400.09,0.61,50.09,57.14
진 키,진 키,1,2.78,44.83,388.52,0.45,66.67,한재싱,KR1,0,4.00,50.00,261.03,2.15,58.82,36.67
롱 터 우,5252,4,4.34,33.77,347.85,0.73,20.00,govbin94,KR1,3,7.64,53.59,459.03,0.80,45.89,53.85
골이요,KR1,1,4.83,49.06,403.00,0.60,50.00,nandog,KR1,3,4.35,53.00,412.89,0.78,57.50,62.50
킁킁이님,KR1,0,4.24,51.55,308.79,1.71,54.62,배고픈아기상어,MAD,4,3.65,49.38,401.49,0.68,41.67,45.45
주드 벨링엄,hey,3,4.40,51.95,408.11,0.86,50.00,임 설,SH7,0,2.80,41.60,345.25,1.34,43.75,69.23
부산 영도 이시현,KR1,1,3.44,53.00,368.55,0.97,0.00,고양이는귀여워,KR33,1,4.61,47.92,407.87,0.71,50.77,64.00
바텀유기,불광동,3,2.58,49.04,393.43,0.67,49.10,어쩌라고,999,0,2.17,45.85,306.54,1.73,45.78,39.13
Mega JJ,KR1,3,4.72,44.70,428.72,0.54,61.54,BABNANA,KR1,2,2.54,37.12,385.79,0.74,50.00,63.16
AD Carry,15GG,1,2.92,50.25,433.30,0.58,0.00,killmao,KR1,0,3.48,53.25,283.50,1.93,61.62,66.67
광주병호형이야,3637,2,3.94,42.27,359.43,0.91,48.64,전시즌다이아이번시즌마스터갈거임,너넹어머니,2,2.86,42.24,400.42,0.60,37.70,40.00
홍길동파이크 ,KR1,1,2.14,52.83,433.88,0.74,61.70,곤약젤리맛나다,YRYR,0,3.96,52.57,284.93,1.80,55.56,48.28
연습량은페이커,KR1,2,3.83,49.54,349.22,1.02,86.67,공부는힘들어,KR1,4,4.04,50.77,385.17,1.07,53.44,66.67
연습량은페이커,KR1,2,3.83,49.54,349.22,1.02,86.67,까막스웨인,KR1,4,5.67,55.29,409.24,1.13,0.00,58.33
시비걸면이게임은패배,KR7,0,2.79,49.11,357.04,1.34,46.88,김나박이구,KR1,0,2.92,46.00,331.23,1.61,55.07,66.67
음 쪽,KR1,3,3.74,43.88,403.31,0.74,25.00,이불레,KR1,4,4.67,44.75,353.39,0.73,49.23,51.85
밀양 박로로,KR1,4,4.82,55.19,406.33,0.90,60.66,풍 춘,KR1,3,3.38,44.52,432.03,0.71,0.00,72.73
베르망,edge,4,4.77,49.33,363.84,0.88,70.00,프레이한입,KRl,0,4.01,45.85,319.23,1.16,51.47,60.00
찰리와단무지공장,KR1,3,2.09,44.39,390.03,0.75,51.69,죄와형벌,KR1,2,3.14,44.38,400.50,0.80,50.89,30.00
부족함을인정하다,KR1,4,3.17,49.64,426.11,0.66,0.00,유이가좋은시짱,0618,3,2.90,41.33,408.81,0.49,48.36,73.33
버섯학과티모선생,KR1,1,2.90,34.67,371.69,0.63,46.67,SM어어어,KR1,0,2.38,49.90,291.54,2.04,55.56,50.00
소젖쭉쫘,KR1,4,4.23,55.14,445.38,0.66,69.39,형수찢어이재명,KR1,2,3.35,40.14,393.69,0.48,51.19,55.56
saffari,KR1,4,4.34,43.85,401.73,0.80,50.44,부들부들해버리기,KR1,1,3.91,51.43,412.38,0.84,55.36,65.38
베게로널배개,KR1,3,4.21,53.31,379.79,1.36,0.00,아리유,KR1,1,1.80,39.17,337.12,0.46,49.13,58.33
합류좀해라,라이너들아,2,2.68,46.15,362.68,1.15,54.62,작두타는처녀귀신,박수무당,1,5.30,59.00,432.74,0.94,56.63,61.54
killamurder,KR1,3,2.68,44.62,396.43,0.90,57.58,볼베연구소장,KR1,1,2.53,45.81,320.82,1.08,52.08,26.32
맹금수,KR1,2,5.97,57.50,480.37,0.64,80.00,크레이님,9999,2,1.78,38.13,362.07,0.85,82.61,82.61
킴메이,KR1,3,3.09,43.33,360.51,1.16,51.06,동미닉 경의 인사,123,4,3.75,52.00,359.78,0.62,50.00,70.59
몽쓰으,31530,4,3.24,53.62,413.26,0.66,66.67,송돼지냉면,건대맛집,1,3.76,44.53,387.65,1.06,50.23,50.00
